Name,subtitle,description,example,adhd_friendly_improvement,use_case,barrier,energy_state_tags,feeling_1,feeling_2,help_task,issue_1,issue_2,issue_3,mental_state_tags,price,solution_type_tags,source,strategy_style_tags,task_context_tags,image,Reviewed?,further_reading_text,further_reading_url,icon_file,image_source,why_does_this_work,further_reading_suggestions,life_role_tags,identity_tags,cultural_context_tags,treatment_context_tags,life_transition_tags
1% Better,Incremental Improvement,"Focus on being **just 1% better each day** rather than dramatic changes. Small, consistent improvements compound over time and feel more sustainable than overwhelming overhauls.","You want to get in shape but the thought of hour-long workouts feels impossible. You commit to just 1% better each day: today you do 5 jumping jacks, tomorrow 6, next week you add a 2-minute walk. The tiny improvements feel manageable and build momentum.",Include 1% improvement examples for different life areas,When big changes feel overwhelming,Perfectionism,Low Energy,Drained,Stuck,"Starting something hard, Staying focused",Can't Start,Depressed / Hopeless,Can't Decide,Discouraged,Free,Gamification,Atomic Habits by James Clear,Gamified,"Work, Time Planning",tiny-gains-graph.jpg,yes,Continuous Improvement: How It Works and How to Master It,https://jamesclear.com/continuous-improvement,brain,https://jamesclear.com/continuous-improvement,"reduces decision fatigue, breaks down complexity, frees up working memory, starts small",https://jamesclear.com/atomic-habits - James Clear's guide to building better habits and continuous improvement,,,,,
2-Minute Rule,Immediate Action Principle,"**If something takes less than 2 minutes, do it immediately** instead of adding it to your to-do list. This prevents small tasks from accumulating into overwhelming piles. 

> Note for time blindness: If you struggle with time estimation, consider using a ""5-minute rule"" instead, as what feels like 2 minutes might actually take longer. The principle remains the same - handle quick tasks immediately rather than postponing them.

Remember that a quick, imperfect response is better than no response at all. Don't get caught in perfectionism traps with these small tasks, it's okay if your quick email isn't perfectly worded. The goal is to clear these small items quickly rather than letting them pile up.","You receive an email that requires a quick yes/no response. Instead of marking it as ""to deal with later,"" you immediately type a 30-second reply and send it. This prevents your inbox from filling up with small tasks that become overwhelming.",Include 2-minute task examples and decision-making guidelines,When small tasks accumulate into big problems,"Perfectionism, Task Initiation",Restless,Anxious,Ashamed,"Starting something hard, Staying focused",Avoidant,Can't Decide,Can't Start,Avoidant,Free,Checklist,Getting Things Done by David Allen,Sensory,"Emails, Time Planning",2minrule.jpg,yes,How to Stop Procrastinating by Using the “2-Minute Rule”,https://jamesclear.com/how-to-stop-procrastinating,zap,https://srishtisuratkal.medium.com/two-2-minute-rules-to-beat-procrastination-in-2-minutes-f8fe7db99321,"reduces decision fatigue, breaks down complexity, frees up working memory, externalizes tasks, reduces shame",,,,,,
5-4-3-2-1 Launch ,Countdown Activation,"**Count down ""5-4-3-2-1"" and then immediately start the task** without giving your brain time to talk you out of it. The countdown creates momentum and bypasses overthinking.

This isn't about perfect execution but about finding a rhythm that works for you. The countdown is just a friendly nudge, not a demand. Even if you only manage to take one small step after '5-4-3-2-1,' that's still progress worth celebrating.","You're sitting on the couch knowing you need to start your homework but feeling completely unmotivated. You count ""5-4-3-2-1"" and immediately stand up and walk to your desk. The countdown tricks your brain into action before resistance can build.",Include countdown variations and immediate action strategies,When you need to bypass mental resistance,Task Initiation,Shutdown,Numb,Stuck,"Starting something hard, Staying focused",Can't Start,Depressed / Hopeless,Poor Time Estimation,Frozen,Free,Quick Fix,"The 5 Second Rule by Mel Robbins, The Anti-Planner by Dani Donovan",Interactive,"Meal Prep, Rest",5secrule.png,yes,How the Five-Second Rule changed my ADHD life,https://www.understood.org/en/articles/how-the-five-second-rule-changed-my-adhd-life,fast-forward,https://readingraphics.com/book-summary-the-5-second-rule/,"activates dopamine, breaks down complexity, frees up working memory, reduces shame, starts small",https://melrobbins.com/blog/the-5-second-rule/ - Official guide to Mel Robbins' 5 Second Rule technique,Student,,,,
5-4-3-2-1 Sensory Grounding,Sensory Anchor Technique,"When your mind's racing, count down with your senses:
- 🖼️ 5 things you see
- ✋ 4 things you can touch
- 👂 3 things you hear
- 👃 2 things you smell
- 👅 1 thing you taste

This pulls you back to the present moment when you're spiraling.","You're at a busy store when you suddenly feel overwhelmed and panicky. You find a quiet corner and start your countdown: spot 5 items on a nearby shelf, touch 4 different textures (your jacket, a shopping cart, your keys, your hair), listen for 3 distinct sounds, identify 2 scents, and notice the taste in your mouth. Within a minute, your breathing slows.",Create pocket cards with the technique and practice scenarios,When anxiety or overwhelm is taking over,Emotional Dysregulation,Overstimulated,Overstimulated,Overwhelmed,"Calming down, Being kinder to myself",Anxious,Frozen/Shut Down,Depressed / Hopeless,Overthinking,Free,Gamification,"Cognitive Behavioral Therapy, The Anti-Planner by Dani Donovan",Sensory,"Emotional Regulation, Self-Compassion",5grounding.jpg,yes,5-4-3-2-1 Coping Technique for Anxiety,https://www.urmc.rochester.edu/behavioral-health-partners/bhp-blog/april-2018/5-4-3-2-1-coping-technique-for-anxiety,anchor,https://www.youtube.com/watch?v=30VMIEmA114&ab_channel=ThePartnershipInEducation,starts small,https://melrobbins.com/blog/the-5-second-rule/ - Official guide to Mel Robbins' 5 Second Rule technique,,,,,
10-Minute Pickup,Quick Reset Strategy,"Set a timer for **10 minutes and pick up as much as you can** in that time. The time limit makes it feel manageable, and you'll be surprised how much you can accomplish in just 10 minutes.","Your living room is cluttered and overwhelming. Instead of trying to clean everything, you set a 10-minute timer and quickly put away as many items as possible. When the timer goes off, your space looks significantly better and you feel accomplished.",Include pickup strategies for different rooms and clutter types,When spaces are messy but you don't have energy for deep cleaning,Task Initiation,Low Energy,Drained,Stuck,"Cleaning up, Resetting my space",Disorganized,Can't Start,Frozen/Shut Down,Disorganized,Free,Checklist,"Reddit /r/ADHD, The Anti-Planner by Dani Donovan",Auditory,"Cleaning, Decision Making",,yes,,,hand,,gamifies action,,,,,,
15-Minute Fridge Rescue ,Reset Game,"Turn cleaning your fridge into a **beat-the-clock game**: set timer for 15 minutes and race to toss expired stuff, wipe shelves, and group similar items. The time limit tricks your brain into focusing on one small space instead of feeling overwhelmed by ALL the cleaning.

The goal is to make your fridge functional again, not perfect.

Don’t feel bad about tossing out rotten food; that’s the priority. Set aside any old Tupperware that needs cleaning and dump the contents in the trash. Focus on creating a usable space you can return to, not a flawless one.","You've been avoiding opening the fridge because you know there's science experiments growing in there. Set your phone timer for 15 minutes and commit to just that much time. Start by quickly grabbing obvious trash and expired items, then do a fast wipe of sticky spots, and finally group similar items together. When the timer goes off, you're DONE.",Include fridge organization tips and maintenance schedules,When your fridge is a disaster but you need it functional,Task Initiation,Low Energy,Drained,Stuck,"Cleaning up, Resetting my space",Disorganized,Can't Start,Frozen/Shut Down,Disorganized,Free,Checklist,"How to Keep House While Drowning, The Anti-Planner by Dani Donovan",Gamified,"Cleaning, Meal Prep",,yes,,,refrigerator,,"gamifies action, reduces decision fatigue, breaks down complexity, frees up working memory, reduces shame",,,,,,
15-Minute Speed Clean,Quick Reset Clean,"When your place is a disaster but you can't deal with a full cleaning session, **set a timer for just 15 minutes**. Focus only on what you can see (counters, floors, tables) and move fast. It's not about perfection - it's about making your space feel less chaotic.","You've been avoiding your living room for days because it's become a complete disaster zone. Instead of continuing to ignore it, you set your phone timer for 15 minutes. You grab a laundry basket for anything that belongs elsewhere, quickly clear visible surfaces, and do a fast sweep. When the timer goes off, you're done - perfect or not.",Include 15-minute task lists for different rooms and situations,When your space is chaotic but you don't have energy for deep cleaning,Task Initiation,Low Energy,Drained,Stuck,"Cleaning up, Resetting my space",Disorganized,Can't Start,Frozen/Shut Down,Disorganized,Free,Quick Fix,The Anti-Planner by Dani Donovan,Visual,"Cleaning, Meal Prep",,,,,zap,,"gamifies action, reduces shame",,,,,,Recently Moved
Work Sprint & Reward Rhythm,Sustainable Energy Cycling,"Work for **20 minutes, then take a 10-minute break**. This rhythm prevents burnout while maintaining momentum, and the frequent breaks help ADHD brains stay engaged longer.","You need to work on a boring report but keep losing focus after 10 minutes. You try the 20/10 method: work for 20 minutes, then take a 10-minute break to walk around or check your phone. The regular breaks keep you refreshed, and you actually work longer overall.",Include break activity suggestions and timing variations,When you need sustainable focus for longer tasks,Working Memory Failures,Wired but Tired,Scattered,Overwhelmed,"Starting something hard, Staying focused",Can't Focus,Forgetful,Poor Time Estimation,Forgetful,Free,Gamification,Productivity methodology,Interactive,"Work, Emails",,,,,gift,,"provides instant rewards, activates dopamine, frees up working memory, builds momentum",,,,,,
Acceptance and Commitment,Values-Based Action,**Focus on taking action aligned with your values** even when motivation is low or emotions are difficult. Acceptance of current feelings combined with commitment to meaningful action.,"You're feeling anxious about a work presentation but it's important for your career growth (a value you hold). Instead of avoiding it due to anxiety, you accept that you feel nervous AND commit to preparing anyway because career growth matters to you.",Include values clarification exercises and action commitment strategies,When emotions are blocking action on important values,Emotional Dysregulation,Burnout,Overwhelmed,Frustrated,"Starting something hard, Staying focused",Can't Start,Anxious,Poor Time Estimation,Spiraling,Free,Gamification,ACT therapy principles,Gamified,"Emotional Regulation, Rest",,,,,lightbulb,,"activates dopamine, meets you where you are",https://www.actmindfully.com.au/free-stuff/free-resources/ - Acceptance and Commitment Therapy resources,Working Professional,,,,
See-It-Grab-It Storage,Visual Organization System,"**Store frequently used items in easily accessible places** - at eye level, in clear containers, or in the first place you'd look. If it's hard to access, you won't put it away or find it when needed.",You keep losing your scissors because they're buried in a drawer. You put them in a clear container on your desk where you can see them. Now you always know where they are and actually put them back because it's easy to do.,Include accessibility guidelines and storage solutions for different items,When storage systems are too complicated to maintain,Working Memory Failures,Scattered,Forgetful,Scattered,"Planning my time, Managing my schedule",Disorganized,Forgetful,Poor Time Estimation,Forgetful,$,Checklist,Organization principles,Sensory,"Planning, Work",,,,,power,,provides external structure,,,,,,
Victory Stakes Challenge,Motivational Betting System,"Create **small bets with yourself or others** to boost task completion. Add $5 to your vacation fund when you finish studying, or send an embarrassing text if you don't. These mini-stakes create just enough pressure to push through.","When you're struggling to finish your portfolio, you bet your roommate $10 that you'll complete one section each day for a week. Put the money in an envelope on the fridge, and they get to keep any amount left if you miss days. You might finish 6/7 sections and only lose $10 - still a win.",Add guidelines for appropriate bet amounts and consequences,When you need external motivation to follow through,Low Motivation,Low Energy,Drained,Stuck,"Starting something hard, Staying focused",Can't Finish,Depressed / Hopeless,Can't Start,Avoidant,$,Gamification,The Anti-Planner by Dani Donovan,Interactive,"School, Time Planning",,,,,trophy,,"gamifies action, activates dopamine, provides external structure, breaks down complexity, starts small",,Student,,,,
,,,,,,,Restless,,,,,,,Discouraged,,Body Doubling,,Embodied,"Finances, Work",,,,,,,starts small,,,,,,
Brain-Friendly Tech Tools,Digital Support Arsenal,"Use **apps specifically designed for ADHD brains** - task managers with gamification, focus timers, habit trackers, or medication reminders. The right app can provide structure and motivation.",You struggle with remembering to take medication and staying focused on tasks. You download an ADHD-specific app that sends medication reminders and includes a Pomodoro timer with visual progress tracking. Having ADHD-friendly technology support makes daily management easier.,Include app recommendations and feature comparisons,When you need digital tools designed for ADHD,Working Memory Failures,Restless,Forgetful,Ashamed,"Starting something hard, Staying focused",Poor Time Estimation,Forgetful,Missed Appointments,Forgetful,$,"Gamification, Tracking",Technology solutions,Gamified,"Work, Health/Medical",,,,,brain,,"gamifies action, activates dopamine, provides external structure, frees up working memory, creates accountability",,,,Chronic Pain,
Personal Strategy Coach,Professional Brain Support,"Work with an **ADHD coach who understands your specific challenges** and can help you develop personalized strategies, accountability systems, and coping mechanisms.","You've tried many self-help strategies but still struggle with organization and time management. You start working with an ADHD coach who helps you identify your specific patterns, develop customized systems, and provides weekly accountability. Having professional support tailored to ADHD makes a significant difference.",Include how to find qualified coaches and what to expect from coaching,When you need professional guidance for ADHD management,Executive Dysfunction,Restless,Frustrated,Defeated,"Starting something hard, Staying focused",Poor Time Estimation,Can't Finish,Frozen/Shut Down,Disorganized,$$$$,Accountability,ADHD treatment options,Gamified,"Rest, Time Planning",,,,,handshake,,"gamifies action, provides external structure, frees up working memory, creates accountability",,Working Professional,,,,
Crisis Victory Kit,Emergency Support Arsenal,"Keep an **""emergency kit"" of strategies and supplies** for ADHD crisis moments: snacks for forgotten meals, phone chargers, backup medications, comfort items, and a list of coping strategies.","You're having a particularly difficult ADHD day - you forgot lunch, your phone died, and you're feeling overwhelmed. You open your emergency kit and find: granola bars, a portable charger, your backup anxiety medication, and a card with breathing exercises. Having these ready helps you manage the crisis.",Include emergency kit contents and crisis response plans,When ADHD symptoms create crisis situations,Working Memory Failures,Burnout,Burned out,Defeated,"Catching up on life tasks, Recovering from a crash",Overcommitted,Forgetful,Frozen/Shut Down,Forgetful,$$,Checklist,Crisis management,Sensory,"Work, Recovery",,,,,home,,"gamifies action, externalizes tasks, creates accountability",,,,,,
Focus-Friendly Command Center,Optimized Work Environment,"**Design your workspace to work with ADHD traits**: minimize visual distractions, have fidget tools available, use timers and reminders, and organize supplies for easy access.","You realize your desk faces a busy hallway and you get distracted every time someone walks by. You rearrange your workspace to face a wall, add a small plant for visual calm, keep a stress ball within reach, and organize your supplies in clear containers. Your focus improves dramatically.",Include workspace setup guides and accommodation strategies,When your workspace is working against your ADHD brain,Overstimulation,Scattered,Overstimulated,Overwhelmed,"Starting something hard, Staying focused",Can't Focus,Sensory Overload,Forgetful,Time Blind,$$,Playlist,ADHD accommodations,Auditory,"Cleaning, Rest",,,,,crosshair,,"gamifies action, minimizes friction, starts small",,,,,,
Medication Timing Optimizer,Peak Performance Scheduling,"**Work with your doctor to optimize medication timing** for your specific schedule and needs. Some people do better with multiple doses, others with extended release, and timing can affect sleep and appetite.","You notice your ADHD medication wears off by 2pm, making afternoons difficult. You talk to your doctor about adjusting the timing or adding a small afternoon dose. Finding the right medication schedule dramatically improves your ability to function throughout the day.",Include questions to ask your doctor and timing considerations,When medication timing isn't matching your needs,Working Memory Failures,Wired but Tired,Scattered,Overwhelmed,"Starting something hard, Staying focused",Can't Focus,Forgetful,Poor Time Estimation,Shame,$$$,Checklist,Medical management,Interactive,"Time Planning, Health/Medical",,,,,grid,,starts small,,,,Chronic Pain,
Stuck-Buster Action List,Paralysis Breaking Toolkit,"Keep a **list of simple actions that can break paralysis** when you're completely stuck: stand up, drink water, step outside, call someone, or do jumping jacks. Having options ready prevents staying stuck.","You're sitting at your desk feeling completely paralyzed and unable to start any task. You check your paralysis breaker list and choose ""step outside for 2 minutes."" The brief change of environment and fresh air helps reset your brain, and you can return to work with renewed energy.",Include paralysis breaker options for different settings and energy levels,When you're completely stuck and can't start anything,Task Initiation,Shutdown,Stuck,Overwhelmed,"Starting something hard, Staying focused",Can't Start,Depressed / Hopeless,Frozen/Shut Down,Frozen,Free,Checklist,ADHD community wisdom,Visual,"Errands, Decision Making",,,,,list,,"reduces decision fatigue, breaks down complexity, minimizes friction, externalizes tasks",,,,,,
Brain Tax Budget,Self-Compassion Money Plan,"**Budget for ""ADHD tax"" - the extra costs** that come with ADHD (late fees, convenience foods, replacement items). Planning for these expenses reduces guilt and financial stress.","You feel terrible about spending money on pre-cut vegetables and meal delivery, calling it ""lazy."" You reframe it as ""ADHD tax"" - a necessary expense that helps you eat healthy and function better. You budget $100/month for convenience foods and stop feeling guilty about it.",Include ADHD tax categories and budgeting strategies,When ADHD-related expenses create guilt,Masking & Shame,Shutdown,Ashamed,Guilty,"Starting something hard, Being kinder to myself",Spiraling,Poor Time Estimation,Can't Start,Overthinking,$$,Gamification,ADHD financial planning,Sensory,"Finances, Exercise/Movement",,,,,brain,,"frees up working memory, reduces shame",,,,,Limited Resources,
Brain-Friendly Space Design,Environmental Success System,"Strategically **arrange your physical space to work with your ADHD brain** instead of against it. Place frequently used items in visible spots, reduce visual clutter in work areas, and create environmental cues that naturally guide you toward desired behaviors.","You notice you're constantly losing your keys and getting frustrated. You create a colorful key hook by your door and make it a rule to hang keys there immediately when entering. Within days, the morning panic subsides as your environment is now working with your brain instead of against it.",Include room-by-room optimization guides and visual design principles,When your environment is working against you,Executive Dysfunction,Scattered,Scattered,Frustrated,"Planning my time, Managing my schedule",Disorganized,Can't Finish,Forgetful,Disorganized,$,Environmental Hack,The Anti-Planner by Dani Donovan,Auditory,"Cleaning, Planning",,,,,brain,,"provides instant rewards, provides external structure, frees up working memory, builds confidence",,,,,,
Smart Alarm Labels,Context-Rich Reminders,"**Label your phone alarms with specific actions** instead of just times. ""Take meds"" is more helpful than ""8:00 AM"" when the alarm goes off and you can't remember why you set it.","You set an alarm for 3pm but when it goes off, you can't remember what it was for. Now you label all your alarms: ""3pm - Call dentist,"" ""6pm - Start dinner,"" ""9pm - Take evening meds."" When the alarm sounds, you immediately know what action to take.",Include alarm labeling strategies and timing optimization,When you forget why you set alarms,Working Memory Failures,Shutdown,Forgetful,Ashamed,"Planning my time, Managing my schedule",Avoidant,Forgetful,Poor Time Estimation,Forgetful,Free,Gamification,Memory support strategies,Interactive,"Planning, Work",,,,,alarm-clock,,frees up working memory,,,,,,
Progress Over Perfect,Anti-Perfectionism Mindset,"Replace **""all or nothing"" thinking with ""all or something""** - doing something imperfectly is better than doing nothing at all. This mindset reduces perfectionism paralysis and allows for progress.","You planned to exercise for an hour but only have 20 minutes. Instead of skipping it entirely because you can't do the ""full"" workout, you tell yourself ""all or something"" and do 20 minutes. Some exercise is better than none, and you feel good about taking action.","Include ""something"" alternatives for common perfectionism traps",When perfectionism prevents any action,Perfectionism,Shutdown,Stuck,Overwhelmed,"Starting something hard, Staying focused",Can't Start,Can't Decide,Depressed / Hopeless,Frozen,Free,Gamification,The Anti-Planner by Dani Donovan,Gamified,"Exercise/Movement, Rest",,,,,brain,,"reduces shame, builds momentum",,,,,,
Habit Anchor System,Routine Building Chain,**Attach new habits to existing strong habits** to make them more likely to stick. Use established routines as anchors for behaviors you want to develop.,"You want to start taking vitamins daily but keep forgetting. You decide to take them right after brushing your teeth in the morning, since you already brush consistently. The established tooth-brushing habit becomes the anchor that reminds you to take vitamins.",Include anchor habit examples and chain-building strategies,When you want to build new habits consistently,Working Memory Failures,Restless,Forgetful,Ashamed,"Planning my time, Managing my schedule",Avoidant,Forgetful,Poor Time Estimation,Forgetful,Free,Routine,Habit formation research,Social,"Planning, Time Planning",,,,,repeat,,"provides external structure, builds momentum",,,,,,
Never-Miss Reminder System,Multi-Layer Memory Support,"Set **multiple reminders for important appointments** - phone alerts, calendar notifications, sticky notes. Use whatever combination works to ensure you don't forget important commitments.","You've missed two doctor appointments this month because you forgot, despite having them in your calendar. You now set 3 reminders: one week before, one day before, and 2 hours before. You also put a sticky note on your bathroom mirror the night before. This system ensures you never miss another appointment.",Include reminder timing strategies and multiple backup systems,When you frequently forget important appointments,Working Memory Failures,Wired but Tired,Forgetful,Ashamed,"Planning my time, Managing my schedule",Poor Time Estimation,Forgetful,Missed Appointments,Forgetful,Free,Checklist,Memory support strategies,Social,"Time Planning, Planning",,,,,bell,,"provides external structure, frees up working memory, externalizes tasks, creates accountability",,,,,,
Strategic Help Requests,Smart Support Seeking,"**Actively ask for help** instead of struggling alone. Whether it's clarification on a task, emotional support, or practical assistance, reaching out is a strength, not a weakness.","You've been struggling with a work project for days and feeling increasingly frustrated. Instead of continuing to suffer in silence, you email your colleague: 'I'm stuck on the data analysis section. Could we schedule 15 minutes to go over it?' Getting help saves you hours of frustration.",Include help-asking scripts and how to build a support network,When struggling alone is less effective than seeking support,Rejection Sensitivity,Shutdown,Stuck,Overwhelmed,"Starting something hard, Staying focused",Can't Start,Anxious,Depressed / Hopeless,Frozen,Free,Checklist,Social support principles,Auditory,"Emotional Regulation, Rest",,,,,help-circle,,creates accountability,https://habitica.com/static/how-it-works - Habitica: Gamify your life with RPG-style habit tracking,Working Professional,,,,
Podcast Buddy System,Audio Companionship Strategy,"Put on a **chatty podcast or talk radio** while tackling boring tasks. The background voices trick your brain into feeling like someone's there with you, making it easier to start and stick with chores or work.","You're staring at a mountain of dishes but can't seem to start. You put on an episode of your favorite interview podcast and suddenly you're scrubbing away while feeling like you have friends chatting nearby. The time passes more quickly, and you find yourself getting through the whole sink without even realizing it.",Create curated podcast recommendations for different task types,When you need company to start boring tasks,Task Initiation,Low Energy,Drained,Stuck,"Cleaning up, Resetting my space",Can't Start,Depressed / Hopeless,Avoiding Routine,Avoidant,Free,Gamification,Reddit /r/ADHDWomen,Sensory,"Cleaning, Work",,,,,phone,,"provides external structure, frees up working memory",,,,,,
Auto-Pilot Life Systems,Friction-Free Automation,"**Set up automatic systems** for recurring tasks - bill pay, savings transfers, subscription deliveries, calendar reminders. Automation removes the need to remember and decide, reducing mental load.","You keep forgetting to pay bills and getting late fees. You set up automatic payments for all your regular bills and automatic transfers to savings. Now these tasks happen without you having to remember or take action, freeing up mental energy for other things.",Include automation ideas for different life areas and setup guides,When recurring tasks create mental load,Working Memory Failures,Burnout,Forgetful,Ashamed,"Planning my time, Managing my schedule",Avoidant,Forgetful,Poor Time Estimation,Forgetful,Free,Checklist,Technology solutions,Social,"Planning, Time Planning",,,,,sliders,,"provides external structure, frees up working memory, minimizes friction, externalizes tasks",,,,,,
Avoidance Detective Journal,Pattern Recognition Tracker,"Track **which tasks you avoid and why** in a simple log. By identifying your specific avoidance patterns, you can recognize and outsmart your brain's procrastination tricks before they take over.","When you notice you've been avoiding the same type of task repeatedly (like writing work reports), grab a notebook and create two columns: 'Task I Avoided' and 'Why I Think I Avoided It'. After logging patterns for a week, you might discover you avoid reports because you're missing info or avoid texting because you're anxious about responses.",Create tracking templates with common avoidance reasons pre-listed,When you want to understand your avoidance patterns,Task Initiation,Shutdown,Anxious,Ashamed,"Starting something hard, Staying focused",Can't Start,Depressed / Hopeless,Poor Time Estimation,Avoidant,Free,"Gamification, Tracking",The Anti-Planner by Dani Donovan,Interactive,"Rest, Work",,,,,book,,"frees up working memory, minimizes friction",,,,,,
Peace-of-Mind Backup System,Data Protection Safety Net,Use **automatic backup apps to protect important files and reduce anxiety** about losing work or personal data. Knowing your information is safe reduces one source of background stress.,You constantly worry about losing important documents or photos if your computer crashes. You set up automatic backup apps that continuously save your files to the cloud. Knowing your data is protected eliminates this background anxiety and lets you focus on other things.,Include backup strategy recommendations and peace of mind benefits,When data loss anxiety creates background stress,Executive Dysfunction,Shutdown,Frustrated,Defeated,"Starting something hard, Staying focused",Avoidant,Can't Finish,Anxious,Avoidant,$$,Checklist,Technology solutions,Social,"Emotional Regulation, Rest",,,,,hard-drive,,"gamifies action, provides external structure",,,,,,
Plan B Safety Net,Contingency Victory System,"**Always have a backup plan** for important situations - alternate routes to work, backup childcare, extra phone charger. Having contingencies reduces anxiety and prevents small problems from becoming big crises.","You're always stressed about being late to work when there's traffic. You research 3 different routes to your office and keep them saved in your phone. Now when your usual route is blocked, you calmly switch to backup route #2 instead of panicking.",Include backup planning templates for common ADHD challenges,When unexpected problems create disproportionate stress,Executive Dysfunction,Crash Recovery,Frustrated,Defeated,"Planning my time, Managing my schedule",Poor Time Estimation,Can't Finish,Anxious,Time Blind,Free,Checklist,Risk management,Visual,"Planning, Work",,,,,map,,"gamifies action, provides external structure, breaks down complexity, starts small",,"Parent, Working Professional",,,,
Task Batching Power-Hour,Efficiency Grouping System,"**Group similar tasks together** and do them all at once to reduce context switching. Make all your phone calls in one session, answer all emails at once, or do all your errands in one trip.","You have 5 different phone calls to make but keep putting them off. Instead of spreading them throughout the week, you block out one hour on Tuesday afternoon and make all 5 calls back-to-back. Batching them together makes the task feel more manageable and efficient.",Include batching strategies for different types of tasks,When context switching is draining your energy,Executive Dysfunction,Hyperfocus,Frustrated,Defeated,"Starting something hard, Staying focused",Poor Time Estimation,Can't Finish,Frozen/Shut Down,Disorganized,Free,Gamification,Productivity methodology,Social,"Social/Relationships, Errands",,,,,check-square,,"provides external structure, batches similar tasks",,Romantic Relationships,,,,
Personal Best Challenge,Self-Competition Game,"Race against yourself by **turning boring tasks into personal challenges** with concrete scores. Time how fast you can clean the bathroom or count emails cleared in 15 minutes, then try to beat that record next time.","You've been putting off folding that mountain of laundry. You set a timer and see that you can fold 12 items in 5 minutes. You note this on a small whiteboard in your bedroom. Next laundry day, you challenge yourself: 'Can I fold 14 items in 5 minutes?' The game aspect makes you look forward to folding day.",Include tracking sheets and suggested metrics for different tasks,When routine tasks feel boring,Low Motivation,Low Energy,Drained,Stuck,"Cleaning up, Resetting my space",Can't Start,Depressed / Hopeless,Avoiding Routine,Avoidant,Free,Quick Fix,The Anti-Planner by Dani Donovan,Gamified,"Cleaning, Meal Prep",,,,,trophy,,gamifies action,,,,,,
Social Support System,Comprehensive Accountability Network,"Create a **multi-layered support system** including body doubling (working alongside others), accountability partners (regular check-ins), and social cleaning/work sessions. Use virtual platforms, text check-ins, or in-person companionship to harness the power of social accountability.","When you're struggling to start or stay focused on a report, you ask a friend to work virtually with you over video chat. You don't even need to talk much - just knowing they're there working on their own stuff creates enough gentle pressure to help your brain engage.",Include virtual body doubling platform recommendations and etiquette tips,When you need company to focus,Task Initiation,Low Energy,Drained,Stuck,"Starting something hard, Staying focused",Can't Focus,Can't Start,Depressed / Hopeless,Avoidant,Free,Accountability,The Anti-Planner by Dani Donovan,Auditory,"Cleaning, Rest",,,,,users,,"provides external structure, creates accountability",https://www.additudemag.com/body-doubling-adhd-accountability/ - Body doubling for ADHD accountability,Romantic Relationships,,,,
Body Check-In Scan,Physical Awareness Reset,Check in with **each part of your body** (feet to head) when feeling overwhelmed. Spend 10-30 seconds noticing sensations in each area without judgment. This pulls attention away from racing thoughts back to the present.,"When you feel your thoughts racing before a meeting, take 2 minutes to scan your body. Start with your toes - tense or relaxed? Move to legs, stomach, chest, hands, arms, shoulders, neck, face. For each area, just notice without trying to change anything. You might realize your shoulders are by your ears - this awareness alone helps your body naturally release tension.",Include guided body scan scripts of different lengths,When anxiety or overwhelm is physical,Emotional Dysregulation,Overstimulated,Overstimulated,Overwhelmed,"Calming down, Being kinder to myself",Anxious,Depressed / Hopeless,Poor Time Estimation,Spiraling,Free,Accountability,"Look-Up Source, The Anti-Planner by Dani Donovan",Sensory,"Emotional Regulation, Self-Compassion",,,,,zap,,"reduces decision fatigue, reduces shame, creates accountability",,Working Professional,,,,Recently Moved
Brain Dump Blitz,Mental Decluttering Strategy,"**Step 1:** Grab paper and pen
**Step 2:** Write down EVERYTHING on your mind without editing
**Step 3:** Don't organize - just dump it all out

✨ **The magic:** External storage frees up mental space and reveals patterns you couldn't see while thoughts were swirling.","Your mind is racing with work deadlines, personal tasks, and random worries, making it impossible to focus. You grab paper and spend 10 minutes writing down every single thing bouncing around in your head. Once it's all out, your mind feels clearer and you can actually focus on one thing at a time.",Include brain dump formats and follow-up organization strategies,When mental clutter is preventing focus,Working Memory Failures,Wired but Tired,Scattered,Overwhelmed,"Starting something hard, Staying focused",Can't Focus,Forgetful,Frozen/Shut Down,Shame,Free,Journal Prompt,Productivity methodology,Auditory,"Cleaning, Recovery",,,,,brain,,"breaks down complexity, frees up working memory, externalizes tasks",https://gettingthingsdone.com/five-steps/ - David Allen's Getting Things Done methodology,,,,,
Instant Calm Breathing,Quick Regulation Technique,"**Quick breathing techniques for instant calm:**

🌬️ **4-7-8 Breathing:** Inhale for 4, hold for 7, exhale for 8
📦 **Box Breathing:** Inhale 4, hold 4, exhale 4, hold 4

✅ **Why it works:** Calms your nervous system in under 2 minutes
📍 **Bonus:** Can be done anywhere, anytime","You're feeling anxious before a meeting and notice your heart racing. You do 4-7-8 breathing: inhale for 4 counts, hold for 7, exhale for 8. After just 3 rounds, your heart rate slows and you feel more centered and ready for the meeting.",Include different breathing techniques and when to use each one,When you need quick anxiety or overwhelm relief,Emotional Dysregulation,Overstimulated,Overstimulated,Overwhelmed,"Calming down, Being kinder to myself",Anxious,Frozen/Shut Down,Poor Time Estimation,Time Blind,Free,Quick Fix,Mindfulness practices,Social,"Emotional Regulation, Emails",,,,,wind,,provides external structure,,Working Professional,,,,
,,,,,,,Wired but Tired,,,,,,,Forgetful,,Environmental Hack,,Auditory,"Cleaning, Decision Making",,,,,,,starts small,,,,,,
Flexible Bullet Journal,Adaptable Planning System,"**Simple bullet journal symbols:**

• **Dot (•)** = Tasks
• **Dash (-)** = Notes  
• **Star (★)** = Important
• **Arrow (→)** = Migrated task

✨ **The flexibility:** Adapt it to YOUR changing needs without rigid rules
🎯 **Perfect for:** People who find traditional planners too complicated","You've tried many planners but they all feel too rigid or complicated. You start a bullet journal with just the basics: daily task lists using bullet points, and a simple monthly calendar. The flexibility lets you adapt it when your needs change, and the simple format doesn't feel overwhelming.",Include setup instructions and ADHD-friendly adaptations,When traditional planners feel too rigid or complicated,Executive Dysfunction,Low Energy,Frustrated,Defeated,"Planning my time, Managing my schedule",Poor Time Estimation,Can't Finish,Frozen/Shut Down,Disorganized,$,Gamification,Bullet Journal method,Interactive,"Planning, Time Planning",,,,,book,,"provides external structure, minimizes friction, externalizes tasks, reduces shame",,,,,,
Strategic Brain Spending,Smart Investment Strategy,"**Reframe expensive = smart investment:** 💰 **Pre-cut vegetables** = Eating healthy vs. food waste 🏠 **Cleaning service** = Mental peace vs. overwhelm 🚗 **Grocery pickup** = Time saved vs. sensory overload ✨ **The mindset:** Stop fighting your brain, start working WITH it 🎯 **Result:** Less guilt, more function","You've been trying to save money by buying whole vegetables, but they always rot because chopping feels overwhelming when you're tired. You give yourself permission to buy pre-cut vegetables. Yes, they cost more, but you actually eat them, which saves money on takeout and improves your health.",Include cost-benefit analysis frameworks and strategic spending guidelines,When frugality is working against your ADHD needs,Task Initiation,Burnout,Anxious,Ashamed,"Starting something hard, Meal planning or prep",Poor Time Estimation,Can't Start,Frozen/Shut Down,Avoidant,$$,Mindset Shift,ADHD self-advocacy,Sensory,"Meal Prep, Cleaning",,,,,brain,,"reduces decision fatigue, frees up working memory, reduces shame",,,,,,
Smart Calendar System,Digital Schedule Manager,"Use **calendar apps with ADHD-friendly features** like color coding, multiple reminder options, time blocking capabilities, and integration with other productivity tools.","You struggle to keep track of appointments and deadlines using a basic calendar. You switch to a calendar app that allows color coding by category, multiple reminder alerts, and time blocking for important activities. The enhanced features help you stay organized and on time.",Include calendar features that support ADHD needs and organization strategies,When basic calendars aren't providing enough support,Working Memory Failures,Restless,Forgetful,Ashamed,"Planning my time, Managing my schedule",Poor Time Estimation,Forgetful,Missed Appointments,Forgetful,$,Checklist,Technology solutions,Social,"Planning, Time Planning",,,,,calendar,,"reduces decision fatigue, provides external structure, externalizes tasks",https://calnewport.com/deep-work-the-complete-guide/ - Cal Newport's Deep Work principles,,,,,
Time Shield Blocking,Calendar Protection System,"**Protect your time like meetings:** 🏋️ **""Gym: 6-7pm""** = Exercise blocked 📚 **""Writing time: 9-10am""** = Creative work protected 🛍️ **""Meal prep: Sunday 2-4pm""** = Self-care scheduled ✨ **The mindset:** Your priorities deserve calendar protection too 🎯 **Result:** Important activities stop getting squeezed out",You keep meaning to exercise but it never happens because other things take priority. You start blocking out 'Gym: 6-7pm' in your calendar just like you would for a work meeting. Seeing it scheduled makes you more likely to protect that time and actually go.,Include time blocking strategies for different life areas,When important activities get squeezed out by other commitments,Executive Dysfunction,Burnout,Frustrated,Defeated,"Planning my time, Managing my schedule",Poor Time Estimation,Can't Finish,Frozen/Shut Down,Forgetful,Free,Gamification,Productivity methodology,Gamified,"Planning, Time Planning",,,,,calendar,,"provides external structure, externalizes tasks",,Working Professional,,,,
Mind-Body Wellness Combo,Integrated Mental Health Strategy,"**Two-step mental health approach:**

🧠 **Step 1: CBT technique** → Identify unhelpful thought patterns
🧘 **Step 2: Meditation** → Create space between thoughts and reactions

✨ **The combination:** Address both thinking AND feeling
🎯 **Result:** Better emotional regulation and mental clarity",You notice you're catastrophizing about a work presentation. You use CBT to identify the thought pattern ('This will be a disaster') and challenge it with evidence ('I've given successful presentations before'). Then you do 5 minutes of breathing meditation to calm your nervous system and create space between the anxious thoughts and your reaction.,Include beginner-friendly CBT techniques and meditation combinations,When you need both thought management and emotional regulation,Emotional Dysregulation,Burnout,Overwhelmed,Frustrated,"Calming down, Being kinder to myself",Anxious,Depressed / Hopeless,Poor Time Estimation,Overthinking,Free,Gamification,Mental health practices,Interactive,"Emotional Regulation, Self-Compassion",,,,,heart,,"breaks down complexity, frees up working memory",https://www.apa.org/ptsd-guideline/patients-and-families/cognitive-behavioral - APA guide to Cognitive Behavioral Therapy techniques,,,,,
Stealth Cleaning System,Continuous Maintenance Strategy,"**Clean as you go strategy:**

☕ **While coffee brews:** Wipe the counter
🍽️ **Right after eating:** Load dishwasher
👕 **When changing clothes:** Hang them up

✨ **The secret:** Small actions prevent big overwhelming messes
🎯 **Result:** Your space stays tidier with minimal effort","You notice your kitchen gets overwhelming because you let dishes and spills accumulate. You start cleaning as you go: wiping spills immediately, loading the dishwasher after each meal, and putting ingredients away while cooking. Your kitchen stays much tidier with these small, immediate actions.",Include clean-as-you-go strategies for different areas and situations,When messes accumulate into overwhelming situations,Task Initiation,Scattered,Scattered,Stuck,"Cleaning up, Resetting my space",Disorganized,Can't Start,Frozen/Shut Down,Disorganized,Free,Gamification,Cleaning wisdom,Auditory,"Cleaning, Rest",,,,,broom,,"reduces decision fatigue, provides external structure, breaks down complexity, starts small",,,,,,
Numbered Cleaning Game,Systematic Organization Strategy,"Assign **numbers to cleaning tasks or sections** of a messy space, then tackle them in order or roll a die to choose what to clean next. The structure adds playfulness while breaking overwhelming spaces into manageable chunks.","You divide your cluttered bedroom into 6 sections, numbering each. Roll a die to determine which section to tackle first. Spend 15 minutes on that section before rolling again. This makes a daunting cleaning job feel more like a game with clear starting points.",Add printable room division templates and timer suggestions,When cleaning feels overwhelming and you don't know where to start,Task Initiation,Shutdown,Stuck,Overwhelmed,"Cleaning up, Resetting my space",Disorganized,Can't Start,Frozen/Shut Down,Frozen,Free,Checklist,The Anti-Planner by Dani Donovan,Auditory,"Cleaning, Rest",,,,,broom,,"gamifies action, reduces decision fatigue, provides external structure, breaks down complexity",,,,,,
Cleaning Victory Bingo,Gamified Organization System,Create a **bingo card with different cleaning tasks** and try to get lines or a full card. The game element makes cleaning feel more like play and provides clear goals and rewards.,"You create a 5x5 bingo card with tasks like 'wipe kitchen counter,' 'make bed,' 'put away 5 items,' 'vacuum one room,' etc. As you complete tasks, you mark them off. Getting a line feels like winning, and you're motivated to complete more tasks to get another line.",Include bingo card templates and task suggestions for different areas,When cleaning needs gamification to feel motivating,Low Motivation,Low Energy,Drained,Stuck,"Cleaning up, Resetting my space",Disorganized,Depressed / Hopeless,Poor Time Estimation,Avoidant,Free,Gamification,The Anti-Planner by Dani Donovan,Gamified,"Cleaning, Reset",,,,,grid,,"gamifies action, provides instant rewards, provides external structure",,,,,,
Cleaning Partner Power,Social Accountability System,**Clean alongside a friend or family member** (in person or virtually) to make the task more social and accountable. Having company makes boring tasks more enjoyable and provides gentle pressure to keep going.,"You and your friend both have messy homes you've been avoiding. You schedule a ""cleaning party"" where you video call each other and clean your respective spaces simultaneously. The social element makes it fun, and you both accomplish more than you would have alone.",Include virtual cleaning party setup and accountability partner strategies,When cleaning feels lonely and unmotivating,Low Motivation,Low Energy,Drained,Stuck,"Cleaning up, Resetting my space",Disorganized,Depressed / Hopeless,Avoiding Routine,Disorganized,Free,Gamification,The Anti-Planner by Dani Donovan,Social,"Cleaning, Social/Relationships",,,,,broom,,"provides external structure, meets you where you are, creates accountability",,Romantic Relationships,,,,
Mobile Cleaning Command,Portable Supply Station,Keep **all cleaning supplies in a portable caddy** that you can carry from room to room. Having everything in one container eliminates the excuse of not having the right supplies and makes cleaning more efficient.,"You often start cleaning but give up when you realize you need supplies from another room. You put together a cleaning caddy with all-purpose cleaner, microfiber cloths, glass cleaner, and paper towels. Now you can clean any room thoroughly without multiple trips to get supplies.",Include caddy setup suggestions and supply recommendations,When missing supplies interrupt cleaning momentum,Task Initiation,Low Energy,Drained,Stuck,"Cleaning up, Resetting my space",Disorganized,Can't Start,Frozen/Shut Down,Avoidant,$,Gamification,Organization experts,Auditory,"Cleaning, Rest",,,,,broom,,"builds momentum, starts small",,,,,,
,,,,,,,Burnout,,,,,,,Avoidant,,Quick Fix,,Social,"Exercise/Movement, Work",,,,,,,starts small,,,,,,
Treasure Hunt Cleaning,Gamified Organization Quest,"**Turn cleaning into a game:**

🔍 **Your treasure hunt list:**
• ☕ Find 5 cups
• 👕 Pick up 10 clothing items
• 📰 Gather 3 pieces of mail
• 🔋 Collect 7 random objects

✨ **The magic:** Focused search-and-complete instead of overwhelming ""clean everything""
🎯 **Result:** Cleaning becomes achievable and even fun","You walk into your messy living room feeling overwhelmed. Instead of trying to clean everything, you make a quick list: '5 items that belong in the kitchen, 3 pieces of mail to sort, 7 random objects to put away.' You set a 15-minute timer and tackle just these specific items, which gets you moving without the pressure of cleaning the entire space.",Include scavenger hunt lists for different rooms and mess types,When cleaning feels overwhelming and you don't know where to start,Task Initiation,Low Energy,Drained,Stuck,"Cleaning up, Resetting my space",Disorganized,Can't Start,Frozen/Shut Down,Frozen,Free,Checklist,The Anti-Planner by Dani Donovan,Gamified,"Cleaning, Rest",,,,,broom,,"gamifies action, reduces decision fatigue, breaks down complexity, externalizes tasks",,,,,,
Decision Coin Flip,Instant Choice Maker,"**The coin flip decision hack:**

🪙 **Step 1:** Assign heads/tails to your options
🔄 **Step 2:** Flip the coin
💡 **Step 3:** Notice your reaction

✨ **The magic:** You'll either accept the result OR feel disappointed and suddenly know what you actually want
🎯 **Result:** Decision made in 5 seconds instead of 5 hours","You've been staring at your to-do list for 15 minutes, unable to decide between starting the email or the report. Grab a coin, assign heads to email and tails to report. When it lands on tails and you feel slightly disappointed, you realize you actually wanted to tackle the email first. Decision made in 5 seconds!",Include decision-making scripts for more complex choices,When you're stuck between two options,Decision Paralysis,Shutdown,Stuck,Overwhelmed,"Starting something hard, Staying focused",Can't Start,Frozen/Shut Down,Can't Decide,Frozen,Free,Gamification,The Anti-Planner by Dani Donovan,Sensory,"Decision Making, Time Planning",,,,,zap,,"reduces decision fatigue, breaks down complexity, meets you where you are",,,,,,
Life Priority Audit,Commitment Reality Check,"Create a **list of all your current commitments** and honestly ask: 'Do I truly want or need this?' Use a simple yes/no/maybe system to quickly identify what to keep, delegate, or drop.","You sit down with tea and list all 15 projects and commitments currently on your plate. As you evaluate each one asking 'Do I truly want or need this?', you realize three committee roles can be resigned from, two projects can be postponed, and one can be delegated. You immediately feel lighter.",Provide commitment evaluation worksheets and graceful exit scripts,When you're overcommitted and overwhelmed,Executive Dysfunction,Overstimulated,Frustrated,Defeated,"Planning my time, Managing my schedule",Poor Time Estimation,Can't Finish,Frozen/Shut Down,Disorganized,Free,Checklist,The Anti-Planner by Dani Donovan,Visual,"Planning, Time Planning",,,,,map,,"provides external structure, minimizes friction, externalizes tasks, meets you where you are, creates accountability",,,,,,
Kitchen Entertainment System,Cooking Companion Strategy,**Watch cooking shows or food videos while preparing meals** to make cooking more engaging and educational. The entertainment factor can make kitchen time feel less like a chore and more like a fun activity.,"You find cooking boring and often order takeout instead. You start playing cooking shows on your tablet while you cook, learning new techniques and feeling inspired by the chefs. The entertainment makes cooking time enjoyable, and you actually look forward to trying new recipes.",Include show recommendations and safety considerations for kitchen entertainment,When cooking feels boring and unmotivating,Low Motivation,Low Energy,Drained,Stuck,"Finding motivation, Meal planning or prep",Poor Time Estimation,Depressed / Hopeless,Avoiding Routine,Avoidant,Free,Checklist,The Anti-Planner by Dani Donovan,Social,"Meal Prep, School",,,,,chef-hat,,provides external structure,,,,,,
System Clone Strategy,Proven Model Adoption,**Find someone whose organization or productivity you admire and copy their system** instead of trying to invent your own from scratch. Adapting proven systems is often more effective than starting from zero.,"You've been struggling to find a planning system that works for you. You notice your organized friend uses a simple bullet journal method, so you ask her to show you exactly how she sets it up. You copy her system and adapt it slightly for your needs, saving yourself months of trial and error.",Include system adaptation strategies and where to find good models,When you need a proven system to start with,Executive Dysfunction,Hyperfocus,Frustrated,Defeated,"Planning my time, Managing my schedule",Poor Time Estimation,Can't Finish,Frozen/Shut Down,Disorganized,Free,Checklist,Learning methodology,Sensory,"Planning, Time Planning",,,,,layout,,provides external structure,,,,,,
Comfort Cave Creation,Cozy Retreat System,"**Create a designated cozy space** in your home with soft textures, good lighting, and comforting items. Having a go-to comfort zone gives you a place to retreat when overwhelmed or overstimulated.","You notice you feel better when you're in soft, comfortable environments but your home doesn't have a dedicated cozy spot. You set up a corner with a soft blanket, good lamp, and some plants. When you're feeling overwhelmed, you retreat to your cozy corner for 10 minutes and feel more regulated.",Include cozy corner setup ideas for different spaces and budgets,When you need a calming space for overwhelm,Overstimulation,Overstimulated,Overstimulated,Overwhelmed,"Calming down, Recovering from a crash",Anxious,Sensory Overload,Frozen/Shut Down,Time Blind,$$,Checklist,Self-care practices,Sensory,"Recovery, Cleaning",,,,,grid,,"reduces decision fatigue, provides external structure",,,,,,
Survival Mode Productivity,Crisis Management Framework,"When your personal life is imploding, **cut your to-do list to only what's truly essential**, tell your team you're operating at reduced capacity, and work in 15-minute chunks with breaks. This isn't about thriving - it's about surviving until the storm passes.","You're dealing with a family emergency that's consuming all your emotional bandwidth, but you still have deadlines. Instead of trying to maintain normal productivity, you email your boss: ""I'm dealing with a personal situation and will be operating at reduced capacity this week. I'll focus on the client proposal and weekly report."" Then you set 15-minute work sprints with 5-minute breaks.",Include crisis communication templates and essential task identification guides,When life crisis is affecting your ability to function,Overstimulation,Burnout,Burned out,Defeated,"Starting something hard, Staying focused",Overcommitted,Sensory Overload,Frozen/Shut Down,Avoidant,Free,Checklist,The Anti-Planner by Dani Donovan,Interactive,"Emails, Meal Prep",,,,,sunrise,,"provides external structure, breaks down complexity, externalizes tasks",,,,,,
No-Stress Shopping System,Friction-Free Errands,"Use **curbside pickup for groceries and other shopping** to avoid the overwhelm of stores, reduce impulse purchases, and save time. You get what you need without the sensory overload of busy retail environments.","You find grocery stores overwhelming - the lights, crowds, and endless choices make you feel anxious and scattered. You start using curbside pickup: order online, drive to the store, and they load your car. You get your groceries without the sensory overwhelm and stick to your list better.",Include ordering strategies and store comparison tips,When shopping environments feel overwhelming,Overstimulation,Overstimulated,Overstimulated,Overwhelmed,"Doing errands, Staying focused",Sensory Overload,Frozen/Shut Down,Poor Time Estimation,Time Blind,Free,Checklist,Retail innovation,Sensory,"Grocery Shopping, Errands",,,,,shopping-cart,,"reduces decision fatigue, provides external structure, minimizes friction",,,,,,
Decision-Free Wardrobe,Daily Uniform System,"**Wear similar outfits every day** to eliminate morning decision fatigue. Having a ""uniform"" (even if it's just jeans and t-shirts in different colors) removes one daily decision and speeds up your morning routine.","You waste 15 minutes every morning staring at your closet trying to decide what to wear. You create a simple uniform: dark jeans, solid-colored t-shirt, and the same cardigan. Now you can get dressed in 2 minutes without any decisions, saving mental energy for more important choices.",Include uniform ideas for different lifestyles and professional requirements,When morning clothing decisions create stress,Decision Fatigue,Shutdown,Stuck,Overwhelmed,"Planning my time, Managing my schedule",Can't Start,Frozen/Shut Down,Can't Decide,Frozen,$,Routine,Successful people's habits,Visual,"Planning, Time Planning",,,,,home,,"reduces decision fatigue, provides external structure",,,,,,
Magic Dish Spray System,Effortless Cleaning Solution,"**Spray-on dish soap that eliminates scrubbing and soaking**. Lowers the task initiation barrier, provides immediate visual feedback as food dissolves away, and turns a multi-step chore into a quick spray-and-rinse process.","You notice dishes piling up but don't have the energy for a full sink wash. Instead of avoiding it completely, you grab the spray bottle and quickly treat a few essential items without the usual scrubbing hassle. The food dissolves before your eyes, making the task feel almost magical instead of tedious.",Include application tips and cost comparison with traditional dish soap,When traditional dishwashing feels too overwhelming,Task Initiation,Low Energy,Drained,Stuck,"Cleaning up, Resetting my space",Disorganized,Can't Start,Frozen/Shut Down,Disorganized,$,Quick Fix,ADHD forums,Social,"Cleaning, Reset",,,,,trash-2,,"provides external structure, breaks down complexity, minimizes friction",,,,,,
Decision Fortune Game,Choice-Making Origami Tool,"Overcome decision paralysis with a **playful paper fortune teller** filled with tasks or options. When stuck, this origami game randomly selects your next action, bypassing overthinking and making starting fun.","You're sitting at your desk with an overwhelming to-do list and can't decide which task to tackle first. Instead of continuing to stare at your list, you pull out your pre-made fortune teller with 8 common tasks written inside. After playing the folding game, it reveals ""quick wins"" - giving you permission to start with something small.",Include video tutorial link and printable templates,When decision paralysis is blocking action,Decision Paralysis,Shutdown,Stuck,Overwhelmed,"Starting something hard, Staying focused",Can't Start,Frozen/Shut Down,Can't Decide,Frozen,Free,Gamification,The Anti-Planner by Dani Donovan,Gamified,"Decision Making, Work",,,,,gamepad,,"gamifies action, reduces decision fatigue",,,,,,
Declutter Victory Games,Gamified Organization System,"Turn decluttering into **games with rules and challenges**: ""Find 10 things to donate,"" ""Fill one trash bag,"" or ""Set timer for 15 minutes and see how much you can clear."" Gaming elements make boring tasks more engaging.","Your bedroom is cluttered and overwhelming. Instead of trying to organize everything, you set a timer for 20 minutes and challenge yourself: 'How many items can I put away before the timer goes off?' The game element makes it fun, and you're surprised how much you accomplish.",Include game variations for different spaces and clutter types,When decluttering feels overwhelming and boring,Task Initiation,Low Energy,Drained,Stuck,"Cleaning up, Resetting my space",Disorganized,Can't Start,Frozen/Shut Down,Frozen,Free,Gamification,The Anti-Planner by Dani Donovan,Gamified,"Cleaning, Reset",,,,,package-x,,"gamifies action, provides external structure",https://konmari.com/pages/about - Marie Kondo's KonMari Method for organizing,,,,,
Errand Batch Day,Weekly Efficiency System,**Designate one day per week for all deliveries and errands** instead of spreading them throughout the week. This reduces decision fatigue and creates efficiency by batching similar tasks together.,"You realize you're constantly running individual errands and it's eating up your time. You designate Saturday as ""Delivery Day"" and batch all your errands: grocery pickup, pharmacy, dry cleaning, and post office. Doing them all at once saves time and mental energy during the week.",Include errand batching strategies and route optimization tips,When errands feel scattered and time-consuming,Executive Dysfunction,Overstimulated,Frustrated,Defeated,"Finishing what I start, Leaving the house",Can't Finish,Frozen/Shut Down,Poor Time Estimation,Disorganized,Free,Gamification,Productivity methodology,Interactive,"Errands, Meal Prep",,,,,calendar,,"reduces decision fatigue, provides external structure",,Working Professional,,,,
Delivery Deadline Sprint,Productivity Window System,"Order delivery, then **use that waiting window as a focused productivity burst**. The approaching food creates a natural deadline that can motivate you to tackle quick tasks before your meal arrives.","You order your favorite Thai food with a 40-minute delivery estimate. Instead of scrolling while waiting, you set a timer for 30 minutes and quickly tidy your living space, gathering trash, putting away 5 items, and wiping one surface. When food arrives, you enjoy it in a cleaner space and feel accomplished.",Add a list of 15-30 minute tasks perfect for delivery windows,When you need external deadlines to motivate action,Task Initiation,Shutdown,Stuck,Overwhelmed,"Cleaning up, Resetting my space",Can't Start,Depressed / Hopeless,Missed Appointments,Frozen,Free,Quick Fix,"How to Keep House While Drowning, The Anti-Planner by Dani Donovan",Interactive,"Meal Prep, Work",,,,,calendar-x,,"gamifies action, provides external structure",,Working Professional,Asian,,,
The 3-Spot Victory Game,Item Location Victory System,"Transform boring organization into a **dopamine-boosting victory game**. Choose exactly 3 items that drive you crazy when lost. Give each a bright, obvious 'home' with visual cues. Race yourself to return items to their spots - can you beat yesterday's time?","You're tired of hunting for keys, phone, and sunglasses every morning. You choose 3 bright colored bowls and place them by the door. Set a phone timer and race to put all 3 items 'home' when you return. Take a photo of your victory setup and share it with a friend for accountability.",Uses timer races and victory photos for dopamine hits,When you frequently lose important items,Working Memory Failures,Inconsistent Energy,Forgetful,Ashamed,"Planning my time, Managing my schedule",Forgetful,Avoiding Routine,Poor Time Estimation,Forgetful,Free,Gamification,Organization principles,Gamified,"Planning, Time Planning",,,,,gamepad,,"gamifies action, activates dopamine, reduces decision fatigue, provides external structure",,,,,,
Task Dice Decision,Random Selection System,"When you can't decide where to start, **assign each task a number and roll a die**. Let the dice choose for you, removing decision stress and getting you moving with playful randomness.","You have six tasks on your to-do list and feel stuck deciding which to tackle first. You number each task 1-6, grab a die from a board game, and roll. The die shows a 4, so you start with task #4. The random selection bypasses your brain's decision paralysis.",Include templates for different numbers of tasks and decision scenarios,When you have multiple tasks and can't choose,Decision Paralysis,Shutdown,Stuck,Overwhelmed,"Starting something hard, Staying focused",Can't Start,Frozen/Shut Down,Can't Decide,Frozen,Free,Checklist,The Anti-Planner by Dani Donovan,Interactive,"Decision Making, Work",,,,,dice,,"reduces decision fatigue, provides external structure",,,,,,
Digital Declutter System,Technology Simplification Strategy,"**Reduce digital clutter and distractions** by unsubscribing from unnecessary emails, deleting unused apps, and organizing your digital spaces. A cleaner digital environment can reduce overwhelm and improve focus.","You realize your phone has 200+ apps and your email inbox gets 50+ messages daily, most of which you don't need. You spend an hour unsubscribing from newsletters, deleting apps you never use, and organizing your remaining apps into folders. Your phone and email feel much calmer and less overwhelming.",Include decluttering checklists and maintenance strategies,When digital clutter is creating overwhelm,Overstimulation,Overstimulated,Overstimulated,Overwhelmed,"Starting something hard, Staying focused",Disorganized,Sensory Overload,Frozen/Shut Down,Time Blind,Free,Environmental Hack,Digital wellness movement,Auditory,"Cleaning, Rest",,,,,package-x,,"reduces decision fatigue, provides external structure",https://konmari.com/pages/about - Marie Kondo's KonMari Method for organizing,,,,,
Dish Containment System,Simplified Mess Management,Keep a **large bin or tub for dirty dishes** when the sink gets full or you can't wash immediately. This contains the mess and prevents dishes from spreading throughout your kitchen when you're overwhelmed.,"Your sink is full of dishes but you don't have energy to wash them right now. Instead of letting dirty dishes pile up on counters, you put them in a large plastic tub. This keeps your kitchen looking tidier and makes it easier to tackle the dishes when you're ready.",Include bin selection tips and transition strategies for getting back to regular washing,When dishes accumulate faster than you can wash them,Task Initiation,Low Energy,Drained,Stuck,"Cleaning up, Resetting my space",Disorganized,Can't Start,Frozen/Shut Down,Avoidant,$,Quick Fix,How to Keep House While Drowning,Auditory,"Cleaning, Rest",,,,,trash-2,,"reduces decision fatigue, provides external structure",,,,,,
Cook & Clean Combo,Concurrent Kitchen Strategy,**Clean dishes and prep tools while cooking** instead of leaving everything for after the meal. This prevents the overwhelming pile-up and makes post-meal cleanup much more manageable.,"You're making pasta and notice the pot you used for sauce is now empty. Instead of leaving it in the sink, you quickly rinse it while waiting for the pasta to cook. By the time you sit down to eat, most of the dishes are already clean, making after-dinner cleanup feel effortless.",Include timing strategies and multitasking safety tips,When post-meal cleanup feels overwhelming,Task Initiation,Restless,Anxious,Ashamed,"Cleaning up, Resetting my space",Disorganized,Can't Start,Frozen/Shut Down,Avoidant,Free,Playlist,Cooking wisdom,Auditory,"Cleaning, Meal Prep",,,,,broom,,"reduces decision fatigue, meets you where you are",,,,,,
Distraction Detective System,Focus Protection Strategy,"Track **things that frequently distract you** and pair each with a specific solution (app blockers, noise-canceling headphones, thought-capture notebook). Having pre-planned responses helps you manage distractions before they derail focus.","You notice your phone notifications constantly break your focus. On your list, you write 'Phone notifications → Use Focus Mode and place phone in another room during deep work time.' You realize YouTube rabbit holes waste hours, so you add 'YouTube → Install browser extension that blocks recommended videos.'",Provide common distraction categories and solution templates,When specific distractions keep derailing you,Overstimulation,Wired but Tired,Scattered,Overwhelmed,"Starting something hard, Staying focused",Can't Focus,Sensory Overload,Forgetful,Disorganized,Free,Checklist,The Anti-Planner by Dani Donovan,Social,"Planning, Rest",,,,,sliders,,"provides external structure, externalizes tasks",https://gettingthingsdone.com/five-steps/ - David Allen's Getting Things Done methodology,,,Urban,,
Courage Over Confidence,Brave Action Strategy,"**Take action despite feeling scared or uncertain** rather than waiting for confidence to appear first. Confidence often comes from doing the thing, not before doing it.","You want to apply for a promotion but feel scared because you don't feel ""ready."" Instead of waiting until you feel confident (which might never happen), you decide to apply anyway. You tell yourself 'I'll do it scared' and submit the application, knowing that taking action despite fear is how confidence builds.",Include fear-management techniques and action-despite-anxiety strategies,When fear is preventing you from taking important actions,Rejection Sensitivity,Shutdown,Stuck,Overwhelmed,"Starting something hard, Staying focused",Can't Start,Anxious,Poor Time Estimation,Frozen,Free,Checklist,Courage-building philosophy,Sensory,"Self-Compassion, Emotional Regulation",,,,,lightbulb,,builds confidence,,,,,,
Victory List Tracker,Accomplishment Celebration System,"Keep a **""done list"" alongside your to-do list** where you write down everything you complete, even small tasks. Seeing your accomplishments accumulate provides motivation and counters the feeling that you ""never get anything done.""","You're feeling unproductive despite being busy all day. You look at your done list and see: 'Responded to 5 emails, made dentist appointment, organized desk drawer, called mom back, paid electric bill.' Seeing the concrete list reminds you that you actually accomplished quite a bit.",Include done list formats and accomplishment celebration ideas,When you feel unproductive despite being busy,Masking & Shame,Scattered,Ashamed,Guilty,"Finding motivation, Being kinder to myself",Spiraling,Depressed / Hopeless,Poor Time Estimation,Discouraged,Free,Checklist,The Anti-Planner by Dani Donovan,Visual,"Self-Compassion, Emotional Regulation",,,,,list,,"gamifies action, provides instant rewards, activates dopamine, provides external structure, breaks down complexity",,Parent,Women,,,
Exit Checklist Board,Never-Forget Door System,"**Hang by your front door:**

✅ **The essentials checklist:**
• 📱 Phone
• 💳 Wallet
• 🗝️ Keys
• 💊 Meds
• 💧 Water bottle

✨ **The system:** Quick glance = nothing forgotten
🎯 **Result:** No more driving back home halfway to your destination","You've been late to three appointments this month because you forgot your wallet or keys. Now, you have a small whiteboard by your door with checkboxes for 'Phone, Wallet, Keys, Water bottle, Meds.' Before leaving, you quickly scan the list and realize you left your wallet on the nightstand. This 5-second check saves you from driving back home halfway to your meeting.",Include customizable checklists for different types of outings,When you consistently forget essentials when leaving,Working Memory Failures,Crash Recovery,Forgetful,Stuck,"Catching up on life tasks, Starting something hard",Forgetful,Poor Time Estimation,Can't Start,Forgetful,$,Checklist,Reddit /r/ADHDWomen,Visual,"Emotional Regulation, Work",,,,,list,,"provides external structure, frees up working memory, externalizes tasks, creates accountability",https://blog.trello.com/adhd-productivity-tips - Trello boards for ADHD productivity,Working Professional,,,,
Mood Boost Menu,Dopamine Regulation Toolkit,"**Create your personal dopamine menu:**

⚡ **High energy (30+ min):** Dance party, nature walk, creative project
💪 **Medium energy (10-30 min):** Favorite playlist, quick tidy, call a friend
😴 **Low energy (5-10 min):** Cute animal videos, breathing exercise, stretch

✨ **The system:** When feeling flat, pick from your menu instead of scrolling aimlessly
🎯 **Result:** Reliable mood boosts that actually work","You're feeling unmotivated and notice you're about to fall into a social media scroll hole. Instead, you check your dopamine menu and choose a 10-minute option: listening to your favorite upbeat song while organizing your desk. The activity gives you a genuine mood boost and sense of accomplishment.",Include dopamine activity suggestions categorized by time and energy requirements,When you need reliable mood boosters,Low Motivation,Low Energy,Drained,Stuck,"Starting something hard, Staying focused",Depressed / Hopeless,Poor Time Estimation,Can't Start,Discouraged,Free,Playlist,ADHD community wisdom,Embodied,"Exercise/Movement, Emotional Regulation",,,,,trending-up,,"activates dopamine, provides external structure, externalizes tasks",https://www.additudemag.com/adhd-dopamine-menu-activities/ - Creating a dopamine menu for ADHD,,,,,
Emotion Art Therapy,Feeling Expression System,"When emotions feel too big or complicated to put into words, **grab paper and draw them** using colors, shapes, or simple scribbles. This bypasses verbal processing blocks and gives your brain a concrete way to release emotional overwhelm.","You're feeling a jumble of emotions after a difficult work meeting and can't find words to explain what's happening. Instead of trying to talk it out, you grab paper and markers. You draw jagged red lines for anger, a heavy blue circle for sadness, and small green spirals for anxiety. As you draw, your breathing slows and the emotions feel more contained.",Include color emotion guides and simple drawing prompts,When emotions are too big for words,Emotional Dysregulation,Overstimulated,Overstimulated,Overwhelmed,"Calming down, Being kinder to myself",Anxious,Frozen/Shut Down,Depressed / Hopeless,Spiraling,Free,Gamification,The Anti-Planner by Dani Donovan,Visual,"Emotional Regulation, Exercise/Movement",,,,,brush,,"reduces decision fatigue, provides external structure, frees up working memory, minimizes friction",,Working Professional,,,,
Priority Decision Matrix,Task Urgency Grid,"**Draw a simple 2×2 grid:**

🔥 **Urgent + Important** = Do NOW
📅 **Important + Not Urgent** = Schedule
🔄 **Urgent + Not Important** = Delegate
🗑️ **Neither** = Eliminate

✨ **The magic:** Visual sorting shows what actually matters vs. what just feels pressing","You feel paralyzed by your to-do list with 20+ items. Instead of trying to tackle everything, you draw a cross on paper creating four boxes. You write each task in one quadrant: 'Finish client presentation' goes in important+urgent; 'Research new software' in important+not urgent; 'Reply to marketing email' in urgent+not important. Suddenly you can see only 3 items truly need attention today.",Include decision criteria guides and digital template options,When everything feels equally urgent,Decision Paralysis,Burnout,Stuck,Overwhelmed,"Starting something hard, Staying focused",Poor Time Estimation,Frozen/Shut Down,Can't Decide,Frozen,Free,Checklist,"Look-Up Source, The Anti-Planner by Dani Donovan",Social,"Time Planning, Planning",,,,,target,,"reduces decision fatigue, minimizes friction",,,,,,
Smart Email Templates,Communication Speed System,"**Create templates for common emails:**

📅 **Meeting requests:** Thanks for the invite"," I'm available at...""",,,,Shutdown,Stuck,Overwhelmed,"Starting something hard, Staying focused",Poor Time Estimation,Can't Focus,Can't Start,Frozen,,Gamification,,Interactive,"Work, Emails",,,,,mail,,provides external structure,https://habitica.com/static/how-it-works - Habitica: Gamify your life with RPG-style habit tracking,Working Professional,,,,
"📈 **Project updates:** ""Quick update: completed X", working on Y,• ⏰ **Timer support**: Set a 5-10 minutes timer to externalize time tracking,,,,,Shutdown,Stuck,Overwhelmed,"Starting something hard, Finishing what I start",Poor Time Estimation,Can't Start,Can't Focus,Frozen,,Gamification,,Gamified,"Work, Rest",,,,,folder,,"gamifies action, externalizes tasks, creates accountability",,,,,,
"🙅 **Polite declines:** ""Thanks for thinking of me"," but I can't commit to...""",,,,,,Inconsistent Energy,,,,,,,Shame,,Challenge,,Sensory,"Decision Making, Health/Medical",,,,,search,,starts small,,,,,,
✨ **The benefit:** Customize templates instead of starting from scratch,,,,,,,Hyperfocus,,,Starting something hard,,,,Discouraged,,Accountability,,Embodied,"School, Meal Prep",,,,,brush,,starts small,,,,,,
🎯 **Result:** Faster email processing," less decision fatigue""","You notice you spend too much time crafting similar emails over and over. You create templates for common situations: 'Thanks for the meeting invite, I'm available at...' and 'Quick project update: completed X, working on Y, need help with Z.' Now you can respond quickly by customizing a template instead of starting from scratch.",Include template examples for different professional situations,When email writing takes too much mental energy,Executive Dysfunction,,Scattered,Scattered,Overwhelmed,"Cleaning up, Resetting my space",Poor Time Estimation,Disorganized,Overcommitted,Disorganized,Environmental Hack,Quick Fix,Interactive,Interactive,"Work, Emails",,,,clipboard,mail,"Builds Momentum, Reduces Overwhelm, Simplifies Decision-Making",reduces decision fatigue,,Working Professional,,,,
Crisis Support Network,Emergency Contact System,"Keep an **easily accessible list of emergency contacts** including ADHD-aware friends, mental health professionals, and crisis resources. Having support numbers ready reduces panic during difficult moments.","You're having a particularly overwhelming day and feel like you're spiraling. Instead of suffering alone, you check your emergency contact list and call your ADHD-aware friend who helps you reality-check your thoughts and feel less alone. Having the list ready makes reaching out easier.",Include contact categories and crisis response planning,When ADHD overwhelm creates crisis moments,Emotional Dysregulation,Burnout,Burned out,Defeated,"Calming down, Asking for help",Overcommitted,Anxious,Frozen/Shut Down,Overthinking,Free,Checklist,Crisis management,Gamified,"Emotional Regulation, Health/Medical",,,,,briefcase,,"provides external structure, frees up working memory, externalizes tasks, creates accountability",,,,,,
No-Think Food Playbook,Emergency Meal System,"**When decision fatigue hits, grab this list:**

🧀 **5-minute options:** Crackers + cheese, apple + peanut butter
🌯 **10-minute options:** Microwave burrito + baby carrots
🍝 **15-minute options:** Pasta + jarred sauce

📍 **Pro tip:** Stick this on your fridge for decision-free eating
✨ **Result:** You actually eat instead of staring at the fridge","You've been working all day and suddenly realize you're starving, but the thought of figuring out what to eat makes you want to skip dinner. Instead, you glance at your Emergency Food Playbook on the fridge and pick ""option 3: frozen pizza + bagged salad."" No thinking required - 15 minutes later you're eating a decent meal.",Organize by prep time and include options for different dietary needs,When decision fatigue is preventing you from eating,Decision Fatigue,Shutdown,Stuck,Overwhelmed,"Meal planning or prep, Staying focused",Poor Time Estimation,Frozen/Shut Down,Can't Decide,Frozen,Free,Gamification,The Anti-Planner by Dani Donovan,Interactive,"Meal Prep, Decision Making",,,,,tasks,,"reduces decision fatigue, provides external structure, externalizes tasks, starts small",,Parent,,,,
Comfort Toolkit Items,Emotional Support System,"Keep **small comfort items available** for emotional regulation - a soft keychain, worry stone, essential oil roller, or meaningful photo. Having tangible comfort tools can help during overwhelming moments.",You often feel anxious during work meetings and need something to help you stay calm. You keep a small smooth stone in your pocket that you can discreetly touch when feeling overwhelmed. The tactile comfort helps you feel more grounded and present.,Include comfort item ideas for different settings and sensory preferences,When emotional overwhelm needs tangible comfort,Emotional Dysregulation,Overstimulated,Overstimulated,Overwhelmed,"Calming down, Being kinder to myself",Anxious,Frozen/Shut Down,Depressed / Hopeless,Spiraling,$,Checklist,Emotional regulation tools,Auditory,"Emotional Regulation, Self-Compassion",,,,,settings,,"reduces decision fatigue, provides external structure, breaks down complexity, starts small, creates accountability",,,,,,
Strategic Caffeine System,Smart Stimulant Strategy,"**Use caffeine strategically and mindfully** if it helps your ADHD symptoms, but monitor timing to avoid sleep disruption. Some people find caffeine helpful for focus when used consistently.",You notice you focus better with caffeine but sometimes it makes you jittery or disrupts your sleep. You develop a strategy: one cup of coffee at 9am and no caffeine after 2pm. The consistent timing gives you focus benefits without sleep problems.,Include timing guidelines and interaction considerations with ADHD medication,When caffeine can support focus without negative effects,Working Memory Failures,Wired but Tired,Scattered,Overwhelmed,"Starting something hard, Staying focused",Can't Focus,Forgetful,Poor Time Estimation,Shame,$,Gamification,ADHD management,Social,"Time Planning, Rest",,,,,home,,provides external structure,,,,,,
Energy Flow Mapping,Personal Rhythm Tracker,"**Track your natural energy patterns:**

🌅 **Morning:** High focus time? Schedule deep work
🌆 **Afternoon:** Energy dip? Do admin tasks
🌃 **Evening:** Second wind? Creative projects

✨ **The strategy:** Match tasks to your energy instead of fighting your rhythm
🎯 **Result:** Work WITH your brain, not against it","You've been frustrated trying to write reports in the afternoon when you constantly lose focus. After tracking your energy for a week, you discover you're naturally sharp from 9-11am but crash after lunch. Now you schedule writing tasks during your morning peak and switch to emails in the afternoon.",Create energy tracking templates and task-matching guides,When you're fighting your natural rhythms,Executive Dysfunction,Burnout,Burned out,Defeated,"Starting something hard, Staying focused",Poor Time Estimation,Can't Finish,Frozen/Shut Down,Spiraling,Free,Gamification,The Anti-Planner by Dani Donovan,Sensory,"Work, Time Planning",,,,,smartphone,,"gamifies action, activates dopamine, frees up working memory",https://calnewport.com/deep-work-the-complete-guide/ - Cal Newport's Deep Work principles,,,,,
Comfort Zone Workspace,Ergonomic Optimization System,"**Optimize your workspace ergonomics** to reduce physical discomfort that can worsen ADHD symptoms. Proper chair height, monitor position, and lighting can significantly impact focus and comfort.","You notice you get restless and distracted at your desk, partly because your chair is uncomfortable and your monitor is too low. You adjust your workspace setup: proper chair height, monitor at eye level, and better lighting. The physical comfort helps you focus better and sit still longer.",Include ergonomic setup guidelines and comfort optimization tips,When physical discomfort is affecting focus,Working Memory Failures,Scattered,Scattered,Overwhelmed,"Starting something hard, Staying focused",Can't Focus,Forgetful,Poor Time Estimation,Shame,$$,Environmental Hack,Workplace wellness,Gamified,"Work, Exercise/Movement",,,,,briefcase,,provides external structure,,,,,,
Scent Support System,Aromatherapy Toolkit,"Use **essential oils for mood regulation and focus support** - peppermint for alertness, lavender for calm, or citrus for energy. Scent can be a powerful tool for shifting mental states quickly.",You feel sluggish in the afternoon and need something to help you refocus. You keep a peppermint essential oil roller at your desk and apply it to your wrists when you need an alertness boost. The scent helps you feel more awake and focused.,Include oil recommendations for different needs and safe usage guidelines,When scent can support mood and focus regulation,Low Motivation,Low Energy,Drained,Stuck,"Starting something hard, Staying focused",Can't Focus,Depressed / Hopeless,Poor Time Estimation,Disorganized,$,Quick Fix,Aromatherapy practices,Social,"Emotional Regulation, Meal Prep",,,,,life-buoy,,"activates dopamine, provides external structure, frees up working memory, creates accountability",,,,,,
Evening Reset: Bare-Minimum Closing Duties,Closing Shift Routine,"Create a **short list of bare-minimum tasks to complete every evening** (like clearing dishes, taking out trash) as a kindness to 'tomorrow you.' Inspired by restaurant closing duties, this ensures mornings start with less chaos.","You create a list of just 3 tasks: loading the dishwasher, wiping kitchen counters, and laying out tomorrow's clothes. Even on your most exhausted days, you complete these tasks before bed, knowing morning-you will thank you for the clean kitchen and ready outfit.",Create customizable closing duty checklists for different living situations,When mornings consistently start chaotic,Executive Dysfunction,Shutdown,Stuck,Overwhelmed,"Cleaning up, Resetting my space",Can't Start,Can't Finish,Frozen/Shut Down,Disorganized,Free,Checklist,How to Keep House While Drowning,Sensory,"Rest, Cleaning",,,,,sunset,,"provides external structure, externalizes tasks, reduces shame, starts small",,,,,,
Everything Shower,Comprehensive Self-Care Ritual,"Occasionally take an **""everything shower"" where you do all the grooming tasks at once** - wash hair, shave, exfoliate, deep condition. Batching these tasks can be more efficient and feel like a luxurious reset.","You've been putting off several grooming tasks because doing them individually feels tedious. You designate Sunday evening as ""everything shower"" time and do it all at once: wash and condition hair, shave, exfoliate, and use a face mask. Batching makes it feel like a spa experience rather than a chore.",Include everything shower checklists and timing suggestions,When individual grooming tasks feel overwhelming,Task Initiation,Low Energy,Drained,Stuck,"Personal hygiene, Self-care",Avoidant,Can't Start,Frozen/Shut Down,Avoidant,Free,Gamification,Self-care community,Auditory,"Cleaning, Planning",,,,,calendar,,"starts small, batches similar tasks",,,,,,
Evidence Journal,Success Documentation,"Document your **wins and successes in a dedicated journal**, no matter how small. When self-doubt creeps in, flip through your collection of evidence that proves you CAN do hard things. Take a quick 'victory lap' after completing tasks.","You're sitting at your desk feeling like you'll never finish your project because 'you always fail.' Instead of spiraling, you open your Evidence Journal and read entries from the past month: 'I submitted three reports on time,' 'I figured out that complicated spreadsheet formula,' and 'I spoke up in the team meeting.' The concrete proof reminds you that you ARE capable.",Include prompts for different types of evidence and achievement categories,When self-doubt is undermining your confidence,Masking & Shame,Wired but Tired,Ashamed,Guilty,"Finding motivation, Being kinder to myself",Spiraling,Depressed / Hopeless,Poor Time Estimation,Discouraged,Free,Quick Fix,"Look-Up Source, The Anti-Planner by Dani Donovan",Interactive,"Social/Relationships, Self-Compassion",,,,,book,,"gamifies action, provides instant rewards, breaks down complexity, builds confidence, starts small",,Working Professional,,,,
Exercise Snacks,Micro-Movement Strategy,"Instead of long workouts, do **""exercise snacks"" - 2-5 minute bursts of movement** throughout the day. Jumping jacks during commercial breaks, walking while on phone calls, or stretching between tasks.","You want to exercise more but feel overwhelmed by the idea of hour-long gym sessions. You start doing 3-minute ""exercise snacks"": jumping jacks while your coffee brews, squats during TV commercials, or walking around the block during lunch. These mini-sessions add up and feel much more manageable.",Include exercise snack ideas for different fitness levels and locations,When traditional exercise feels too time-consuming,Task Initiation,Low Energy,Drained,Stuck,"Starting something hard, Staying focused",Can't Start,Depressed / Hopeless,Poor Time Estimation,Avoidant,Free,Gamification,Fitness research,Embodied,"Exercise/Movement, Social/Relationships",,,,,activity,,starts small,,,,,,
Expense Tracking Apps,Financial Management Tools,Use **expense tracking apps that automatically categorize spending** and provide visual spending reports. Automation reduces the mental load of manual tracking while providing awareness of spending patterns.,You want to understand where your money goes but manual budgeting feels overwhelming. You try an expense tracking app that automatically categorizes your purchases and shows visual spending reports. The automated tracking gives you financial awareness without the tedious manual work.,Include automation features and visual reporting benefits,When financial tracking needs to be automated,Executive Dysfunction,Overstimulated,Frustrated,Defeated,"Planning my time, Managing my schedule",Avoidant,Can't Finish,Frozen/Shut Down,Avoidant,$,Checklist,Technology solutions,Auditory,"Planning, Time Planning",,,,,smartphone,,frees up working memory,,,,,,
External Accountability Boosters,Accountability Systems,"Create **external pressure when motivation is low** by setting up accountability systems: tell someone your deadline, join a work group, or use apps that notify others if you don't check in.",You notice you've been putting off creating a presentation for weeks. You text your friend saying 'I'll send you the first three slides by 2pm today' and ask them to check in if they don't hear from you. Knowing someone is expecting your work creates just enough pressure to overcome the initial resistance.,Include scripts for asking for accountability and app recommendations,When internal motivation isn't enough,Low Motivation,Low Energy,Drained,Stuck,"Starting something hard, Staying focused",Can't Start,Depressed / Hopeless,Poor Time Estimation,Avoidant,Free,Accountability,The Anti-Planner by Dani Donovan,Social,"Work, Time Planning",,,,,trending-up,,"activates dopamine, provides external structure, externalizes tasks, creates accountability",,Working Professional,,,,
Fake It Till You Make It,Confidence Building Strategy,"**Act as if you already have the confidence or capability you want to develop**. Sometimes behaving ""as if"" can help you build real confidence and skills over time, especially when imposter syndrome is strong.","You're nervous about leading a meeting because you feel like you don't know what you're doing. Instead of focusing on your insecurity, you ask yourself 'How would a confident leader handle this?' and then act that way. The practice of confident behavior gradually builds real confidence.","Include confidence-building exercises and ""as if"" behavior strategies",When self-doubt is undermining your performance,Masking & Shame,Shutdown,Ashamed,Guilty,"Starting something hard, Staying focused",Spiraling,Anxious,Poor Time Estimation,Overthinking,Free,Gamification,Psychology principle,Gamified,"Work, Rest",,,,,refresh-cw,,"builds confidence, builds momentum",,Working Professional,,,,
Fidget Tools,Sensory Regulation Aids,"Keep **small fidget items available** (stress balls, fidget cubes, thinking putty) to give your hands something to do while your brain focuses. The right fidget tool can actually improve concentration for many ADHD brains.","You're in a long meeting and notice your mind wandering because you need to move. You discreetly squeeze a small stress ball under the table, which gives your body the sensory input it needs. With your hands occupied, you can actually focus on what's being discussed.",Include fidget tool recommendations for different settings and sensory needs,When you need movement or sensory input to focus,Working Memory Failures,Wired but Tired,Scattered,Overwhelmed,"Starting something hard, Staying focused",Can't Focus,Forgetful,Poor Time Estimation,Shame,$,Checklist,ADHD accommodations,Sensory,"Work, Meal Prep",,,,,settings,,"breaks down complexity, frees up working memory, starts small",,Working Professional,,,,Recently Moved
File Organization Apps,Digital Decluttering Tools,Use **file organization apps that automatically sort and clean up digital clutter** on your devices. Automated organization reduces overwhelm and makes finding files easier.,Your computer desktop has hundreds of files and you can never find anything. You use a file organization app that automatically sorts files into folders and removes duplicates. Having an organized digital space reduces stress and makes you more productive.,Include organization features and maintenance strategies,When digital clutter creates overwhelm,Executive Dysfunction,Scattered,Scattered,Frustrated,"Starting something hard, Staying focused",Disorganized,Can't Finish,Frozen/Shut Down,Disorganized,$,Checklist,Technology solutions,Auditory,"Cleaning, Rest",,,,,smartphone,,reduces decision fatigue,,,,,,
Finance Apps,Money Management Tools,Use **finance apps with automatic categorization and spending alerts** to manage money without manual tracking. Automation provides financial awareness while reducing the mental load of budgeting.,You want to understand your spending but manual budgeting feels overwhelming. You set up a finance app that automatically categorizes your purchases and sends alerts when you're approaching budget limits. The automated tracking gives you financial awareness without tedious manual work.,Include budgeting features and spending awareness tools,When financial management needs automation,Executive Dysfunction,Shutdown,Frustrated,Defeated,"Planning my time, Managing my schedule",Avoidant,Can't Finish,Frozen/Shut Down,Disorganized,$,Gamification,Technology solutions,Gamified,"Finances, Planning",,,,,smartphone,,frees up working memory,,,,,,
Fitness Apps,Exercise Support Tools,"Use **fitness apps with short, ADHD-friendly workouts** and progress tracking. Look for apps that offer variety, quick sessions, and visual progress to maintain motivation.",You want to exercise regularly but traditional gym routines feel boring and overwhelming. You find a fitness app with 10-15 minute varied workouts and visual progress tracking. The short sessions feel manageable and the variety keeps you engaged.,Include workout variety and motivation features,When traditional exercise routines feel overwhelming,Task Initiation,Low Energy,Drained,Stuck,"Starting something hard, Staying focused",Can't Start,Depressed / Hopeless,Sensory Overload,Avoidant,$,Quick Fix,Technology solutions,Interactive,"Exercise/Movement, Work",,,,,smartphone,,"activates dopamine, builds momentum, creates accountability",,,,,,
Focus Environment Blueprint,Environment Optimization,"Stop forcing your brain to focus in environments it hates. **Figure out where you actually work best** (light, sound, time of day, posture), then hack your space to match. Working with your brain's quirks is smarter than fighting them.","You've been trying to write a report at your desk for hours but keep getting distracted. You realize you work best in the morning, with natural light, some background noise, and the ability to fidget. So you move to a table by the window, put on coffee shop sounds, grab a stress ball, and suddenly write three pages without checking your phone.",Include an environment assessment worksheet,When your environment is sabotaging your focus,Overstimulation,Wired but Tired,Forgetful,Anxious,"Starting something hard, Staying focused",Can't Focus,Sensory Overload,Forgetful,Forgetful,Free,Environmental Hack,The Anti-Planner by Dani Donovan,Auditory,"Work, Meal Prep",,,,,crosshair,,frees up working memory,,,,Urban,,Recently Moved
Strategic Music System,Comprehensive Playlist Strategy,"Create **dedicated playlists for different tasks, moods, and energy levels** - cleaning dance parties, focus instrumentals, motivation boosters, and calming sounds. Build a complete music toolkit that can shift your state and transform boring tasks into engaging experiences.","You notice you can concentrate better with background music but keep getting distracted by songs with lyrics. You create a 'Focus' playlist with instrumental music and lo-fi beats. Now when you need to concentrate, you put on your focus playlist and your brain knows it's time to work.",Include music genre recommendations and volume guidelines for focus,When silence is too distracting but regular music is too stimulating,Working Memory Failures,Scattered,Scattered,Overwhelmed,"Starting something hard, Staying focused",Can't Focus,Forgetful,Avoiding Routine,Shame,Free,Playlist,ADHD community wisdom,Auditory,"Emotional Regulation, Work",,,,,music,,"activates dopamine, provides external structure, frees up working memory, externalizes tasks, builds momentum",,,,,,
Food Delivery Apps,Convenience Nutrition Tools,"**Strategically use food delivery apps** when cooking feels impossible, focusing on healthier options. Budget for this as necessary ADHD support rather than feeling guilty about not cooking.","You're dealing with work stress and the thought of cooking feels overwhelming. Instead of skipping meals or feeling guilty, you order a healthy grain bowl from your favorite restaurant using a delivery app. You've budgeted for this as ""crisis food"" and know it's temporary support.",Include healthy ordering strategies and budget planning tips,When cooking is temporarily impossible due to overwhelm,Overstimulation,Burnout,Burned out,Defeated,"Meal planning or prep, Asking for help",Poor Time Estimation,Sensory Overload,Frozen/Shut Down,Overthinking,$$,Gamification,Technology solutions,Sensory,"Meal Prep, Finances",,,,,smartphone,,"reduces decision fatigue, reduces shame, creates accountability",,,,,,
Food Prep Containers,Meal Organization System,"Invest in **good quality, clear food storage containers** that make meal prep and leftover storage more appealing. Being able to see your prepared food and having containers that work well removes friction from healthy eating.","You want to meal prep but your mismatched containers make it feel chaotic and unappealing. You buy a set of clear, stackable containers with secure lids. Now your prepped meals look organized and appetizing in the fridge, and you actually want to eat what you've prepared.",Include container selection criteria and organization tips,When food storage is disorganized and unappealing,Executive Dysfunction,Wired but Tired,Frustrated,Defeated,"Finishing what I start, Meal planning or prep",Poor Time Estimation,Can't Finish,Frozen/Shut Down,Disorganized,$$,Gamification,Meal prep community,Visual,"Meal Prep, Work",,,,,settings,,"provides external structure, minimizes friction",,,,,,
Forest App,Gamified Focus Tool,"**Plant virtual trees that grow while you focus** and die if you leave the app. The visual metaphor and gamification make staying focused feel rewarding, and you build a virtual forest as evidence of your productivity.","You keep getting distracted by your phone while trying to work. You open Forest, set a 25-minute timer, and plant a virtual tree. Knowing that checking social media will kill your tree creates just enough motivation to stay focused. After a week, seeing your growing forest makes you feel proud of your focus sessions.",Include focus session strategies and reward system setup,When phone distractions are breaking your focus,Working Memory Failures,Wired but Tired,Scattered,Overwhelmed,"Starting something hard, Staying focused",Can't Focus,Forgetful,Poor Time Estimation,Shame,$,Checklist,Forest app,Interactive,"Rest, Work",,,,,smartphone,,"provides instant rewards, builds momentum",https://www.forestapp.cc/ - Forest app for focus and productivity,,,,,
Fresh Start Effect,Temporal Landmark Strategy,"Use **natural fresh start moments** (Monday, first of the month, after vacation) to begin new habits or restart abandoned ones. These temporal landmarks make change feel more possible and meaningful.","You've been wanting to restart your exercise routine but keep putting it off. Instead of starting on a random Wednesday, you wait until Monday (a natural fresh start) and frame it as 'This is the week I get back into fitness.' The fresh start timing makes the change feel more significant and doable.",Include fresh start timing strategies and habit restart techniques,When you need motivation to restart good habits,Low Motivation,Low Energy,Drained,Stuck,"Starting something hard, Staying focused",Depressed / Hopeless,Can't Start,Poor Time Estimation,Discouraged,Free,Routine,Behavioral psychology,Gamified,"Reset, Rest",,,,,brush,,starts small,,,,,,
Friday Afternoon Shutdown Ritual,Week Closure Routine,"Create a **consistent end-of-week routine** to mentally close out work: review what you accomplished, note what needs attention next week, and do something symbolic to transition to weekend mode.","Every Friday at 4pm, you spend 15 minutes writing down what you accomplished this week, making a short list of Monday priorities, and then closing your laptop with intention. This ritual helps you feel complete with the work week and transition to weekend relaxation without work thoughts lingering.",Include ritual ideas for different work situations and transition activities,When work thoughts intrude on personal time,Executive Dysfunction,Low Energy,Frustrated,Defeated,"Starting something hard, Staying focused",Poor Time Estimation,Can't Finish,Frozen/Shut Down,Discouraged,Free,Routine,Productivity methodology,Visual,"Work, Meal Prep",,,,,map,,"provides external structure, frees up working memory, externalizes tasks",,,,,,
Fridge Door Inventory Tracker,Freezer Contents List,Stick a **whiteboard on your freezer door to track what's inside** without digging through icy chaos. Just write down items as you add them and cross them off as you use them. Your future hungry self will thank you!,"You buy groceries and freeze half that chicken for ""later,"" only to discover it months later hidden under frozen vegetables. With your door tracker, you write ""2 chicken breasts (back left)"" when you put them in, and actually remember to use them before they get freezer burn.",Include template designs and magnetic whiteboard recommendations,When you forget what food you have stored,Working Memory Failures,Crash Recovery,Forgetful,Hopeless,"Catching up on life tasks, Finding motivation",Poor Time Estimation,Forgetful,Depressed / Hopeless,Forgetful,$,Checklist,Reddit /r/ADHDWomen,Visual,"Social/Relationships, Self-Compassion",,,,,refrigerator,,externalizes tasks,https://blog.trello.com/adhd-productivity-tips - Trello boards for ADHD productivity,,,,,
Frozen Vegetables,Nutrition Without Effort,"Keep **frozen vegetables on hand for easy nutrition** when fresh produce feels like too much work. They're pre-washed, pre-chopped, and can be microwaved in minutes - removing barriers to eating vegetables.","You want to eat healthier but fresh vegetables often go bad before you use them, and chopping feels like too much work when you're tired. You stock your freezer with frozen broccoli, carrots, and mixed vegetables. Now you can add nutrition to any meal by microwaving a cup of vegetables in 2 minutes.",Include cooking tips and nutritional comparisons with fresh vegetables,When fresh produce preparation feels overwhelming,Task Initiation,Low Energy,Drained,Stuck,"Starting something hard, Meal planning or prep",Poor Time Estimation,Can't Start,Frozen/Shut Down,Frozen,$,Checklist,Nutrition advice,Auditory,"Meal Prep, Emails",,,,,layout,,"minimizes friction, starts small",,,,,,
Future Self Check-In: Will This Matter?,Perspective Reality Check,"When your brain is stuck in panic mode, take a deep breath and ask: **""Will this matter in a week? A month? A year?""** This quick reality check helps zoom out from tiny details and see that most ""disasters"" are actually pretty small.","You're panicking because you sent an email with a small typo to your boss. Your heart is racing and you can't stop thinking about how they'll judge you. Instead of spiraling, you ask: ""Will this typo matter in a month?"" Realizing it probably won't matter in a week helps your breathing slow down.",Include perspective questions for different time frames and situations,When small problems feel catastrophic,Emotional Dysregulation,Burnout,Overwhelmed,Frustrated,"Calming down, Being kinder to myself",Anxious,Depressed / Hopeless,Can't Start,Spiraling,Free,Quick Fix,The Anti-Planner by Dani Donovan,Visual,"Emotional Regulation, Self-Compassion",,,,,eye,,"breaks down complexity, frees up working memory, starts small, creates accountability",,,,,,
Gaming Headsets,Immersive Focus Tools,Use **gaming headsets with good sound isolation** for deep focus work. The immersive audio environment can help block distractions and signal to your brain that it's time to concentrate.,You work in a noisy environment and regular headphones don't block enough sound to help you focus. You try a gaming headset with excellent sound isolation and noise cancellation. The immersive audio environment helps you get into a focused flow state more easily.,Include headset features for focus and comfort considerations,When environmental noise severely disrupts focus,Overstimulation,Scattered,Overstimulated,Overwhelmed,"Starting something hard, Staying focused",Can't Focus,Sensory Overload,Forgetful,Time Blind,$$,Playlist,Gaming technology,Auditory,"Work, Time Planning",,,,,home,,frees up working memory,,,,"Rural, Urban",,
Gentle Alarm Sounds,Sensory-Friendly Wake-Up,"Use **soft, gradually increasing alarm sounds** instead of jarring beeps. Waking up gently can reduce morning anxiety and make it easier to get out of bed without feeling startled or overwhelmed.",You've been using a harsh beeping alarm that makes you wake up feeling anxious and jarred. You switch to a gentle chime sound that gradually increases in volume. Now you wake up feeling calmer and more ready to start your day instead of immediately stressed.,Include alarm sound recommendations and wake-up light options,When harsh alarms create morning anxiety,Overstimulation,Shutdown,Stuck,Overwhelmed,"Starting something hard, Calming down",Can't Start,Sensory Overload,Anxious,Frozen,Free,Gamification,Sleep hygiene practices,Sensory,"Emotional Regulation, Time Planning",,,,,alarm-clock,,"reduces decision fatigue, meets you where you are",,,,,,
Get Dressed,Daily Activation Ritual,"**Change out of pajamas into real clothes** even if you're staying home. This simple act can shift your mental state from ""rest mode"" to ""action mode"" and make you feel more ready to tackle tasks.","You're working from home and notice you've been in pajamas until 2pm, feeling sluggish and unmotivated. You take 5 minutes to put on jeans and a t-shirt. The simple act of getting dressed makes you feel more alert and ready to be productive.",Include clothing suggestions for different work-from-home situations,When staying in pajamas is affecting your motivation,Inertia,Low Energy,Drained,Stuck,"Starting something hard, Staying focused",Can't Start,Depressed / Hopeless,Poor Time Estimation,Rejection Sensitive,Free,Gamification,Productivity wisdom,Interactive,"Rest, Recovery",,,,,repeat,,"frees up working memory, minimizes friction",,,,Work From Home,,
Give Yourself a Deadline,Artificial Urgency Creation,"**Create artificial deadlines for tasks that don't have natural ones**. Tell someone you'll send them something by Friday, or schedule a meeting that requires preparation. External pressure can motivate action when internal motivation is lacking.",You've been meaning to update your resume for months but keep putting it off because there's no urgency. You schedule a coffee meeting with a mentor for next week and tell them you'll bring your updated resume to get feedback. Now you have a real deadline that motivates you to actually work on it.,Include deadline creation strategies and accountability methods,When tasks without deadlines keep getting postponed,Low Motivation,Low Energy,Drained,Stuck,"Starting something hard, Staying focused",Can't Start,Depressed / Hopeless,Poor Time Estimation,Avoidant,Free,Gamification,The Anti-Planner by Dani Donovan,Gamified,"Time Planning, Work",,,,,calendar-x,,"activates dopamine, externalizes tasks",,Working Professional,,,,Job Search
Good Enough is Good Enough,Perfectionism Release,"**Consciously choose ""good enough"" over perfect** for most tasks. Perfectionism often prevents completion, while ""good enough"" gets things done and allows you to move forward with your life.","You've been editing the same email for 20 minutes, rewriting sentences to make them ""perfect."" You catch yourself and think 'Good enough is good enough - this email clearly communicates what I need to say.' You send it and move on to other tasks instead of spending another 20 minutes perfecting it.","Include perfectionism recognition signs and ""good enough"" standards for different tasks",When perfectionism is preventing task completion,Perfectionism,Shutdown,Stuck,Overwhelmed,"Starting something hard, Staying focused",Can't Finish,Can't Decide,Depressed / Hopeless,Frozen,Free,Gamification,The Anti-Planner by Dani Donovan,Sensory,"Decision Making, Exercise/Movement",,,,,refresh-cw,,"reduces decision fatigue, reduces shame, builds momentum",,,,,,Recently Moved
Google Calendar Time Blocking,Visual Schedule Management,**Block out time for specific activities in your calendar** like you would for meetings. This makes your intentions visible and helps prevent overbooking or forgetting important tasks.,You keep meaning to exercise but it never happens because you don't plan for it. You start blocking out 'Gym: 6-7pm' in your Google Calendar just like you would for a work meeting. Seeing it scheduled makes you more likely to protect that time and actually go.,Include time blocking strategies and calendar optimization tips,When important activities get squeezed out by other commitments,Executive Dysfunction,Overstimulated,Frustrated,Defeated,"Planning my time, Managing my schedule",Poor Time Estimation,Can't Finish,Frozen/Shut Down,Disorganized,Free,Gamification,Productivity methodology,Interactive,"Planning, Time Planning",,,,,calendar,,"frees up working memory, externalizes tasks",https://calnewport.com/deep-work-the-complete-guide/ - Cal Newport's Deep Work principles,Working Professional,,,,
GPS Navigation Apps,Travel Support Tools,Always use **GPS navigation apps even for familiar routes** to get real-time traffic updates and accurate arrival times. This reduces travel anxiety and helps with time estimation challenges.,"You're always anxious about being late because you're bad at estimating travel time, even for familiar routes. You start using GPS navigation for every trip, which gives you real-time traffic updates and accurate arrival times. Having reliable timing information reduces your travel anxiety significantly.",Include navigation features and backup route planning,When travel timing creates anxiety and planning challenges,Time Blindness,Crash Recovery,Anxious,Stressed,"Planning my time, Managing my schedule",Poor Time Estimation,Anxious,Can't Start,Time Blind,Free,Gamification,Technology solutions,Gamified,"Planning, Time Planning",,,,,smartphone,,"gamifies action, creates accountability",,,,,,
Grime & Punishment,Cleaning Hero Game,Transform boring cleaning into a **fun adventure by pretending you're the hero** defeating the villain 'Grime.' Act like you're a crime scene investigator or in a cleaning competition. Your imagination makes chores way less boring.,"You're facing a kitchen with piles of dirty dishes. Instead of getting overwhelmed, you imagine you're a detective at a 'crime scene' where the villain 'Grime' has struck. As you clean each area, you're gathering evidence and solving the case, making satisfying progress instead of just doing a boring chore.","Add character backstories and ""evidence collection"" tracking sheets",When cleaning feels boring and overwhelming,Task Initiation,Low Energy,Drained,Stuck,"Cleaning up, Resetting my space",Disorganized,Can't Start,Frozen/Shut Down,Disorganized,Free,Checklist,The Anti-Planner by Dani Donovan,Auditory,"Cleaning, Rest",,,,,broom,,gamifies action,,,,,,
Grocery Apps,Shopping Support Tools,Use **grocery apps with list-making and store navigation features** to reduce decision fatigue and shopping overwhelm. Some apps can suggest meals based on your preferences and dietary needs.,"You find grocery shopping overwhelming and often forget items or buy things you don't need. You start using a grocery app that helps you make organized lists, suggests meal ideas, and even shows store layouts. Shopping becomes more efficient and less stressful.",Include shopping efficiency features and meal planning integration,When grocery shopping feels chaotic and overwhelming,Decision Fatigue,Shutdown,Stuck,Overwhelmed,"Doing errands, Staying focused",Poor Time Estimation,Frozen/Shut Down,Sensory Overload,Frozen,$,Checklist,Technology solutions,Sensory,"Grocery Shopping, Meal Prep",,,,,shopping-cart,,"reduces decision fatigue, externalizes tasks, creates accountability",,,,,,
Habit Stacking,Routine Linking Strategy,"**Attach new habits to existing ones** by creating a chain: ""After I brush my teeth, I'll take my vitamins."" Linking new behaviors to established routines makes them more likely to stick.","You want to start taking vitamins daily but keep forgetting. You decide to link it to brushing your teeth: 'After I brush my teeth in the morning, I'll immediately take my vitamins.' Since you already brush your teeth consistently, the vitamin becomes part of that established routine.",Include habit stacking examples and chain-building strategies,When you want to build new habits,Working Memory Failures,Inconsistent Energy,Forgetful,Ashamed,"Planning my time, Managing my schedule",Avoidant,Forgetful,Poor Time Estimation,Forgetful,Free,Routine,Atomic Habits methodology,Interactive,"Planning, Time Planning",,,,,repeat,,provides external structure,https://jamesclear.com/atomic-habits - James Clear's guide to building better habits and continuous improvement,,,,,
Habit Tracking Apps,Behavior Support Tools,"Use **habit tracking apps that make building routines visual and rewarding**. Look for apps with streak counters, visual progress, and celebration features that provide dopamine hits for consistency.",You want to build better daily habits but keep forgetting or losing motivation. You try a habit tracking app that shows visual streaks and celebrates milestones. Seeing your progress visually and getting digital rewards helps maintain motivation for building routines.,Include motivating features and habit selection strategies,When building habits needs visual reinforcement,Working Memory Failures,Low Energy,Forgetful,Ashamed,"Planning my time, Managing my schedule",Avoidant,Forgetful,Poor Time Estimation,Forgetful,$,Routine,Technology solutions,Gamified,"Planning, Time Planning",,,,,info,,"provides instant rewards, activates dopamine, provides external structure, builds momentum, creates accountability",https://www.additudemag.com/adhd-dopamine-menu-activities/ - Creating a dopamine menu for ADHD,,,,,
Hammock Reset,Nervous System Reset,"When your brain feels fried, **escape to a hammock for 15-30 minutes**. The gentle rocking motion literally resets your nervous system, while the cocoon feeling creates a break from the world.","You've been bombarded with emails, calls, and people asking questions all morning, and your brain feels like static. Instead of pushing through, you step outside to your hammock for 20 minutes. As you sway gently, you notice your breathing slow down and your thoughts become clearer. You return inside actually able to focus.",Suggest alternatives like rocking chairs or swings for those without hammocks,When you're overstimulated and need a reset,Overstimulation,Overstimulated,Overstimulated,Overwhelmed,"Resetting my space, Recovering from a crash",Overcommitted,Sensory Overload,Frozen/Shut Down,Time Blind,$,Checklist,Reddit /r/ADHDWomen,Social,"Recovery, Reset",,,,,settings,,"provides external structure, frees up working memory, meets you where you are",,,,,,
Hang Pants on Shower Rings,Closet Hack System,"Use **shower curtain rings to hang pants** in the closet instead of folding or using pant hangers. It's less effort and keeps them visible, so you don't forget what you have.","You've been avoiding putting away clean laundry for three days because folding pants is tedious. Instead of letting the pile grow, you grab a pack of shower rings from the dollar store, clip them onto a hanger, and loop each pant through a ring by the belt loops. Five minutes later, your pants are hung up, visible, and your floor is clear.",Include other unconventional organization hacks for different clothing types,When traditional organization methods feel too complicated,Task Initiation,Low Energy,Drained,Stuck,"Cleaning up, Resetting my space",Disorganized,Can't Start,Frozen/Shut Down,Avoidant,$,Gamification,Reddit /r/ADHD,Sensory,"Cleaning, Reset",,,,,battery,,"provides external structure, frees up working memory",,,,,,
Health Tracking Apps,Wellness Monitoring Tools,"Use **health tracking apps to monitor sleep, exercise, mood, and symptoms** to identify patterns and optimize your ADHD management. Data awareness helps you make informed decisions about your health.","You notice your ADHD symptoms vary day to day but can't figure out why. You start using a health tracking app to log sleep quality, exercise, mood, and focus levels. After a few weeks, you see patterns - you focus better after good sleep and exercise, which helps you prioritize these activities.",Include tracking categories and pattern recognition strategies,When you need data to understand your ADHD patterns,Executive Dysfunction,Inconsistent Energy,Frustrated,Defeated,"Planning my time, Managing my schedule",Avoidant,Can't Finish,Frozen/Shut Down,Disorganized,$,Checklist,Health technology,Auditory,"Planning, Rest",,,,,footprints,,reduces decision fatigue,,,,,,
Help-Asking Script,Request Help Template,"Instead of silently struggling, **write down exactly who could help and what you need** from them. Having a mini-script ready makes the actual asking part less scary, and you're more likely to reach out.","You've been struggling with a work project for days and feel paralyzed. Instead of continuing to suffer, you take 5 minutes to write: ""Hey [supervisor's name], I'm working on the quarterly report and I'm stuck on the data visualization section. Could we schedule 15 minutes to go over it together?""",Include templates for different types of help requests,When you need help but don't know how to ask,Rejection Sensitivity,Shutdown,Stuck,Overwhelmed,"Starting something hard, Staying focused",Can't Start,Anxious,Depressed / Hopeless,Frozen,Free,Checklist,The Anti-Planner by Dani Donovan,Visual,"Emotional Regulation, Time Planning",,,,,help-circle,,"externalizes tasks, starts small",,,,,,
Home Automation,Friction Reduction Technology,"Set up **smart home devices to automate routine tasks** like turning lights on/off, adjusting temperature, or playing music. Automation reduces the number of small decisions and actions needed throughout the day.","You often forget to turn off lights or adjust the thermostat, which wastes energy and creates small daily frustrations. You set up smart home automation that turns lights off automatically and adjusts temperature based on your schedule. The automation removes these small daily decisions and tasks.",Include automation ideas for different home areas and budget considerations,When routine tasks create unnecessary mental load,Working Memory Failures,Scattered,Forgetful,Scattered,"Planning my time, Managing my schedule",Disorganized,Forgetful,Avoiding Routine,Forgetful,$$$,Playlist,Technology solutions,Auditory,"Planning, Work",,,,,home,,"reduces decision fatigue, provides external structure, breaks down complexity, minimizes friction, starts small",,,,,,
Hooks Everywhere,Accessibility Organization,"Install **hooks in strategic locations** throughout your home for frequently used items - keys by the door, towels in the bathroom, bags in the entryway. Hooks make it easier to put things away than to drop them randomly.","You constantly lose your keys because you drop them wherever when you come home. You install a decorative hook right by your front door and make it a rule to hang your keys there immediately upon entering. The hook is visible and convenient, making it easier to hang keys than to drop them on the counter.",Include hook placement strategies and item-specific recommendations,When frequently used items get misplaced,Working Memory Failures,Burnout,Forgetful,Ashamed,"Planning my time, Managing my schedule",Forgetful,Poor Time Estimation,Can't Focus,Forgetful,$,Checklist,Organization experts,Gamified,"Cleaning, Planning",,,,,home,,starts small,,,,,,
Hydration Tracking Apps,Health Monitoring Tools,"Use **hydration tracking apps with reminders and visual progress** to ensure adequate water intake. Dehydration can worsen ADHD symptoms, so tracking helps maintain optimal brain function.",You often get headaches and feel foggy but realize you're probably dehydrated because you forget to drink water. You use a hydration tracking app that sends reminders and shows visual progress toward your daily goal. Staying properly hydrated helps you feel more alert and focused.,Include hydration goal setting and reminder customization,When dehydration is affecting cognitive function,Working Memory Failures,Scattered,Forgetful,Ashamed,"Planning my time, Managing my schedule",Avoidant,Forgetful,Poor Time Estimation,Forgetful,$,Gamification,Health technology,Interactive,"Planning, Time Planning",,,,,volume-2,,"frees up working memory, builds momentum",,,,,,
Hyperfocus Surfing,Productive Hyperfocus Management,"When you notice **hyperfocus starting, try to redirect it toward something productive** if possible. If you're going to lose hours anyway, might as well lose them to something useful rather than fighting the hyperfocus.","You feel hyperfocus kicking in while browsing social media and realize you're about to lose 3 hours. Instead of fighting it, you quickly redirect to organizing your digital photos or researching that work project you've been putting off. You still hyperfocus, but on something that actually benefits you.",Include redirection strategies and productive hyperfocus targets,When hyperfocus energy can be channeled productively,Inertia,Inconsistent Energy,Forgetful,Wired,"Starting something hard, Staying focused",Forgetful,Can't Focus,Poor Time Estimation,Forgetful,Free,Gamification,ADHD community wisdom,Sensory,"Social/Relationships, Rest",,,,,crosshair,,starts small,https://www.additudemag.com/hyperfocus-adhd-blessing-curse/ - Managing ADHD hyperfocus positively,,,,,
"I Don't Want To, But I'm Going To",Motivation Override Phrase,"Use this **specific phrase when motivation is low but you need to act anyway**: ""I don't want to, but I'm going to."" It acknowledges your feelings while committing to action, removing the pressure to feel motivated first.","You're staring at a pile of dishes feeling zero motivation to wash them. Instead of waiting for motivation to strike, you say out loud: 'I don't want to wash dishes, but I'm going to.' The phrase gives you permission to feel unmotivated while still taking action.",Include variations of the phrase and motivation-independent action strategies,When you need to act despite lacking motivation,Low Motivation,Low Energy,Drained,Stuck,"Cleaning up, Resetting my space",Can't Start,Depressed / Hopeless,Poor Time Estimation,Avoidant,Free,Gamification,The Anti-Planner by Dani Donovan,Interactive,"Cleaning, Reset",,,,,refresh-cw,,activates dopamine,,,,,,
If/Then Planning,Conditional Action Planning,"Create **specific if/then plans for common situations**: ""If I feel overwhelmed at work, then I'll take a 5-minute walk."" Having pre-made decisions reduces in-the-moment decision fatigue and makes helpful responses more automatic.","You notice you often get stuck when you feel overwhelmed and don't know what to do. You create if/then plans: 'If I feel scattered, then I'll do a 2-minute brain dump,' 'If I'm procrastinating, then I'll set a 10-minute timer,' 'If I'm anxious, then I'll do 5 deep breaths.' Now you have automatic responses ready.",Include if/then templates for common ADHD situations,When you need predetermined responses to common challenges,Executive Dysfunction,Shutdown,Stuck,Overwhelmed,"Starting something hard, Staying focused",Anxious,Can't Finish,Frozen/Shut Down,Frozen,Free,Gamification,Implementation intentions research,Visual,"Social/Relationships, Emails",,,,,map,,reduces decision fatigue,,,,,,
Inbox Zero,Email Management System,"**Process emails immediately using a simple system**: delete, delegate, do (if under 2 minutes), or defer (move to action folder). The goal is to keep your inbox empty or nearly empty so important messages don't get buried.","Your inbox has 847 unread emails and you feel paralyzed by the volume. You start with today's emails and apply the 4 D's: delete newsletters you don't read, delegate a request to a colleague, immediately reply to a quick question, and move an important but non-urgent email to your 'Action' folder.",Include email organization tips and automation suggestions,When email overwhelm is affecting productivity,Executive Dysfunction,Burnout,Frustrated,Defeated,"Getting through emails, Finishing what I start",Avoidant,Can't Finish,Frozen/Shut Down,Disorganized,Free,Quick Fix,Productivity methodology,Gamified,"Emails, Recovery",,,,,check-circle,,"provides external structure, minimizes friction",https://gettingthingsdone.com/five-steps/ - David Allen's Getting Things Done methodology,Working Professional,,,,Recently Moved
Instant Pot,One-Pot Cooking Solution,"Use a **pressure cooker for hands-off meal preparation** that requires minimal monitoring. Dump ingredients in, set the timer, and walk away. Perfect for ADHD brains that might forget about food on the stove.","You want to make healthy meals but often forget about food cooking on the stove and end up burning it. You get an Instant Pot and start making one-pot meals - throw in chicken, vegetables, and broth, set it for 20 minutes, and walk away. When it beeps, you have a complete meal without having to monitor it.",Include beginner-friendly recipes and safety tips,When traditional cooking requires too much attention,Working Memory Failures,Burnout,Forgetful,Stressed,"Catching up on life tasks, Meal planning or prep",Poor Time Estimation,Forgetful,Frozen/Shut Down,Forgetful,$$,Gamification,Cooking innovation,Sensory,"Meal Prep, Work",,,,,home,,"gamifies action, frees up working memory, reduces shame, starts small",,,,,,
Invisible Finish Line,Completion Visualization,**Visualize yourself having completed the task** and how good it will feel to be done. Sometimes imagining the relief and satisfaction of completion can motivate you to start when the task itself feels unappealing.,"You're avoiding calling your insurance company because phone calls feel awful. Instead of focusing on the dreaded conversation, you imagine how relieved and accomplished you'll feel when it's over and you can cross it off your list. That feeling of completion motivates you to pick up the phone.",Include visualization techniques for different types of tasks,When the end result is more motivating than the process,Low Motivation,Low Energy,Drained,Stuck,"Starting something hard, Staying focused",Can't Start,Depressed / Hopeless,Poor Time Estimation,Avoidant,Free,Gamification,The Anti-Planner by Dani Donovan,Interactive,"Rest, Time Planning",,,,,refresh-cw,,starts small,,,,,,
It's Not That Deep,Perspective Reminder,"When you're spiraling about something, **remind yourself ""it's not that deep""** to interrupt catastrophic thinking. Most situations aren't as serious as your anxious brain makes them seem in the moment.",You send an email with a typo to your boss and immediately start panicking that they'll think you're unprofessional and incompetent. You catch yourself spiraling and think 'It's not that deep - it's just a typo. Everyone makes them.' This simple phrase helps you zoom out from the catastrophic thinking.,Include perspective-checking questions and reality-testing techniques,When small problems feel catastrophically large,Emotional Dysregulation,Burnout,Overwhelmed,Frustrated,"Calming down, Being kinder to myself",Anxious,Depressed / Hopeless,Poor Time Estimation,Overthinking,Free,Gamification,The Anti-Planner by Dani Donovan,Visual,"Emotional Regulation, Self-Compassion",,,,,brain,,frees up working memory,,,,,,
Jar of Awesome,Achievement Collection System,"Keep a **physical jar where you drop in notes about good things that happen** - compliments received, tasks completed, small wins. When you're feeling down, read a few notes to remind yourself of your capabilities and positive moments.","You're having a rough week and feeling like nothing ever goes right. You open your Jar of Awesome and read notes like 'Finished project early,' 'Coworker said my presentation was helpful,' and 'Made it to the gym 3 times this week.' The concrete evidence of good things helps counter your negative mood.",Include note-writing prompts and jar decoration ideas,When you need reminders of your successes and positive moments,Masking & Shame,Shutdown,Ashamed,Guilty,"Finding motivation, Being kinder to myself",Spiraling,Depressed / Hopeless,Poor Time Estimation,Spiraling,$,Environmental Hack,The Anti-Planner by Dani Donovan,Gamified,"Exercise/Movement, Self-Compassion",,,,,layout,,"gamifies action, provides instant rewards, provides external structure, breaks down complexity, externalizes tasks",,Working Professional,,,,
Journaling Apps,Reflection Support Tools,Use **journaling apps with prompts and mood tracking features** to support emotional processing and self-awareness. Digital journaling can feel less intimidating than blank paper and offers helpful structure.,You want to process your emotions better but staring at a blank journal page feels overwhelming. You try a journaling app that provides daily prompts like 'What went well today?' and 'How are you feeling?' The guided questions make it easier to start writing and reflect on your experiences.,Include journaling prompt ideas and mood tracking benefits,When emotional processing needs structured support,Emotional Dysregulation,Overstimulated,Overwhelmed,Frustrated,"Calming down, Asking for help",Spiraling,Anxious,Frozen/Shut Down,Overthinking,$,Journal Prompt,Technology solutions,Auditory,"Emotional Regulation, Self-Compassion",,,,,hand,,"provides external structure, creates accountability",,,,,,
Joy-Pairing: Make Dreaded Tasks Enjoyable,Task Joy-Pairing,Pair **tasks you hate with things you genuinely enjoy** - like watching your favorite show ONLY while folding laundry or listening to that addictive podcast ONLY when cleaning. Your brain gets a dopamine boost from the fun thing.,"You've been putting off organizing your digital files for weeks because it feels boring. You decide to create a special ""File Organization"" playlist with your favorite upbeat songs and only allow yourself to listen to it while sorting files. The music makes the task enjoyable, and you actually look forward to organizing sessions.",Create pairing suggestion lists for common dreaded tasks,When tasks feel boring and unmotivating,Low Motivation,Low Energy,Drained,Stuck,"Cleaning up, Resetting my space",Can't Start,Depressed / Hopeless,Avoiding Routine,Avoidant,Free,Checklist,The Anti-Planner by Dani Donovan,Auditory,"Cleaning, Rest",,,,,check-square,,"activates dopamine, frees up working memory, externalizes tasks",,,,,,
Junk Drawer,Designated Chaos Zone,"**Designate one drawer or container as your official ""junk drawer""** where random items can live temporarily. Having a designated place for miscellaneous stuff prevents it from spreading throughout your space.","You have random items - batteries, rubber bands, spare keys, receipts - that don't have obvious homes and end up cluttering your counters. You designate one kitchen drawer as the official junk drawer where these items can live. Now your counters stay clearer because random stuff has a designated place to go.",Include junk drawer organization tips and periodic cleanout strategies,When miscellaneous items create clutter,Executive Dysfunction,Wired but Tired,Scattered,Frustrated,"Cleaning up, Resetting my space",Disorganized,Can't Finish,Frozen/Shut Down,Disorganized,Free,Checklist,Organization wisdom,Sensory,"Cleaning, Rest",,,,,battery,,starts small,,,,,,
Just Do Something,Momentum Building Strategy,"When you're completely stuck, **commit to doing just one tiny thing related to your task** - even if it's not the ""right"" thing. Sometimes any action can break the paralysis and build momentum toward the actual task.","You need to clean your entire messy bedroom but feel completely overwhelmed. Instead of trying to tackle everything, you commit to just putting away 5 items. After doing that, you feel slightly more motivated and decide to make the bed too. Small actions start building momentum.",Include micro-action suggestions for common stuck situations,When task paralysis is preventing any progress,Task Initiation,Shutdown,Stuck,Overwhelmed,"Cleaning up, Resetting my space",Can't Start,Depressed / Hopeless,Can't Decide,Frozen,Free,Gamification,The Anti-Planner by Dani Donovan,Interactive,"Cleaning, Reset",,,,,fast-forward,,"activates dopamine, starts small, builds momentum",,,,,,
Just Start Anywhere,Perfectionism Override,"When a task feels overwhelming, **give yourself permission to start anywhere, even if it's not the ""right"" place**. Starting imperfectly is better than not starting at all, and momentum often builds once you begin.","You need to write a report but feel paralyzed because you don't know how to start the introduction. Instead of staring at a blank page, you skip to the middle and write about the part you understand best. Once you have some words on the page, writing the introduction feels less intimidating.",Include starting strategies for different types of tasks,When perfectionism is preventing you from starting,Perfectionism,Shutdown,Stuck,Overwhelmed,"Starting something hard, Staying focused",Can't Start,Can't Decide,Depressed / Hopeless,Frozen,Free,Checklist,The Anti-Planner by Dani Donovan,Gamified,"Rest, Work",,,,,brush,,"activates dopamine, reduces decision fatigue, reduces shame, builds momentum",,,,,,
Keep Snacks Everywhere,Distributed Food Strategy,"**Stash non-perishable snacks in multiple locations** - your car, desk drawer, bag, bedroom. When hunger hits and you can't get to the kitchen, having backup food prevents skipping meals or making poor choices.","You often get so focused on work that you forget to eat lunch, then feel shaky and irritable by 3pm. You keep granola bars in your desk drawer, crackers in your car, and nuts in your bag. Now when hunger strikes, you have immediate options without having to stop what you're doing.",Include healthy snack suggestions and storage considerations,When meal timing is unpredictable or forgotten,Working Memory Failures,Burnout,Forgetful,Stuck,"Catching up on life tasks, Starting something hard",Poor Time Estimation,Forgetful,Can't Start,Forgetful,$,Checklist,ADHD nutrition strategies,Auditory,"Meal Prep, Cleaning",,,,,grid,,starts small,,,,,,
Key Lanyard System,Never-Lose-Keys Method,"Attach your keys to a **lanyard or wristlet that you wear or hang on your bag**. Your keys are either in use or physically connected to you – no more putting them down ""just for a second"" and losing them.","You're rushing to get to an appointment and can't find your keys. Instead of frantically searching, you remember they're attached to the bright lanyard hanging from your bag's side pocket – right where they always are when not in use.",Include lanyard style options and attachment methods for different bag types,When you constantly lose your keys,Working Memory Failures,Low Energy,Forgetful,Hopeless,"Catching up on life tasks, Finding motivation",Forgetful,Poor Time Estimation,Depressed / Hopeless,Forgetful,$,Checklist,Reddit /r/ADHDWomen,Social,"Social/Relationships, Exercise/Movement",,,,,layout,,provides external structure,,,,,,
Laundry Basket in Every Room,Distributed Laundry System,Place **small laundry baskets or bags in each room** where clothes tend to accumulate. This makes it easier to collect dirty clothes without having to carry them to a central location every time.,"You notice clothes piling up in your bedroom, bathroom, and living room because walking to the main laundry basket feels like too much effort. You put small baskets in each room and suddenly it's easy to toss clothes in the nearest basket. When it's laundry day, you just collect the baskets.",Include basket placement strategies and collection routine suggestions,When dirty clothes accumulate in multiple locations,Task Initiation,Low Energy,Drained,Stuck,"Cleaning up, Resetting my space",Disorganized,Can't Start,Frozen/Shut Down,Disorganized,$,Checklist,Organization experts,Sensory,"Cleaning, Rest",,,,,washing-machine,,"provides external structure, breaks down complexity, starts small",,,,,,
Laundry Pods,Simplified Laundry Process,Use **pre-measured laundry pods instead of liquid detergent** to eliminate measuring and reduce the steps involved in doing laundry. One less decision and one less thing to mess up makes the task more approachable.,You've been avoiding laundry partly because measuring detergent feels like an annoying extra step that you sometimes mess up. You switch to laundry pods - just toss one in and start the machine. The simplified process removes a small barrier that was making laundry feel more complicated than necessary.,Include cost comparison and environmental considerations,When laundry feels unnecessarily complicated,Task Initiation,Low Energy,Drained,Stuck,"Cleaning up, Resetting my space",Disorganized,Can't Start,Frozen/Shut Down,Avoidant,$,Gamification,Laundry product innovation,Gamified,"Cleaning, Rest",,,,,washing-machine,,"reduces decision fatigue, breaks down complexity",,,,,,
Light Therapy,Seasonal Mood Support,"Use **bright light therapy, especially during darker months**, to help regulate your circadian rhythm and improve mood. Light therapy can be particularly helpful for ADHD brains that are sensitive to seasonal changes.",You notice your ADHD symptoms get worse during winter months when there's less natural sunlight. You start using a light therapy lamp for 20 minutes each morning while having coffee. The bright light helps improve your mood and energy during the darker season.,Include light therapy timing and safety guidelines,When seasonal changes worsen ADHD symptoms,Low Motivation,Low Energy,Drained,Stuck,"Starting something hard, Finding motivation",Can't Start,Depressed / Hopeless,Poor Time Estimation,Discouraged,$$,Gamification,Light therapy research,Interactive,"Emotional Regulation, Meal Prep",,,,,home,,"frees up working memory, creates accountability",https://www.mayoclinic.org/tests-procedures/light-therapy/about/pac-20384604 - Mayo Clinic guide to light therapy,,,,,
Location-Based Reminders,Context-Aware Memory Support,"Set **reminders that trigger based on your location** rather than time - remember to buy milk when you're near the grocery store, or call someone when you get home.",You always remember you need to buy something from the hardware store after you've already driven past it. You set location-based reminders on your phone that alert you when you're near specific stores. Now you get reminded at the right place and time to actually take action.,Include location reminder setup and practical use cases,When timing-based reminders don't match your actual opportunities,Working Memory Failures,Crash Recovery,Forgetful,Stuck,"Catching up on life tasks, Starting something hard",Forgetful,Poor Time Estimation,Can't Start,Forgetful,Free,Gamification,Technology solutions,Sensory,"Grocery Shopping, Work",,,,,bell,,"frees up working memory, creates accountability",,,,,,
Low Energy Emergency Kit,Zombie Day Survival Kit,"Some days your brain is just offline. For those **zombie days, have a pre-made plan** with your bare minimum tasks, easy snacks, and permission to do simple stuff. It's like training wheels for your brain when it refuses to wake up.","You wake up feeling like your brain is wrapped in cotton, but you have to work today. Instead of panicking, you pull out your prepared Low Energy Kit: a list with only 3 must-do tasks for the day, your favorite iced coffee recipe, a 15-minute upbeat playlist, and permission to wear comfortable clothes.",Include different kit options for work days vs. rest days,When you're having a low-energy day,Low Motivation,Low Energy,Drained,Stuck,"Starting something hard, Staying focused",Can't Start,Depressed / Hopeless,Poor Time Estimation,Discouraged,Free,Gamification,The Anti-Planner by Dani Donovan,Interactive,"Planning, Time Planning",,,,,battery,,"activates dopamine, frees up working memory, minimizes friction, starts small",,,,,,
Low-Effort Meals,Minimal Energy Cooking,"Keep a **list of meals that require minimal effort and ingredients** for days when your energy is low. Think: scrambled eggs, pasta with butter, or a peanut butter sandwich. Having these options prevents skipping meals.",You come home exhausted and the thought of cooking anything elaborate feels impossible. You check your low-effort meal list and choose option 2: microwave a sweet potato and top it with canned beans and cheese. It takes 5 minutes and gives you a nutritious meal without overwhelming your tired brain.,Include nutrition tips and ingredient staples for low-effort meals,When cooking energy is very low,Low Motivation,Low Energy,Drained,Stuck,"Finding motivation, Meal planning or prep",Poor Time Estimation,Depressed / Hopeless,Frozen/Shut Down,Time Blind,Free,Checklist,The Anti-Planner by Dani Donovan,Gamified,"Decision Making, Meal Prep",,,,,utensils,,"activates dopamine, reduces decision fatigue, externalizes tasks, starts small",,,,,,
Lunch Prep the Night Before,Evening Food Preparation,**Pack your lunch the night before** when your brain is less rushed and decision-making feels easier. Morning-you will thank evening-you for removing one decision from the hectic morning routine.,"You consistently skip lunch or buy expensive food because mornings are too chaotic to pack anything. The night before, when you're relaxed, you spend 5 minutes putting together a simple lunch - sandwich, fruit, and crackers. In the morning, you just grab the bag and go.",Include make-ahead lunch ideas and storage tips,When morning routines are too rushed for meal prep,Executive Dysfunction,Shutdown,Stuck,Overwhelmed,"Starting something hard, Finishing what I start",Can't Start,Can't Finish,Frozen/Shut Down,Frozen,Free,Gamification,Meal prep community,Sensory,"Time Planning, Work",,,,,moon,,"reduces decision fatigue, provides external structure, frees up working memory",,,,,,
Magic Eraser,Effortless Cleaning Tool,"**Melamine foam sponges that remove marks and stains with just water** - no scrubbing or chemicals needed. They make cleaning feel almost magical, which can motivate you to tackle small cleaning tasks more often.","You notice scuff marks on your wall that you've been ignoring for weeks because cleaning them seems like a hassle. You grab a magic eraser, wet it, and watch the marks disappear with minimal effort. The ease and immediate results make you want to find other things to clean.",Include surface safety guidelines and bulk purchasing tips,When cleaning feels too difficult or time-consuming,Task Initiation,Low Energy,Drained,Stuck,"Cleaning up, Resetting my space",Disorganized,Can't Start,Frozen/Shut Down,Disorganized,$,Gamification,Cleaning product discovery,Auditory,"Cleaning, Rest",,,,,broom,,"breaks down complexity, starts small",,,,,,
Make Your Bed,Morning Accomplishment Ritual,"**Start each day with the simple task of making your bed**. It's a quick win that gives you an immediate sense of accomplishment and creates a tidy anchor point in your bedroom, even if everything else is chaotic.","You wake up feeling unmotivated and dreading the day ahead. Before getting dressed, you spend 2 minutes pulling up your covers and arranging your pillows. This small completed task gives you a tiny boost of accomplishment and makes your bedroom feel more peaceful when you return later.",Include bed-making techniques for different bed types and time constraints,When you need an easy morning win,Task Initiation,Low Energy,Drained,Stuck,"Cleaning up, Resetting my space",Can't Start,Depressed / Hopeless,Sleep Issues,Discouraged,Free,Quick Fix,"Military tradition, productivity experts",Auditory,"Cleaning, Rest",,,,,calendar,,"gamifies action, provides instant rewards, minimizes friction",,,,,,
Matching Tupperware,Container Organization System,Buy **all the same type and size of food storage containers** so lids and bottoms are interchangeable. This eliminates the frustrating hunt for matching lids and makes food storage much more ADHD-friendly.,"You're tired of digging through a drawer of mismatched containers trying to find lids that fit. You buy a set of 20 identical glass containers and recycle all the old ones. Now any lid fits any container, and storing leftovers becomes quick and stress-free instead of a puzzle.",Include container recommendations and transition strategies,When food storage is frustrating and time-consuming,Executive Dysfunction,Overstimulated,Frustrated,Defeated,"Finishing what I start, Meal planning or prep",Poor Time Estimation,Can't Finish,Frozen/Shut Down,Disorganized,$$,Gamification,Organization experts,Interactive,"Meal Prep, Grocery Shopping",,,,,settings,,provides external structure,,,,,,
Meal Batch Cooking,Large Quantity Preparation,"**Cook large batches of simple foods** (rice, pasta, roasted vegetables) that can be mixed and matched throughout the week. Having basic components ready reduces daily cooking decisions and prep time.","You spend one evening cooking a huge pot of rice, roasting a sheet pan of mixed vegetables, and baking several chicken thighs. Throughout the week, you combine these components in different ways - rice bowls, pasta dishes, salads - without having to cook from scratch each day.",Include batch cooking recipes and storage guidelines,When daily cooking feels too time-consuming,Executive Dysfunction,Overstimulated,Frustrated,Defeated,"Finishing what I start, Meal planning or prep",Poor Time Estimation,Can't Finish,Frozen/Shut Down,Perfectionist,Free,Gamification,Meal prep community,Gamified,"Meal Prep, Planning",,,,,utensils,,"reduces decision fatigue, minimizes friction",,,,,,
Meal Delivery Apps,Convenience Eating Solution,**Use food delivery apps strategically** when cooking feels impossible. Budget for it as a necessary expense during high-stress periods rather than feeling guilty about not cooking.,"You're dealing with a work deadline and family stress, and the thought of cooking feels overwhelming. Instead of skipping meals or feeling guilty, you order healthy options from your favorite restaurant. You've budgeted for this as ""crisis food"" and know it's temporary support while you handle other priorities.",Include healthy ordering strategies and budget planning tips,When cooking is temporarily impossible due to overwhelm,Overstimulation,Burnout,Burned out,Defeated,"Meal planning or prep, Asking for help",Poor Time Estimation,Sensory Overload,Frozen/Shut Down,Spiraling,$$,Checklist,Various delivery apps,Auditory,"Meal Prep, Finances",,,,,utensils,,reduces shame,,Working Professional,,,,
Meal Kit Delivery,Decision-Free Cooking,"Use **meal kit delivery services to eliminate meal planning decisions** while still cooking at home. The ingredients and instructions are provided, removing the mental load of planning while keeping you engaged in cooking.",You want to cook healthy meals but feel overwhelmed by meal planning and grocery shopping. You subscribe to a meal kit service that delivers 3 meals per week with all ingredients and instructions. Now you can cook without the decision fatigue of figuring out what to make or whether you have the right ingredients.,Include service comparisons and cost-benefit analysis,When meal planning feels overwhelming but you want to cook,Decision Fatigue,Shutdown,Stuck,Overwhelmed,"Meal planning or prep, Planning my time",Poor Time Estimation,Frozen/Shut Down,Can't Decide,Frozen,$$$,Gamification,Various meal kit services,Sensory,"Meal Prep, Self-Compassion",,,,,utensils,,"reduces decision fatigue, frees up working memory",,,,,,
Meal Planning Apps,Food Organization Tools,Use **meal planning apps that suggest recipes based on your preferences** and automatically generate shopping lists. This removes the decision fatigue from meal planning while ensuring you have ingredients on hand.,You want to cook more but feel overwhelmed by meal planning and grocery shopping. You try a meal planning app that suggests recipes based on your dietary preferences and automatically creates shopping lists. The app removes the mental load of planning while helping you eat better.,Include meal planning features and grocery integration benefits,When meal planning decisions feel overwhelming,Decision Fatigue,Shutdown,Stuck,Overwhelmed,"Meal planning or prep, Planning my time",Poor Time Estimation,Frozen/Shut Down,Can't Decide,Frozen,$,Checklist,Technology solutions,Interactive,"Meal Prep, Errands",,,,,utensils,,"reduces decision fatigue, externalizes tasks",,,,,,
Meal Prep Containers,Food Organization System,"**Invest in good quality, clear meal prep containers** that make healthy eating more convenient and appealing. Being able to see prepared food and having proper storage removes barriers to good nutrition.","You want to eat healthier but often resort to takeout because cooking feels overwhelming. You buy a set of clear, stackable meal prep containers and spend Sunday preparing grab-and-go meals for the week. Having healthy food ready and visible makes good choices easier.",Include container selection criteria and meal prep efficiency tips,When food preparation needs to be simplified,Task Initiation,Low Energy,Anxious,Ashamed,"Starting something hard, Meal planning or prep",Poor Time Estimation,Can't Start,Frozen/Shut Down,Avoidant,$$,Checklist,Meal prep strategies,Visual,"Meal Prep, Health/Medical",,,,,utensils,,"provides external structure, minimizes friction",,,,,,
Meal Prep Sundays,Batch Cooking Strategy,"Dedicate **a few hours on Sunday to prepare meals for the week** - wash and chop vegetables, cook grains, prepare proteins. Having components ready makes weekday meals much easier when decision fatigue hits.","Every Sunday afternoon, you spend 2 hours washing lettuce, chopping vegetables, cooking a big batch of rice, and grilling several chicken breasts. During the busy week, you can quickly assemble salads, stir-fries, or grain bowls without having to make decisions or do much prep when you're tired.",Include beginner-friendly prep ideas and storage solutions,When weekday meal decisions feel overwhelming,Executive Dysfunction,Hyperfocus,Frustrated,Defeated,"Finishing what I start, Meal planning or prep",Poor Time Estimation,Can't Finish,Frozen/Shut Down,Time Blind,Free,Checklist,Meal prep community,Gamified,"Meal Prep, Planning",,,,,utensils,,reduces decision fatigue,,,,,,
Medication Reminder Apps,Health Management Tools,Use **medication reminder apps with customizable alerts and tracking features** to ensure consistent medication adherence. Look for apps that track side effects and mood patterns.,"You often forget to take your ADHD medication, which affects your ability to function throughout the day. You set up a medication reminder app with multiple daily alerts and tracking features. Consistent medication adherence significantly improves your focus and daily functioning.",Include reminder customization and tracking features,When medication consistency needs digital support,Working Memory Failures,Hyperfocus,Forgetful,Ashamed,"Planning my time, Managing my schedule",Avoidant,Forgetful,Poor Time Estimation,Forgetful,$,Gamification,Health technology,Sensory,"Planning, Time Planning",,,,,camera,,starts small,,,,,,
Meditation Apps,Mindfulness Support Tools,"Try **meditation apps with short, ADHD-friendly sessions** (2-10 minutes) that include guided breathing, body scans, or movement-based mindfulness. Look for apps that don't require long sitting sessions.","You want to try meditation but traditional 20-minute sessions feel impossible with your ADHD brain. You find a meditation app with 3-5 minute guided sessions specifically designed for busy minds. The short, structured sessions feel manageable and actually help you feel calmer.",Include features to look for and session length recommendations,When traditional meditation feels too difficult,Emotional Dysregulation,Overstimulated,Overstimulated,Overwhelmed,"Calming down, Being kinder to myself",Anxious,Frozen/Shut Down,Depressed / Hopeless,Spiraling,$,Gamification,Mental health technology,Embodied,"Exercise/Movement, Emotional Regulation",,,,,lotus,,creates accountability,https://www.verywellmind.com/dialectical-behavior-therapy-1067402 - DBT skills and techniques overview,,,,,
Meditation Timer Apps,Mindfulness Support Tools,Use **meditation timer apps with gentle sounds and customizable intervals** for mindfulness practice. Having a dedicated timer with calming sounds makes meditation feel more special and supported.,You want to meditate regularly but using your phone's regular timer feels jarring. You download a meditation timer app with gentle bell sounds and nature backgrounds. The peaceful interface makes your meditation practice feel more intentional and calming.,Include timer features that support mindfulness practice,When meditation practice needs supportive technology,Emotional Dysregulation,Overstimulated,Overstimulated,Overwhelmed,"Calming down, Being kinder to myself",Anxious,Frozen/Shut Down,Depressed / Hopeless,Overthinking,$,Gamification,Technology solutions,Auditory,"Self-Compassion, Emotional Regulation",,,,,lotus,,"gamifies action, meets you where you are, creates accountability",https://www.verywellmind.com/dialectical-behavior-therapy-1067402 - DBT skills and techniques overview,,,,,
Micro-Meditation,Quick Reset Breathing,"Skip the 30-minute sessions - try **2-5 minute meditations** that work for ADHD brains. Focus on your breath for just 10 breaths, use a guided app with visuals, or take a mindful walk. It's a quick reset button, not another chore.","You're about to make a phone call you've been avoiding, and your heart is racing. Instead of pushing through anxiously, you take 60 seconds to focus on your breath, counting ""in"" for 4, ""out"" for 6. After just a few rounds, your mind feels clearer and your body less tense.",Include specific breathing patterns and app recommendations for ADHD,When you need a quick mental reset,Emotional Dysregulation,Overstimulated,Overstimulated,Overwhelmed,"Calming down, Being kinder to myself",Anxious,Can't Focus,Depressed / Hopeless,Spiraling,Free,Quick Fix,"ADHD 2.0, The Anti-Planner by Dani Donovan",Embodied,"Emotional Regulation, Reset",,,,,lotus,,"frees up working memory, starts small",,,,,,
Micro-Task Method,Tiny Task Breakdown,"Transform overwhelming projects into **bite-sized pieces so small they feel almost silly**. Instead of 'clean kitchen,' try 'put away one spoon.' This tricks your brain past the intimidation barrier and builds momentum.","When you're staring at a messy bedroom feeling totally frozen, don't think 'clean the room.' Instead, tell yourself 'I'm just going to pick up one sock.' Once that's done, you might think 'I could probably put away three shirts too.' Before you know it, you've built momentum by completing several micro-tasks.",Create micro-task examples for common overwhelming situations,When tasks feel too big to start,Task Initiation,Shutdown,Stuck,Overwhelmed,"Cleaning up, Resetting my space",Can't Start,Frozen/Shut Down,Depressed / Hopeless,Frozen,Free,Gamification,The Anti-Planner by Dani Donovan,Interactive,"Meal Prep, Cleaning",,,,,check-square,,"activates dopamine, reduces decision fatigue, breaks down complexity, frees up working memory, minimizes friction",,,,,,
Morning Person Hacks,Morning Success Toolkit,"Your brain hates mornings, so **outsmart it with tricks**: put alarm across the room, bribe yourself with special breakfast only available before 9am, or use an alarm app that makes you solve puzzles. These force your groggy brain into action when willpower isn't cutting it.","Your friend invited you to 7am yoga but your body refuses to function before 9am. Instead of setting five alarms you'll snooze through, you place your phone across the room with an alarm requiring math problems to turn off. Next to it, you've set out your favorite mug and special coffee you only allow yourself before 8am.",Include multiple morning hack options and troubleshooting guides,When mornings are consistently difficult,Inertia,Low Energy,Drained,Stuck,"Planning my time, Managing my schedule",Can't Start,Depressed / Hopeless,Poor Time Estimation,Avoidant,Free,Quick Fix,The Anti-Planner by Dani Donovan,Gamified,"Cleaning, Planning",,,,,sunrise,,"provides instant rewards, frees up working memory, builds confidence",,,,,,
Motivation Emergency Kit,Personal Motivation Toolkit,"Create a **personalized list of motivation boosters** that actually work for YOUR brain - that one song, a specific video, or just going outside. When you're totally flat, don't waste energy deciding what might help, just grab something from your pre-made list.","You're sitting at your desk staring at a report you need to write, but your brain feels completely empty. Instead of forcing it, you open your Motivation Emergency Kit and choose ""listen to Pink's 'So What' while dancing around the room."" After three minutes, your energy shifts just enough to write the first paragraph.","Create template with different categories: 2-minute, 5-minute, and 10-minute boosters",When motivation has completely disappeared,Low Motivation,Low Energy,Drained,Stuck,"Starting something hard, Staying focused",Depressed / Hopeless,Poor Time Estimation,Can't Start,Discouraged,Free,Checklist,The Anti-Planner by Dani Donovan,Auditory,"Work, Errands",,,,,list,,"activates dopamine, frees up working memory, externalizes tasks",,,,,,
Multitasking Meals,Efficient Meal Strategy,"**Combine meal prep with other activities** you enjoy - listen to podcasts while chopping vegetables, watch shows while doing dishes, or call a friend while cooking. This makes kitchen time feel less like a chore.",You hate spending time in the kitchen because it feels boring and wasteful. You start listening to your favorite true crime podcast only while cooking and doing dishes. Now you actually look forward to kitchen time because it means you get to hear the next episode of your show.,Include activity pairing suggestions and safety considerations,When cooking and kitchen tasks feel tedious,Low Motivation,Low Energy,Drained,Stuck,"Finding motivation, Meal planning or prep",Poor Time Estimation,Depressed / Hopeless,Bored,Avoidant,Free,Checklist,The Anti-Planner by Dani Donovan,Sensory,"Meal Prep, Social/Relationships",,,,,utensils,,externalizes tasks,,,,,,
Must-Haves First Method,Priority Triage System,Split your massive to-do list into **two columns: 'must-haves' (bare minimum for success) and 'nice-to-haves' (extra stuff)**. Focus only on finishing the must-haves first - this gives you permission to stop when exhausted and still feel accomplished.,"You're hosting a dinner party and feeling swamped. You draw a line down the middle of paper. Left side: 'clean bathroom, prepare main dish, have drinks.' Right side: 'fancy appetizers, themed playlist, decorations.' You focus on completing just the left column first, knowing that even without extras, your gathering will be a success.","Provide templates for different scenarios (events, work projects, daily tasks)",When your to-do list feels overwhelming,Executive Dysfunction,Burnout,Frustrated,Defeated,"Planning my time, Managing my schedule",Poor Time Estimation,Can't Finish,Frozen/Shut Down,Discouraged,Free,Checklist,The Anti-Planner by Dani Donovan,Interactive,"Planning, Time Planning",,,,,calendar,,"provides instant rewards, provides external structure, externalizes tasks, builds confidence, starts small",,,,,,
My Favorite Excuses,Excuse Buster List,Create a **two-column list of your go-to excuses** and pair each with a reality check. Having these pre-written rebuttals helps you recognize and counter procrastination patterns in real-time.,You've been avoiding starting your tax paperwork for weeks. You look at your Excuse Buster List and see: 'Excuse: I need several uninterrupted hours.' Next to it: 'Reality: I can gather receipts for 10 minutes today and work in small chunks. Starting with one small step is better than waiting for perfect time that never comes.',Add common ADHD excuses as starter examples,When excuses are blocking you from starting,Task Initiation,Scattered,Anxious,Ashamed,"Starting something hard, Staying focused",Can't Start,Depressed / Hopeless,Poor Time Estimation,Avoidant,Free,Checklist,The Anti-Planner by Dani Donovan,Gamified,"Exercise/Movement, Meal Prep",,,,,rotate-cw,,"externalizes tasks, creates accountability",,,,,,
Negative Thought Spotter,Thought Pattern Detective,"Catch and challenge your **negative thought patterns** like ""I always fail"" or ""This will be a disaster."" Write down the thought, identify which trap it falls into (catastrophizing, black-and-white thinking), and create a more realistic alternative.","When you bomb a presentation and think ""I'm terrible at this, I'll never succeed,"" you write down this thought and identify it as 'black and white thinking.' Then create a more balanced thought: ""That presentation didn't go as planned, but I've given successful ones before. I can learn from this and do better next time.""",Include common thought traps reference sheet and reframing examples,When negative thoughts are spiraling,Emotional Dysregulation,Scattered,Ashamed,Guilty,"Calming down, Being kinder to myself",Spiraling,Anxious,Poor Time Estimation,Shame,Free,Checklist,"CBT, The Anti-Planner by Dani Donovan",Gamified,"Emotional Regulation, Self-Compassion",,,,,lightbulb,,"gamifies action, externalizes tasks",,,Black,,,
Never Eat Alone,Social Eating Strategy,"**Eat meals while doing something engaging** - watching a show, listening to a podcast, or eating with others. This makes eating more interesting for ADHD brains that might otherwise skip meals due to boredom.","You often forget to eat lunch because sitting down to just eat feels boring and you get distracted. You start eating lunch while watching 20-minute YouTube videos you enjoy. The entertainment makes the meal more engaging, and you actually finish eating instead of wandering away mid-meal.",Include engaging activity suggestions and mindful eating balance tips,When eating feels boring and gets skipped,Low Motivation,Low Energy,Drained,Stuck,"Finding motivation, Meal planning or prep",Poor Time Estimation,Depressed / Hopeless,Avoiding Routine,Forgetful,Free,Checklist,The Anti-Planner by Dani Donovan,Auditory,"Meal Prep, Rest",,,,,sliders,,"frees up working memory, externalizes tasks",,,,,,
No-Brainer Meals,Minimal Decision Cooking,"Keep a **short list of 5-7 meals that require minimal decisions and prep** - things you can make on autopilot when your brain is fried. Having these go-to options prevents the ""I don't know what to eat"" paralysis.","You come home exhausted and can't think about what to make for dinner. Instead of staring into the fridge feeling overwhelmed, you check your no-brainer list and pick option 3: pasta with jarred sauce and frozen vegetables. It takes 15 minutes, requires no decisions, and you have a decent meal.",Include meal suggestions for different dietary needs and prep levels,When meal decisions feel overwhelming,Decision Fatigue,Shutdown,Stuck,Overwhelmed,"Meal planning or prep, Staying focused",Poor Time Estimation,Frozen/Shut Down,Can't Decide,Frozen,Free,Checklist,The Anti-Planner by Dani Donovan,Sensory,"Meal Prep, Decision Making",,,,,trending-up,,"reduces decision fatigue, frees up working memory, externalizes tasks, starts small",,,,,,
No-Cook Meal Guide: 100 Ready-to-Eat Options,100 No-Cook Meal Ideas,"A comprehensive list of **100 ready-to-eat food options** organized in 10 categories (produce, deli, seafood, meats, bakery, convenience, dairy, frozen, snacks, and queasy-day foods). Bookmark this list on your phone for those days when cooking feels impossible but you still need to eat.","You're standing in your kitchen feeling overwhelmed by the thought of cooking dinner. You pull out your phone, open your bookmarked no-cook meal list, and quickly scan the ""convenience"" category. You grab a rotisserie chicken, pre-made salad, and some crackers - dinner is ready in 2 minutes with zero cooking stress.",Add visual icons for each category to make scanning faster,When cooking feels impossible but you need to eat,Task Initiation,Low Energy,Drained,Stuck,"Starting something hard, Meal planning or prep",Poor Time Estimation,Can't Start,Frozen/Shut Down,Overthinking,Free,Checklist,https://blackgirllostkeys.com/adhd/100-no-cook-meal-items/,Auditory,"Meal Prep, Cleaning",,,,,life-buoy,,"reduces decision fatigue, minimizes friction, externalizes tasks",,,,,,
Noise-Cancelling Headphones,Sensory Management Tool,"Use **noise-cancelling headphones to reduce auditory overwhelm** and create a focused bubble. They can help with concentration, reduce anxiety in noisy environments, and signal to others that you're in focus mode.",You're trying to work in a busy coffee shop but the conversations and background noise keep pulling your attention away. You put on your noise-cancelling headphones and suddenly you can actually concentrate on your laptop screen. The reduction in sensory input helps your brain focus on the task at hand.,Include headphone recommendations for different budgets and use cases,When environmental noise is disrupting focus or causing overwhelm,Overstimulation,Scattered,Overstimulated,Overwhelmed,"Starting something hard, Staying focused",Can't Focus,Sensory Overload,Forgetful,Time Blind,$$,Gamification,ADHD forums,Interactive,"Emotional Regulation, Work",,,,,phone,,reduces decision fatigue,,,,Urban,,
Note-Taking Apps,Information Capture Tools,Use **note-taking apps with search functionality and quick capture features** to externalize thoughts and information. Look for apps that sync across devices and allow voice-to-text input.,"You have great ideas throughout the day but often forget them by the time you get home. You start using a note-taking app that syncs between your phone and computer, with voice-to-text capability. Now you can quickly capture thoughts anywhere and find them later using the search function.",Include key features for ADHD needs and organization strategies,When thoughts and information need reliable external storage,Working Memory Failures,Hyperfocus,Forgetful,Ashamed,"Starting something hard, Staying focused",Avoidant,Forgetful,Poor Time Estimation,Forgetful,$,Quick Fix,Technology solutions,Sensory,"Work, Exercise/Movement",,,,,diamond,,externalizes tasks,https://gettingthingsdone.com/five-steps/ - David Allen's Getting Things Done methodology,,,,,
One Touch Rule,Immediate Action Principle,"When possible, **handle things immediately rather than setting them down to deal with later**. Open mail and immediately file, toss, or act on it. Put dishes directly in the dishwasher instead of the sink. This prevents piles from accumulating.","You bring in the mail and instead of dropping it on the counter ""to deal with later,"" you immediately sort it: bills go in the bill folder, junk goes in recycling, and important items get handled right away. This 2-minute investment prevents the mail pile that usually grows for weeks.",Include one-touch examples for different areas of life and habit-building tips,When small tasks accumulate into overwhelming piles,Task Initiation,Shutdown,Stuck,Overwhelmed,"Starting something hard, Staying focused",Avoidant,Can't Start,Frozen/Shut Down,Disorganized,Free,Quick Fix,"Productivity methods, The Anti-Planner by Dani Donovan",Social,"Exercise/Movement, Time Planning",,,,,settings,,starts small,,,,,,
Paper Plate Hack,Disposable Convenience Strategy,"When dishes feel overwhelming, **give yourself permission to use paper plates and disposable utensils temporarily**. It's not forever, but it removes a barrier when you're struggling and ensures you still eat properly.",You've been avoiding cooking because the thought of washing dishes afterward feels overwhelming. You buy a pack of paper plates and tell yourself it's okay to use them for the next week while you're dealing with a stressful work deadline. This removes the dish barrier and you actually start eating proper meals again.,Include cost considerations and transition strategies back to regular dishes,When dish washing is preventing you from eating well,Task Initiation,Low Energy,Drained,Stuck,"Starting something hard, Meal planning or prep",Poor Time Estimation,Can't Start,Frozen/Shut Down,Avoidant,$,Gamification,How to Keep House While Drowning,Gamified,"Meal Prep, Social/Relationships",,,,,settings,,"reduces decision fatigue, minimizes friction",,Working Professional,,,,
PARA Digital Organization,Four-Folder File System,"Sort your digital chaos into **just four buckets: Projects (things with deadlines), Areas (ongoing responsibilities), Resources (reference material), and Archive (stuff you're done with)**. This simple framework helps your ADHD brain actually find things when you need them.","You realize you've been saving important documents in random places and can never find them when needed. You create four folders on your desktop: 'Projects' (for active work), 'Areas' (for ongoing things like finances), 'Resources' (for reference materials), and 'Archive' (for completed projects). When your boss asks for last month's report, you immediately know to check Archive.",Include setup guides and file naming conventions for each category,When digital files are chaotic and hard to find,Executive Dysfunction,Restless,Frustrated,Defeated,"Starting something hard, Staying focused",Poor Time Estimation,Can't Finish,Forgetful,Disorganized,Free,Gamification,Building A Second Brain,Interactive,"Work, Time Planning",,,,,layout,,"provides external structure, frees up working memory, minimizes friction",,,,,,
Parking Lot Method,Thought Management System,"Keep a **""parking lot"" document or notepad** where you quickly jot down distracting thoughts, ideas, or tasks that pop up while you're trying to focus. This externalizes the thoughts so your brain can let them go temporarily.","You're working on a presentation when you suddenly remember you need to buy a birthday gift for your sister. Instead of stopping to research gifts (and losing 30 minutes), you write 'sister's birthday gift' in your parking lot document and immediately return to your presentation. You'll check the parking lot later.",Include parking lot formats and review scheduling suggestions,When random thoughts interrupt your focus,Working Memory Failures,Wired but Tired,Scattered,Overwhelmed,"Starting something hard, Staying focused",Can't Focus,Forgetful,Poor Time Estimation,Shame,Free,Quick Fix,"Getting Things Done, The Anti-Planner by Dani Donovan",Sensory,"Work, Exercise/Movement",,,,,fast-forward,,"provides external structure, frees up working memory, externalizes tasks",,,Women,,,
Password Manager Apps,Security Simplification Tools,"Use **password manager apps to eliminate the cognitive load** of remembering multiple passwords. Having secure, automatic login reduces friction and prevents account lockouts.","You constantly get locked out of accounts because you can't remember passwords, which interrupts your workflow. You set up a password manager that generates and stores secure passwords automatically. Now you can access accounts seamlessly without memory stress.",Include security benefits and setup strategies,When password management creates workflow interruptions,Working Memory Failures,Overstimulated,Forgetful,Ashamed,"Starting something hard, Staying focused",Avoidant,Forgetful,Poor Time Estimation,Forgetful,$$,Gamification,Technology solutions,Interactive,"Work, Rest",,,,,watch,,"frees up working memory, minimizes friction",,,,,,
Pep Talk Playlist,Motivational Video Collection,Keep a small collection of **short motivational videos** that actually help you when you're stuck. Watch just one at a time to avoid turning it into another distraction.,"You've been avoiding an important project for days and feel completely unmotivated. You open your saved ""Pep Talk"" playlist and watch one 3-minute motivational video. The energy boost is just enough to help you open the document and write the first paragraph.",Limit to videos under 5 minutes to prevent rabbit holes,When you need a quick motivation boost,Low Motivation,Low Energy,Drained,Stuck,"Starting something hard, Staying focused",Depressed / Hopeless,Poor Time Estimation,Can't Start,Discouraged,Free,Gamification,The Anti-Planner by Dani Donovan,Visual,"Emotional Regulation, Time Planning",,,,,list,,"activates dopamine, breaks down complexity, externalizes tasks, starts small",,,,,,
Permission Slips,Self-Authorization System,"Write yourself **literal permission slips for things you struggle with guilt about**: ""Permission to rest when tired,"" ""Permission to order takeout instead of cooking,"" ""Permission to say no to social events."" Having it in writing makes it feel more official.",You feel guilty about ordering pizza instead of cooking a healthy meal after a long day. You remember your permission slip that says 'Permission to choose convenience over perfection when exhausted.' Reading it reminds you that taking care of your basic needs is more important than being perfect.,Include common permission slip examples and guilt-reduction techniques,When guilt is preventing self-care or practical choices,Masking & Shame,Shutdown,Ashamed,Guilty,"Being kinder to myself, Meal planning or prep",Spiraling,Poor Time Estimation,Sleep Issues,Overthinking,Free,Checklist,The Anti-Planner by Dani Donovan,Visual,"Meal Prep, Recovery",,,,,target,,"provides external structure, externalizes tasks, reduces shame",,,,,,
Personal Burnout Radar,Early Warning System,"Create a **personalized list of your unique burnout warning signs** (irritability, forgetting to eat, avoiding texts). By spotting these early signals, you can take a strategic pause before hitting complete exhaustion.","When you notice you've skipped lunch three days in a row, haven't returned any texts, and feel irritated by small noises (your personal warning signs), you know it's time to implement your 'burnout prevention plan.' This might mean canceling one commitment this weekend, scheduling a proper meal, or taking a mental health afternoon.",Include common burnout signs checklist and prevention action plans,When you want to prevent burnout before it hits,Overstimulation,Burnout,Burned out,Defeated,"Recovering from a crash, Finishing what I start",Overcommitted,Sensory Overload,Frozen/Shut Down,Discouraged,Free,Checklist,The Anti-Planner by Dani Donovan,Gamified,"Rest, Recovery",,,,,list,,"provides external structure, frees up working memory, externalizes tasks",,,,,,
Phone a Friend,Social Support System,"When you're stuck or overwhelmed, **call someone who understands your ADHD challenges** for a quick pep talk, reality check, or just to vent. Sometimes an outside perspective can unstick you when you're spinning your wheels.","You've been staring at a work project for an hour feeling completely blocked. Instead of continuing to struggle alone, you call your ADHD-aware friend and explain the situation. They help you break it into smaller steps and remind you that you've handled similar challenges before. After 10 minutes, you feel ready to try again.",Include conversation starters and how to build an ADHD support network,When you need external perspective or emotional support,Task Initiation,Shutdown,Stuck,Overwhelmed,"Starting something hard, Staying focused",Can't Start,Depressed / Hopeless,Anxious,Frozen,Free,Quick Fix,The Anti-Planner by Dani Donovan,Gamified,"Errands, Time Planning",,,,,phone,,"gamifies action, reduces decision fatigue, provides external structure, creates accountability",,,,,,
Physical Movement Reset,Body-Based Reset Strategy,"When your brain feels stuck or foggy, **get your body moving for 2-10 minutes**: jumping jacks, walking around the block, dancing to one song, or stretching. Physical movement can reset your mental state and improve focus.","You've been trying to concentrate on a task for 30 minutes but your brain feels like mush. Instead of pushing through, you stand up and do 20 jumping jacks, then walk around your house for 3 minutes. When you sit back down, your mind feels clearer and you can actually focus on the work.",Include movement options for different energy levels and spaces,When mental fog or stuckness needs a physical reset,Inertia,Low Energy,Drained,Stuck,"Starting something hard, Staying focused",Depressed / Hopeless,Can't Start,Frozen/Shut Down,Discouraged,Free,Environmental Hack,"ADHD research, The Anti-Planner by Dani Donovan",Embodied,"Exercise/Movement, Emails",,,,,bolt,,frees up working memory,,,,,,
Playlist for Every Mood,Curated Music Collection,"Create **specific playlists for different emotional states and tasks**: energizing music for cleaning, calming sounds for anxiety, focus music for work. Having the right soundtrack ready can shift your mood and energy quickly.","You're feeling sluggish and unmotivated to clean your kitchen. Instead of forcing yourself, you put on your 'Cleaning Energy' playlist with upbeat songs that make you want to move. The music shifts your energy, and suddenly you're dancing while doing dishes instead of dragging through the task.",Include playlist suggestions for different moods and activities,When you need mood regulation through music,Low Motivation,Low Energy,Drained,Stuck,"Cleaning up, Resetting my space",Depressed / Hopeless,Poor Time Estimation,Can't Start,Discouraged,Free,Playlist,The Anti-Planner by Dani Donovan,Auditory,"Emotional Regulation, Cleaning",,,,,list,,"activates dopamine, externalizes tasks",,,,,,Recently Moved
Pomodoro Technique,Time-Boxed Focus Method,"Work in **25-minute focused bursts followed by 5-minute breaks**. The timer creates urgency and the breaks prevent burnout. After 4 cycles, take a longer 15-30 minute break. The structure helps ADHD brains stay engaged.","You need to write a report but keep getting distracted. You set a timer for 25 minutes and commit to working only on the report until it rings. Knowing you only have to focus for 25 minutes makes it feel manageable, and the ticking timer creates just enough pressure to keep you on track.",Include timer app recommendations and break activity suggestions,When you need structured focus time with built-in breaks,Working Memory Failures,Scattered,Scattered,Overwhelmed,"Starting something hard, Staying focused",Can't Focus,Forgetful,Poor Time Estimation,Shame,Free,Checklist,Francesco Cirillo,Interactive,"Emails, Meal Prep",,,,,timer,,"gamifies action, provides external structure, frees up working memory",https://www.additudemag.com/pomodoro-technique-adhd-time-management/ - Pomodoro Technique adapted for ADHD,,,,,
Procrastination Surfing,Productive Procrastination,"When you're procrastinating on one task, **redirect that energy toward a different productive task** instead of fighting it. Sometimes your brain just isn't ready for Task A, but it might be perfect for Task B.","You're supposed to be writing a report but keep avoiding it. Instead of forcing yourself or feeling guilty, you notice you have energy for organizing your desk. You spend 20 minutes decluttering your workspace, which makes you feel accomplished and might even help you focus better when you return to the report.",Include task-switching strategies and energy-matching techniques,When procrastination energy can be redirected productively,Task Initiation,Inconsistent Energy,Anxious,Ashamed,"Starting something hard, Staying focused",Can't Start,Depressed / Hopeless,Poor Time Estimation,Avoidant,Free,Gamification,The Anti-Planner by Dani Donovan,Sensory,"Rest, Time Planning",,,,,lightbulb,,"activates dopamine, frees up working memory, reduces shame",,,,,,
Progress Photos,Visual Motivation,"**Take photos to document progress** on projects, organization efforts, or personal goals. Visual evidence of improvement provides motivation and helps counter the feeling that you're not making progress.","You're slowly organizing your home office but feel like you're not making any progress. You start taking weekly photos of your desk area. Looking back at the photos shows clear improvement over time, which motivates you to keep going.",Include photo documentation strategies and progress celebration ideas,When progress feels invisible or insufficient,Masking & Shame,Crash Recovery,Hopeless,Defeated,"Finding motivation, Being kinder to myself",Spiraling,Depressed / Hopeless,Poor Time Estimation,Discouraged,Free,Checklist,Motivation psychology,Auditory,"Self-Compassion, Emotional Regulation",,,,,camera,,"activates dopamine, builds momentum",,Working Professional,,Work From Home,,
Protein-Rich Breakfast,Stable Energy Foundation,"**Eat a protein-rich breakfast** to provide stable energy and support neurotransmitter production. Protein helps maintain steady blood sugar, which can improve focus and mood regulation.",You often feel shaky and unfocused by mid-morning after eating sugary cereal. You switch to eggs and toast or Greek yogurt with nuts for breakfast. The protein provides steady energy and you notice better focus throughout the morning.,Include quick protein breakfast ideas and meal prep strategies,When morning energy crashes affect focus,Working Memory Failures,Shutdown,Forgetful,Stuck,"Catching up on life tasks, Starting something hard",Can't Start,Forgetful,Can't Focus,Forgetful,$,Quick Fix,Nutrition for ADHD,Sensory,"Emotional Regulation, Meal Prep",,,,,layout,,"activates dopamine, creates accountability",,,,,,
Prove-Me-Wrong Task Board,Reverse Psychology Board,Create a **challenge board with tasks framed as bets against yourself**: 'Bet you can't clean the bathroom today' or 'Bet you can't make those three calls.' Your brain naturally wants to prove the negative statement wrong.,"When you're facing tasks you've been avoiding, create a simple board with statements like 'Bet you can't reply to those 3 emails before lunch' or 'Bet you can't organize your desk for 10 minutes.' Your brain will want to prove these statements wrong, turning avoidance into 'I'll show you I can!'",Provide template boards and example challenge statements,When reverse psychology might motivate you,Task Initiation,Wired but Tired,Anxious,Ashamed,"Cleaning up, Resetting my space",Can't Start,Depressed / Hopeless,Poor Time Estimation,Avoidant,Free,Gamification,The Anti-Planner by Dani Donovan,Gamified,"Cleaning, Rest",,,,,check-square,,"gamifies action, frees up working memory",https://blog.trello.com/adhd-productivity-tips - Trello boards for ADHD productivity,,,,,
Quick Capture System,Thought Collection Method,"Have a **single, always-accessible place to capture thoughts, ideas, and reminders** (phone notes app, small notebook, voice recorder). The key is having ONE consistent place so you always know where to look later.","You're in the middle of cooking dinner when you remember you need to schedule a dentist appointment. Instead of trying to remember it later (and probably forgetting), you quickly open your phone's notes app and type 'dentist appt.' Now you can focus on cooking without worrying about losing the thought.",Include capture method comparisons and review system suggestions,When important thoughts pop up at inconvenient times,Working Memory Failures,Wired but Tired,Forgetful,Ashamed,"Starting something hard, Staying focused",Avoidant,Forgetful,Poor Time Estimation,Forgetful,Free,Checklist,"Getting Things Done, The Anti-Planner by Dani Donovan",Social,"Work, Time Planning",,,,,rocket,,"provides external structure, breaks down complexity, externalizes tasks, starts small",https://gettingthingsdone.com/five-steps/ - David Allen's Getting Things Done methodology,,,,,
Quiet Quitting Your To-Do List,Priority Simplification,"**Deliberately eliminate or ignore non-essential tasks** that are draining your energy without guilt. Focus only on what truly matters and let the rest go, even if it feels ""wrong"" to not do everything.","You realize you've been spending hours each week on tasks that don't actually matter - like perfectly organizing your email folders or color-coding your calendar. You decide to 'quiet quit' these perfectionist tasks and redirect that energy toward things that actually impact your life, like meal planning or exercise.",Include task evaluation criteria and permission-giving frameworks,When perfectionism is wasting energy on unimportant tasks,Perfectionism,Burnout,Anxious,Stuck,"Planning my time, Managing my schedule",Poor Time Estimation,Can't Decide,Frozen/Shut Down,Perfectionist,Free,Gamification,The Anti-Planner by Dani Donovan,Visual,"Planning, Time Planning",,,,,list,,"activates dopamine, externalizes tasks, reduces shame",,,,,,
Radical Acceptance,Emotional Processing Technique,"Practice **accepting difficult emotions without trying to fix or change them immediately**. Sometimes saying 'I notice I'm feeling overwhelmed right now, and that's okay' can reduce the secondary stress of fighting the feeling.","You're feeling anxious about a presentation tomorrow and notice you're getting more stressed about being stressed. Instead of fighting it, you pause and think: 'I'm feeling anxious about tomorrow's presentation. This is a normal response to something important. I don't have to fix this feeling right now.' The acceptance reduces the spiral.",Include acceptance phrases and mindfulness techniques for different emotions,When fighting emotions is making them worse,Emotional Dysregulation,Overstimulated,Overstimulated,Overwhelmed,"Calming down, Being kinder to myself",Anxious,Frozen/Shut Down,Depressed / Hopeless,Spiraling,Free,Quick Fix,"Mindfulness practices, The Anti-Planner by Dani Donovan",Interactive,"Emotional Regulation, Self-Compassion",,,,,refresh-cw,,"reduces decision fatigue, meets you where you are",,,,,,
Random Reward Generator,Motivation Surprise System,Create a **list of small rewards and use a random generator to pick one** after completing tasks. The element of surprise makes rewards more exciting and can boost motivation for boring tasks.,"You finish organizing your desk drawer (a task you've been avoiding) and spin your reward wheel app. It lands on '20 minutes of guilt-free phone scrolling.' The surprise element makes the reward feel more special than if you'd just planned it, and you look forward to seeing what you'll get next time.",Include reward categories and generator setup instructions,When predictable rewards lose their motivational power,Low Motivation,Low Energy,Drained,Stuck,"Starting something hard, Staying focused",Can't Finish,Depressed / Hopeless,Can't Start,Disorganized,Free,Checklist,The Anti-Planner by Dani Donovan,Sensory,"Decision Making, Meal Prep",,,,,gift,,"provides instant rewards, activates dopamine, provides external structure, breaks down complexity, externalizes tasks",,,,,,
Randomizer Apps,Decision-Making Tools,"Use **apps or websites that make random choices for you** when decision fatigue hits. Whether it's what to eat, which task to do next, or what show to watch, sometimes letting technology decide removes the mental burden.","You're staring at your to-do list with 8 tasks and can't decide which to tackle first. You open a randomizer app, input all 8 tasks, and let it choose: 'Organize email inbox.' The random selection bypasses your decision paralysis and gets you moving immediately.",Include app recommendations and decision category suggestions,When decision fatigue is blocking action,Decision Fatigue,Shutdown,Stuck,Overwhelmed,"Starting something hard, Staying focused",Can't Start,Frozen/Shut Down,Can't Decide,Frozen,Free,Gamification,Various apps,Interactive,"Decision Making, Rest",,,,,graduation-cap,,"reduces decision fatigue, frees up working memory",,,,,,
Reduce Friction,Task Simplification Strategy,"**Remove as many steps as possible** between you and the task you want to do. Keep workout clothes visible, pre-portion snacks, or set up your workspace the night before. The fewer barriers, the more likely you'll follow through.","You want to exercise more but keep skipping workouts because finding clothes and setting up equipment feels like too much work. You lay out your workout clothes the night before and keep your yoga mat permanently unrolled in the living room. Now when you feel motivated, you can start immediately without any setup barriers.",Include friction analysis worksheets and setup suggestions for common goals,When too many steps are preventing task completion,Task Initiation,Low Energy,Drained,Stuck,"Starting something hard, Staying focused",Can't Start,Depressed / Hopeless,Poor Time Estimation,Avoidant,Free,Environmental Hack,The Anti-Planner by Dani Donovan,Gamified,"Exercise/Movement, Work",,,,,grid,,"breaks down complexity, minimizes friction",,,,,,
Regular Exercise,Symptom Management Tool,"**Engage in regular physical activity** to help manage ADHD symptoms naturally. Exercise increases dopamine and norepinephrine, which can improve focus, mood, and impulse control.",You notice your ADHD symptoms are worse on days when you don't move your body. You start taking a 20-minute walk every morning and notice you feel more focused and calm throughout the day. Regular movement becomes part of your ADHD management strategy.,Include exercise types that work well for ADHD and scheduling strategies,When ADHD symptoms need natural management support,Working Memory Failures,Low Energy,Drained,Stuck,"Starting something hard, Staying focused",Depressed / Hopeless,Forgetful,Can't Focus,Shame,Free,Environmental Hack,ADHD research,Interactive,"Exercise/Movement, Work",,,,,activity,,activates dopamine,,,,,,Recently Moved
Rejection Sensitivity Dysphoria (RSD) Toolkit,Emotional Regulation Strategies,"Develop **specific strategies for managing RSD episodes**: deep breathing, reality-checking thoughts, having a trusted person to call, or using grounding techniques. Having a plan ready helps when emotions feel overwhelming.","Your boss gives you minor feedback on a project and your brain immediately spirals to 'They hate my work, I'm going to get fired.' Instead of drowning in these feelings, you use your RSD toolkit: take 5 deep breaths, remind yourself that feedback isn't rejection, and text your friend who helps you reality-check these thoughts.",Include RSD recognition signs and multiple coping strategy options,When criticism or perceived rejection triggers intense emotions,Rejection Sensitivity,Inconsistent Energy,Ashamed,Guilty,"Calming down, Being kinder to myself",Anxious,Poor Time Estimation,Depressed / Hopeless,Rejection Sensitive,Free,Gamification,"ADHD research, The Anti-Planner by Dani Donovan",Visual,"Emotional Regulation, Self-Compassion",,,,,lightning,,"reduces decision fatigue, creates accountability",,,,,,
Rescue Time,Digital Activity Tracking,"Use **automatic time-tracking software to see where your time actually goes** on devices. This awareness helps identify time drains and patterns without judgment, just data to make informed decisions about digital habits.","You feel like you're always busy but never accomplish much. After a week of automatic tracking, you discover you spend 3 hours daily on social media without realizing it. This isn't about shame - it's just information that helps you understand why you feel scattered and can make conscious choices about your time.",Include privacy considerations and data interpretation guides,When you want to understand your actual time usage,Time Blindness,Wired but Tired,Scattered,Overwhelmed,"Starting something hard, Staying focused",Poor Time Estimation,Forgetful,Can't Focus,Time Blind,$,Gamification,RescueTime app,Visual,"Exercise/Movement, Rest",,,,,compass,,"reduces decision fatigue, reduces shame",,,,,,
Reverse Pomodoro,Break-First Productivity,"Start with a **planned break or fun activity BEFORE working**, rather than earning it after. Sometimes giving yourself permission to relax first actually makes it easier to transition into work mode afterward.","You've been avoiding starting a report all morning and feel guilty about it. Instead of forcing yourself to work, you decide to take a 20-minute walk first, telling yourself 'After this walk, I'll sit down and write for 25 minutes.' The walk clears your head and makes starting feel less overwhelming.",Include break activity suggestions and transition techniques,When traditional productivity methods feel too rigid,Task Initiation,Low Energy,Drained,Stuck,"Starting something hard, Staying focused",Can't Start,Depressed / Hopeless,Poor Time Estimation,Avoidant,Free,Checklist,The Anti-Planner by Dani Donovan,Sensory,"Rest, Work",,,,,timer,,starts small,https://www.additudemag.com/pomodoro-technique-adhd-time-management/ - Pomodoro Technique adapted for ADHD,,,,,
Reward Yourself for Doing Hard Things,Achievement Celebration System,"**Plan specific rewards for completing difficult or avoided tasks**, and actually follow through with giving yourself the reward. This creates positive associations with hard work and motivates future task completion.","You've been putting off calling your insurance company for weeks. You decide that after making the call, you'll treat yourself to that expensive coffee you've been wanting and 30 minutes of guilt-free video game time. Knowing the reward is waiting makes picking up the phone feel worth it.",Include reward ideas for different budgets and task difficulty levels,When you need motivation to tackle difficult tasks,Low Motivation,Low Energy,Drained,Stuck,"Starting something hard, Staying focused",Can't Start,Depressed / Hopeless,Poor Time Estimation,Avoidant,$,Gamification,The Anti-Planner by Dani Donovan,Gamified,"Decision Making, Exercise/Movement",,,,,gift,,"provides instant rewards, provides external structure, builds confidence",,,,,,
Roadblock Detective,Problem Detective Method,"When you're staring at a task but can't start, **play detective with your own brain**. Ask yourself: ""What EXACTLY is stopping me right now?"" Missing info? Unclear steps? Secret fear? Write it down super specifically to identify the real block.","You've been avoiding an important email for three days. Instead of beating yourself up, you grab a sticky note and write: ""I can't start this email because I'm not sure how to phrase the budget request without sounding demanding."" Aha! Now you see the specific block and can ask a colleague for advice.","Create a ""detective questions"" template to guide the investigation",When you're stuck and don't know why,Task Initiation,Shutdown,Stuck,Overwhelmed,"Starting something hard, Staying focused",Can't Start,Depressed / Hopeless,Anxious,Frozen,Free,Quick Fix,The Anti-Planner by Dani Donovan,Visual,"Exercise/Movement, Emotional Regulation",,,,,book,,"breaks down complexity, frees up working memory, externalizes tasks",,Working Professional,,,,
Rotation Cleaning,Zone-Based Cleaning System,"Instead of trying to clean everything at once, **assign each day of the week a different area or type of cleaning** (Monday: kitchen, Tuesday: bathroom, etc.). This makes cleaning feel manageable and ensures everything gets attention regularly.","You feel overwhelmed by keeping your whole house clean. You create a simple rotation: Monday is kitchen day (just wipe counters and load dishwasher), Tuesday is bathroom day (quick toilet and sink wipe), Wednesday is living room day (tidy surfaces). Each day requires only 10-15 minutes, but your whole house stays reasonably clean.",Include rotation schedules for different home sizes and cleaning preferences,When house cleaning feels overwhelming,Task Initiation,Low Energy,Drained,Stuck,"Cleaning up, Resetting my space",Disorganized,Can't Start,Frozen/Shut Down,Disorganized,Free,Playlist,The Anti-Planner by Dani Donovan,Auditory,"Cleaning, Rest",,,,,folder,,provides external structure,,,,,,
Rubber Duck Debugging,Problem-Solving Conversation,"**Explain your problem out loud to an inanimate object** (rubber duck, stuffed animal, plant). The act of verbalizing often helps you work through the issue and discover solutions you couldn't see when just thinking silently.","You're stuck on a work project and can't figure out the next step. You grab your desk plant and start explaining: 'So the issue is that the client wants the report to include sales data, but our system only tracks...' As you talk through it, you suddenly realize you can pull the data from a different source you hadn't considered.","Include conversation starter prompts and different ""listener"" options",When you're stuck and need to think through problems,Working Memory Failures,Shutdown,Stuck,Overwhelmed,"Starting something hard, Staying focused",Can't Start,Forgetful,Depressed / Hopeless,Frozen,Free,Gamification,"Programming practice, The Anti-Planner by Dani Donovan",Visual,"Work, Planning",,,,,zap,,starts small,,,,,,
Rule of Two/Never Leave a Room Empty Handed,Continuous Tidying System,"Follow the **""Rule of Two"": whenever you get up or move rooms, take at least two items** with you that belong elsewhere or need to be put away. This habit slowly reduces overall mess without dedicated cleaning sessions.","You're getting up from the couch to go to the kitchen. Instead of walking empty-handed, you grab the coffee mug and magazine from the coffee table to take with you. In the kitchen, you put the mug in the dishwasher and the magazine in the recycling bin. These tiny actions throughout the day keep your space tidier without feeling like ""cleaning.""",Include room-to-room item suggestions and habit-building tips,When you want to maintain tidiness without formal cleaning sessions,Task Initiation,Scattered,Scattered,Stuck,"Cleaning up, Resetting my space",Disorganized,Can't Start,Frozen/Shut Down,Disorganized,Free,Checklist,"Restaurant Experience, The Anti-Planner by Dani Donovan",Auditory,"Cleaning, Rest",,,,,sunrise,,provides external structure,,,,,,Recently Moved
Scheduled Guilt-Free Breaks,Intentional Rest Breaks,"Your brain needs downtime before it crashes! **Schedule short breaks like important meetings**. When you rest on purpose instead of waiting until you're fried, you actually get more done.","You've been working on a project for 2 hours straight and notice your focus slipping. Instead of pushing through, you set a timer for 15 minutes, step outside for fresh air, and return genuinely refreshed. The break feels good because it's planned, not a failure.",Include break activity suggestions and optimal timing guidelines,When you need permission to rest,Overstimulation,Burnout,Burned out,Defeated,"Starting something hard, Staying focused",Can't Focus,Sensory Overload,Frozen/Shut Down,Frozen,Free,Gamification,The Anti-Planner by Dani Donovan,Sensory,"Rest, Time Planning",,,,,calendar,,"frees up working memory, reduces shame",,,,,,
Seeing the Real You,Self-Perception Exercise,"Write a **compassionate description of yourself as if you were an outside observer or friend**. When negative self-talk flares up, read this description to ""see"" the real you beyond ADHD challenges and recognize your strengths.","You write: 'This person is creative, caring, and works really hard even when things are difficult. They're dealing with a brain that works differently, but they keep trying and have accomplished many things. They deserve the same kindness they show others.' When you're feeling down about yourself, you read this reminder of who you really are.",Include prompts for identifying strengths and writing compassionate self-descriptions,When negative self-perception is overwhelming your identity,Masking & Shame,Scattered,Ashamed,Guilty,"Finding motivation, Being kinder to myself",Spiraling,Depressed / Hopeless,Poor Time Estimation,Overthinking,Free,Gamification,The Anti-Planner by Dani Donovan,Gamified,"Errands, Social/Relationships",,,,,notebook,,"gamifies action, externalizes tasks",,,,,,
Self-Care Checklist,Basic Needs Tracker,"Maintain a **basic self-care checklist for daily use**, including things like taking medication, drinking water, eating meals, showering, and getting outside. Checking these off reminds you that taking care of basic needs is an achievement.","You're having a rough day and feel like you haven't accomplished anything. You look at your self-care checklist and see you've checked off: took meds, drank 3 glasses of water, ate breakfast and lunch, showered, and went for a 10-minute walk. Suddenly you realize you've actually taken good care of yourself, which IS an accomplishment.",Include customizable checklists for different life situations and needs,When you need reminders to take care of basic needs,Low Motivation,Low Energy,Drained,Stuck,"Finding motivation, Being kinder to myself",Spiraling,Depressed / Hopeless,Frozen/Shut Down,Spiraling,Free,Checklist,The Anti-Planner by Dani Donovan,Gamified,"Meal Prep, Health/Medical",,,,,hand,,"provides instant rewards, provides external structure, externalizes tasks, builds confidence, creates accountability",,,,,,
Self-Compassion Pep Talk (How You'd Talk to a Friend vs Yourself),Friend Perspective Technique,"When you're berating yourself internally, **pause and imagine a close friend came to you with the same problem**. What would you say to comfort and encourage them? Then literally say or write that to yourself.","You're beating yourself up for making a mistake at work, thinking 'I'm so stupid, I always mess things up.' You pause and ask: 'What would I tell my best friend if they made this mistake?' You realize you'd say 'Everyone makes mistakes, you're learning, and one error doesn't define your abilities.' You then say those same kind words to yourself.",Include common self-criticism scenarios and friend-response examples,When self-criticism is harsh and unhelpful,Masking & Shame,Shutdown,Ashamed,Guilty,"Being kinder to myself, Asking for help",Spiraling,Poor Time Estimation,Avoiding Routine,Overthinking,Free,Gamification,The Anti-Planner by Dani Donovan,Visual,"Social/Relationships, Self-Compassion",,,,,user-plus,,externalizes tasks,,,,,,
Self-Compassion Practice,Emotional Regulation Strategy,"**Treat yourself with the same kindness you'd show a good friend** when you make mistakes or struggle. Self-criticism often makes ADHD symptoms worse, while self-compassion supports healing and growth.","You forgot an important deadline and are spiraling into self-criticism: 'I'm so stupid, I always mess up.' You pause and ask 'What would I say to a friend in this situation?' You respond with kindness: 'This was a mistake, not a character flaw. Let me figure out how to handle it and prevent it next time.'",Include self-compassion exercises and inner dialogue reframing,When self-criticism is making struggles worse,Masking & Shame,Overstimulated,Ashamed,Guilty,"Being kinder to myself, Asking for help",Spiraling,Avoiding Routine,Poor Time Estimation,Spiraling,Free,Gamification,Self-compassion research,Sensory,"Self-Compassion, Recovery",,,,,flag,,"reduces shame, creates accountability",,Working Professional,,,,
Self-Forgiveness Reset,Compassionate Reset Ritual,"When ADHD traits cause a slip-up, **consciously practice self-forgiveness** by literally saying ""I'm human and I forgive myself for this."" This breaks the shame spiral that keeps you stuck, allowing you to move forward.","You missed an important deadline yesterday and have been avoiding your email all morning. Instead of continuing to hide, pause and say out loud: ""I'm human and I forgive myself for missing this deadline. My ADHD made this harder, but beating myself up won't fix it."" Then immediately write a brief email acknowledging the missed deadline.",Include self-forgiveness scripts for common ADHD challenges,When shame is paralyzing you after a mistake,Masking & Shame,Restless,Ashamed,Guilty,"Starting something hard, Being kinder to myself",Spiraling,Poor Time Estimation,Can't Start,Overthinking,Free,Gamification,The Anti-Planner by Dani Donovan,Sensory,"Self-Compassion, Social/Relationships",,,,,sunrise,,"gamifies action, reduces shame, builds momentum",,Working Professional,,,,Recently Moved
Semi-Related Environment,Context Pairing Strategy,"Pair a boring task with a **setting or context that makes it more tolerable by association**. For example, do paperwork at a coffee shop (associating it with a pleasant outing) or fold laundry while watching a favorite show.","You hate doing your monthly budget because it feels tedious and stressful. You decide to only do budget work at your favorite coffee shop with a special drink. Now budgeting becomes associated with the cozy atmosphere and treat, making it something you actually look forward to rather than dread.",Include pairing suggestions for common dreaded tasks and different environments,When tasks feel unpleasant and you need positive associations,Low Motivation,Low Energy,Drained,Stuck,"Starting something hard, Staying focused",Can't Start,Depressed / Hopeless,Avoiding Routine,Avoidant,$,Gamification,The Anti-Planner by Dani Donovan,Interactive,"Work, Exercise/Movement",,,,,settings,,starts small,,,,,,
Sensory Breaks,Regulation Support,"**Take regular sensory breaks** to prevent overwhelm - step outside, listen to calming music, use a weighted blanket, or find a quiet space. Proactive sensory management prevents meltdowns.",You notice you get increasingly agitated throughout the workday in your noisy office. You start taking 5-minute sensory breaks every 2 hours - stepping outside for fresh air or listening to calming music with headphones. The regular breaks prevent sensory overwhelm.,Include sensory break ideas for different environments,When sensory input becomes overwhelming,Overstimulation,Overstimulated,Overstimulated,Overwhelmed,"Calming down, Recovering from a crash",Anxious,Sensory Overload,Frozen/Shut Down,Time Blind,Free,Checklist,Sensory processing strategies,Auditory,"Recovery, Cleaning",,,,,lightning,,"reduces decision fatigue, breaks down complexity, externalizes tasks, creates accountability",,Working Professional,,,,
Set Realistic Expectations at Work,Workplace Boundary Management,"Adjust and **communicate your expectations about what you can take on**. Instead of promising to ""have it all done tomorrow"" in a burst of optimism, under-promise and over-deliver. Set realistic deadlines with buffer time built in.","Your boss asks when you can finish a report. Your ADHD brain wants to say 'tomorrow' to please them, but you pause and think realistically: 'I need time for research, writing, and revisions, plus I have other commitments.' You say 'I can have it to you by Thursday afternoon' instead of promising Tuesday and then stressing when you can't deliver.",Include communication scripts and deadline calculation methods,When work expectations are consistently unrealistic,Executive Dysfunction,Burnout,Frustrated,Defeated,"Starting something hard, Staying focused",Poor Time Estimation,Can't Finish,Anxious,Perfectionist,Free,Checklist,The Anti-Planner by Dani Donovan,Visual,"Time Planning, Emotional Regulation",,,,,watch,,externalizes tasks,,,,,,
Setting Goals That Don't Suck,ADHD-Friendly Goal Framework,"Make goals that are **S.M.A.R.T. and ADHD-friendly** (account for interest, have built-in rewards, etc.). A goal ""that doesn't suck"" should be meaningful to you (not just what you think you ""should"" do) and broken down enough that you're not intimidated to start.","Instead of setting a vague goal like 'get organized,' you create: 'Organize my desk drawer by Friday by spending 15 minutes each day sorting one section, with a coffee shop treat as reward when finished.' This goal is specific, time-bound, broken into small steps, and has a reward you actually want.",Include goal-setting templates and ADHD-specific considerations,When you want to set goals that you'll actually achieve,Executive Dysfunction,Low Energy,Frustrated,Defeated,"Planning my time, Managing my schedule",Poor Time Estimation,Can't Finish,Depressed / Hopeless,Discouraged,Free,Checklist,The Anti-Planner by Dani Donovan,Auditory,"Planning, Time Planning",,,,,target,,"provides instant rewards, provides external structure",,,,,,
Shower Toothbrush,Habit Bundling Hack,"Keep a **toothbrush and toothpaste in the shower**. If you forget or procrastinate on brushing teeth, you'll see it during your shower routine and can brush while you're in there. It bundles a daily task with an existing habit.","You can keep a small plastic basket with your toothbrush and toothpaste suction-cupped to your shower wall. When you're already in the shower with warm water running, it feels so much easier to just grab the brush and get it done while you're standing there anyway.",Include other habit bundling examples and waterproof storage solutions,When you consistently forget daily hygiene tasks,Working Memory Failures,Restless,Forgetful,Ashamed,"Planning my time, Managing my schedule",Avoidant,Forgetful,Avoiding Routine,Forgetful,$,Routine,Reddit /r/ADHDWomen,Visual,"Planning, Time Planning",,,,,sliders,,"provides external structure, frees up working memory",,,,,,
Shutting Up the Scumbag Brain,Negative Voice Management,"Give the **negative voice in your head a nickname** (like ""Scumbag Brain"") and treat it like a heckler whose job is to discourage you. When it starts saying you're a failure, actively tell it to pipe down because you're going to prove it wrong.","Your inner voice starts saying 'You're never going to finish this project, you always give up.' Instead of believing it, you think 'There goes Scumbag Brain again, trying to sabotage me. Nice try, but I'm going to prove you wrong by working on this for just 10 minutes.' Externalizing the voice makes it easier to push back.",Include naming strategies and comeback phrases for common negative thoughts,When negative self-talk is sabotaging your efforts,Emotional Dysregulation,Low Energy,Ashamed,Guilty,"Calming down, Being kinder to myself",Spiraling,Anxious,Poor Time Estimation,Spiraling,Free,Gamification,The Anti-Planner by Dani Donovan,Interactive,"Emotional Regulation, Decision Making",,,,,mic,,frees up working memory,,,,,,
Sleep Tracking Apps,Rest Optimization Tools,Use **sleep tracking apps to understand your sleep patterns** and identify factors that affect your rest quality. Better sleep often improves ADHD symptoms significantly.,You feel tired all the time but don't know why. You start using a sleep tracking app that shows your sleep stages and identifies patterns. You discover you're not getting enough deep sleep and can adjust your bedtime routine accordingly.,Include sleep hygiene tips and pattern recognition strategies,When sleep quality needs monitoring and improvement,Executive Dysfunction,Shutdown,Stuck,Overwhelmed,"Starting something hard, Finishing what I start",Can't Start,Can't Finish,Frozen/Shut Down,Frozen,$,Checklist,Health technology,Gamified,"Rest, Recovery",,,,,moon,,starts small,,Parent,,,,
Small Wins Trophy Shelf,Achievement Display System,"Designate a **spot (physical shelf or digital journal) where you collect symbols of small victories** - sticky notes of finished tasks, marbles in a jar for each workout completed, etc. Seeing visual accumulation of small wins gives dopamine hits and motivation boosts.","You've been struggling to build a workout habit. You place a clear jar on your kitchen counter and add one marble every time you exercise, even if it's just 10 minutes. After two weeks, seeing the growing collection of marbles makes you feel proud of your consistency and motivates you to keep going.",Include different trophy ideas for various goals and achievement tracking methods,When you need visual proof of progress,Low Motivation,Low Energy,Drained,Stuck,"Starting something hard, Staying focused",Depressed / Hopeless,Poor Time Estimation,Can't Focus,Discouraged,$,Environmental Hack,The Anti-Planner by Dani Donovan,Visual,"Exercise/Movement, Work",,,,,grid,,"gamifies action, provides instant rewards, activates dopamine, provides external structure, breaks down complexity",https://www.additudemag.com/adhd-dopamine-menu-activities/ - Creating a dopamine menu for ADHD,,,,,
Speed Run - countdown timer,Task Racing Game,Pretend you're **speed-running a game level when doing chores or tasks**: set a short countdown timer (5-10 minutes) and see how much you can get done before time runs out. This injects urgency and adrenaline into mundane tasks.,"You need to tidy your living room but feel no motivation. You set a 10-minute timer and pretend you're in a speed-running competition: 'How much can I clean before this timer goes off?' You race around putting things away, and the urgency makes it feel like a game instead of a chore.",Include optimal timer lengths for different tasks and scoring systems,When routine tasks feel boring and you need energy,Low Motivation,Low Energy,Drained,Stuck,"Cleaning up, Resetting my space",Can't Start,Depressed / Hopeless,Avoiding Routine,Avoidant,Free,Gamification,The Anti-Planner by Dani Donovan,Gamified,"Cleaning, Reset",,,,,timer,,gamifies action,https://melrobbins.com/blog/the-5-second-rule/ - Official guide to Mel Robbins' 5 Second Rule technique,,,,,
Sprint Box,Random Task Selection,"Write **tasks or study topics on slips of paper and put them in a box**. When it's work time, draw one slip and focus on it for a short, intense sprint (15-20 minutes). Then take a break and optionally draw another.","You have 10 different work tasks and can't decide which to tackle. You write each on a slip of paper, put them in a box, and draw one: 'Update client database.' You set a timer for 20 minutes and focus only on that task. The randomness removes decision fatigue, and the time limit makes it feel manageable.",Include sprint timing suggestions and task categorization methods,When you have multiple tasks and can't choose where to start,Decision Paralysis,Shutdown,Stuck,Overwhelmed,"Starting something hard, Staying focused",Can't Start,Frozen/Shut Down,Can't Decide,Frozen,Free,Gamification,The Anti-Planner by Dani Donovan,Interactive,"School, Emails",,,,,dice,,externalizes tasks,,,,,,
Sticky Notes Everywhere,Ubiquitous Reminder System,"Place **sticky notes and pens strategically around your home** (and in your bag/car). Whenever a thought or reminder pops up, you can jot it down immediately wherever you are. These visual reminders in context help externalize memory.","You're in the kitchen making coffee when you remember you need to call your doctor. Instead of hoping you'll remember later, you grab the pen and sticky notes you keep by the coffee maker and write 'Call Dr. Smith' on a note, sticking it to your laptop where you'll see it when you sit down to work.",Include strategic placement guides and color-coding systems,When thoughts and reminders pop up at inconvenient times,Working Memory Failures,Overstimulated,Forgetful,Ashamed,"Starting something hard, Staying focused",Avoidant,Forgetful,Poor Time Estimation,Forgetful,$,Quick Fix,Reddit /r/ADHDWomen,Sensory,"Work, Meal Prep",,,,,coffee,,"provides external structure, frees up working memory, externalizes tasks",,,,,,
Stop Should-ing All Over Yourself,Language Reframing,"Catch yourself whenever you think or say **""I should do ___"" with guilt or pressure**. Replace ""should"" with either ""I will"" if it's a true priority, or let it go if it's not. This reframes tasks as choices rather than obligations.","You catch yourself thinking 'I should clean the garage this weekend' and feeling guilty about it. You pause and ask: 'Do I actually want or need to clean the garage right now?' You realize it's not urgent, so you reframe it: 'I could clean the garage someday when I feel like it, but I don't have to.' The guilt disappears.","Include common ""should"" statements and reframing alternatives","When ""should"" thoughts are creating guilt and pressure",Masking & Shame,Inconsistent Energy,Ashamed,Guilty,"Being kinder to myself, Staying focused",Spiraling,Poor Time Estimation,Can't Focus,Shame,Free,Gamification,"Look-Up Source, The Anti-Planner by Dani Donovan",Interactive,"Decision Making, Self-Compassion",,,,,eye,,reduces shame,,,,,,
Strategic Outsourcing,Energy Investment Strategy,"Strategically **pay for help with tasks that drain you most** - cleaning, laundry, yard work, or meal prep. Instead of feeling guilty, think of it as buying back time and mental energy for things your brain actually enjoys or excels at.","You realize you've been spending every Sunday dreading and avoiding the laundry pile, which ruins your weekend. You decide to use a wash-and-fold service twice a month ($30 each time) and discover that removing this one task dramatically improves your weekend mood and gives you energy for activities you actually enjoy.",Include cost-benefit calculators and service comparison guides,When certain tasks consistently drain your energy,Executive Dysfunction,Burnout,Burned out,Defeated,"Cleaning up, Resetting my space",Avoidant,Can't Finish,Frozen/Shut Down,Avoidant,$$,Gamification,ADDitude Magazine,Sensory,"Cleaning, Work",,,,,sunrise,,"activates dopamine, frees up working memory, reduces shame",,,,,,
Strategic Saying No,Boundary Protection,**Practice saying no to commitments that don't align with your priorities** or that would overwhelm your capacity. Protecting your time and energy is essential for ADHD management.,"You're constantly overcommitted and stressed because you say yes to everything. You start practicing strategic no's: 'That sounds interesting, but I'm not available that week.' Protecting your time allows you to do better work on your actual priorities.",Include saying no scripts and priority alignment strategies,When overcommitment is creating overwhelm,Executive Dysfunction,Overstimulated,Frustrated,Defeated,"Planning my time, Managing my schedule",Poor Time Estimation,Can't Finish,Frozen/Shut Down,Perfectionist,Free,Checklist,Boundary setting,Auditory,"Planning, Time Planning",,,,,graduation-cap,,"activates dopamine, reduces decision fatigue",,,,,,
Strategic Task Elimination,Permission to Quit,"Stop forcing yourself to do tasks that drain you. **Ask: ""Can I eliminate this completely?""** Buy no-iron clothes if you hate ironing. Send an email instead of attending a meeting. Your limited energy deserves to go toward what actually matters.","You've been dreading weekly meal prep because you hate chopping vegetables. Instead of forcing yourself and then avoiding it anyway, you give yourself permission to buy pre-chopped vegetables. Yes, they cost more, but the relief you feel and the fact that you actually cook healthy meals now makes it worth it.",Include cost-benefit analysis templates for common elimination decisions,When you're spending energy on things that don't matter,Executive Dysfunction,Burnout,Burned out,Defeated,"Finishing what I start, Meal planning or prep",Avoidant,Can't Finish,Frozen/Shut Down,Avoidant,$,Gamification,The Anti-Planner by Dani Donovan,Interactive,"Work, Grocery Shopping",,,,,check-square,,activates dopamine,,Working Professional,,,,
Stress Action Plan - Why? What? When? (Be Realistic),Crisis Management Framework,"Have a **written plan for times of high stress**: list why you're doing what you do (motivation), what you must focus on (top 2-3 priorities) and when you'll address lesser tasks. Include practical self-care steps.","You're dealing with a family crisis while trying to meet work deadlines. Instead of panicking, you pull out your stress action plan template and fill it out: 'Why: I need to keep my job to support my family. What: Finish client presentation and weekly report only. When: Everything else waits until next week. Self-care: 10-minute walks, order takeout, ask friend to check in.'",Include template frameworks and self-care menu options,When high stress is making everything feel impossible,Overstimulation,Burnout,Burned out,Defeated,"Starting something hard, Staying focused",Overcommitted,Sensory Overload,Frozen/Shut Down,Hyperfocused,Free,Checklist,The Anti-Planner by Dani Donovan,Visual,"Emotional Regulation, Planning",,,,,trash-2,,"activates dopamine, provides external structure, breaks down complexity, externalizes tasks",,,,,,
Suit Up Card Game,Task Selection Game,"Turn tasks into a **card game**. Write tasks on index cards, shuffle them, and draw a card to see what to do next. You can assign suits to categories (♥ for personal care, ♦ for chores, etc.) and give yourself points for each completed card.","You have 20 different tasks and feel paralyzed by choice. You write each task on an index card, shuffle the deck, and draw one card: 'Organize bathroom cabinet.' The random selection removes decision fatigue, and you can make it more fun by assigning point values (1 point for easy tasks, 3 points for hard ones) and trying to reach a daily score.","Include card templates, scoring systems, and category suggestions",When decision paralysis is preventing task selection,Decision Paralysis,Shutdown,Stuck,Overwhelmed,"Cleaning up, Resetting my space",Can't Start,Frozen/Shut Down,Can't Decide,Frozen,Free,Gamification,The Anti-Planner by Dani Donovan,Gamified,"Cleaning, Reset",,,,,gamepad,,"gamifies action, externalizes tasks",,,,,,
Sunlight Exposure,Natural Mood Regulation,"**Get natural sunlight exposure, especially in the morning**, to help regulate your circadian rhythm and improve mood. Even 10-15 minutes can make a difference in energy and focus.","You notice you feel sluggish and unfocused, especially in winter. You start taking a 10-minute walk outside every morning to get natural sunlight. The light exposure helps you feel more alert and improves your mood throughout the day.",Include timing recommendations and seasonal considerations,When mood and energy need natural regulation,Low Motivation,Low Energy,Drained,Stuck,"Starting something hard, Finding motivation",Can't Start,Depressed / Hopeless,Can't Focus,Discouraged,Free,Gamification,Sleep hygiene and wellness,Interactive,"Emotional Regulation, Emails",,,,,sliders,,activates dopamine,https://www.mayoclinic.org/tests-procedures/light-therapy/about/pac-20384604 - Mayo Clinic guide to light therapy,,,,,
Switch it Up - Change Environment,Environment Reset Strategy,"When you're really stuck or in a funk, **change something about your environment or routine** to jolt yourself out of it. Work from a different location, rearrange your desk, or even change your attire to signal a fresh start.","You've been staring at the same document for an hour making no progress. Instead of forcing it, you pack up your laptop and move to the kitchen table, put on a different playlist, and grab a different drink. The change of scenery and sensory input helps reset your brain, and suddenly you can think clearly again.",Include environment change ideas for different situations and spaces,When you're stuck and need a mental reset,Inertia,Shutdown,Stuck,Overwhelmed,"Starting something hard, Staying focused",Depressed / Hopeless,Can't Start,Frozen/Shut Down,Frozen,Free,Environmental Hack,The Anti-Planner by Dani Donovan,Social,"Reset, Meal Prep",,,,,grid,,provides external structure,,,,,,Recently Moved
Ta-Da List (Everything You've Already Done Today),Accomplishment Documentation,"Instead of just a to-do list, keep a **""ta-da"" list of things you have accomplished today** (even small things like ""got out of bed on time"" or ""answered three emails""). When you feel like you're not doing enough, looking at done items reminds you that you are making progress.","You're feeling unproductive and like you haven't accomplished anything today. Instead of beating yourself up, you grab a piece of paper and write down everything you've actually done: 'Made coffee, responded to 2 texts, took shower, fed the cat, paid electric bill, organized desk drawer.' Seeing the list reminds you that you've actually been quite productive.",Include prompts for different types of accomplishments and daily/weekly formats,When you feel unproductive despite doing things,Masking & Shame,Restless,Ashamed,Guilty,"Finding motivation, Being kinder to myself",Spiraling,Depressed / Hopeless,Poor Time Estimation,Overthinking,Free,Checklist,The Anti-Planner by Dani Donovan,Visual,"Emails, Social/Relationships",,,,,music,,"provides instant rewards, breaks down complexity, externalizes tasks, starts small, builds momentum",,,,,,
Task Avoidance BINGO,Avoidance Task Game,Create a **5x5 bingo card with small tasks** you've been avoiding. Mark them off as you complete them to aim for lines or a full card. The game format turns boring chores into a visual challenge with built-in dopamine rewards.,"You create a BINGO card with tasks like ""reply to 3 emails,"" ""take out trash,"" ""file 5 documents,"" ""make dentist appointment,"" etc. Each time you complete a task, you mark it off. Getting a line feels like winning, and suddenly you're motivated to complete more tasks to get another line.",Provide printable BINGO templates and task suggestion lists,When you have many small tasks you're avoiding,Task Initiation,Low Energy,Drained,Stuck,"Starting something hard, Staying focused",Avoidant,Can't Start,Depressed / Hopeless,Avoidant,Free,Gamification,The Anti-Planner by Dani Donovan,Gamified,"Meal Prep, Time Planning",,,,,grid,,"gamifies action, provides instant rewards, activates dopamine, breaks down complexity, starts small",,,,,,
Task Avoidance Bingo,Gamified Procrastination Buster,**Create a 5x5 bingo card with small tasks you've been avoiding.** Mark them off as you complete them to aim for lines or a full card. The game format turns boring chores into a visual challenge with built-in dopamine rewards for each completion.,"You've been putting off a bunch of small tasks: organizing your desk drawer, calling the dentist, washing your car, updating your resume, cleaning out your email inbox. You create a bingo card with these tasks and others you've been avoiding. Getting your first line feels like winning, and you're motivated to complete more tasks to get another line or even a full card.","Include bingo card templates, task suggestion lists, and reward ideas for completed lines",When accumulated avoided tasks need gamification motivation,Task Initiation,Low Energy,Anxious,Ashamed,"Cleaning up, Resetting my space",Can't Start,Depressed / Hopeless,Poor Time Estimation,Avoidant,Free,Gamification,The Anti-Planner by Dani Donovan,Gamified,"Cleaning, Reset",,,,,map-pin,,"gamifies action, provides instant rewards, activates dopamine, breaks down complexity, starts small",,,,,,Job Search
Task Battle,Competitive Task Challenge,"Challenge a **friend or family member to a ""task battle""**: each of you picks a chore or task and races to finish or make the most progress in a set time. Friendly competition and camaraderie make tedious tasks more engaging.","You and your roommate both have messy bedrooms you've been avoiding. You challenge each other: 'Who can declutter their room more in 30 minutes?' You set a timer, put on music, and race to see who can make the most progress. The competition makes it fun, and you both get more done than you would have alone.",Include task pairing suggestions and virtual competition options,When you need social motivation for boring tasks,Low Motivation,Low Energy,Drained,Stuck,"Cleaning up, Resetting my space",Can't Start,Depressed / Hopeless,Poor Time Estimation,Avoidant,Free,Challenge,The Anti-Planner by Dani Donovan,Gamified,"Social/Relationships, Cleaning",,,,,check-square,,"gamifies action, builds momentum",,,,,,
Task Bracelet,Physical Progress Tracker,"Wear a **bracelet (or hair tie) for each task**. When complete, remove it and drop it into a jar or bowl - visually collecting bracelets gives a satisfying sense of accomplishment by day's end.","You start your day wearing 4 colorful hair ties on your wrist, each representing a task: blue for emails, red for laundry, green for grocery shopping, yellow for calling the dentist. As you complete each task, you move the corresponding hair tie to a small bowl on your desk. By evening, seeing all the hair ties in the bowl gives you a concrete visual of everything you accomplished.",Include bracelet alternatives and task categorization by colors,When you need tangible progress tracking,Task Initiation,Low Energy,Drained,Stuck,"Starting something hard, Staying focused",Can't Finish,Can't Start,Depressed / Hopeless,Discouraged,$,Checklist,Reddit /r/ADHD,Sensory,"Rest, Time Planning",,,,,check-square,,"gamifies action, provides instant rewards, builds momentum",,,,,,Recently Moved
Task Complaint Form,Frustration Processing Tool,"Write out your **grievances about a task on a fake ""complaint form""** (even if you never send it). Sometimes venting on paper about why a task sucks can be validating and help you move past those feelings to actually do the task.","You've been avoiding your tax paperwork and feeling frustrated about it. You create a mock complaint form: 'Task: Tax paperwork. Complaint: It's boring, confusing, and makes me feel stupid. I hate how the forms are designed.' After writing out all your complaints, you feel heard and validated, and somehow the task feels less intimidating.",Include complaint form templates and follow-up action suggestions,When frustration is blocking you from starting,Low Motivation,Low Energy,Anxious,Ashamed,"Starting something hard, Staying focused",Can't Start,Depressed / Hopeless,Poor Time Estimation,Avoidant,Free,Gamification,The Anti-Planner by Dani Donovan,Visual,"Social/Relationships, Emotional Regulation",,,,,check-square,,externalizes tasks,,,,,,Recently Moved
Task Context Grouping,Context-Based Task Lists,"Group your to-dos **by context (Calls, Computer, Errands, Home)** instead of one giant list. When your brain's ready to make calls, you can knock out five call tasks in a row while you're in that zone.","You're staring at your list of 20 random tasks feeling completely stuck. Instead of forcing yourself to tackle them in order, you grab colored markers and group them: ""Phone"" (blue) for calls, ""Computer"" (green) for online tasks, ""Errands"" (red) for going out, ""Home"" (orange) for household tasks. Now you can pick all blue tasks when you're ready to make calls.",Include context category templates and color-coding suggestions,When your to-do list feels random and overwhelming,Executive Dysfunction,Wired but Tired,Frustrated,Defeated,"Starting something hard, Staying focused",Poor Time Estimation,Can't Finish,Frozen/Shut Down,Disorganized,Free,Checklist,The Anti-Planner by Dani Donovan,Sensory,"Errands, Rest",,,,,flower,,"frees up working memory, externalizes tasks",,,,,,
Task Management Apps,Digital Organization Tools,"Use **task management apps designed for ADHD brains** with features like gamification, visual progress tracking, and flexible organization. Look for apps that make task management feel engaging rather than overwhelming.","You struggle to keep track of your to-do items and often forget important tasks. You try a task management app with ADHD-friendly features like visual progress bars, reward systems, and the ability to break large tasks into smaller steps. Having digital support makes staying organized feel more manageable.",Include key features to look for and setup strategies for ADHD needs,When traditional to-do lists aren't working,Executive Dysfunction,Shutdown,Frustrated,Defeated,"Starting something hard, Staying focused",Poor Time Estimation,Can't Finish,Frozen/Shut Down,Disorganized,$,Checklist,Technology solutions,Interactive,"Meal Prep, Time Planning",,,,,coffee,,"reduces decision fatigue, frees up working memory, builds momentum",,,,,,
Task-Specific Playlists,Task Playlists,"Create **dedicated playlists for specific tasks** or moods, like one for cleaning that makes you want to dance, or a focus playlist that helps your brain settle. Music works as a dopamine boost and can transform a dreaded task into something you might actually look forward to.","You notice you always put off cleaning the bathroom. You create a 20-minute playlist with your favorite high-energy songs that make you want to move. Now when you need to clean, you hit play and challenge yourself to finish before the playlist ends, turning a dreaded chore into a mini dance party.",Include suggested song types and BPM ranges for different activities,When you need motivation to start dreaded tasks,Low Motivation,Low Energy,Drained,Stuck,"Cleaning up, Resetting my space",Can't Start,Depressed / Hopeless,Poor Time Estimation,Avoidant,Free,Playlist,The Anti-Planner by Dani Donovan,Auditory,"Emotional Regulation, Cleaning",,,,,shopping-cart,,"activates dopamine, frees up working memory, externalizes tasks, builds momentum",,,,,,Recently Moved
The 1% Rule,Incremental Improvement,"**Focus on being just 1% better each day** rather than dramatic changes. Small, consistent improvements compound over time and feel more sustainable than overwhelming overhauls.","You want to get in shape but the thought of hour-long workouts feels impossible. You commit to just 1% better each day: today you do 5 jumping jacks, tomorrow 6, next week you add a 2-minute walk. The tiny improvements feel manageable and build momentum.",Include 1% improvement examples for different life areas,When big changes feel overwhelming,Perfectionism,Low Energy,Drained,Stuck,"Starting something hard, Staying focused",Depressed / Hopeless,Can't Decide,Sensory Overload,Discouraged,Free,Gamification,Atomic Habits philosophy,Sensory,"Meal Prep, Rest",,,,,refresh-cw,,"reduces decision fatigue, breaks down complexity, frees up working memory, starts small",https://jamesclear.com/atomic-habits - James Clear's guide to building better habits and continuous improvement,,,,,
The 2-Minute Rule,Immediate Action Principle,"**If something takes less than 2 minutes, do it immediately** instead of adding it to your to-do list. This prevents small tasks from accumulating into overwhelming piles.","You receive an email that requires a quick yes/no response. Instead of marking it as ""to deal with later,"" you immediately type a 30-second reply and send it. This prevents your inbox from filling up with small tasks that become overwhelming.",Include 2-minute task examples and decision-making guidelines,When small tasks accumulate into big problems,Task Initiation,Shutdown,Anxious,Ashamed,"Starting something hard, Staying focused",Avoidant,Can't Start,Frozen/Shut Down,Avoidant,Free,Quick Fix,Getting Things Done methodology,Interactive,"Emails, Exercise/Movement",,,,,zap,,"reduces decision fatigue, breaks down complexity, externalizes tasks, starts small",,,,,,
The 5-Minute Rule,Momentum Building,"**Commit to doing something for just 5 minutes** with permission to stop after that. Often the hardest part is starting, and momentum builds once you begin.","You've been avoiding an important email for days. You tell yourself 'I'll just work on this for 5 minutes, then I can stop.' You open your laptop and start typing. After 5 minutes, you're in the flow and decide to finish the email.",Include 5-minute task examples and momentum strategies,When starting feels impossible,Task Initiation,Shutdown,Stuck,Overwhelmed,"Starting something hard, Staying focused",Can't Start,Depressed / Hopeless,Poor Time Estimation,Frozen,Free,Gamification,The Anti-Planner by Dani Donovan,Interactive,"Emails, Social/Relationships",,,,,zap,,"activates dopamine, builds momentum",,,,,,
The 80/20 Rule,Priority Focus Strategy,**Focus 80% of your energy on the 20% of tasks that create the most impact**. This helps you prioritize effectively and avoid getting lost in low-value busy work.,"You're always busy but don't feel like you're making progress on important goals. You identify that 20% of your work tasks create 80% of your results, so you start focusing most of your energy on those high-impact activities and spend less time on busy work.",Include impact assessment strategies and priority identification methods,When busy work is crowding out important tasks,Executive Dysfunction,Overstimulated,Frustrated,Defeated,"Starting something hard, Staying focused",Poor Time Estimation,Can't Finish,Frozen/Shut Down,Hyperfocused,Free,Checklist,Pareto Principle,Sensory,"Work, Meal Prep",,,,,cooking-pot,,activates dopamine,,,,,,
The Anchor Habit,Routine Building Strategy,**Attach new habits to existing strong habits** to make them more likely to stick. Use established routines as anchors for behaviors you want to develop.,"You want to start taking vitamins daily but keep forgetting. You decide to take them right after brushing your teeth in the morning, since you already brush consistently. The established tooth-brushing habit becomes the anchor that reminds you to take vitamins.",Include anchor habit examples and chain-building strategies,When you want to build new habits consistently,Working Memory Failures,Shutdown,Forgetful,Ashamed,"Planning my time, Managing my schedule",Avoidant,Forgetful,Poor Time Estimation,Forgetful,Free,Routine,Habit formation research,Gamified,"Planning, Time Planning",,,,,repeat,,"provides external structure, builds momentum",,,,,,
The Backup Plan,Contingency Preparation,"**Always have a backup plan** for important situations - alternate routes, backup childcare, extra supplies. Having contingencies reduces anxiety and prevents small problems from becoming crises.","You're always stressed about being late when your usual route to work has traffic. You research and save three different routes in your phone. Now when there's unexpected traffic, you calmly switch to backup route #2 instead of panicking about being late.",Include backup planning templates for common ADHD challenges,When unexpected problems create disproportionate stress,Executive Dysfunction,Crash Recovery,Frustrated,Defeated,"Planning my time, Managing my schedule",Poor Time Estimation,Can't Finish,Anxious,Disorganized,Free,Gamification,Risk management,Sensory,"Planning, Time Planning",,,,,hard-drive,,"breaks down complexity, starts small",,Parent,,,,
The Buddy System,Social Accountability,**Partner with someone for mutual support and accountability** on goals or challenging tasks. Having someone who understands your struggles can provide motivation and perspective.,"You and your friend both struggle with exercise consistency. You become workout buddies, checking in with each other daily and celebrating small wins together. Having someone who understands your ADHD challenges makes it easier to stay motivated and accountable.",Include buddy system setup and communication strategies,When you need external support and accountability,Low Motivation,Low Energy,Drained,Stuck,"Starting something hard, Staying focused",Can't Start,Depressed / Hopeless,Poor Time Estimation,Avoidant,Free,Accountability,Social support systems,Interactive,"Rest, Work",,,,,handshake,,"activates dopamine, provides external structure, creates accountability",,,,,,
The Capture & Conquer System,Gamified External Memory,"Use voice notes for capturing thoughts, then **weekly 'treasure hunts'** through your captures.","Throughout the week, voice-record random thoughts. Friday evening: set timer for 20 minutes, listen to captures, and sort into three piles. Discover you captured a brilliant idea for your project - treasure found!",Adds gamification with treasure hunts and timer challenges,When important thoughts and ideas get lost,Working Memory Failures,Wired but Tired,Forgetful,Ashamed,"Starting something hard, Staying focused",Avoidant,Forgetful,Poor Time Estimation,Forgetful,Free,Checklist,Getting Things Done methodology,Social,"Emails, Meal Prep",,,,,star,,"provides external structure, frees up working memory, externalizes tasks",https://gettingthingsdone.com/five-steps/ - David Allen's Getting Things Done methodology,,,,,
The Closing Ritual,Transition Support,**Create a consistent end-of-day ritual** to mentally close out work and transition to personal time. This helps prevent work thoughts from intruding on your evening and weekend.,"You find it hard to stop thinking about work even after you're home. You create a closing ritual: review what you accomplished, write down tomorrow's priorities, close your laptop with intention, and change clothes. This ritual signals to your brain that work time is over.",Include ritual ideas for different work situations and transition activities,When work thoughts intrude on personal time,Executive Dysfunction,Hyperfocus,Frustrated,Defeated,"Starting something hard, Staying focused",Poor Time Estimation,Can't Finish,Frozen/Shut Down,Overthinking,Free,Gamification,Work-life balance,Gamified,"Work, Social/Relationships",,,,,briefcase,,"frees up working memory, creates accountability",,,,,,
The Victory Trio,Priority Victory System,Transform daily planning into a **satisfying achievement game**. Brain dump all tasks onto sticky notes. Circle the urgent ones. Pick your trio from circled items. Cross off tasks with satisfying checkmarks and take photos of your completed list!,"Monday morning: brain dump 15 tasks onto sticky notes. Circle 6 urgent ones. Pick 3 for your Victory Trio. Complete one task, take a photo of the crossed-off note, and stick it to your 'Victory Wall.'",Adds gamification with sticky notes and victory photos,When long to-do lists create overwhelm,Executive Dysfunction,Overstimulated,Frustrated,Defeated,"Planning my time, Managing my schedule",Poor Time Estimation,Can't Finish,Frozen/Shut Down,Avoidant,Free,Gamification,Productivity methodology,Gamified,"Planning, Time Planning",,,,,target,,"gamifies action, provides instant rewards, provides external structure, frees up working memory, externalizes tasks",https://gettingthingsdone.com/five-steps/ - David Allen's Getting Things Done methodology,,,,,
The Dopamine Menu,Mood Regulation Toolkit,"Create a **""menu"" of activities organized by time and energy** that reliably boost your mood and motivation. Having options ready prevents aimless scrolling when you need a pick-me-up.","You're feeling unmotivated and notice you're about to fall into a social media scroll hole. Instead, you check your dopamine menu and choose a 10-minute option: listening to your favorite upbeat song while organizing your desk. The activity gives you a genuine mood boost.",Include dopamine activity suggestions categorized by time and energy requirements,When you need reliable mood and motivation boosters,Low Motivation,Low Energy,Drained,Stuck,"Starting something hard, Staying focused",Depressed / Hopeless,Poor Time Estimation,Can't Decide,Discouraged,Free,Gamification,ADHD community wisdom,Auditory,"Cleaning, Decision Making",,,,,check-circle,,"activates dopamine, reduces decision fatigue",https://www.additudemag.com/adhd-dopamine-menu-activities/ - Creating a dopamine menu for ADHD,,,,,
The Energy Audit,Personal Energy Management,**Track your energy levels throughout the day** for a week to identify your natural rhythms. Schedule important tasks during high-energy times and easier tasks during low-energy periods.,"You feel like you're always fighting against your energy levels. You spend a week tracking when you feel most alert, creative, and focused. You discover you're sharpest from 9-11am and again from 2-4pm, so you start scheduling important work during these windows.",Include energy tracking methods and schedule optimization strategies,When you're working against your natural energy rhythms,Executive Dysfunction,Hyperfocus,Frustrated,Defeated,"Planning my time, Managing my schedule",Poor Time Estimation,Can't Finish,Frozen/Shut Down,Disorganized,Free,Checklist,Energy management,Sensory,"Planning, Time Planning",,,,,battery,,activates dopamine,,,,,,
The Goldilocks Zone,Optimal Challenge Finding,"**Find the ""just right"" level of challenge** for tasks - not so easy that you're bored, not so hard that you're overwhelmed. ADHD brains often need the right amount of stimulation to stay engaged.","You notice you procrastinate on tasks that are either too boring or too overwhelming. You start adjusting task difficulty: breaking down overwhelming projects into smaller pieces, or adding interesting elements to boring tasks. Finding the ""just right"" challenge level helps you stay engaged.",Include challenge adjustment strategies and engagement optimization,When tasks are either too boring or too overwhelming,Low Motivation,Shutdown,Stuck,Overwhelmed,"Starting something hard, Staying focused",Can't Start,Depressed / Hopeless,Poor Time Estimation,Frozen,Free,Gamification,ADHD research,Interactive,"Rest, Work",,,,,sunrise,,"gamifies action, reduces decision fatigue, frees up working memory, minimizes friction",,,,,,
The Minimum Viable Day,Low-Energy Planning,"**Define what a ""minimum viable day"" looks like** when your energy or motivation is low. Having a bare-minimum plan prevents all-or-nothing thinking and keeps you moving forward on difficult days.","You're having a low-energy day and feel like you can't accomplish anything meaningful. You refer to your ""minimum viable day"" plan: take medication, eat one decent meal, do 10 minutes of work, and go to bed on time. Meeting these minimums helps you feel successful even on hard days.",Include minimum viable day planning and self-compassion strategies,When low energy days lead to complete shutdown,Low Motivation,Low Energy,Drained,Stuck,"Planning my time, Managing my schedule",Can't Start,Depressed / Hopeless,Can't Finish,Discouraged,Free,Gamification,The Anti-Planner by Dani Donovan,Sensory,"Planning, Time Planning",,,,,refresh-cw,,"activates dopamine, starts small, builds momentum",,Working Professional,,,,
The Next Right Thing,Decision Simplification,"When overwhelmed by big decisions or complex situations, **just focus on the next right thing** you can do. This breaks paralysis and creates forward momentum without requiring you to solve everything at once.","You're feeling overwhelmed by a major life transition and don't know how to handle everything. Instead of trying to figure out the whole situation, you ask 'What's the next right thing I can do?' and focus on just that one step. This approach helps you move forward without getting paralyzed.",Include decision-breaking strategies and momentum-building techniques,When big decisions or changes feel overwhelming,Decision Fatigue,Shutdown,Stuck,Overwhelmed,"Starting something hard, Staying focused",Can't Start,Frozen/Shut Down,Can't Decide,Frozen,Free,Gamification,Decision-making philosophy,Interactive,"Meal Prep, Rest",,,,,sunrise,,"activates dopamine, reduces decision fatigue, builds momentum",,,,,,Recently Moved
Theme Days,Weekly Organization Strategy,"**Assign different themes to different days** of the week to reduce decision fatigue and create structure. Monday for meal prep, Tuesday for errands, Wednesday for deep work, etc.","You feel scattered trying to do everything every day. You create theme days: Monday is meal prep day, Tuesday is errands day, Wednesday is deep work day, Thursday is meetings day, Friday is planning day. Having themes reduces daily decisions and creates helpful structure.",Include theme day examples and weekly planning strategies,When daily decisions feel overwhelming,Decision Fatigue,Shutdown,Stuck,Overwhelmed,"Planning my time, Managing my schedule",Poor Time Estimation,Frozen/Shut Down,Can't Decide,Frozen,Free,Checklist,The Anti-Planner by Dani Donovan,Social,"Planning, Meal Prep",,,,,compass,,"reduces decision fatigue, provides external structure",https://calnewport.com/deep-work-the-complete-guide/ - Cal Newport's Deep Work principles,,,,,
Theme Weeks,Weekly Focus System,"Give **each day of the week or week of the month a loose theme** to help structure your focus. For instance, make Tuesdays ""Telephone Tuesday"" for making calls, or have ""Financial Friday"" to handle bills and budgeting.","You notice you always put off making phone calls and they pile up. You designate Tuesdays as ""Phone Day"" and batch all your calls together. Now instead of dreading individual calls throughout the week, you know Tuesday is phone day and you mentally prepare for it. You get through 5 calls in one focused session instead of avoiding them for weeks.",Include theme suggestions for different life areas and scheduling templates,When similar tasks keep getting scattered throughout your schedule,Executive Dysfunction,Low Energy,Frustrated,Defeated,"Starting something hard, Staying focused",Poor Time Estimation,Can't Finish,Forgetful,Disorganized,Free,Checklist,The Anti-Planner by Dani Donovan,Social,"Finances, Rest",,,,,check-circle,,provides external structure,,,,,,
Thought Capture Pad,Brain Parking Lot,"Keep a **small notepad within arm's reach** whenever you're working. When random thoughts pop in ('buy cat food!' or 'text mom back!'), scribble them down immediately and get back to work. It's like giving your brain permission to let go.","You're finally in the flow working on a project when suddenly you remember you need to pay your phone bill. Instead of switching tasks and losing 20 minutes, you quickly jot 'pay phone bill' on your notepad and immediately return to your work. Later, you check your notepad and handle those captured thoughts.",Suggest specific notepad sizes and placement strategies,When random thoughts derail your focus,Working Memory Failures,Wired but Tired,Scattered,Overwhelmed,"Starting something hard, Staying focused",Can't Focus,Forgetful,Depressed / Hopeless,Shame,Free,Quick Fix,The Anti-Planner by Dani Donovan,Gamified,"Work, Grocery Shopping",,,,,zap,,"breaks down complexity, frees up working memory, externalizes tasks, starts small",https://gettingthingsdone.com/five-steps/ - David Allen's Getting Things Done methodology,Parent,Women,,,
Thought Download,Brain Dump Technique,**Write down everything on your mind** to reduce overwhelm and clarify thoughts. Get all the mental clutter out of your head and onto paper where you can see it and organize it.,"Your mind is racing with 20 different things you need to remember, and you can't focus on any one task. You grab a piece of paper and spend 5 minutes writing down every single thing bouncing around in your head - work deadlines, grocery items, random thoughts, worries. Once it's all out, your mind feels clearer and you can actually focus on one thing at a time.",Include different brain dump formats and follow-up organization methods,When mental clutter is overwhelming,Working Memory Failures,Scattered,Scattered,Overwhelmed,"Starting something hard, Staying focused",Can't Focus,Forgetful,Frozen/Shut Down,Shame,Free,Journal Prompt,I Have ADHD podcast,Visual,"Cleaning, Recovery",,,,,book,,"reduces decision fatigue, frees up working memory, externalizes tasks",,,,,,
Thought Reframing Challenge,Balanced Thinking Practice,"Jot down **nasty thoughts you tell yourself**, then immediately challenge each one with a more balanced truth. When your brain says ""I'm lazy,"" counter with evidence like ""I worked until midnight on my project last week.""","You're reviewing feedback on a project and your brain immediately jumps to ""I'm terrible at my job."" You pause, write this thought down, then counter with ""The feedback included three positive points, and the suggestions for improvement were things I can easily fix.""",Create thought record templates with common negative thoughts and balanced alternatives,When self-criticism is taking over,Emotional Dysregulation,Burnout,Ashamed,Guilty,"Calming down, Being kinder to myself",Spiraling,Anxious,Poor Time Estimation,Spiraling,Free,Quick Fix,The Anti-Planner by Dani Donovan,Gamified,"Emotional Regulation, Work",,,,,trophy,,"gamifies action, frees up working memory",,,,,,
TickTick,ADHD-Friendly Task App,"**App that combines tasks, Pomodoro timer, and calendar** for ADHD-friendly planning. Integrates multiple productivity needs in one place to reduce app-switching and decision fatigue.","You're tired of juggling multiple apps for tasks, timers, and calendar. You download TickTick and set up your projects with built-in Pomodoro timers. Now when you start a task, you can immediately start a focus timer without switching apps, and your completed tasks automatically sync with your calendar for time tracking.",Include setup guides and feature recommendations specific to ADHD needs,When you need integrated productivity tools,Executive Dysfunction,Restless,Frustrated,Defeated,"Starting something hard, Staying focused",Poor Time Estimation,Can't Finish,Forgetful,Disorganized,$,Checklist,Zapier review,Auditory,"Planning, Time Planning",,,,,help-circle,,"gamifies action, reduces decision fatigue, externalizes tasks",https://www.additudemag.com/ticktick-app-adhd-planning/ - How to use TickTick for ADHD time management,,,,,
Time Blocking,Schedule Structure Strategy,"**Assign specific time blocks to different activities** in your calendar, treating them like unmovable appointments. This creates structure and prevents tasks from expanding to fill all available time.","You find that work tasks take much longer than they should because you don't set boundaries. You start time blocking: 9-10am for emails, 10-12pm for project work, 1-2pm for administrative tasks. Having defined time boundaries helps you stay focused and efficient.",Include time blocking templates and boundary-setting strategies,When tasks expand to fill all available time,Executive Dysfunction,Overstimulated,Frustrated,Defeated,"Planning my time, Managing my schedule",Poor Time Estimation,Can't Finish,Frozen/Shut Down,Forgetful,Free,Checklist,Productivity methodology,Social,"Time Planning, Planning",,,,,compass,,"provides external structure, externalizes tasks",https://calnewport.com/deep-work-the-complete-guide/ - Cal Newport's Deep Work principles,,,,,
Time Containers,Time Blocking System,"**Divide your day into fixed blocks** to prevent overbooking and prioritize tasks. Each block has a specific purpose, creating structure and preventing the day from becoming a chaotic free-for-all.","You keep overcommitting and feeling scattered. You divide your day into containers: 9-11am is 'Deep Work,' 11-12pm is 'Emails,' 1-3pm is 'Meetings,' 3-4pm is 'Admin Tasks.' When someone asks for a meeting at 10am, you can say 'I have deep work time then, but I'm free at 1pm.' Your day feels more controlled and intentional.",Include template schedules for different work styles and life situations,When your schedule feels chaotic and overbooked,Executive Dysfunction,Overstimulated,Frustrated,Defeated,"Planning my time, Managing my schedule",Poor Time Estimation,Can't Finish,Frozen/Shut Down,Forgetful,Free,Checklist,I'm Busy Being Awesome podcast,Social,"Planning, Time Planning",,,,,laptop,,provides external structure,,Working Professional,,,,
Time Estimation Challenge,Time Awareness Building,"If time blindness trips you up, **practice by guessing how long a task will take and then timing it** to see how close you were. Turn it into a challenge to improve your estimation over time.","You consistently underestimate how long it takes to get ready in the morning. You start timing yourself: 'I think showering will take 10 minutes.' You time it and discover it actually takes 18 minutes. After a week of this, you start getting much better at realistic time estimates and stop running late.",Include tracking sheets and calibration exercises for common tasks,When you want to improve time awareness,Time Blindness,Shutdown,Forgetful,,"Planning my time, Managing my schedule",Poor Time Estimation,Forgetful,Can't Focus,Time Blind,Free,Gamification,The Anti-Planner by Dani Donovan,Gamified,"Time Planning, Planning",,,,,trophy,,"gamifies action, builds momentum",,,,,,
Time Sink Awareness,Distraction Awareness List,"Write down your **top 3 time drains** (TikTok, Reddit rabbit holes, etc.) and hang it somewhere visible. Just naming them creates awareness so you can catch yourself mid-scroll and make conscious decisions.","You notice you keep missing deadlines on work projects. During a moment of clarity, you write down: '1. YouTube shorts, 2. Reorganizing notes instead of using them, 3. Texting conversations that spiral.' You put this list on a sticky note next to your monitor. Later, you catch yourself 20 minutes into YouTube and think, 'Oh right, this is my #1 time sink.'",Add time-tracking suggestions and replacement activity ideas,When you lose time to unconscious habits,Working Memory Failures,Wired but Tired,Scattered,Overwhelmed,"Starting something hard, Staying focused",Can't Focus,Forgetful,Poor Time Estimation,Shame,Free,Checklist,The Anti-Planner by Dani Donovan,Visual,"Self-Compassion, Emotional Regulation",,,,,refresh-cw,,"reduces decision fatigue, externalizes tasks",,,,,,
Time Timer,Visual Countdown Clock,**Visual countdown timer to make time feel more concrete** and prevent time blindness. The shrinking colored section shows time passing in a way that's easier for ADHD brains to understand than digital numbers.,"You need to work on a report for 30 minutes but always lose track of time. You set your Time Timer to 30 minutes and place it where you can see it. As you work, you can glance over and see the red section getting smaller, giving you a concrete sense of how much time is left without the jarring surprise of a sudden alarm.",Include size options and placement strategies for different work environments,When time blindness makes it hard to stay on track,Time Blindness,Scattered,Forgetful,,"Starting something hard, Staying focused",Can't Focus,Poor Time Estimation,Forgetful,Time Blind,$$,Gamification,ADDitude,Visual,"Emails, Time Planning",,,,,timer,,"gamifies action, frees up working memory",https://melrobbins.com/blog/the-5-second-rule/ - Official guide to Mel Robbins' 5 Second Rule technique,,,,,
Time Travel Visualization,Future Self Visualization,"Use **three-step mental time travel**: 1) Visualize yourself doing the task, 2) Imagine yourself after completing it, 3) Contrast this with how you'd feel after procrastinating. This creates mental rehearsal and highlights emotional benefits.","You're avoiding cleaning your home. Take a moment to: 1) Visualize yourself actually cleaning (picking up items, wiping surfaces); 2) Imagine tomorrow having finished (enjoying your tidy space, feeling accomplished); 3) Contrast with having procrastinated (feeling stressed about growing mess). This makes starting feel easier.",Create guided visualization scripts for common avoided tasks,When you need motivation to start something you're avoiding,Task Initiation,Hyperfocus,Anxious,Ashamed,"Cleaning up, Resetting my space",Can't Start,Depressed / Hopeless,Poor Time Estimation,Avoidant,Free,Gamification,The Anti-Planner by Dani Donovan,Visual,"Cleaning, Reset",,,,,map,,"breaks down complexity, frees up working memory",,,,,,
Timer Apps,Focus Support Tools,"Use **timer apps with ADHD-friendly features** like visual countdowns, customizable intervals, and gentle notifications. The right timer can help with time awareness and task focus.",You struggle with time blindness and often lose track of how long you've been working. You download a timer app with visual countdown features and customizable work/break intervals. Having a visual representation of time helps you stay aware and focused.,Include timer features that work well for ADHD and usage strategies,When time awareness and focus need digital support,Time Blindness,Wired but Tired,Scattered,Overwhelmed,"Starting something hard, Staying focused",Can't Focus,Poor Time Estimation,Forgetful,Time Blind,$,Gamification,Technology solutions,Interactive,"Emails, Social/Relationships",,,,,timer,,"gamifies action, meets you where you are, creates accountability",https://melrobbins.com/blog/the-5-second-rule/ - Official guide to Mel Robbins' 5 Second Rule technique,,,,,
Timer Cube Game,Physical Timer Challenge,"Use a **timer cube (or multiple timers) with preset durations** and race yourself to see how much of a task you can get done before it beeps. The tangible cube and countdown make it feel like a game to ""beat the clock.""","You have a pile of papers to file but keep putting it off. You grab your timer cube, flip it to the 15-minute side, and challenge yourself: 'How many documents can I file before this goes off?' The physical timer sitting there counting down creates urgency, and you find yourself moving faster to beat the clock.",Include timer cube recommendations and task suggestions for different time intervals,When you need urgency and gamification to start tasks,Task Initiation,Low Energy,Drained,Stuck,"Cleaning up, Resetting my space",Can't Start,Depressed / Hopeless,Poor Time Estimation,Avoidant,$,Gamification,Reddit /r/ADHDWomen,Gamified,"Cleaning, Reset",,,,,timer,,gamifies action,https://melrobbins.com/blog/the-5-second-rule/ - Official guide to Mel Robbins' 5 Second Rule technique,,,,,
Tomorrow's Victory Setup,Evening Care Package Ritual,Transform evening prep into a **gift-giving ritual**. Spend 10 minutes creating 'care packages' for tomorrow-you. Leave encouraging sticky notes on items. Take a photo of your setup - it's like Christmas morning preparation!,Before bed: lay out clothes with a note 'You'll look great today!' Pack your bag with everything needed plus a small treat. Take a photo of your setup and set it as your alarm wallpaper.,Creates gift-giving ritual with encouraging notes and photos,When mornings feel chaotic and rushed,Executive Dysfunction,Shutdown,Stuck,Overwhelmed,"Planning my time, Managing my schedule",Can't Start,Can't Finish,Anxious,Disorganized,Free,Environmental Hack,Reddit /r/ADHDWomen,Sensory,"Planning, Time Planning",,,,,rotate-cw,,"gamifies action, externalizes tasks",,,,,,
Towel Warmer Treat,Sensory Comfort Reward,"Use a **towel warmer (or throw your towel in the dryer briefly)** during showers. Knowing a warm, cozy towel awaits can make it easier to get out of bed and into the shower, and provides a comforting sensory reward after.","You've been struggling to shower regularly because the transition from warm water to cold air feels awful. You start putting your towel in the dryer for 5 minutes before showering. Now you actually look forward to that moment when you wrap yourself in the warm, fluffy towel - it transforms the end of your shower from unpleasant to luxurious.",Include alternatives like heated towel racks and timing suggestions,When sensory transitions make self-care difficult,Overstimulation,Crash Recovery,Anxious,Ashamed,"Planning my time, Managing my schedule",Avoidant,Sensory Overload,Depressed / Hopeless,Avoidant,$,Checklist,Reddit /r/ADHDWomen,Sensory,"Planning, Time Planning",,,,,hourglass,,"gamifies action, provides instant rewards",,,,,,
Transition Rituals,Mental Switching Support,"Create **small rituals to help your brain transition** between activities - make tea before starting work, play a specific song when finishing for the day, or take three deep breaths before meetings.","You struggle to shift from work mode to relaxation mode at the end of the day. You create a transition ritual: close your laptop, play one specific song while tidying your desk, then change into comfortable clothes. This ritual signals to your brain that work time is over.",Include transition ritual ideas for different activity switches,When switching between activities feels jarring,Inertia,Shutdown,Forgetful,,"Starting something hard, Staying focused",Forgetful,Poor Time Estimation,Can't Focus,Forgetful,Free,Checklist,Mindfulness practices,Auditory,"Work, Meal Prep",,,,,check-circle,,"breaks down complexity, frees up working memory, starts small, creates accountability",,,,,,
Transportation Apps,Travel Efficiency Tools,Use **transportation apps with real-time updates and route planning** to reduce travel anxiety and time estimation challenges. Knowing exact travel times helps with planning and reduces stress.,You're always anxious about being late because you're bad at estimating travel time. You start using transportation apps that give real-time traffic updates and accurate travel estimates. Having reliable timing information reduces your travel anxiety significantly.,Include route planning strategies and backup option preparation,When travel timing creates anxiety and planning challenges,Time Blindness,Scattered,Anxious,Stressed,"Planning my time, Managing my schedule",Poor Time Estimation,Anxious,Can't Start,Time Blind,Free,Gamification,Technology solutions,Gamified,"Planning, Time Planning",,,,,feather,,gamifies action,,,,,,
Treat Yo Self - After doing something you really don't want to,Task Reward System,"Plan a **meaningful treat or reward for yourself right after completing a task you really dread**. It could be 30 minutes of game time, a fancy latte, or a relaxing bath - whatever feels like a ""treat"" to you.","You've been putting off calling your insurance company for weeks because you hate phone calls. You decide that immediately after making the call, you'll treat yourself to that expensive coffee you've been wanting. Knowing the reward is waiting makes it easier to pick up the phone, and you actually look forward to the post-call treat.",Include reward ideas for different budgets and time constraints,When you need motivation to do dreaded tasks,Low Motivation,Low Energy,Drained,Stuck,"Starting something hard, Staying focused",Can't Start,Depressed / Hopeless,Poor Time Estimation,Avoidant,$,Gamification,The Anti-Planner by Dani Donovan,Gamified,"Emails, Meal Prep",,,,,shield,,"gamifies action, provides instant rewards, provides external structure",,,,,,
Velcroed Supply Stations,Stick-On Organization,"Use **Velcro to attach small shelves or containers** in key places for items you often forget. For example, Velcro your pill organizer to the wall or stick a clear bin by the door with essentials so everything is visible and in reach.","You keep forgetting to take your vitamins because they're hidden in a cabinet. You Velcro a small clear container to the inside of your bathroom mirror at eye level and put your daily pills there. Now you see them every morning when brushing your teeth, and taking them becomes automatic.",Include Velcro strength guides and container recommendations for different items,When you need visual reminders for important items,Working Memory Failures,Burnout,Forgetful,Ashamed,"Planning my time, Managing my schedule",Avoidant,Forgetful,Poor Time Estimation,Forgetful,$,Checklist,Reddit /r/ADHDWomen,Auditory,"Cleaning, Planning",,,,,leaf,,"breaks down complexity, frees up working memory, starts small",,,,,,
Vent Space,Safe Emotional Release,"Create a **dedicated space to vent out frustrations safely** - maybe a private journal, notes app, or voice memo where you rant uncensored. Giving yourself permission to express anger or disappointment without judgment can relieve pressure.","You're furious about a work situation but can't say anything directly. Instead of letting it eat at you, you open your private 'Vent Notes' app and type out exactly how you feel, using whatever language comes naturally. After getting it all out, you feel lighter and can approach the problem more calmly.",Include different venting methods and emotional processing techniques,When emotions need a safe outlet,Emotional Dysregulation,Burnout,Overwhelmed,Frustrated,"Calming down, Being kinder to myself",Anxious,Depressed / Hopeless,Poor Time Estimation,Overthinking,Free,Gamification,The Anti-Planner by Dani Donovan,Auditory,"Cleaning, Emotional Regulation",,,,,file-text,,"externalizes tasks, reduces shame",,,,,,
Verbal Processor,Think-Out-Loud Strategy,"Use **talking as a tool for thinking**. If you're stuck, try explaining the problem out loud (to yourself, a pet, or a patient friend). The act of verbalizing can clarify your thoughts and often you'll stumble upon solutions just by hearing your own reasoning.","You've been staring at a complex work problem for 30 minutes, feeling completely stuck. You start explaining the situation out loud to your cat: 'So the issue is that the client wants X, but our system does Y, and the deadline is...' As you talk through it, you suddenly realize there's a simple workaround you hadn't considered.",Include conversation starters and self-talk frameworks,When you're stuck and need to think through problems,Working Memory Failures,Shutdown,Stuck,Overwhelmed,"Starting something hard, Staying focused",Can't Start,Forgetful,Depressed / Hopeless,Frozen,Free,Gamification,The Anti-Planner by Dani Donovan,Sensory,"Social/Relationships, Self-Compassion",,,,,bolt,,starts small,,Working Professional,,,,
See-Through Success,Visual Achievement System,Transform storage into a **visual achievement system**. Use clear containers with fun labels. Create 'loading bars' that show how full containers should be. Take before/after photos when you organize - it's like a home makeover show!,Replace opaque bins with clear containers. Add colorful labels with pictures. Create a 'loading bar' sticker showing 80% full is perfect. Take a photo when you organize and share your 'after' transformation.,Adds gamification with loading bars and achievement photos,When hidden storage leads to forgotten items,Working Memory Failures,Inconsistent Energy,Forgetful,Scattered,"Planning my time, Managing my schedule",Disorganized,Forgetful,Poor Time Estimation,Forgetful,$,Gamification,Organization principles,Social,"Planning, Time Planning",,,,,power,,"provides instant rewards, provides external structure, builds confidence",,,,,,
Visual Schedules,Time Structure Support,Create **visual schedules with pictures or icons** showing your daily routine. Visual representations of time and tasks can be more helpful than text-based schedules for many ADHD brains.,"You struggle to follow your morning routine because a text-based checklist feels boring and easy to ignore. You create a visual schedule with icons showing each step: shower, breakfast, medication, etc. The visual format is more engaging and easier to follow.",Include visual schedule creation and customization ideas,When text-based schedules aren't engaging enough,Working Memory Failures,Crash Recovery,Forgetful,Stuck,"Planning my time, Managing my schedule",Can't Start,Forgetful,Avoiding Routine,Forgetful,Free,Routine,ADHD accommodations,Visual,"Planning, Work",,,,,droplet,,"gamifies action, provides external structure, frees up working memory, creates accountability",,,,,,
Visual Task Board,Kanban Task Flow,"Set up **three columns (To-Do, Doing, Done) and move sticky notes or digital cards** as you work. It's like giving your brain permission to focus on one thing at a time, plus that dopamine hit when you physically move something to ""Done.""","You're staring at 15 different tasks and feeling stuck. Instead of trying to juggle everything mentally, you grab sticky notes and write one task per note. After arranging them in your three columns, you pick just one from ""To-Do"" to move into ""Doing."" The physical act of moving tasks across the board gives your brain concrete evidence of progress.",Include digital tool recommendations and board setup guides,When you need visual progress tracking,Executive Dysfunction,Low Energy,Frustrated,Defeated,"Starting something hard, Staying focused",Poor Time Estimation,Can't Finish,Frozen/Shut Down,Disorganized,Free,Environmental Hack,"Look-Up Source, The Anti-Planner by Dani Donovan",Auditory,"Work, Exercise/Movement",,,,,music,,"activates dopamine, frees up working memory, externalizes tasks",https://blog.trello.com/adhd-productivity-tips - Trello boards for ADHD productivity,,,,,Recently Moved
Visual Timers,Time Awareness Tools,"Use **visual countdown timers** that show time passing in a concrete way (shrinking pie chart, colored bar decreasing). Visual time representation is often more helpful for ADHD brains than digital numbers.",You struggle with time blindness and often lose track of how long you've been working. You get a visual timer that shows a red circle shrinking as time passes. Being able to see time visually helps you stay aware of how much time is left for your task.,Include visual timer recommendations and placement strategies,When time blindness makes it hard to track time,Time Blindness,Scattered,Forgetful,,"Starting something hard, Staying focused",Can't Focus,Poor Time Estimation,Forgetful,Time Blind,$$,Gamification,ADHD accommodations,Visual,"Emails, Exercise/Movement",,,,,timer,,"gamifies action, frees up working memory",https://melrobbins.com/blog/the-5-second-rule/ - Official guide to Mel Robbins' 5 Second Rule technique,,,,,
Vitamin D Supplements,Mood Support Supplement,**Consider vitamin D supplementation** especially if you spend limited time outdoors or live in areas with limited sunlight. Vitamin D deficiency can worsen mood and energy issues.,"You feel more depressed and sluggish during winter months and wonder if it's related to less sunlight. You get your vitamin D levels tested and discover they're low. After starting supplements with your doctor's guidance, you notice improved mood and energy.",Include testing recommendations and dosage guidance from healthcare providers,When mood and energy may be affected by vitamin D deficiency,Low Motivation,Low Energy,Drained,Stuck,"Planning my time, Managing my schedule",Avoidant,Depressed / Hopeless,Poor Time Estimation,Discouraged,$,Gamification,Nutritional support,Interactive,"Planning, Time Planning",,,,,layout,,"activates dopamine, creates accountability",,,,,,
Voice Memos,Audio Capture System,Use **voice memos to capture thoughts and ideas** when writing feels too slow or cumbersome. You can transcribe them later or just listen back when needed.,"You're driving and have a great idea for a work project, but you can't write it down. You quickly record a voice memo on your phone. Later, you listen back and capture the key points in writing. Voice memos let you capture thoughts without losing them.",Include voice memo organization and transcription strategies,When thoughts come faster than you can write,Working Memory Failures,Burnout,Forgetful,Ashamed,"Starting something hard, Staying focused",Avoidant,Forgetful,Poor Time Estimation,Forgetful,Free,Checklist,Technology solutions,Auditory,"Work, Meal Prep",,,,,bolt,,"provides external structure, externalizes tasks",https://gettingthingsdone.com/five-steps/ - David Allen's Getting Things Done methodology,,,,,
Voice-to-Victory Workflow,Complete Voice-to-Text System,"Create a **complete voice-to-text workflow** with built-in dopamine hits. Voice-record rough thoughts, then gamify the editing process with timers and rewards. Celebrate both capturing AND refining your ideas!","Set 10-minute timer and voice-record all your thoughts about a project. Take a 5-minute break with a favorite snack. Set another 15-minute timer to edit the transcript, turning rough ideas into polished sentences. Celebrate both phases!",Adds complete workflow with dopamine hits at each stage,When writing tasks feel slow or overwhelming,Task Initiation,Shutdown,Stuck,Overwhelmed,"Starting something hard, Staying focused",Avoidant,Can't Start,Depressed / Hopeless,Frozen,$,Gamification,Technology solutions,Interactive,"Work, Meal Prep",,,,,briefcase,,"gamifies action, provides instant rewards, activates dopamine, provides external structure",https://habitica.com/static/how-it-works - Habitica: Gamify your life with RPG-style habit tracking,,,,,
Walking Meetings,Movement Integration,"**Take phone calls or meetings while walking** when possible. The movement can help with focus and energy, and many people think more clearly while moving.",You have a weekly check-in call with your manager that doesn't require screen sharing. You start taking this call while walking around your neighborhood. The movement helps you think more clearly and you find yourself more engaged in the conversation.,Include walking meeting guidelines and safety considerations,When sitting still makes it hard to focus,Working Memory Failures,Wired but Tired,Scattered,Overwhelmed,"Starting something hard, Staying focused",Can't Focus,Forgetful,Poor Time Estimation,Shame,Free,Checklist,Workplace wellness,Embodied,"Work, Exercise/Movement",,,,,footprints,,activates dopamine,,,,Suburban,,
Hydration Hero Challenge,Gamified Hydration System,"Turn hydration into a **daily adventure game**. Place water bottles in 5 strategic locations with different colored bands. Each time you finish a bottle, you 'unlock' that location. Track your daily hero score!","Monday: place 5 water bottles around your space with different colored bands (red-kitchen, blue-desk, green-car, etc.). Each empty bottle earns points. End-of-day score: 4/5 locations unlocked - tomorrow's goal is 5/5!",Adds location-based unlocking game with colored bands,When dehydration is worsening ADHD symptoms,Working Memory Failures,Restless,Forgetful,Ashamed,"Planning my time, Managing my schedule",Avoidant,Forgetful,Poor Time Estimation,Forgetful,$,Gamification,Health basics,Gamified,"Planning, Work",,,,,trophy,,"gamifies action, provides external structure",,,,,,
Weather Apps,Planning Support Tools,"Use **detailed weather apps to plan your day and energy levels** around weather conditions. Weather can significantly affect ADHD symptoms and mood, so planning accordingly helps.",You notice you feel more sluggish and unfocused on cloudy days. You start checking a detailed weather app each morning and plan accordingly - scheduling easier tasks on low-pressure days and important work on sunny days when you feel more energetic.,Include weather pattern awareness and energy planning strategies,When weather affects your ADHD symptoms and planning,Executive Dysfunction,Shutdown,Frustrated,Defeated,"Planning my time, Managing my schedule",Poor Time Estimation,Can't Finish,Frozen/Shut Down,Time Blind,Free,Checklist,Technology solutions,Auditory,"Planning, Time Planning",,,,,umbrella,,"activates dopamine, creates accountability",,,,,,
Weekly Review,Planning Reflection,"**Spend 15-30 minutes each week** reviewing what worked, what didn't, and planning for the upcoming week. This reflection helps you adjust strategies and stay aligned with your goals.","Every Sunday evening, you spend 20 minutes looking at the past week: what tasks got done, what you avoided, and why. You notice you're more productive in the mornings, so you plan to schedule important tasks earlier in the day next week.",Include weekly review templates and reflection questions,When you want to improve your systems and strategies,Executive Dysfunction,Restless,Frustrated,Defeated,"Planning my time, Managing my schedule",Poor Time Estimation,Can't Finish,Frozen/Shut Down,Disorganized,Free,Gamification,Productivity methodology,Interactive,"Planning, Time Planning",,,,,mail,,gamifies action,,,,,,
Weighted Blanket & White Noise,Sleep Optimization Combo,"To combat insomnia or restless nights, use a **weighted blanket for calming deep pressure and play white noise or ambient sounds**. The blanket's pressure reduces anxiety and fidgetiness, and steady noise masks stimulating sounds.","You've been lying awake for an hour with your mind racing about tomorrow's presentation. You pull your weighted blanket up to your shoulders, feeling the gentle pressure calm your nervous system, and turn on your white noise app. The combination of physical comfort and sound masking helps your brain finally settle into sleep mode.",Include weight guidelines and sound type recommendations,When sleep is disrupted by anxiety or overstimulation,Overstimulation,Overstimulated,Overstimulated,Overwhelmed,"Calming down, Asking for help",Anxious,Sensory Overload,Frozen/Shut Down,Time Blind,$$,Gamification,Reddit /r/ADHDWomen,Auditory,"Emotional Regulation, Rest",,,,,sliders,,starts small,,,,Urban,,
Weighted Blankets,Sensory Regulation Tool,Use a **weighted blanket for calming sensory input** during rest or when feeling overwhelmed. The deep pressure can help regulate the nervous system and improve sleep quality.,"You have trouble falling asleep because your mind races and your body feels restless. You try a weighted blanket that provides gentle, even pressure across your body. The deep pressure input helps calm your nervous system and you fall asleep more easily.",Include weight guidelines and usage recommendations,When sensory input can support calm and sleep,Overstimulation,Overstimulated,Overstimulated,Overwhelmed,"Calming down, Recovering from a crash",Anxious,Sensory Overload,Frozen/Shut Down,Time Blind,$$,Gamification,Sensory processing tools,Sensory,"Emotional Regulation, Rest",,,,,cloud,,"reduces decision fatigue, provides external structure",,,,,,
Focus Fortress Builder,Personalized Soundscape System,"**Build your personalized focus fortress** with layered soundscapes. Start with base sounds (white noise), add focus layer (coffee shop), then power-up layer (instrumental music). Adjust your fortress based on energy levels!",Low energy day: base layer only (rain sounds). Medium energy: add coffee shop sounds. High energy: add instrumental music. Create different 'fortress profiles' for different tasks and energy states.,Creates layered soundscape system with energy-level matching,When environmental noise disrupts focus,Overstimulation,Scattered,Overstimulated,Overwhelmed,"Starting something hard, Staying focused",Can't Focus,Sensory Overload,Forgetful,Time Blind,$,Playlist,Technology solutions,Auditory,"Exercise/Movement, Rest",,,,,crosshair,,"activates dopamine, provides external structure, frees up working memory, builds momentum",,,,Urban,,
Work Mode Activation Ritual,Work Mode Ritual,"Create a **consistent mini-routine that tells your brain ""it's go time""** - brewing special coffee, queuing up your focus playlist, or putting on your work sweater. Your brain craves these consistent cues when motivation's hiding.","You've been staring at your laptop for 20 minutes, scrolling between tabs instead of starting that report. You step away briefly to make your ""work chai"" with the special mug, put on your focus playlist, and light that one candle you only use during deep work. This 3-minute ritual creates a mental shift that makes starting feel less impossible.","Create a ritual builder with sensory options (smell, sound, touch, taste)",When you need to transition into work mode,Task Initiation,Inconsistent Energy,Anxious,Ashamed,"Starting something hard, Staying focused",Can't Start,Depressed / Hopeless,Poor Time Estimation,Avoidant,Free,Routine,The Anti-Planner by Dani Donovan,Auditory,"Work, Exercise/Movement",,,,,briefcase,,"gamifies action, activates dopamine, provides external structure, frees up working memory, externalizes tasks",,,,,,
Workspace Lighting,Environmental Optimization,"**Optimize your workspace lighting** to support focus and reduce eye strain. Good lighting can significantly impact mood, energy, and ability to concentrate.","You notice you feel sluggish and have trouble focusing at your desk, especially on cloudy days. You add a bright desk lamp and position it to reduce glare on your computer screen. The improved lighting helps you feel more alert and focused throughout the day.",Include lighting recommendations and setup guidelines,When poor lighting is affecting focus and mood,Working Memory Failures,Wired but Tired,Scattered,Overwhelmed,"Starting something hard, Staying focused",Can't Focus,Forgetful,Poor Time Estimation,Shame,$$,Environmental Hack,Workplace wellness,Sensory,"Work, Emotional Regulation",,,,,briefcase,,"activates dopamine, frees up working memory, creates accountability",,,,,,
The Dopamine Dive,Energy-Building Start Strategy,"Instead of tackling the worst task first, **start with a 5-minute dopamine boost** from something you enjoy. Then ride that energy wave into the harder task. Energy follows action, not the other way around!","You're dreading writing that report. First, spend 5 minutes organizing your desk while listening to your favorite song. Use that accomplishment energy to open the document and write just one paragraph.",Builds energy through dopamine before tackling hard tasks,When dreaded tasks create all-day anxiety,Task Initiation,Low Energy,Anxious,Ashamed,"Starting something hard, Staying focused",Can't Start,Anxious,Poor Time Estimation,Avoidant,Free,Gamification,Productivity wisdom,Interactive,"Emails, Time Planning",,,,,fast-forward,,"activates dopamine, builds momentum",,,,,,
Yoga or Stretching,Movement-Based Regulation,"**Incorporate gentle yoga or stretching** into your routine for both physical and mental benefits. Movement can help with emotional regulation, focus, and body awareness.","You feel tense and scattered after sitting at your computer for hours. You take 10 minutes to do gentle stretches or follow a short yoga video. The movement helps you feel more relaxed and centered, and you return to work with better focus.",Include beginner-friendly routines and timing suggestions,When body tension is affecting mental state,Overstimulation,Overstimulated,Overstimulated,Overwhelmed,"Calming down, Staying focused",Anxious,Sensory Overload,Frozen/Shut Down,Time Blind,Free,Environmental Hack,Mind-body practices,Embodied,"Exercise/Movement, Self-Compassion",,,,,lotus,,"provides external structure, frees up working memory, meets you where you are",,,,,,
You Can Do 5 (Minutes),Micro-Commitment Strategy,"**Commit to working on something for just 5 minutes** - often the hardest part is starting, and momentum builds once you begin. Give yourself permission to stop after 5 minutes if you want.","You've been avoiding an important project for days. You tell yourself “I'll just work on this for 5 minutes, then I can stop.” You open your laptop and start typing. 

After 5 minutes it may feel easier to continue or you can genuinely walk away knowing you've made progress. The key is giving yourself full permission to stop after exactly 5 minutes with zero guilt. This breaks the avoidance cycle and makes starting next time easier",Include 5-minute task examples and momentum strategies,When starting feels impossible,Task Initiation,Burnout,Stuck,Overwhelmed,"Cleaning up, Resetting my space",Can't Start,Depressed / Hopeless,Poor Time Estimation,Frozen,Free,Gamification,"Acceptance and Commitment Therapy, Cognitive Behavioral Therapy, The Anti-Planner by Dani Donovan",Interactive,"Cleaning, Reset",,,,,fast-forward,,"activates dopamine, starts small, builds momentum",,,,,,
Zero-Based Scheduling,Fresh Start Planning,**Start each week with a blank schedule** and only add what's truly necessary or important. This prevents automatic overcommitment and helps you be more intentional with your time.,You're constantly overcommitted because you automatically say yes to everything. You start each week with a completely blank calendar and only add commitments that align with your priorities. This helps you protect your time and energy for what matters most.,Include priority assessment and commitment evaluation strategies,When automatic overcommitment is creating overwhelm,Executive Dysfunction,Burnout,Frustrated,Defeated,"Planning my time, Managing my schedule",Poor Time Estimation,Can't Finish,Frozen/Shut Down,Spiraling,Free,Gamification,Time management,Visual,"Planning, Time Planning",,,,,map,,starts small,,,,,,
Zig-Zag Productivity,Non-Linear Work Style,**Accept that your productivity doesn't have to be linear** - work on different tasks as your interest and energy shift throughout the day. Fighting your natural rhythms often creates more problems than solutions.,"You feel frustrated because you can't focus on one task for hours like others seem to. You start embracing zig-zag productivity: work on the report for 30 minutes, switch to emails for 15 minutes, then back to the report. Following your natural attention shifts actually helps you accomplish more.",Include task-switching strategies and energy management,When forcing linear productivity creates frustration,Working Memory Failures,Scattered,Scattered,Overwhelmed,"Starting something hard, Staying focused",Can't Focus,Forgetful,Depressed / Hopeless,Shame,Free,Gamification,ADHD work styles,Sensory,"Rest, Work",,,,,hard-drive,,"activates dopamine, meets you where you are",,,,,,
Zone Blitz Challenge,High-Energy Zone Challenge,Turn area cleaning into a **high-energy game**.,"Tuesday evening: set timer for 15 minutes, blast your favorite high-energy song, and blitz the kitchen. Race to clear counters, load dishwasher, and wipe surfaces. When timer goes off, take a before/after photo and celebrate!",Adds timer challenges and high-energy music for dopamine,When whole-house cleaning feels overwhelming,Task Initiation,Low Energy,Drained,Stuck,"Cleaning up, Resetting my space",Disorganized,Can't Start,Frozen/Shut Down,Disorganized,Free,Gamification,Organization strategies,Gamified,"Cleaning, Meal Prep",,,,,trophy,,"gamifies action, activates dopamine",,,,,,
Zoning Out Breaks,Intentional Mental Rest,"**Schedule intentional ""zoning out"" time** where you allow your mind to wander without guilt. Sometimes ADHD brains need unstructured mental time to process and recharge.","You feel guilty when you catch yourself daydreaming or zoning out during work. You start scheduling 10-minute ""mental break"" periods where you intentionally let your mind wander or stare out the window. Giving yourself permission for mental rest actually helps you focus better afterward.",Include mental rest activities and guilt-reduction strategies,When mental rest is needed but feels guilty,Masking & Shame,Inconsistent Energy,Ashamed,Guilty,"Calming down, Finding motivation",Anxious,Poor Time Estimation,Depressed / Hopeless,Shame,Free,Checklist,ADHD self-acceptance,Social,"Time Planning, Recovery",,,,,sunrise,,"provides external structure, frees up working memory, reduces shame",,,,,,
