Name,subtitle,description,example,use_case,why_does_this_work_AI,feeling_1,feeling_2,help_task,barrier,issues,energy_state_tags,task_context_tags,solution_type_tags,strategy_style_tags,cultural_context_tags,mental_state_tags,treatment_context_tags,life_transition_tags,identity_tags,life_role_tags,price,source,further_reading_text,further_reading_url,image,image_source,icon_file,adhd_friendly_improvement,Reviewed?
1% Better,Incremental Improvement,Focus on making tiny improvements every day to tackle overwhelming tasks.,"Example 1: Establishing a Workout Routine 
You want to get in shape but the thought of hour-long workouts feels impossible. You commit to just 1% better each day: today you do 5 jumping jacks, tomorrow 6, next week you add a 2-minute walk. The tiny improvements feel manageable and build momentum.

Example 2: Decluttering Your Home
Your apartment feels overwhelming and messy, and every time you think about cleaning, you freeze. Instead of tackling the whole space, you commit to just 1% better each day: today, you clear one item off the counter. Tomorrow, you toss out expired food from the fridge. Next week, you spend 5 minutes tidying your desk. Slowly, the chaos shrinks, and you start to feel more in control.

Example 3: Learning a New Language
You want to learn Spanish, but the idea of studying grammar for hours is too much. So you start with just 1% better each day: today, you listen to a 3-minute podcast. Tomorrow, you learn one new word. Next week, you write a simple sentence. Each small effort feels doable, and over time, they add up to real progress.",When big changes feel overwhelming,"Breaks Down Complexity, Frees Up Working Memory, Starts Small",Drained,Stuck,"Starting Something Hard, Staying focused","Decision Fatigue, Perfectionism, Task Initiation","Can't Decide, Can't Start","Burnout, Low Energy, Overwhelmed","Incremental Progress, Time Planning, Work","Gamified, Incremental Progress, Mindset Shift","Gamified, Incremental Motivation, Task Simplification",,Discouraged,,,,,Free,Atomic Habits by James Clear,Continuous Improvement: How It Works and How to Master It,https://jamesclear.com/continuous-improvement,tiny-gains-graph.jpg,https://jamesclear.com/continuous-improvement,footprints,Include 1% improvement examples for different life areas,Yes
2-Minute Rule,Immediate Action Principle,Handle small tasks immediately if they take less than two minutes. This strategy helps combat time blindness by preventing tasks from piling up and overwhelming your working memory.,"You receive an email that just needs a quick yes or no. Instead of marking it as “deal with later,” you take 30 seconds to reply and send it right away. This keeps your inbox clear of small tasks that can easily pile up and become overwhelming. A quick, “good enough” response is better than letting it sit, risking forgetfulness or unnecessary delays.",When small tasks accumulate into big problems,"Breaks Down Complexity, Frees Up Working Memory, Minimizes Friction",Anxious,Ashamed,"Overcoming Procrastination, Quick Task Management, Task Initiation Support","Decision Fatigue, Perfectionism, Task Initiation","Avoidant, Can't Decide, Can't Start","Burnout, Low Energy, Overwhelmed","Emails, Time Planning","Checklist, Quick Fix","Sensory, Task Simplification, Time Management",,"Avoidant, Frozen",,,,,Free,Getting Things Done by David Allen,How to Stop Procrastinating by Using the “2-Minute Rule”,https://jamesclear.com/how-to-stop-procrastinating,2minrule.jpg,https://srishtisuratkal.medium.com/two-2-minute-rules-to-beat-procrastination-in-2-minutes-f8fe7db99321,zap,Include 2-minute task examples and decision-making guidelines,Yes
5-4-3-2-1 Launch ,Countdown Activation,"**Count down from 5 to 1 to break through task initiation barriers and shift your mindset.**

• Follow the basic steps
• Keep it simple
• Focus on what works for you","You're sitting on the couch knowing you need to start your homework but feeling completely unmotivated. You count ""5-4-3-2-1"" and immediately stand up and walk to your desk. The countdown tricks your brain into action before resistance can build.",When you need to bypass mental resistance,"Breaks Down Complexity, Frees Up Working Memory, Gamifies Action",Numb,Stuck,"Overcoming Resistance, Starting Something Hard, Task Initiation",Task Initiation,"Can't Start, Task Initiation","Shutdown, Wired but Tired","Cleaning, Decision Making, Work","Challenge, Gamification, Quick Fix",Interactive,,"Avoidant, Frozen",,,,Student,Free,"The 5 Second Rule by Mel Robbins, The Anti-Planner by Dani Donovan",How the Five-Second Rule changed my ADHD life,https://www.understood.org/en/articles/how-the-five-second-rule-changed-my-adhd-life,5secrule.png,https://readingraphics.com/book-summary-the-5-second-rule/,fast-forward,Include countdown variations and immediate action strategies,Yes
5-4-3-2-1 Sensory Grounding,Sensory Anchor Technique,Calm your mind by engaging your senses with the 5-4-3-2-1 method.,"You're at a busy store when you suddenly feel overwhelmed and panicky.
You find a quiet corner and start your countdown:

- 5 things you see – Spot 5 items on a nearby shelf
- 4 things you can touch – Your jacket, a shopping cart, your keys, your hair
- 3 things you hear – Listen for distinct sounds around you
- 2 things you smell – Identify nearby or lingering scents
- 1 thing you taste – Notice the taste in your mouth

Within a minute, your breathing slows and your body starts to calm.
---
> 📱 Tip:
> Save this strategy as a pinned note in your phone so you can pull it up in moments of overwhelm.
> Title it something easy to find like: “Breathe: 5-4-3-2-1 Grounding” or “Calm Down Checklist”",When anxiety or overwhelm is taking over,"Emotional Regulation, Sensory Engagement, Starts Small",Overstimulated,Overwhelmed,"Being Kinder to Myself, Calming Down","Emotional Dysregulation, Time Blindness, Working Memory Engagement",Anxiety Management,"Overstimulated, Overwhelmed","Emotional Regulation, Self-Compassion","Gamification, Quick Fix",Sensory,,"Frozen, Overthinking",,,,,Free,"Cognitive Behavioral Therapy, The Anti-Planner by Dani Donovan",5-4-3-2-1 Coping Technique for Anxiety,https://www.urmc.rochester.edu/behavioral-health-partners/bhp-blog/april-2018/5-4-3-2-1-coping-technique-for-anxiety,5grounding.jpg,https://www.youtube.com/watch?v=30VMIEmA114&ab_channel=ThePartnershipInEducation,anchor,Create pocket cards with the technique and practice scenarios,Yes
10-Minute Pickup,Quick Reset Strategy,Set a timer for 10 minutes and focus on tidying up as much as you can. This strategy helps combat task initiation challenges by breaking down the overwhelming task of cleaning into manageable chunks.,"Your living room feels cluttered and heavy. Rather than tackling everything at once, you set a 10-minute timer and gently focus on putting away a few things. When the timer goes off, the space feels lighter, and so do you. Even a little progress can bring a real sense of relief and accomplishment.",When spaces are messy but you don't have energy for deep cleaning,"Gamifies Action, Minimizes Friction, Starts Small",Drained,Stuck,"Cleaning Up, Resetting My Space","Decision Fatigue, Emotional Dysregulation, Task Initiation","Can't Start, Disorganized, FrozenShutDown","Crash Recovery, Low Energy, Wired but Tired","Cleaning, Focus Enhancement, Task Initiation","Challenge, Gamification, Quick Fix","Incremental Motivation, Task Simplification, Time-Limited Challenge",,"Disorganized, Frozen",,,,,Free,"Reddit /r/ADHD, The Anti-Planner by Dani Donovan",,,,,hand,Include pickup strategies for different rooms and clutter types,Yes
15-Minute Fridge Rescue ,Reset Game,"Set a timer for 15 minutes to tackle your fridge without feeling overwhelmed. Focus on tossing expired food, wiping down surfaces, and grouping similar items—this approach helps with task initiation by breaking the cleaning process into manageable chunks.","You've been avoiding opening the fridge because you know there's science experiments growing in there. Set your phone timer for 15 minutes and commit to just that much time. Start by quickly grabbing obvious trash and expired items, then do a fast wipe of sticky spots, and finally group similar items together. When the timer goes off, you're DONE.",When your fridge is a disaster but you need it functional,"Breaks Down Complexity, Frees Up Working Memory, Gamifies Action",Drained,Stuck,"Cleaning Up, Overcoming Procrastination, Resetting My Space","Decision Fatigue, Task Initiation, Working Memory Engagement","Can't Start, Task Initiation","Low Energy, Restless, Wired but Tired","Cleaning, Emotional Regulation, Task Initiation","Checklist, Gamified","Gamified, Time-Limited Challenge",,"Disorganized, Frozen",,,,,Free,"How to Keep House While Drowning by KC Davis, The Anti-Planner by Dani Donovan",,,,,refrigerator,Include fridge organization tips and maintenance schedules,Yes
15-Minute Speed Clean,Quick Reset Clean,"Set a timer for 15 minutes and focus on what you can see—counters, floors, and visible surfaces. This strategy helps overcome task initiation barriers by gamifying the cleaning process, making it feel manageable and less overwhelming.","#### 🛏️ Reset Your Bedroom in Just 15 Minutes

You’ve been avoiding your bedroom for days, it feels like a disaster zone. Clothes are everywhere, cups and books are piling up, and you just want a space that feels livable again.

Instead of continuing to ignore it, you set a 15-minute timer on your phone.
You grab a laundry basket for anything that belongs elsewhere, quickly clear visible surfaces, and do a fast floor sweep.

When the timer goes off, you're done - perfect or not.
A little reset can go a long way in making your space feel calmer and more supportive.",When your space is chaotic but you don't have energy for deep cleaning,"Breaks Down Complexity, Gamifies Action",Drained,Stuck,"Cleaning Up, Resetting My Space","Emotional Dysregulation, Perfectionism, Task Initiation","Disorganized, Task Initiation","Crash Recovery, Low Energy, Wired but Tired","Cleaning, Emotional Regulation, Task Initiation","Challenge, Quick Fix","Embodied, Visual",,"Disorganized, Frozen",,Recently Moved,,,Free,The Anti-Planner by Dani Donovan,,,,,zap,Include 15-minute task lists for different rooms and situations,Yes
Acceptance and Commitment,Values-Based Action,"Take small steps that align with your values, even when you're feeling overwhelmed.","You're feeling anxious about a work presentation but it's important for your career growth (a value you hold). Instead of avoiding it due to anxiety, you accept that you feel nervous AND commit to preparing anyway because career growth matters to you.",When emotions are blocking action on important values,"Dopamine Activation, Emotional Regulation, Starts Small",Overwhelmed,Frustrated,"Staying focused, Task Initiation",Emotional Dysregulation,"Anxious, Can't Start","Burnout, Overwhelmed",Emotional Regulation,"Gamification, Mindset Shift","Gamified, Incremental Motivation, Mindful Awareness",,"Avoidant, Frozen",,,,Working Professional,Free,"Acceptance & Commitment Therapy (ACT), The Happiness Trap by Russ Harris",Acceptance & Commitment Therapy (ACT),https://contextualscience.org/act,act.png,https://www.ftpsych.ca/therapy-approaches/acceptance-commitment-therapy/,lightbulb,Include values clarification exercises and action commitment strategies,Yes
ADHD Crisis Kit,Emergency Support Arsenal,"**Create an emergency kit filled with essential items like snacks, a phone charger, and calming tools to help you manage ADHD crises.**

• Follow the basic steps
• Keep it simple
• Focus on what works for you","You're having a really rough ADHD day, you forgot to eat, your phone died, and you're totally overwhelmed.

You open your emergency kit and find: a granola bar, a portable charger, your backup anxiety meds, and a card with calming breathing exercises.

Having these ready doesn’t fix everything, but it gives you what you need to stay afloat in the moment.",When ADHD symptoms create crisis situations,Externalizes Tasks,Burned out,Defeated,"Calming Down, Recovering from a crash","Emotional Dysregulation, Task Initiation, Working Memory Failures","Avoidant, Can't Finish","Crash Recovery, Low Energy, Overwhelmed","Emotional Regulation, Task Initiation Support","Checklist, Quick Fix","Embodied, Sensory",,"Avoidant, Frozen",,,,,"$, $$",,,,,,toolbox,Include emergency kit contents and crisis response plans,Yes
Auto-Pilot Life Systems,Friction-Free Automation,Set up automatic systems for recurring activities such as bill payments and grocery orders to reduce mental load.  Start small and remember: it's perfectly fine to ask for help when setting up your automation.,"You’ve been forgetting to pay bills and keep getting hit with late fees.
So you set up automatic payments for your regular expenses and scheduled transfers to savings. Now those things take care of themselves, and you have more mental space for everything else.

### 🛠️ More Things You Can Automate

- 💊 Medication reminders using phone alarms or apps
- 🔁 Refill reminders for prescriptions or household supplies via pharmacy apps or subscriptions
- 🛒 Weekly grocery orders using saved lists or recurring deliveries for staples
- 📆 Recurring tasks or routines with calendar events or to-do apps (e.g., “change sheets every Sunday”)
- 🧹 Cleaning schedules using automated reminders through Google Calendar or apps like Sweepy
- 📱 Check-in messages to friends or family using scheduled texts (iPhone Shortcuts or apps like Scheduled)
- 📬 Digital cleanup like inbox filters or auto-archiving newsletters",When recurring tasks create mental load,"Externalizes Tasks, Frees Up Working Memory, Minimizes Friction",Forgetful,Ashamed,"Quick Task Management, Task Initiation Support","Emotional Dysregulation, Task Initiation, Working Memory Failures","Avoidant, Forgetful, Poor Time Estimation","Burnout, Low Energy, Overwhelmed",Planning,"Checklist, Routine","Task Simplification, Time Management",,"Avoidant, Frozen",,,,,Free,,,,,,credit-card,Include automation ideas for different life areas and setup guides,Yes
Avoidance Journal,Pattern Recognition Tracker,Log tasks you avoid and analyze why to uncover patterns in your procrastination.,"When you catch yourself putting off the same kind of task (like writing reports or sending texts), grab a notebook or notes app and make two columns: ""Task I Avoided"" and ""Why I Think I Avoided It"".

After logging for a few days or a week, you might notice helpful patterns.
Maybe you're avoiding reports because you're missing info, or avoiding texts because you're already replying late and feel anxious about it.

> The goal isn't to judge, just to understand what's getting in the way, so you can work with your brain, not against it.",When you want to understand your avoidance patterns,"Frees Up Working Memory, Minimizes Friction",Anxious,Ashamed,"Maintaining Focus, Overcoming Procrastination, Starting Something Hard","Emotional Dysregulation, Task Initiation, Working Memory Engagement","Anxious, Avoidant, Can't Start","Burnout, Low Energy","Emotional Regulation, Task Initiation Support, Work",Gamification,"Gamified, Interactive",,"Avoidant, Discouraged, Overthinking",,,,,Free,The Anti-Planner by Dani Donovan,,,,,book,Create tracking templates with common avoidance reasons pre-listed,Yes
Body Check-In Scan,Physical Awareness Reset,"**Check in with your body by focusing on each part from your toes to your head for just 10 to 30 seconds.**

• Follow the basic steps
• Keep it simple
• Focus on what works for you","Before a meeting, if your thoughts are spinning, take 2 quiet minutes to scan your body. Start with your toes, do they feel tense or relaxed? Then move up: legs, stomach, chest, hands, arms, shoulders, neck, and face. For each area, just notice what you feel. No need to change anything.

You might realize your shoulders are way up by your ears, just becoming aware of that can help your body start to soften and let go.",When anxiety or overwhelm is physical,"Emotional Regulation, Frees Up Working Memory, Sensory Engagement",Overstimulated,Overwhelmed,"Being Kinder to Myself, Calming Down","Emotional Dysregulation, Task Structuring, Working Memory Engagement","Anxiety Management, Can't Focus, Emotional Regulation","Low Energy, Overstimulated, Overwhelmed","Emotional Regulation, Self-Compassion",Accountability,Sensory,,"Avoidant, Frozen",,,,Working Professional,Free,,,,,,scan-face,Include guided body scan scripts of different lengths,Yes
Brain Dump Blitz,Mental Decluttering Strategy,"Grab paper and pen to write down everything on your mind without editing.  If you often feel scattered or overwhelmed, this quick brain dump can free up mental space and allow you to manage your tasks better.","Your mind is racing with work deadlines, personal tasks, and random worries, making it impossible to focus. You grab a piece of paper and spend 10 minutes writing down everything bouncing around in your head, no structure, no filter, just getting it out.

Once it’s all on paper, your mind feels clearer and you can actually focus on one thing at a time.

---
This can be especially helpful before bed. If your thoughts are swirling and keeping you awake, try doing a quick brain dump to release the mental clutter and make space for rest.",When mental clutter is preventing focus,"Breaking Down Complexity, Externalizes Tasks, Freeing Up Working Memory",Scattered,Overwhelmed,"Starting Something Hard, Staying focused","Emotional Dysregulation, Inertia, Working Memory Failures","Can't Focus, Forgetful","Overwhelmed, Wired but Tired",Cleaning,"Checklist, Mindset Shift, Quick Fix","Mindful Awareness, Reflective Practice",,"Disorganized, Frozen, Overthinking",,,,,Free,,,,,,notebook-pen,Include brain dump formats and follow-up organization strategies,Yes
Brain-Friendly Space Design,Environmental Success System,"**Arrange your environment to support your ADHD brain by placing frequently used items in sight and minimizing visual clutter.**

• Follow the basic steps
• Keep it simple
• Focus on what works for you","You notice you're constantly losing your keys and getting frustrated. You create a colorful key hook by your door and make it a rule to hang keys there immediately when entering. Within days, the morning panic subsides as your environment is now working with your brain instead of against it.",When your environment is working against you,"Emotional Regulation, Externalizes Tasks, Freeing Up Working Memory",Scattered,Frustrated,"Cleaning Up, Focus Enhancement, Resetting My Space","Environmental Cues, Executive Dysfunction, Working Memory Engagement","Cannot Finish, Disorganized, Forgetful",,"Cleaning, Focus Enhancement",Environmental Hack,Visual,,"Disorganized, Frozen",,,,,"$, Free","Atomic Habits by James Clear, The Anti-Planner by Dani Donovan",,,,,layout-dashboard,Include room-by-room optimization guides and visual design principles,Yes
Cleaning BINGO,Gamified Organization System,"**Turn cleaning into a game with a bingo card featuring various tasks.**

• Follow the basic steps
• Keep it simple
• Focus on what works for you",,When cleaning needs gamification to feel motivating,"Externalizes Tasks, Gamifies Action, Provides Instant Rewards",Drained,Stuck,"Cleaning Up, Overcoming Procrastination, Resetting My Space","Inertia, Task Initiation, Time Blindness","Disorganized, Poor Time Estimation","Low Energy, Wired but Tired","Cleaning, Focus Enhancement, Task Initiation",Gamification,"Action-Oriented, Gamified, Interactive",,"Discouraged, Overthinking",,,,,Free,The Anti-Planner by Dani Donovan,,,cleaning_bingo.png,https://myfreebingocards.com/,grid-3x3,Include bingo card templates and task suggestions for different areas,Yes
Cleaning Partner Power,Social Accountability System,"**Clean alongside a friend or a robot to make chores less daunting and more engaging.**

• Follow the basic steps
• Keep it simple
• Focus on what works for you","You and your friend both have messy homes you've been avoiding. You schedule a ""cleaning party"" where you video call each other and clean your respective spaces simultaneously. The social element makes it fun, and you both accomplish more than you would have alone.",When cleaning feels lonely and unmotivating,"Externalizes Tasks, Gamifies Action, Provides External Structure",Drained,Stuck,"Cleaning Up, Resetting My Space, Task Initiation Support","Emotional Dysregulation, Inertia, Task Initiation","Disorganized, Task Initiation","Low Energy, Overwhelmed, Wired but Tired",Cleaning,"Accountability, Gamification",Gamified,,"Avoidant, Disorganized",,,,,Free,,,,,,broom,Include virtual cleaning party setup and accountability partner strategies,Yes
Comfort Cave Creation,Cozy Retreat System,"**Set up a comforting space in your home with soft textures, warm lighting, and favorite items to help you regulate your emotions.**

• Follow the basic steps
• Keep it simple
• Focus on what works for you","You notice you feel more regulated in soft, calming environments,
but your home doesn't have a dedicated cozy spot. So you set up a corner with a soft blanket, a warm lamp, and a few plants. Now, when things feel too loud or too much, you give yourself 10 minutes in that space. It doesn’t have to be fancy. Just a small, intentional space that feels safe and soothing.",When you need a calming space for overwhelm,"Breaks Down Complexity, Emotional Regulation, Externalizes Tasks",Overstimulated,Overwhelmed,"Calming Down, Maintaining Focus, Overcoming Procrastination","Emotional Dysregulation, Environmental Cues, Task Initiation","Anxious, Sensory Overload","Burnout, Overstimulated","Emotional Regulation, Sensory Management","Checklist, Routine","Reflective Practice, Sensory",,"Avoidant, Frozen, Time Blind",,,,,"$, Free",,,,,,lamp,Include cozy corner setup ideas for different spaces and budgets,Yes
Comfort Toolkit Items,Emotional Support System,"Keep small comfort items nearby to help manage overwhelming feelings. These tactile tools enhance emotional regulation by providing a grounding focus, which is crucial for those facing time blindness or difficulties in task initiation.","You often feel anxious during work meetings and need something to help you stay calm. You keep a small smooth stone in your pocket that you can discreetly touch when feeling overwhelmed. The tactile comfort helps you feel more grounded and present.

#### 🧾 Examples of Small Comfort Tools:
- 🧽 Soft textures – a mini plush, soft keychain, or microfiber cloth
- 💎 Tactile objects – worry stone, smooth pebble, squishy stress ball
- 🌸 Soothing scents – essential oil roller, scented lip balm, or perfume sample
- 🖼️ Visual grounding – a photo of someone you love, a calming image, or a small piece of art
- 🌀 Fidget toys – tangle toy, spinner ring, putty, or snap bracelet
- 🔑 Everyday items – a favorite pen, a charm, or keychain you like the feel of
- 🔊 Sound – tiny chime, calming music on your phone, or a short grounding voice memo",When emotional overwhelm needs tangible comfort,"Emotional Regulation, Frees Up Working Memory, Sensory Engagement",Overstimulated,Overwhelmed,"Being Kinder to Myself, Calming Down, Managing Emotional Dysregulation","Emotional Dysregulation, Task Initiation, Working Memory Engagement","Anxious, Emotional Regulation, FrozenShutDown","Overstimulated, Overwhelmed","Emotional Regulation, Self-Compassion",Quick Fix,,,"Frozen, Overthinking",,,,,"$, Free",,,,,,gem,Include comfort item ideas for different settings and sensory preferences,Yes
Cook & Clean Combo,Concurrent Kitchen Strategy,"**Wash dishes while you cook to keep your workspace tidy and reduce overwhelm.**

• Follow the basic steps
• Keep it simple
• Focus on what works for you","You're making pasta and the noodles finish cooking before the sauce is ready. Instead of letting the pasta pot sit in the sink, you quickly rinse it while the sauce simmers.

By the time you sit down to eat, most of the mess is already gone, and cleanup after dinner feels like no big deal.",When post-meal cleanup feels overwhelming,"Breaking Down Complexity, Frees Up Working Memory, Minimizes Friction",Overwhelmed,Stressed,"Cleaning Up, Resetting My Space","Decision Fatigue, Task Initiation, Time Blindness","Can't Start, Task Initiation","Overwhelmed, Wired but Tired",Cleaning,"Accountability, Challenge, Routine","Action-Oriented, Interactive",,"Avoidant, Frozen",,,,,Free,,,,,,chef-hat,Include timing strategies and multitasking safety tips,Yes
Decision Coin Flip,Instant Choice Maker,"**Flip a coin to break through decision paralysis when you're stuck between two choices.**

• Follow the basic steps
• Keep it simple
• Focus on what works for you","You're deciding whether to cook dinner at home or order takeout. You flip a coin: heads for cooking, tails for takeout.

It lands on heads, and you feel a sense of motivation. You head to the kitchen, turn on some music, and start cooking, decision made, no second-guessing.",When you're stuck between two options,"Breaks Down Complexity, Minimizes Friction, Reduces Decision Fatigue",Stuck,Overwhelmed,"Overcoming Procrastination, Staying focused, Task Initiation","Decision Fatigue, Executive Dysfunction, Task Initiation","Can't Decide, Can't Start","Low Energy, Overwhelmed, Shutdown",Decision Making,Gamification,"Gamified, Interactive",,"Avoidant, Frozen",,,,,Free,The Anti-Planner by Dani Donovan,,,,,hand-coins,Include decision-making scripts for more complex choices,Yes
Decision-Free Wardrobe,Daily Uniform System,"Create a go-to uniform to streamline your morning routine and reduce decision fatigue.  This simple strategy helps you start your day with less mental clutter, allowing for more focus and energy on important tasks ahead.","You used to waste 15 minutes each morning staring at your closet, unsure what to wear. Choosing an outfit felt especially stressful, certain fabrics were uncomfortable, and the pressure to ""pick the right thing"" made your brain freeze.

Now you’ve created a go-to uniform: dark jeans, a soft, solid-colored t-shirt, and the same cozy cardigan.

Getting dressed takes 2 minutes, and you start your day with less stress, less sensory discomfort, and more mental energy.",When morning clothing decisions create stress,"Breaks Down Complexity, Externalizes Tasks, Reduces Decision Fatigue",Stuck,Overwhelmed,"Focus Enhancement, Quick Task Management, Task Initiation Support","Decision Fatigue, Executive Dysfunction, Working Memory Failures","Can't Decide, Can't Start","Low Energy, Shutdown, Wired but Tired","Decision Making, Planning, Time Planning",Routine,"Sensory, Visual",,Frozen,,,,,$$$,,,,,,home,Include uniform ideas for different lifestyles and professional requirements,Yes
Declutter Dash,Gamified Organization System,"Turn decluttering into a fun game by setting specific challenges, like finding 10 items to donate or clearing surfaces in 15 minutes.  Use timers to add urgency, turning a daunting chore into an achievable goal, and keep the momentum going with playful tasks tailored to your space.","Your bedroom feels cluttered and overwhelming. Instead of trying to organize everything, you set a timer for 20 minutes and challenge yourself: ""How many items can I put away before the timer goes off?""

The game element gives you focus and momentum, and you're surprised by how much you get done.

More Ideas: 
#### 🧺 Clothes Clutter
- ""Fold or hang 10 things""
- ""Make a pile of 5 items to donate""
- ""Set a timer for 10 minutes and clear the floor""

#### 🍽️ Kitchen Clutter
- ""Unload or load the dishwasher before a song ends""
- ""Wipe 3 counters""
- ""Find 3 expired items in the fridge""

#### 🛋️ General Clutter
- ""Pick up 20 visible items""
- ""Fill 1 bag with trash or donations""
- ""See how many surfaces you can clear in 15 minutes""

#### 📄 Paper Clutter
- ""Sort 10 pieces of mail""
- ""Recycle anything outdated or unnecessary""
- ""Make 2 piles: 'To Deal With' and 'To Toss'""",When decluttering feels overwhelming and boring,"Breaks Down Complexity, Externalizes Tasks, Gamifies Action",Drained,Stuck,"Cleaning Up, Resetting My Space, Task Initiation","Executive Dysfunction, Inertia, Task Initiation","Can't Start, Disorganized","Low Energy, Overwhelmed","Cleaning, Task Initiation","Engaging Gamification, Gamification",Gamified,,"Disorganized, Frozen",,,,,Free,The Anti-Planner by Dani Donovan,,,,,timer,Include game variations for different spaces and clutter types,Yes
Dirty Dish Containment,Simplified Mess Management,"**Store dirty dishes in a large bin when the sink is full or you're too drained to wash them.**

• Follow the basic steps
• Keep it simple
• Focus on what works for you","Your sink is full of dishes but you don't have energy to wash them right now. Instead of letting dirty dishes pile up on counters, you put them in a large plastic tub. This keeps your kitchen looking tidier and makes it easier to tackle the dishes when you're ready.",When dishes accumulate faster than you can wash them,"Externalizes Tasks, Reduces Decision Fatigue",Drained,Stuck,"Cleaning Up, Resetting My Space","Decision Fatigue, Emotional Dysregulation, Task Initiation","Can't Start, Task Initiation","Low Energy, Overwhelmed","Cleaning, Emotional Regulation, Task Initiation","Environmental Hack, Quick Fix",Task Simplification,,"Avoidant, Frozen",,,,,$,How to Keep House While Drowning by KC Davis,,,,,package-2,Include bin selection tips and transition strategies for getting back to regular washing,Yes
Emotion Art Therapy,Feeling Expression System,"**Grab paper and draw your emotions when words feel overwhelming.**

• Follow the basic steps
• Keep it simple
• Focus on what works for you","You're feeling a jumble of emotions after a difficult work meeting and can't explain what's going on. Instead of trying to talk it out, you grab paper and markers.

You draw jagged red lines for anger, a heavy blue circle for sadness, and small green spirals for anxiety. As you draw, your breathing slows, and the emotions feel more contained and manageable.",When emotions are too big for words,"Breaks Down Complexity, Emotional Regulation, Frees Up Working Memory",Overstimulated,Overwhelmed,"Being Kinder to Myself, Calming Down","Emotional Dysregulation, Task Structuring, Working Memory Failures",Anxiety Management,"Low Energy, Overstimulated, Overwhelmed",Emotional Regulation,Mindset Shift,"Reflective Practice, Visual",,"Avoidant, Frozen, Overthinking",,,,"Student, Working Professional",Free,The Anti-Planner by Dani Donovan,The Parents’ Guide to Art Therapy Techniques & Projects (applies to adults with ADHD too) ,https://www.additudemag.com/art-therapy-projects-activities-adhd-children/?srsltid=AfmBOop5-RiByg4QzbIYzyH3TQzmryyXbLY_xB54ajxL020-mZeys-IR,,,brush,Include color emotion guides and simple drawing prompts,Yes
Energy Flow Mapping,Personal Rhythm Tracker,"Track your energy levels throughout the day and schedule tasks accordingly to enhance productivity.  For example, if your brain is sharpest in the morning, prioritize challenging assignments during that time to maximize efficiency and reduce mental fatigue.","#### Example: Energy Tracking Table

| Time Block        | Energy Level | Notes                              |
|------------------|--------------|-------------------------------------|
| 7am–9am (Early AM) | 😐 Medium     | Waking up, better with breakfast    |
| 9am–11am (Mid AM)  | 🔥 High       | Best focus window, meds kick in     |
| 11am–2pm (Midday)  | 😴 Low        | Sluggish, meds tapering off         |
| 2pm–5pm (Afternoon)| 🙂 Medium     | Light tasks okay, needs music       |
| 5pm–8pm (Evening)  | 😐 Medium     | Second wind starts around 6:30pm    |
| 8pm–10pm (Late PM) | 🔻 Very low   | Not functional, best for rest       |

---

You're a student trying to prep for finals, but studying in the afternoon keeps backfiring, you’re zoning out and rereading the same paragraph.
After tracking your energy for a week, you realize your brain is sharpest from 9–11am, right after your meds kick in, and starts fading around 1pm.

Now you use your morning block for intense tasks like reading or essay writing, and move lighter stuff like flashcards or discussion posts to the afternoon. Your study time feels more productive, and less like a battle.",When you're fighting your natural rhythms,"Emotional Regulation, Executive Function Support, Externalizes Tasks",Burned out,Defeated,"Starting Something Hard, Staying focused","Executive Dysfunction, Task Initiation, Time Blindness","Can't Focus, Cannot Finish","Burnout, Low Energy, Wired but Tired","Time Planning, Work","Checklist, Routine, Tracking",Visual,,Frozen,,,,,Free,"Deep Work by Cal Newport, The Anti-Planner by Dani Donovan",The Complete Guide to Deep Work,https://www.todoist.com/inspiration/deep-work,,,battery-full,Create energy tracking templates and task-matching guides,Yes
Errand Batch Day,Weekly Efficiency System,"**Designate one day each week for all your errands and deliveries.**

• Follow the basic steps
• Keep it simple
• Focus on what works for you","You notice you're constantly running out for one-off errands, and it's draining your time and brainpower. So you choose Saturday as your ""Delivery Day.""

Now you batch everything: grocery pickup, pharmacy run, dry cleaning, post office, whatever needs doing. Getting it all done at once frees up the rest of your week and helps you feel more in control.",When errands feel scattered and time-consuming,"Externalizes Tasks, Freeing Up Working Memory, Reduces Decision Fatigue",Frustrated,Defeated,"Managing my schedule, Quick Task Management, Task Initiation","Decision Fatigue, Executive Dysfunction, Working Memory Failures","Can't Finish, Disorganized","Crash Recovery, Low Energy, Overstimulated","Decision Making, Time Planning",Routine,"Interactive, Task Simplification, Time Management",,Disorganized,,,,,Free,,,,,,package,Include errand batching strategies and route optimization tips,Yes
Evening Reset Routine,Closing Shift Routine,"**Create a simple list of 2-3 essential tasks to complete each evening, like loading the dishwasher or laying out tomorrow's clothes.**

• Follow the basic steps
• Keep it simple
• Focus on what works for you","You create a list of just 3 tasks: loading the dishwasher, wiping kitchen counters, and laying out tomorrow's clothes. Even when your working memory is depleted at the end of the day, you complete these tasks before bed, knowing morning-you will thank you for the clean kitchen and ready outfit.",When mornings consistently start chaotic,"Externalizes Tasks, Frees Up Working Memory, Minimizes Friction",Stuck,Overwhelmed,"Cleaning Up, Resetting My Space","Executive Dysfunction, Task Structuring, Working Memory Engagement","Can't Finish, Can't Start","Overwhelmed, Shutdown, Wired but Tired",Cleaning,"Checklist, Routine",Sensory,,Disorganized,,,,"Parent, Working Professional",Free,How to Keep House While Drowning by KC Davis,,,,,sunset,Create customizable closing duty checklists for different energy levels and executive function needs,Yes
Everything Shower Ritual,Comprehensive Self-Care Ritual,"Batch your grooming tasks into an ""everything shower"" to tackle multiple self-care activities at once.  Designate a specific time, like Sunday evening, to wash, shave, exfoliate, and pamper yourself, transforming it into a rejuvenating experience rather than a chore.","You've been putting off several grooming tasks because doing them individually feels tedious. You designate Sunday evening as ""everything shower"" time and do it all at once: wash and condition hair, shave, exfoliate, and use a face mask. Batching makes it feel like a spa experience rather than a chore.",When individual grooming tasks feel overwhelming,"Breaks Down Complexity, Cognitive Load Management, Executive Function Support",Drained,Stuck,"Being Kinder to Myself, Starting Something Hard","Decision Fatigue, Executive Dysfunction, Task Initiation","Can't Start, Task Initiation","Crash Recovery, Low Energy, Wired but Tired","Cleaning, Planning","Environmental Hack, Routine",Sensory,,"Avoidant, Frozen",,,,"Student, Working Professional",Free,,,,,,shower-head,Include everything shower checklists and timing suggestions,Yes
Evidence Journal,Success Documentation,"Document your achievements in a dedicated Evidence Journal, regardless of size. This practice helps combat self-doubt and reinforces your working memory by providing tangible proof of your capabilities.","You're sitting at your desk feeling like you'll never finish your project because 'you always fail' - a common thought pattern with ADHD's negative self-talk. Instead of spiraling, you open your Evidence Journal and read entries from the past month: 'I submitted three reports on time,' 'I figured out that complicated spreadsheet formula,' and 'I spoke up in the team meeting.' The concrete proof interrupts your negative thought cycle and reminds you that despite your executive function challenges, you ARE capable.",When self-doubt is undermining your confidence,"Breaks Down Complexity, Gamifies Action",Ashamed,Guilty,"Being Kinder to Myself, Finding motivation","Emotional Dysregulation, Executive Dysfunction, Working Memory Engagement","Rejection Sensitive, Spiraling","Crash Recovery, Overwhelmed, Wired but Tired","Decision Making, Emotional Regulation, Self-Compassion","Journal Prompt, Tracking","Interactive, Reflective Practice, Sensory Engagement",,"Discouraged, Overthinking",,,,Working Professional,Free,The Anti-Planner by Dani Donovan,,,,,book,Include prompts for different types of evidence and achievement categories,Yes
Exit Checklist Board,Never-Forget Door System,"Create a checklist of your essentials like phone, wallet, and keys to hang by your front door. This simple visual system helps combat working memory failures by providing an external reminder, ensuring you don’t leave without what you need.","You've been late to three appointments this month because you forgot your wallet or keys. Now, you have a small whiteboard by your door with checkboxes for 'Phone, Wallet, Keys, Water bottle, Meds.' Before leaving, you quickly scan the list and realize you left your wallet on the nightstand. This 5-second check saves you from driving back home halfway to your meeting.",When you consistently forget essentials when leaving,"Externalizes Tasks, Frees Up Working Memory, Provides External Structure",Forgetful,Stuck,"Overcoming Procrastination, Quick Task Management, Task Initiation","Task Initiation, Task Structuring, Working Memory Failures","Can't Start, Forgetful, Poor Time Estimation","Low Energy, Wired but Tired","Emotional Regulation, Work",Checklist,"Interactive, Task Simplification, Visual",,,,,,Working Professional,$,Reddit /r/ADHDWomen,,,,,list,Include customizable checklists for different types of outings,No
Expense Tracking Apps,Financial Management Tools,Use expense tracking apps to automatically categorize your spending and generate visual reports.,You want to understand where your money goes but manual budgeting feels overwhelming. You try an expense tracking app that automatically categorizes your purchases and shows visual spending reports. The automated tracking gives you financial awareness without the tedious manual work.,When financial tracking needs to be automated,Frees Up Working Memory,Frustrated,Defeated,"Managing Emotional Dysregulation, Quick Task Management, Task Initiation Support","Emotional Dysregulation, Executive Dysfunction, Working Memory Failures","Avoidant, Cant Finish",Overstimulated,"Planning, Time Planning",Checklist,"Interactive, Visual",,"Avoidant, Frozen",,,,,$,,,,,,smartphone,Include automation features and visual reporting benefits,No
External Accountability Boosters,Accountability Systems,"Create external pressure by telling someone your deadlines or joining a work group.  For example, you can text a friend, promising to send them your presentation slides by a certain time; knowing someone is keeping track of your progress can help you overcome resistance and stay focused.",You notice you've been putting off creating a presentation for weeks. You text your friend saying 'I'll send you the first three slides by 2pm today' and ask them to check in if they don't hear from you. Knowing someone is expecting your work creates just enough pressure to overcome the initial resistance.,When internal motivation isn't enough,"Creates Accountability, Externalizes Tasks, Gamifies Action",Drained,Stuck,"Staying focused, Task Initiation","Emotional Dysregulation, Inertia, Task Initiation","Can't Start, Poor Time Estimation","Low Energy, Wired but Tired","Time Planning, Work",Accountability,,,"Avoidant, Frozen",,,,Working Professional,Free,The Anti-Planner by Dani Donovan,,,,,trending-up,Include scripts for asking for accountability and app recommendations,No
Fake It Till You Make It,Confidence Building Strategy,"Act as if you already possess the confidence you seek. This strategy is particularly useful for tackling self-doubt, which can hinder task initiation and lead to time blindness.  Remember to incorporate small confidence-building exercises into your routine for consistent progress.","You're nervous about leading a meeting because you feel like you don't know what you're doing. Instead of focusing on your insecurity, you ask yourself 'How would a confident leader handle this?' and then act that way. The practice of confident behavior gradually builds real confidence.",When self-doubt is undermining your performance,"Emotional Regulation, Executive Function Support",Ashamed,Guilty,"Starting Something Hard, Staying focused","Emotional Dysregulation, Task Initiation, Time Blindness","Anxiety Management, Poor Time Estimation, Task Initiation","Shutdown, Wired but Tired","Emotional Regulation, Task Initiation, Work","Engaging Gamification, Gamification",Gamified,,"Avoidant, Frozen",,,,Working Professional,Free,,,,,,refresh-cw,"Include confidence-building exercises and ""as if"" behavior strategies",No
Fidget Tools,Sensory Regulation Aids,"Keep small fidget items like stress balls and fidget cubes handy to give your hands something to do while your mind engages. This strategy helps combat working memory failures, allowing you to concentrate better by providing the sensory input your brain craves.","You're in a long meeting and notice your mind wandering because you need to move. You discreetly squeeze a small stress ball under the table, which gives your body the sensory input it needs. With your hands occupied, you can actually focus on what's being discussed.",When you need movement or sensory input to focus,"Breaks Down Complexity, Frees Up Working Memory, Starts Small",Scattered,Overwhelmed,"Starting Something Hard, Staying focused","Emotional Dysregulation, Task Structuring, Working Memory Failures","Can't Focus, Disorganized, Poor Time Estimation","Overwhelmed, Wired but Tired","Sensory Management, Work","Checklist, Routine","Action-Oriented, Interactive, Sensory",,Overthinking,,Recently Moved,,Working Professional,$,,,,,,settings,Include fidget tool recommendations for different settings and sensory needs,No
File Organization Apps,Digital Decluttering Tools,"Use file organization apps to automatically sort and clean up digital clutter on your devices. This strategy helps combat executive dysfunction by reducing decision fatigue, allowing you to find files quickly and efficiently.",Your computer desktop has hundreds of files and you can never find anything. You use a file organization app that automatically sorts files into folders and removes duplicates. Having an organized digital space reduces stress and makes you more productive.,When digital clutter creates overwhelm,"Cognitive Load Management, Executive Function Support, Minimizes Friction",Scattered,Frustrated,"Cleaning Up, Focus Enhancement, Overcoming Procrastination","Decision Fatigue, Executive Dysfunction, Working Memory Failures","Cannot Finish, Disorganized",,"Cleaning, Focus Enhancement, Task Initiation Support",Checklist,"Interactive, Task Simplification",,"Disorganized, Frozen",,,,,$,,,,,,smartphone,Include organization features and maintenance strategies,No
Finance Apps,Money Management Tools,"**Use finance apps to automatically categorize your spending and set alerts for budget limits.**

• Follow the basic steps
• Keep it simple
• Focus on what works for you",You want to understand your spending but manual budgeting feels overwhelming. You set up a finance app that automatically categorizes your purchases and sends alerts when you're approaching budget limits. The automated tracking gives you financial awareness without tedious manual work.,When financial management needs automation,"Breaks Down Complexity, Frees Up Working Memory, Minimizes Friction",Frustrated,Defeated,"Managing my schedule, Planning my time","Executive Dysfunction, Time Blindness, Working Memory Failures","Avoidant, Cannot Finish","Shutdown, Wired but Tired",Planning,"Engaging Gamification, Gamification",Gamified,,"Avoidant, Discouraged, Frozen",,,,,$,,,,,,smartphone,Include budgeting features and spending awareness tools,No
Fitness Apps,Exercise Support Tools,"Use fitness apps that offer short, ADHD-friendly workouts to help manage feelings of overwhelm. These apps provide 10-15 minute sessions with a variety of exercises, making it easier to overcome task initiation barriers.",You want to exercise regularly but traditional gym routines feel boring and overwhelming. You find a fitness app with 10-15 minute varied workouts and visual progress tracking. The short sessions feel manageable and the variety keeps you engaged.,When traditional exercise routines feel overwhelming,"Creates Accountability, Gamifies Action",Drained,Stuck,"Focus Enhancement, Focused Task Execution, Task Initiation Support","Emotional Dysregulation, Task Initiation, Time Blindness","Can't Start, Sensory Overload",Low Energy,"Focus Enhancement, Task Initiation Support","Accountability, Gamification, Quick Fix","Interactive, Visual",,"Avoidant, Frozen, Time Blind",,,,,$,,,,,,smartphone,Include workout variety and motivation features,No
Flexible Bullet Journal,Adaptable Planning System,"**### ✨ Flexible Bullet Journal

Create a simple bullet journal using basic symbols to manage your tasks and notes.**

• Follow the basic steps
• Keep it simple
• Focus on what works for you","You've tried many planners but they all feel too rigid or complicated. You start a bullet journal with just the basics: daily task lists using bullet points, and a simple monthly calendar. The flexibility lets you adapt it when your needs change, and the simple format doesn't feel overwhelming.",When traditional planners feel too rigid or complicated,"Externalizes Tasks, Minimizes Friction, Provides External Structure",Frustrated,Defeated,"Managing my schedule, Planning my time, Task Initiation Support","Executive Dysfunction, Task Initiation, Time Blindness","Cannot Finish, Task Initiation","Crash Recovery, Low Energy, Wired but Tired","Planning, Time Planning",Gamification,"Gamified, Interactive",,"Disorganized, Overthinking",,,,,$,Bullet Journal method,,,,,book,Include setup instructions and ADHD-friendly adaptations,No
Focus Environment Blueprint,Environment Optimization,"Stop forcing your brain to focus in environments that drain your energy. Instead, figure out what works best for you—like natural light, background noise, or a comfortable posture.","You've been trying to write a report at your desk for hours but keep getting distracted. You realize you work best in the morning, with natural light, some background noise, and the ability to fidget. So you move to a table by the window, put on coffee shop sounds, grab a stress ball, and suddenly write three pages without checking your phone.",When your environment is sabotaging your focus,"Frees Up Working Memory, Minimizes Friction",Forgetful,Anxious,"Starting Something Hard, Staying focused","Environmental Cues, Task Structuring, Working Memory Engagement","Can't Focus, Forgetful, Sensory Overload","Overstimulated, Restless, Wired but Tired","Focus Enhancement, Sensory Management, Work",Environmental Hack,"Embodied, Sensory",Urban,Overthinking,,Recently Moved,,,Free,The Anti-Planner by Dani Donovan,,,,,crosshair,Include an environment assessment worksheet,No
Focus Flow Setup ,Workspace Customized for Your Brain ,"**Adjust your workspace by making small ergonomic changes, like raising your monitor and adjusting your chair height.**

• Follow the basic steps
• Keep it simple
• Focus on what works for you","You’ve been feeling distracted and physically uncomfortable at your desk, constantly shifting or getting up to move around. You realize your chair isn’t supportive, and your monitor sits too low.

So you raise your screen to eye level using a few stacked books, adjust your chair height, and swap your desk lamp for one with softer lighting.
You also try sitting in a cross-legged chair and alternate with a wobble stool when you need more movement.

With these small changes, your body feels more at ease, and focusing becomes a little less of a fight.",When physical discomfort is affecting focus,"Dopamine Activation, Externalizes Tasks, Frees Up Working Memory",Scattered,Overwhelmed,"Resetting My Space, Starting Something Hard, Staying focused","Environmental Cues, Working Memory Failures","Avoidant, Can't Focus, Disorganized","Low Energy, Overstimulated","Focus Enhancement, Sensory Management, Work",Environmental Hack,"Sensory, Visual",Work From Home,"Avoidant, Disorganized",,,,,"$$, Free",,,,,,briefcase,Include ergonomic setup guidelines and comfort optimization tips,Yes
Focus Fortress Builder,Personalized Soundscape System,"**Create a personalized soundscape by layering different audio elements to enhance your concentration.**

• Follow the basic steps
• Keep it simple
• Focus on what works for you",Low energy day: base layer only (rain sounds). Medium energy: add coffee shop sounds. High energy: add instrumental music. Create different 'fortress profiles' for different tasks and energy states.,When environmental noise disrupts focus,"Externalizes Tasks, Frees Up Working Memory, Gamifies Action",Overstimulated,Overwhelmed,"Starting Something Hard, Staying focused","Emotional Dysregulation, Task Structuring, Working Memory Engagement","Can't Focus, Forgetful, Sensory Overload","Low Energy, Overstimulated, Restless","Focus Enhancement, Sensory Management, Task Initiation Support",Playlist,,Urban,"Avoidant, Frozen",,,,,$,,,,,,crosshair,Creates layered soundscape system with energy-level matching,No
Focus-Friendly Command Center,Optimized Work Environment,"**Rearrange your desk to face a wall instead of a busy hallway to minimize distractions.**

• Follow the basic steps
• Keep it simple
• Focus on what works for you","You realize your desk faces a busy hallway and you get distracted every time someone walks by. You rearrange your workspace to face a wall, add a small plant for visual calm, keep a stress ball within reach, and organize your supplies in clear containers. Your focus improves dramatically.",When your workspace is working against your ADHD brain,"Gamifies Action, Minimizes Friction, Starts Small",Overstimulated,Overwhelmed,"Starting Something Hard, Staying focused","Environmental Cues, Task Initiation, Time Blindness","Can't Focus, Forgetful, Sensory Overload",Overstimulated,"Cleaning, Focus Enhancement, Task Initiation Support",Environmental Hack,"Gamified, Interactive",,Time Blind,,,,,$$,,,,,,crosshair,Include workspace setup guides and accommodation strategies,No
Food Delivery Apps,Convenience Nutrition Tools,"Strategically use food delivery apps when the thought of cooking feels overwhelming.  Budget for this as necessary support for managing ADHD, ensuring that it's a temporary solution rather than a fallback.","You're dealing with work stress and the thought of cooking feels overwhelming. Instead of skipping meals or feeling guilty, you order a healthy grain bowl from your favorite restaurant using a delivery app. You've budgeted for this as ""crisis food"" and know it's temporary support.",When cooking is temporarily impossible due to overwhelm,"Minimizes Friction, Reduces Decision Fatigue",Burned out,Defeated,"Managing Emotional Dysregulation, Overcoming Procrastination, Quick Task Management","Decision Fatigue, Emotional Dysregulation, Working Memory Engagement","Poor Time Estimation, Sensory Overload","Burnout, Low Energy, Overstimulated",Decision Making,Gamification,"Gamified, Sensory",,Overthinking,,,,,$$,,,,,,smartphone,Include healthy ordering strategies and budget planning tips,No
Food Prep Containers,Meal Organization System,"**Invest in high-quality, clear food storage containers to make meal prep and leftovers more appealing.**

• Follow the basic steps
• Keep it simple
• Focus on what works for you","You want to meal prep but your mismatched containers make it feel chaotic and unappealing. You buy a set of clear, stackable containers with secure lids. Now your prepped meals look organized and appetizing in the fridge, and you actually want to eat what you've prepared.",When food storage is disorganized and unappealing,"Externalizes Tasks, Minimizes Friction",Frustrated,Defeated,,"Executive Dysfunction, Time Blindness, Working Memory Engagement","Can't Finish, Disorganized","Frozen/Shut Down, Overwhelmed, Wired but Tired",Planning,Gamification,"Gamified, Visual",,"Avoidant, Frozen, Time Blind",,,,,$$,,,,,,settings,Include container selection criteria and organization tips,No
Fresh Start Effect,Temporal Landmark Strategy,"**### ✨ Fresh Starts Matter

Use natural fresh start moments like Mondays or the first of the month to initiate new habits or revive old ones.**

• Follow the basic steps
• Keep it simple
• Focus on what works for you","You've been wanting to restart your exercise routine but keep putting it off. Instead of starting on a random Wednesday, you wait until Monday (a natural fresh start) and frame it as 'This is the week I get back into fitness.' The fresh start timing makes the change feel more significant and doable.",When you need motivation to restart good habits,"Breaks Down Complexity, Frees Up Working Memory, Starts Small",Drained,Stuck,"Maintaining Focus, Task Initiation","Emotional Dysregulation, Task Initiation, Working Memory Engagement","Can't Start, Poor Time Estimation","Low Energy, Wired but Tired",,"Gamified, Routine",Gamified,,"Avoidant, Frozen",,,,,Free,,,,,,brush,Include fresh start timing strategies and habit restart techniques,No
Friday Afternoon Shutdown Ritual,Week Closure Routine,"**Create a consistent routine every Friday at 4pm to review your accomplishments and set priorities for the following week.**

• Follow the basic steps
• Keep it simple
• Focus on what works for you","Every Friday at 4pm, you spend 15 minutes writing down what you accomplished this week, making a short list of Monday priorities, and then closing your laptop with intention. This ritual helps you feel complete with the work week and transition to weekend relaxation without work thoughts lingering.",When work thoughts intrude on personal time,"Externalizes Tasks, Frees Up Working Memory, Provides External Structure",Frustrated,Defeated,"Focus Enhancement, Maintaining Focus, Task Initiation Support","Executive Dysfunction, Task Initiation, Time Blindness","Can't Finish, Task Initiation","Crash Recovery, Low Energy, Shutdown","Planning, Time Planning, Work",Routine,"Reflective Practice, Visual",,"Discouraged, Frozen",,,,,Free,,,,,,map,Include ritual ideas for different work situations and transition activities,No
Fridge Door Inventory Tracker,Freezer Contents List,"**Stick a whiteboard on your freezer door to track what’s inside without the hassle of digging through frozen chaos.**

• Follow the basic steps
• Keep it simple
• Focus on what works for you","You buy groceries and freeze half that chicken for ""later,"" only to discover it months later hidden under frozen vegetables. With your door tracker, you write ""2 chicken breasts (back left)"" when you put them in, and actually remember to use them before they get freezer burn.",When you forget what food you have stored,"Externalizes Tasks, Frees Up Working Memory",Forgetful,Hopeless,"Managing Emotional Dysregulation, Overcoming Procrastination, Quick Task Management","Time Blindness, Working Memory Failures","Forgetful, Time Blindness","Burnout, Crash Recovery, Overwhelmed",Self-Compassion,Checklist,Visual,,Discouraged,,,,,$,Reddit /r/ADHDWomen,,,,,refrigerator,Include template designs and magnetic whiteboard recommendations,No
Frozen Vegetables,Nutrition Without Effort,Keep frozen vegetables on hand to add easy nutrition to your meals. This strategy minimizes task initiation barriers by providing pre-washed and pre-chopped options that can be microwaved in minutes.,"You want to eat healthier but fresh vegetables often go bad before you use them, and chopping feels like too much work when you're tired. You stock your freezer with frozen broccoli, carrots, and mixed vegetables. Now you can add nutrition to any meal by microwaving a cup of vegetables in 2 minutes.",When fresh produce preparation feels overwhelming,"Minimizes Friction, Starts Small",Drained,Stuck,"Quick Task Management, Starting Something Hard, Task Initiation Support",Task Initiation,"Can't Start, Task Initiation","Crash Recovery, Low Energy, Overwhelmed","Task Initiation, Task Initiation Support",Checklist,"Incremental Motivation, Task Simplification",,"Discouraged, Frozen, Time Blind",,,,,$,,,,,,layout,Include cooking tips and nutritional comparisons with fresh vegetables,No
Future Self Check-In: Will This Matter?,Perspective Reality Check,"Take a deep breath and ask yourself, ""Will this matter in a week, month, or year?"" This quick reality check helps alleviate overwhelming feelings by breaking down complexity, essential for managing time blindness and emotional dysregulation.","You're panicking because you sent an email with a small typo to your boss. Your heart is racing and you can't stop thinking about how they'll judge you. Instead of spiraling, you ask: ""Will this typo matter in a month?"" Realizing it probably won't matter in a week helps your breathing slow down.",When small problems feel catastrophic,"Breaks Down Complexity, Frees Up Working Memory, Starts Small",Overwhelmed,Frustrated,"Being Kinder to Myself, Calming Down","Emotional Dysregulation, Time Blindness, Working Memory Engagement","Anxiety Management, Can't Start","Burnout, Overwhelmed","Emotional Regulation, Self-Compassion","Accountability, Mindset Shift, Quick Fix","Reflective Practice, Visual",,"Frozen, Overthinking",,,,,Free,The Anti-Planner by Dani Donovan,,,,,eye,Include perspective questions for different time frames and situations,No
Gaming Headsets,Immersive Focus Tools,"Use gaming headsets with excellent sound isolation to create an immersive audio environment that helps block distractions. This strategy is particularly useful for individuals with ADHD who struggle with time blindness and task initiation, as it signals your brain that it's time to concentrate.",You work in a noisy environment and regular headphones don't block enough sound to help you focus. You try a gaming headset with excellent sound isolation and noise cancellation. The immersive audio environment helps you get into a focused flow state more easily.,When environmental noise severely disrupts focus,Frees Up Working Memory,Overstimulated,Overwhelmed,"Starting Something Hard, Staying focused","Task Initiation, Time Blindness, Working Memory Engagement","Can't Focus, Sensory Overload, Time Blind","Overstimulated, Overwhelmed","Time Planning, Work","Accountability, Gamification, Mindset Shift","Interactive, Sensory","Rural, Urban","Avoidant, Frozen",,,,,$$,,,,,,home,Include headset features for focus and comfort considerations,No
Gentle Alarm Sounds,Sensory-Friendly Wake-Up,"Use soft, gradually increasing alarm sounds to replace harsh beeps. This strategy can help reduce morning anxiety and improve task initiation for those with ADHD by allowing you to wake up more calmly. Consider incorporating wake-up light options for an even gentler transition to the day.",You've been using a harsh beeping alarm that makes you wake up feeling anxious and jarred. You switch to a gentle chime sound that gradually increases in volume. Now you wake up feeling calmer and more ready to start your day instead of immediately stressed.,When harsh alarms create morning anxiety,"Emotional Regulation, Minimizes Friction",Stuck,Overwhelmed,"Calming Down, Starting Something Hard","Decision Fatigue, Emotional Dysregulation, Task Initiation","Anxious, Can't Start, Sensory Overload","Low Energy, Overwhelmed, Wired but Tired","Emotional Regulation, Time Planning",Gamification,"Gamified, Sensory",,,,,,,Free,,,,,,alarm-clock,Include alarm sound recommendations and wake-up light options,No
Get Dressed,Daily Activation Ritual,"Change out of pajamas into real clothes to shift your mindset from “rest mode” to “action mode.” This simple act helps combat task initiation issues often faced by those with ADHD, making it easier to tackle daily activities.","You're working from home and notice you've been in pajamas until 2pm, feeling sluggish and unmotivated. You take 5 minutes to put on jeans and a t-shirt. The simple act of getting dressed makes you feel more alert and ready to be productive.",When staying in pajamas is affecting your motivation,"Frees Up Working Memory, Minimizes Friction",Drained,Stuck,"Staying focused, Task Initiation","Emotional Dysregulation, Inertia, Task Initiation","Can't Start, Poor Time Estimation","Crash Recovery, Low Energy, Wired but Tired","Focus Enhancement, Task Initiation Support",Gamification,"Gamified, Interactive",Work From Home,,,,,,Free,,,,,,repeat,Include clothing suggestions for different work-from-home situations,No
Give Yourself a Deadline,Artificial Urgency Creation,"**Set artificial deadlines for tasks that lack urgency.**

• Follow the basic steps
• Keep it simple
• Focus on what works for you",You've been meaning to update your resume for months but keep putting it off because there's no urgency. You schedule a coffee meeting with a mentor for next week and tell them you'll bring your updated resume to get feedback. Now you have a real deadline that motivates you to actually work on it.,When tasks without deadlines keep getting postponed,"Externalizes Tasks, Gamifies Action",Drained,Stuck,"Overcoming Procrastination, Staying focused, Task Initiation","Inertia, Time Blindness, Working Memory Engagement","Can't Start, Poor Time Estimation","Burnout, Low Energy, Wired but Tired","Time Planning, Work","Accountability, Challenge, Gamification",Gamified,,,,Job Search,,Working Professional,Free,The Anti-Planner by Dani Donovan,,,,,calendar-x,Include deadline creation strategies and accountability methods,No
Good Enough is Good Enough,Perfectionism Release,"**Choose ""good enough"" instead of perfect to help you overcome perfectionism.**

• Follow the basic steps
• Keep it simple
• Focus on what works for you","You've been editing the same email for 20 minutes, rewriting sentences to make them ""perfect."" You catch yourself and think 'Good enough is good enough - this email clearly communicates what I need to say.' You send it and move on to other tasks instead of spending another 20 minutes perfecting it.",When perfectionism is preventing task completion,"Frees Up Working Memory, Gamifies Action, Reduces Decision Fatigue",Stuck,Overwhelmed,"Focus Enhancement, Overcoming Procrastination, Task Initiation","Decision Fatigue, Perfectionism, Working Memory Engagement","Can't Decide, Can't Finish","Burnout, Shutdown, Wired but Tired","Decision Making, Focus Enhancement, Task Initiation",Gamification,"Gamified, Sensory",,,,Recently Moved,,,Free,The Anti-Planner by Dani Donovan,,,,,refresh-cw,"Include perfectionism recognition signs and ""good enough"" standards for different tasks",No
Google Calendar Time Blocking,Visual Schedule Management,"**Block time in your calendar for specific activities, just like you would for meetings.**

• Follow the basic steps
• Keep it simple
• Focus on what works for you",You keep meaning to exercise but it never happens because you don't plan for it. You start blocking out 'Gym: 6-7pm' in your Google Calendar just like you would for a work meeting. Seeing it scheduled makes you more likely to protect that time and actually go.,When important activities get squeezed out by other commitments,"Externalizes Tasks, Frees Up Working Memory",Frustrated,Defeated,"Managing my schedule, Planning my time, Task Initiation Support","Executive Dysfunction, Task Structuring, Time Blindness","Can't Finish, Task Initiation","Overstimulated, Wired but Tired","Planning, Time Planning",Gamification,"Gamified, Interactive",,,,,,Working Professional,Free,,,,,,calendar,Include time blocking strategies and calendar optimization tips,No
GPS Navigation Apps,Travel Support Tools,"**Use GPS navigation apps for every trip, even on familiar routes, to receive real-time traffic updates and accurate arrival times.**

• Follow the basic steps
• Keep it simple
• Focus on what works for you","You're always anxious about being late because you're bad at estimating travel time, even for familiar routes. You start using GPS navigation for every trip, which gives you real-time traffic updates and accurate arrival times. Having reliable timing information reduces your travel anxiety significantly.",When travel timing creates anxiety and planning challenges,"Breaks Down Complexity, Creates Accountability, Gamifies Action",Anxious,Stressed,"Managing my schedule, Planning my time, Task Initiation Support",Time Blindness,"Anxiety Management, Can't Start, Poor Time Estimation","Crash Recovery, Low Energy, Wired but Tired","Planning, Time Planning",Gamification,Gamified,,,,,,,Free,,,,,,smartphone,Include navigation features and backup route planning,No
Grime & Punishment,Cleaning Hero Game,"**Transform cleaning into a fun quest by imagining you're a hero tackling the villain 'Grime.**

• Follow the basic steps
• Keep it simple
• Focus on what works for you","You're facing a kitchen with piles of dirty dishes. Instead of getting overwhelmed, you imagine you're a detective at a 'crime scene' where the villain 'Grime' has struck. As you clean each area, you're gathering evidence and solving the case, making satisfying progress instead of just doing a boring chore.",When cleaning feels boring and overwhelming,"Breaks Down Complexity, Frees Up Working Memory, Gamifies Action",Drained,Stuck,"Cleaning Up, Resetting My Space, Task Initiation","Executive Dysfunction, Task Initiation, Working Memory Engagement","Can't Start, Disorganized",Low Energy,"Cleaning, Emotional Regulation, Task Initiation","Challenge, Gamified, Mindset Shift","Gamified, Interactive",,,,,,,Free,The Anti-Planner by Dani Donovan,,,,,broom,"Add character backstories and ""evidence collection"" tracking sheets",No
Grocery Apps,Shopping Support Tools,"Use grocery apps to create organized shopping lists and navigate stores efficiently. This strategy helps combat decision fatigue and improves task initiation, making grocery shopping less overwhelming.","You find grocery shopping overwhelming and often forget items or buy things you don't need. You start using a grocery app that helps you make organized lists, suggests meal ideas, and even shows store layouts. Shopping becomes more efficient and less stressful.",When grocery shopping feels chaotic and overwhelming,"Externalizes Tasks, Frees Up Working Memory, Reduces Decision Fatigue",Stuck,Overwhelmed,"Focus Enhancement, Overcoming Procrastination, Quick Task Management","Decision Fatigue, Task Initiation, Working Memory Engagement",Avoidant,"Low Energy, Overwhelmed, Wired but Tired",,"Checklist, Routine","Sensory, Task Simplification, Time Management",,,,,,,$,,,,,,shopping-cart,Include shopping efficiency features and meal planning integration,No
Habit Anchor System,Routine Building Chain,"Attach new habits to those you already do well to boost your chances of sticking with them.  For example, take your vitamins right after brushing your teeth to create a seamless daily anchor and improve task initiation.","You want to start taking vitamins daily but keep forgetting. You decide to take them right after brushing your teeth in the morning, since you already brush consistently. The established tooth-brushing habit becomes the anchor that reminds you to take vitamins.",When you want to build new habits consistently,"Breaking Down Complexity, Externalizes Tasks, Starts Small",Forgetful,Ashamed,"Managing my schedule, Planning my time, Task Initiation Support","Task Structuring, Working Memory Failures","Avoidant, Forgetful, Poor Time Estimation","Crash Recovery, Low Energy, Wired but Tired","Planning, Time Planning",Routine,"Incremental Engagement, Time Management",,,,,,,Free,,,,,,repeat,Include anchor habit examples and chain-building strategies,No
Habit Stacking,Routine Linking Strategy,"Attach new habits to existing ones by creating a chain, like saying, ""After I brush my teeth, I'll take my vitamins."" This strategy leverages working memory by linking new behaviors to established routines, making them easier to remember.","You want to start taking vitamins daily but keep forgetting. You decide to link it to brushing your teeth: 'After I brush my teeth in the morning, I'll immediately take my vitamins.' Since you already brush your teeth consistently, the vitamin becomes part of that established routine.",When you want to build new habits,"Breaks Down Complexity, Externalizes Tasks, Frees Up Working Memory",Forgetful,Ashamed,"Managing my schedule, Planning my time, Task Initiation Support",Working Memory Failures,"Forgetful, Poor Time Estimation, Task Initiation",Wired but Tired,"Planning, Time Planning",Routine,"Interactive, Task Simplification, Time Management",,,,,,,Free,,,,,,repeat,Include habit stacking examples and chain-building strategies,No
Habit Tracking Apps,Behavior Support Tools,"**Use habit tracking apps to make building routines more engaging and rewarding.**

• Follow the basic steps
• Keep it simple
• Focus on what works for you",You want to build better daily habits but keep forgetting or losing motivation. You try a habit tracking app that shows visual streaks and celebrates milestones. Seeing your progress visually and getting digital rewards helps maintain motivation for building routines.,When building habits needs visual reinforcement,"Creates Accountability, Dopamine Activation",Forgetful,Ashamed,"Managing my schedule, Planning my time, Quick Task Management",Working Memory Failures,"Disorganized, Poor Time Estimation, Task Initiation",Low Energy,"Planning, Time Planning","Gamified, Routine","Gamified, Incremental Motivation, Visual",,,,,,,$,,,,,,info,Include motivating features and habit selection strategies,No
Hammock Reset,Nervous System Reset,"**Escape to a hammock for 15-30 minutes to help your brain reset when feeling overwhelmed.**

• Follow the basic steps
• Keep it simple
• Focus on what works for you","You've been bombarded with emails, calls, and people asking questions all morning, and your brain feels like static. Instead of pushing through, you step outside to your hammock for 20 minutes. As you sway gently, you notice your breathing slow down and your thoughts become clearer. You return inside actually able to focus.",When you're overstimulated and need a reset,"Frees Up Working Memory, Meets You Where You Are, Provides External Structure",Overstimulated,Overwhelmed,"Calming Down, Overcoming Procrastination, Resetting My Space","Emotional Dysregulation, Time Blindness, Working Memory Engagement","Avoidant, Sensory Overload","Low Energy, Overstimulated, Overwhelmed","Emotional Regulation, Sensory Management",Checklist,"Embodied, Sensory",,,,,,,$,Reddit /r/ADHDWomen,,,,,settings,Suggest alternatives like rocking chairs or swings for those without hammocks,No
Hang Pants on Shower Rings,Closet Hack System,"**Use shower curtain rings to hang your pants in the closet instead of folding them.**

• Follow the basic steps
• Keep it simple
• Focus on what works for you","You've been avoiding putting away clean laundry for three days because folding pants is tedious. Instead of letting the pile grow, you grab a pack of shower rings from the dollar store, clip them onto a hanger, and loop each pant through a ring by the belt loops. Five minutes later, your pants are hung up, visible, and your floor is clear.",When traditional organization methods feel too complicated,"Externalizes Tasks, Frees Up Working Memory",Drained,Stuck,"Cleaning Up, Overcoming Procrastination, Resetting My Space",Task Initiation,"Can't Start, Task Initiation","Crash Recovery, Low Energy, Wired but Tired","Cleaning, Task Initiation",Gamification,"Gamified, Sensory",,,,,,,$,Reddit /r/ADHD,,,,,battery,Include other unconventional organization hacks for different clothing types,No
Health Tracking Apps,Wellness Monitoring Tools,"Use health tracking apps to log your sleep, exercise, mood, and symptoms. This strategy helps you recognize patterns that may affect your ADHD symptoms, reducing decision fatigue by providing clear data.","You notice your ADHD symptoms vary day to day but can't figure out why. You start using a health tracking app to log sleep quality, exercise, mood, and focus levels. After a few weeks, you see patterns - you focus better after good sleep and exercise, which helps you prioritize these activities.",When you need data to understand your ADHD patterns,"Breaking Down Complexity, Cognitive Load Management, Executive Function Support",Frustrated,Defeated,"Focus Enhancement, Managing Emotional Dysregulation, Task Initiation Support","Decision Fatigue, Executive Dysfunction, Task Initiation","Can't Finish, Task Initiation","Low Energy, Wired but Tired",Planning,Checklist,Visual,,,,,,,$,,,,,,footprints,Include tracking categories and pattern recognition strategies,No
Help-Asking Script,Request Help Template,"**Write down who can help and what you need from them.**

• Follow the basic steps
• Keep it simple
• Focus on what works for you","You've been struggling with a work project for days and feel paralyzed. Instead of continuing to suffer, you take 5 minutes to write: ""Hey [supervisor's name], I'm working on the quarterly report and I'm stuck on the data visualization section. Could we schedule 15 minutes to go over it together?""",When you need help but don't know how to ask,"Externalizes Tasks, Starts Small",Stuck,Overwhelmed,"Maintaining Focus, Overcoming Procrastination, Starting Something Hard","Emotional Dysregulation, Task Initiation","Anxious, Can't Start","Burnout, Low Energy","Emotional Regulation, Time Planning",Checklist,Visual,,,,,,,Free,The Anti-Planner by Dani Donovan,,,,,help-circle,Include templates for different types of help requests,No
Home Automation,Friction Reduction Technology,"Set up smart home devices to manage routine activities like turning lights on/off and adjusting the thermostat. This strategy reduces decision fatigue by automating simple tasks, making it easier to stay organized and focused.","You often forget to turn off lights or adjust the thermostat, which wastes energy and creates small daily frustrations. You set up smart home automation that turns lights off automatically and adjusts temperature based on your schedule. The automation removes these small daily decisions and tasks.",When routine tasks create unnecessary mental load,"Breaks Down Complexity, Externalizes Tasks, Minimizes Friction",Forgetful,Scattered,"Managing my schedule, Planning my time, Task Initiation Support","Decision Fatigue, Task Structuring, Working Memory Failures","Disorganized, Forgetful",,"Planning, Work","Environmental Hack, Routine","Interactive, Task Simplification",,,,,,,$$$,,,,,,home,Include automation ideas for different home areas and budget considerations,No
Hooks Everywhere,Accessibility Organization,"**Install hooks in strategic locations throughout your home for items you frequently misplace, like keys and bags.**

• Follow the basic steps
• Keep it simple
• Focus on what works for you","You constantly lose your keys because you drop them wherever when you come home. You install a decorative hook right by your front door and make it a rule to hang your keys there immediately upon entering. The hook is visible and convenient, making it easier to hang keys than to drop them on the counter.",When frequently used items get misplaced,"Frees Up Working Memory, Minimizes Friction, Starts Small",Forgetful,Ashamed,"Cleaning Up, Quick Task Management, Task Initiation Support","Environmental Cues, Task Initiation, Working Memory Failures","Can't Focus, Disorganized, Task Initiation","Burnout, Crash Recovery, Low Energy","Cleaning, Planning","Checklist, Gamified",Gamified,,,,,,,$,,,,,,home,Include hook placement strategies and item-specific recommendations,No
Hydration Hero Challenge,Gamified Hydration System,"**Turn hydration into a daily quest! Place water bottles in strategic locations with different colored bands.**

• Follow the basic steps
• Keep it simple
• Focus on what works for you","Monday: place 5 water bottles around your space with different colored bands (red-kitchen, blue-desk, green-car, etc.). Each empty bottle earns points. End-of-day score: 4/5 locations unlocked - tomorrow's goal is 5/5!",When dehydration is worsening ADHD symptoms,"Breaks Down Complexity, Externalizes Tasks, Gamifies Action",Forgetful,Ashamed,"Focus Enhancement, Quick Task Management, Task Initiation Support","Environmental Cues, Task Structuring, Working Memory Failures","Disorganized, Poor Time Estimation, Task Initiation","Low Energy, Overwhelmed, Restless","Planning, Work","Challenge, Engaging Gamification, Gamification",Gamified,,,,,,,$,,,,,,trophy,Adds location-based unlocking game with colored bands,No
Hydration Tracking Apps,Health Monitoring Tools,"**Use hydration tracking apps to set reminders and visualize your water intake.**

• Follow the basic steps
• Keep it simple
• Focus on what works for you",You often get headaches and feel foggy but realize you're probably dehydrated because you forget to drink water. You use a hydration tracking app that sends reminders and shows visual progress toward your daily goal. Staying properly hydrated helps you feel more alert and focused.,When dehydration is affecting cognitive function,"Frees Up Working Memory, Gamifies Action",Forgetful,Ashamed,"Managing my schedule, Planning my time, Task Initiation Support","Decision Fatigue, Task Initiation, Working Memory Failures","Disorganized, Poor Time Estimation, Task Initiation",,"Planning, Time Planning",Gamification,"Gamified, Interactive",,,,,,,$,,,,,,volume-2,Include hydration goal setting and reminder customization,No
Hyperfocus Surfing,Productive Hyperfocus Management,"**Channel your hyperfocus into productive tasks when it arises.**

• Follow the basic steps
• Keep it simple
• Focus on what works for you","You feel hyperfocus kicking in while browsing social media and realize you're about to lose 3 hours. Instead of fighting it, you quickly redirect to organizing your digital photos or researching that work project you've been putting off. You still hyperfocus, but on something that actually benefits you.",When hyperfocus energy can be channeled productively,"Frees Up Working Memory, Gamifies Action, Starts Small",Forgetful,Wired,"Starting Something Hard, Staying focused","Inertia, Time Blindness, Working Memory Engagement","Can't Focus, Forgetful, Poor Time Estimation","Restless, Wired but Tired","Focus Enhancement, Task Initiation Support",Gamification,"Gamified, Sensory",,,,,,,Free,,,,,,crosshair,Include redirection strategies and productive hyperfocus targets,No
"I Don't Want To, But I'm Going To",Motivation Override Phrase,"""  By verbalizing your intention, you activate your working memory, making it easier to push through the initial resistance and start tasks—like tackling that pile of dishes—despite low motivation.","You're staring at a pile of dishes feeling zero motivation to wash them. Instead of waiting for motivation to strike, you say out loud: 'I don't want to wash dishes, but I'm going to.' The phrase gives you permission to feel unmotivated while still taking action.",When you need to act despite lacking motivation,"Dopamine Activation, Frees Up Working Memory, Minimizes Friction",Drained,Stuck,"Cleaning Up, Overcoming Resistance, Task Initiation","Inertia, Task Initiation, Working Memory Engagement","Avoidant, Can't Start",Low Energy,"Cleaning, Task Initiation",Gamification,"Gamified, Interactive",,,,,,,Free,The Anti-Planner by Dani Donovan,,,,,refresh-cw,Include variations of the phrase and motivation-independent action strategies,No
If/Then Planning,Conditional Action Planning,"Create specific if/then plans for common ADHD challenges. For example, “If I feel overwhelmed, then I’ll take a 5-minute walk.” This strategy helps combat decision fatigue and automates helpful responses, making it easier to manage feelings of being stuck or anxious.","You notice you often get stuck when you feel overwhelmed and don't know what to do. You create if/then plans: 'If I feel scattered, then I'll do a 2-minute brain dump,' 'If I'm procrastinating, then I'll set a 10-minute timer,' 'If I'm anxious, then I'll do 5 deep breaths.' Now you have automatic responses ready.",When you need predetermined responses to common challenges,"Breaking Down Complexity, Frees Up Working Memory, Minimizes Friction",Stuck,Overwhelmed,"Starting Something Hard, Staying focused","Decision Fatigue, Executive Dysfunction, Task Initiation","Anxiety Management, Cannot Finish","Burnout, Overstimulated","Emotional Regulation, Task Initiation Support",Gamification,"Gamified, Visual",,,,,,,Free,,,,,,map,Include if/then templates for common ADHD situations,No
Inbox Zero,Email Management System,"### ✉️ Email Management Made Easy
Process emails immediately using the 4 D's: delete, delegate, do, or defer.","Your inbox has 847 unread emails and you feel paralyzed by the volume. You start with today's emails and apply the 4 D's: delete newsletters you don't read, delegate a request to a colleague, immediately reply to a quick question, and move an important but non-urgent email to your 'Action' folder.",When email overwhelm is affecting productivity,"Externalizes Tasks, Minimizes Friction",Frustrated,Defeated,Quick Task Management,Executive Dysfunction,"Avoidant, Can't Finish","Burnout, Crash Recovery, Overwhelmed","Emails, Focus Enhancement, Task Initiation Support","Gamification, Quick Fix",Gamified,,,,Recently Moved,,Working Professional,Free,,,,,,check-circle,Include email organization tips and automation suggestions,No
Instant Calm Breathing,Quick Regulation Technique,"Quickly regulate your anxiety with effective breathing methods. Use 4-7-8 breathing to inhale for 4 counts, hold for 7, and exhale for 8 to help clear your mind and improve working memory when feeling overwhelmed.  After just a few rounds, you'll find it easier to focus and manage your emotions.","You're feeling anxious before a meeting and notice your heart racing. You do 4-7-8 breathing: inhale for 4 counts, hold for 7, exhale for 8. After just 3 rounds, your heart rate slows and you feel more centered and ready for the meeting.",When you need quick anxiety or overwhelm relief,"Emotional Regulation, Externalizes Tasks, Frees Up Working Memory",Overstimulated,Overwhelmed,"Being Kinder to Myself, Calming Down","Emotional Dysregulation, Task Initiation, Working Memory Engagement","Anxiety Management, Poor Time Estimation","Overstimulated, Overwhelmed","Emails, Emotional Regulation","Mindset Shift, Quick Fix, Routine","Mindful Awareness, Reflective Practice",,,,,,Working Professional,Free,,,,,,wind,Include different breathing techniques and when to use each one,No
Instant Pot,One-Pot Cooking Solution,"**Use a pressure cooker to simplify cooking by allowing you to dump ingredients in, set the timer, and walk away.**

• Follow the basic steps
• Keep it simple
• Focus on what works for you","You want to make healthy meals but often forget about food cooking on the stove and end up burning it. You get an Instant Pot and start making one-pot meals - throw in chicken, vegetables, and broth, set it for 20 minutes, and walk away. When it beeps, you have a complete meal without having to monitor it.",When traditional cooking requires too much attention,"Frees Up Working Memory, Gamifies Action, Starts Small",Forgetful,Stressed,,Working Memory Failures,"Forgetful, Poor Time Estimation","Burnout, Crash Recovery",Work,Gamification,"Gamified, Sensory",,,,,,,$$,,,,,,home,Include beginner-friendly recipes and safety tips,No
Interruptions & Interventions,Focus Protection Strategy,"**Track your distractions and pair each one with a specific solution to enhance focus.**

• Follow the basic steps
• Keep it simple
• Focus on what works for you","You notice that phone notifications constantly pull your attention away. On your list, you write: 
- Phone notifications → Use Focus Mode and place phone in another room during deep work time.

You realize you lose hours to YouTube rabbit holes. You add:
- YouTube → Install a browser extension that hides recommendations.

Over time, this list becomes your personal cheat sheet for handling distractions before they derail you.",When specific distractions keep derailing you,"Emotional Regulation, Externalizes Tasks, Minimizes Friction",Scattered,Overwhelmed,"Overcoming Procrastination, Staying focused, Task Initiation","Decision Fatigue, Emotional Dysregulation, Working Memory Engagement","Can't Focus, Forgetful, Sensory Overload","Overstimulated, Wired but Tired","Emotional Regulation, Focus Enhancement, Work","Accountability, Journal Prompt",Visual,Work From Home,,,,,,Free,The Anti-Planner by Dani Donovan,,,,,sliders,Provide common distraction categories and solution templates,Yes
Invisible Finish Line,Completion Visualization,Imagine yourself completing the task and the relief that follows. This strategy helps combat low motivation and encourages task initiation by focusing on the positive feelings associated with finishing.  Use this visualization to spark your motivation and push past time blindness.,"You're avoiding calling your insurance company because phone calls feel awful. Instead of focusing on the dreaded conversation, you imagine how relieved and accomplished you'll feel when it's over and you can cross it off your list. That feeling of completion motivates you to pick up the phone.",When the end result is more motivating than the process,"Frees Up Working Memory, Gamifies Action, Starts Small",Drained,Stuck,"Focus Enhancement, Overcoming Procrastination, Task Initiation Support","Task Initiation, Time Blindness, Working Memory Engagement","Can't Start, Poor Time Estimation","Burnout, Low Energy","Focus Enhancement, Task Initiation Support, Time Planning",Gamification,"Gamified, Interactive",,,,,,,Free,The Anti-Planner by Dani Donovan,,,,,refresh-cw,Include visualization techniques for different types of tasks,No
It's Not That Deep,Perspective Reminder,"Pause and remind yourself that it's not a big deal.  It’s crucial for managing overwhelming feelings and enhances your working memory by freeing up mental space to refocus on what truly matters. Use it when small problems loom large, and remember: everyone makes mistakes!",You send an email with a typo to your boss and immediately start panicking that they'll think you're unprofessional and incompetent. You catch yourself spiraling and think 'It's not that deep - it's just a typo. Everyone makes them.' This simple phrase helps you zoom out from the catastrophic thinking.,When small problems feel catastrophically large,"Breaking Down Complexity, Emotional Regulation, Frees Up Working Memory",Overwhelmed,Frustrated,"Being Kinder to Myself, Calming Down","Decision Fatigue, Emotional Dysregulation, Working Memory Engagement","Anxiety Management, Can't Decide, Emotional Regulation","Burnout, Overwhelmed","Emotional Regulation, Self-Compassion",Gamification,"Gamified, Visual",,,,,,,Free,The Anti-Planner by Dani Donovan,,,,,brain,Include perspective-checking questions and reality-testing techniques,No
Jar of Awesome,Achievement Collection System,"**Create a physical jar where you drop in notes about your achievements, like compliments and completed tasks.**

• Follow the basic steps
• Keep it simple
• Focus on what works for you","You're having a rough week and feeling like nothing ever goes right. You open your Jar of Awesome and read notes like 'Finished project early,' 'Coworker said my presentation was helpful,' and 'Made it to the gym 3 times this week.' The concrete evidence of good things helps counter your negative mood.",When you need reminders of your successes and positive moments,"Breaks Down Complexity, Externalizes Tasks, Gamifies Action",Ashamed,Guilty,"Being Kinder to Myself, Finding motivation","Emotional Dysregulation, Time Blindness, Working Memory Engagement","Poor Time Estimation, Spiraling",Shutdown,Self-Compassion,Gamified,Gamified,,,,,,Working Professional,$,The Anti-Planner by Dani Donovan,,,,,layout,Include note-writing prompts and jar decoration ideas,No
Journaling Apps,Reflection Support Tools,"**Use journaling apps with prompts to help process emotions and improve self-awareness.**

• Follow the basic steps
• Keep it simple
• Focus on what works for you",You want to process your emotions better but staring at a blank journal page feels overwhelming. You try a journaling app that provides daily prompts like 'What went well today?' and 'How are you feeling?' The guided questions make it easier to start writing and reflect on your experiences.,When emotional processing needs structured support,"Creates Accountability, Externalizes Tasks, Provides External Structure",Overwhelmed,Frustrated,"Calming Down, Managing Emotional Dysregulation, Task Initiation Support","Emotional Dysregulation, Task Initiation, Working Memory Engagement","Anxious, Task Initiation",Overstimulated,"Emotional Regulation, Self-Compassion","Accountability, Checklist, Routine",,,,,,,,$,,,,,,hand,Include journaling prompt ideas and mood tracking benefits,No
Joy-Pairing: Make Dreaded Tasks Enjoyable,Task Joy-Pairing,"**Pair tasks you dislike with enjoyable activities to make them less daunting.**

• Follow the basic steps
• Keep it simple
• Focus on what works for you","You've been putting off organizing your digital files for weeks because it feels boring. You decide to create a special ""File Organization"" playlist with your favorite upbeat songs and only allow yourself to listen to it while sorting files. The music makes the task enjoyable, and you actually look forward to organizing sessions.",When tasks feel boring and unmotivating,"Dopamine Activation, Externalizes Tasks, Frees Up Working Memory",Drained,Stuck,"Cleaning Up, Overcoming Procrastination, Resetting My Space","Inertia, Task Initiation","Avoidant, Can't Start","Crash Recovery, Low Energy, Wired but Tired","Cleaning, Emotional Regulation, Task Initiation","Checklist, Gamification, Routine",Gamified,,,,,,,Free,The Anti-Planner by Dani Donovan,,,,,check-square,Create pairing suggestion lists for common dreaded tasks,No
Junk Drawer,Designated Chaos Zone,"**Designate one drawer as your official ""junk drawer"" where random items can temporarily live.**

• Follow the basic steps
• Keep it simple
• Focus on what works for you","You have random items - batteries, rubber bands, spare keys, receipts - that don't have obvious homes and end up cluttering your counters. You designate one kitchen drawer as the official junk drawer where these items can live. Now your counters stay clearer because random stuff has a designated place to go.",When miscellaneous items create clutter,"Frees Up Working Memory, Minimizes Friction, Starts Small",Scattered,Frustrated,"Cleaning Up, Resetting My Space","Executive Dysfunction, Task Structuring, Working Memory Engagement","Cannot Finish, Disorganized",Wired but Tired,"Cleaning, Task Initiation Support",Checklist,Sensory,,,,,,,Free,,,,,,battery,Include junk drawer organization tips and periodic cleanout strategies,No
Just Do Something,Momentum Building Strategy,"### ⚡ Start Small to Build Momentum

  By taking small actions, you activate motivation and gradually build momentum, making larger tasks feel more manageable.","You need to clean your entire messy bedroom but feel completely overwhelmed. Instead of trying to tackle everything, you commit to just putting away 5 items. After doing that, you feel slightly more motivated and decide to make the bed too. Small actions start building momentum.",When task paralysis is preventing any progress,"Gamifies Action, Starts Small",Stuck,Overwhelmed,"Cleaning Up, Resetting My Space, Task Initiation",Task Initiation,Can't Start,"Crash Recovery, Low Energy, Overwhelmed","Cleaning, Task Initiation",Gamification,"Gamified, Interactive",,,,,,,Free,The Anti-Planner by Dani Donovan,,,,,fast-forward,Include micro-action suggestions for common stuck situations,No
Just Start Anywhere,Perfectionism Override,"Give yourself permission to start anywhere, even if it feels like the wrong place. This approach tackles task initiation challenges by allowing you to bypass the pressure of perfectionism.","You need to write a report but feel paralyzed because you don't know how to start the introduction. Instead of staring at a blank page, you skip to the middle and write about the part you understand best. Once you have some words on the page, writing the introduction feels less intimidating.",When perfectionism is preventing you from starting,"Dopamine Activation, Minimizes Friction, Starts Small",Stuck,Overwhelmed,"Maintaining Focus, Overcoming Procrastination, Task Initiation","Decision Fatigue, Perfectionism, Task Initiation","Can't Decide, Can't Start","Burnout, Overwhelmed, Shutdown","Task Initiation, Work","Checklist, Gamified",Gamified,,,,,,,Free,The Anti-Planner by Dani Donovan,,,,,brush,Include starting strategies for different types of tasks,No
Keep Snacks Everywhere,Distributed Food Strategy,"Store non-perishable snacks in various spots like your car, desk drawer, and bag.  Keep your energy up and maintain focus by ensuring you always have immediate food options available, making it easier to tackle your day without interruption.","You often get so focused on work that you forget to eat lunch, then feel shaky and irritable by 3pm. You keep granola bars in your desk drawer, crackers in your car, and nuts in your bag. Now when hunger strikes, you have immediate options without having to stop what you're doing.",When meal timing is unpredictable or forgotten,"Frees Up Working Memory, Minimizes Friction, Starts Small",Forgetful,Stuck,"Managing my schedule, Overcoming Procrastination, Starting Something Hard","Time Blindness, Working Memory Failures","Can't Start, Forgetful, Poor Time Estimation","Burnout, Low Energy, Wired but Tired",Cleaning,Checklist,"Interactive, Sensory Engagement",,,,,,,$,,,,,,grid,Include healthy snack suggestions and storage considerations,No
Key Lanyard System,Never-Lose-Keys Method,"Attach your keys to a lanyard or wristlet that you wear or hang on your bag. This strategy helps combat working memory failures by ensuring your keys are always within reach, reducing the chances of misplacing them.","You're rushing to get to an appointment and can't find your keys. Instead of frantically searching, you remember they're attached to the bright lanyard hanging from your bag's side pocket – right where they always are when not in use.",When you constantly lose your keys,"Externalizes Tasks, Minimizes Friction",Forgetful,Hopeless,"Focus Enhancement, Overcoming Procrastination, Quick Task Management",Working Memory Failures,"Disorganized, Forgetful","Low Energy, Wired but Tired",Focus Enhancement,Checklist,,,,,,,,$,Reddit /r/ADHDWomen,,,,,layout,Include lanyard style options and attachment methods for different bag types,No
Kitchen Entertainment System,Cooking Companion Strategy,"**Watch cooking shows or food videos while you prepare meals to make the experience more engaging.**

• Follow the basic steps
• Keep it simple
• Focus on what works for you","You find cooking boring and often order takeout instead. You start playing cooking shows on your tablet while you cook, learning new techniques and feeling inspired by the chefs. The entertainment makes cooking time enjoyable, and you actually look forward to trying new recipes.",When cooking feels boring and unmotivating,"Externalizes Tasks, Frees Up Working Memory, Gamifies Action",Drained,Stuck,Finding motivation,"Emotional Dysregulation, Inertia, Time Blindness","Avoidant, Poor Time Estimation, Task Initiation","Crash Recovery, Low Energy, Wired but Tired","Emotional Regulation, Planning","Checklist, Routine",Interactive,,,,,,,Free,The Anti-Planner by Dani Donovan,,,,,chef-hat,Include show recommendations and safety considerations for kitchen entertainment,No
Laundry Basket in Every Room,Distributed Laundry System,"**Place small laundry baskets or bags in each room where clothes tend to accumulate.**

• Follow the basic steps
• Keep it simple
• Focus on what works for you","You notice clothes piling up in your bedroom, bathroom, and living room because walking to the main laundry basket feels like too much effort. You put small baskets in each room and suddenly it's easy to toss clothes in the nearest basket. When it's laundry day, you just collect the baskets.",When dirty clothes accumulate in multiple locations,"Breaks Down Complexity, Externalizes Tasks, Starts Small",Drained,Stuck,"Cleaning Up, Resetting My Space, Task Initiation","Task Initiation, Task Structuring, Working Memory Engagement","Can't Start, Task Initiation","Low Energy, Overwhelmed, Wired but Tired","Cleaning, Task Initiation","Checklist, Routine",Sensory,,,,,,,$,,,,,,washing-machine,Include basket placement strategies and collection routine suggestions,No
Laundry Pods,Simplified Laundry Process,"**Use pre-measured laundry pods instead of liquid detergent to make laundry feel less daunting.**

• Follow the basic steps
• Keep it simple
• Focus on what works for you",You've been avoiding laundry partly because measuring detergent feels like an annoying extra step that you sometimes mess up. You switch to laundry pods - just toss one in and start the machine. The simplified process removes a small barrier that was making laundry feel more complicated than necessary.,When laundry feels unnecessarily complicated,"Breaks Down Complexity, Reduces Decision Fatigue",Drained,Stuck,"Cleaning Up, Resetting My Space, Task Initiation Support","Decision Fatigue, Task Initiation","Can't Start, Task Initiation","Low Energy, Overwhelmed, Wired but Tired","Cleaning, Task Initiation, Task Initiation Support","Gamification, Gamified",Gamified,,,,,,,$,,,,,,washing-machine,Include cost comparison and environmental considerations,No
Life Priority Audit,Commitment Reality Check,"**Create a list of your current commitments and ask yourself: 'Do I truly want or need this?' This strategy helps combat time blindness by visually clarifying what you can keep, delegate, or drop.**

• Follow the basic steps
• Keep it simple
• Focus on what works for you","You sit down with tea and list all 15 projects and commitments currently on your plate. As you evaluate each one asking 'Do I truly want or need this?', you realize three committee roles can be resigned from, two projects can be postponed, and one can be delegated. You immediately feel lighter.",When you're overcommitted and overwhelmed,"Externalizes Tasks, Minimizes Friction, Provides External Structure",Frustrated,Defeated,"Managing my schedule, Planning my time","Executive Dysfunction, Task Structuring, Time Blindness",Cannot Finish,Overstimulated,"Planning, Time Planning",Checklist,"Task Simplification, Time Management, Visual",,,,,,,Free,The Anti-Planner by Dani Donovan,,,,,map,Provide commitment evaluation worksheets and graceful exit scripts,No
Light Therapy,Seasonal Mood Support,"**Use bright light therapy for about 20 minutes each morning to help regulate your circadian rhythm and improve your mood, especially during the winter months when natural sunlight is scarce.**

• Follow the basic steps
• Keep it simple
• Focus on what works for you",You notice your ADHD symptoms get worse during winter months when there's less natural sunlight. You start using a light therapy lamp for 20 minutes each morning while having coffee. The bright light helps improve your mood and energy during the darker season.,When seasonal changes worsen ADHD symptoms,"Frees Up Working Memory, Gamifies Action",Drained,Stuck,"Finding motivation, Overcoming Procrastination, Starting Something Hard","Emotional Dysregulation, Task Initiation, Time Blindness","Can't Start, Poor Time Estimation","Crash Recovery, Low Energy, Wired but Tired",Emotional Regulation,Gamification,"Gamified, Interactive",,,,,,,$$,,,,,,home,Include light therapy timing and safety guidelines,No
Location-Based Reminders,Context-Aware Memory Support,Set reminders based on your location to help you remember tasks like buying groceries or making calls when you arrive home. This strategy combats time blindness by creating a more relevant prompt that aligns with your actual opportunities to act.,You always remember you need to buy something from the hardware store after you've already driven past it. You set location-based reminders on your phone that alert you when you're near specific stores. Now you get reminded at the right place and time to actually take action.,When timing-based reminders don't match your actual opportunities,"Externalizes Tasks, Frees Up Working Memory",Forgetful,Stuck,"Overcoming Procrastination, Quick Task Management, Task Initiation","Time Blindness, Working Memory Engagement, Working Memory Failures","Can't Start, Forgetful, Poor Time Estimation","Burnout, Crash Recovery, Low Energy",Work,Gamification,"Gamified, Sensory",,,,,,,Free,,,,,,bell,Include location reminder setup and practical use cases,No
Low Energy Emergency Kit,Zombie Day Survival Kit,"**### ⚡️ Low Energy Survival Kit

Create a pre-made plan for those days when your brain feels offline.**

• Follow the basic steps
• Keep it simple
• Focus on what works for you","You wake up feeling like your brain is wrapped in cotton, but you have to work today. Instead of panicking, you pull out your prepared Low Energy Kit: a list with only 3 must-do tasks for the day, your favorite iced coffee recipe, a 15-minute upbeat playlist, and permission to wear comfortable clothes.",When you're having a low-energy day,"Gamifies Action, Minimizes Friction",Drained,Stuck,"Staying focused, Task Initiation","Emotional Dysregulation, Task Initiation, Working Memory Engagement","Can't Start, Poor Time Estimation","Crash Recovery, Low Energy, Wired but Tired","Planning, Task Initiation Support, Time Planning",Gamification,"Gamified, Interactive",,,,,,,Free,The Anti-Planner by Dani Donovan,,,,,battery,Include different kit options for work days vs. rest days,No
Low-Effort Meals,Minimal Energy Cooking,"Keep a list of meals that require minimal effort and ingredients for when your energy is low. This strategy helps combat decision fatigue, making it easier to initiate tasks when you're feeling drained or stuck.",You come home exhausted and the thought of cooking anything elaborate feels impossible. You check your low-effort meal list and choose option 2: microwave a sweet potato and top it with canned beans and cheese. It takes 5 minutes and gives you a nutritious meal without overwhelming your tired brain.,When cooking energy is very low,"Externalizes Tasks, Gamifies Action, Reduces Decision Fatigue",Drained,Stuck,Finding motivation,"Decision Fatigue, Emotional Dysregulation, Time Blindness",Time Blind,Low Energy,Decision Making,"Checklist, Gamified",Gamified,,,,,,,Free,The Anti-Planner by Dani Donovan,,,,,utensils,Include nutrition tips and ingredient staples for low-effort meals,No
Lunch Prep the Night Before,Evening Food Preparation,"**Pack your lunch the night before to take advantage of calmer evening moments.**

• Follow the basic steps
• Keep it simple
• Focus on what works for you","You consistently skip lunch or buy expensive food because mornings are too chaotic to pack anything. The night before, when you're relaxed, you spend 5 minutes putting together a simple lunch - sandwich, fruit, and crackers. In the morning, you just grab the bag and go.",When morning routines are too rushed for meal prep,"Externalizes Tasks, Frees Up Working Memory, Reduces Decision Fatigue",Stuck,Overwhelmed,"Starting Something Hard, Task Initiation Support","Decision Fatigue, Executive Dysfunction, Working Memory Engagement","Can't Finish, Can't Start","Crash Recovery, Low Energy, Shutdown","Time Planning, Work",Gamification,"Gamified, Sensory",,,,,,,Free,,,,,,moon,Include make-ahead lunch ideas and storage tips,No
Magic Dish Spray System,Effortless Cleaning Solution,"### ✨ Effortless Dish Cleaning

Spray on dish soap to eliminate scrubbing and soaking, transforming dishwashing into a quick spray-and-rinse process.  Use this approach when you're feeling drained or stuck, allowing you to reset your space without the usual hassle.","You notice dishes piling up but don't have the energy for a full sink wash. Instead of avoiding it completely, you grab the spray bottle and quickly treat a few essential items without the usual scrubbing hassle. The food dissolves before your eyes, making the task feel almost magical instead of tedious.",When traditional dishwashing feels too overwhelming,"Breaks Down Complexity, Externalizes Tasks, Minimizes Friction",Drained,Stuck,"Cleaning Up, Resetting My Space, Task Initiation",Task Initiation,"Can't Start, Task Initiation","Low Energy, Overwhelmed, Wired but Tired","Cleaning, Task Initiation",Quick Fix,"Interactive, Task Simplification, Visual",,,,,,,$,,,,,,trash-2,Include application tips and cost comparison with traditional dish soap,No
Magic Eraser,Effortless Cleaning Tool,"**### ✨ Effortless Cleaning Magic

Grab a Magic Eraser and wet it to effortlessly remove scuff marks and stains.**

• Follow the basic steps
• Keep it simple
• Focus on what works for you","You notice scuff marks on your wall that you've been ignoring for weeks because cleaning them seems like a hassle. You grab a magic eraser, wet it, and watch the marks disappear with minimal effort. The ease and immediate results make you want to find other things to clean.",When cleaning feels too difficult or time-consuming,"Breaks Down Complexity, Starts Small",Drained,Stuck,"Cleaning Up, Overcoming Procrastination, Resetting My Space",Task Initiation,"Can't Start, Disorganized",Low Energy,"Cleaning, Emotional Regulation, Task Initiation",Gamification,Gamified,,,,,,,$,,,,,,broom,Include surface safety guidelines and bulk purchasing tips,No
Make Your Bed,Morning Accomplishment Ritual,"**Make your bed each morning for an easy win that sets a positive tone for the day.**

• Follow the basic steps
• Keep it simple
• Focus on what works for you","You wake up feeling unmotivated and dreading the day ahead. Before getting dressed, you spend 2 minutes pulling up your covers and arranging your pillows. This small completed task gives you a tiny boost of accomplishment and makes your bedroom feel more peaceful when you return later.",When you need an easy morning win,"Gamifies Action, Minimizes Friction, Provides Instant Rewards",Drained,Stuck,"Cleaning Up, Resetting My Space, Task Initiation",Task Initiation,"Can't Start, Task Initiation","Burnout, Low Energy","Cleaning, Task Initiation","Accountability, Quick Fix, Routine",Gamified,,,,,,,Free,,,,,,calendar,Include bed-making techniques for different bed types and time constraints,No
Matching Tupperware,Container Organization System,"Buy identical food storage containers to ensure that all lids and bottoms are interchangeable. This strategy simplifies meal prep and reduces the frustration of searching for matching lids, addressing issues like time blindness and executive dysfunction.","You're tired of digging through a drawer of mismatched containers trying to find lids that fit. You buy a set of 20 identical glass containers and recycle all the old ones. Now any lid fits any container, and storing leftovers becomes quick and stress-free instead of a puzzle.",When food storage is frustrating and time-consuming,"Breaking Down Complexity, Externalizes Tasks, Frees Up Working Memory",Frustrated,Defeated,,"Executive Dysfunction, Time Blindness, Working Memory Engagement","Can't Finish, Disorganized","Burnout, Low Energy, Overstimulated",,Gamification,"Gamified, Interactive",,,,,,,$$,,,,,,settings,Include container recommendations and transition strategies,No
Meal Batch Cooking,Large Quantity Preparation,"Prepare large quantities of simple foods like rice, pasta, and roasted vegetables to mix and match throughout the week. This strategy helps combat decision fatigue and time blindness by having ready-to-use components, allowing you to quickly assemble meals without starting from scratch each day.","You spend one evening cooking a huge pot of rice, roasting a sheet pan of mixed vegetables, and baking several chicken thighs. Throughout the week, you combine these components in different ways - rice bowls, pasta dishes, salads - without having to cook from scratch each day.",When daily cooking feels too time-consuming,"Minimizes Friction, Reduces Decision Fatigue",Frustrated,Defeated,"Quick Task Management, Task Initiation Support","Decision Fatigue, Executive Dysfunction, Time Blindness","Can't Finish, Task Initiation","Burnout, Frozen/Shut Down, Overstimulated",Planning,"Gamification, Gamified",Gamified,,,,,,,Free,,,,,,utensils,Include batch cooking recipes and storage guidelines,No
Meal Delivery Apps,Convenience Eating Solution,"**Order meals strategically when cooking feels overwhelming, especially during high-stress times.**

• Follow the basic steps
• Keep it simple
• Focus on what works for you","You're dealing with a work deadline and family stress, and the thought of cooking feels overwhelming. Instead of skipping meals or feeling guilty, you order healthy options from your favorite restaurant. You've budgeted for this as ""crisis food"" and know it's temporary support while you handle other priorities.",When cooking is temporarily impossible due to overwhelm,"Emotional Regulation, Minimizes Friction",Burned out,Defeated,Being Kinder to Myself,"Emotional Dysregulation, Inertia, Time Blindness","Poor Time Estimation, Sensory Overload",Burnout,Decision Making,Checklist,Interactive,,"Avoidant, Frozen",,,,Working Professional,$$,,,,,,utensils,Include healthy ordering strategies and budget planning tips,No
Meal Kit Delivery,Decision-Free Cooking,"**Subscribe to a meal kit delivery service to simplify your cooking routine.**

• Follow the basic steps
• Keep it simple
• Focus on what works for you",You want to cook healthy meals but feel overwhelmed by meal planning and grocery shopping. You subscribe to a meal kit service that delivers 3 meals per week with all ingredients and instructions. Now you can cook without the decision fatigue of figuring out what to make or whether you have the right ingredients.,When meal planning feels overwhelming but you want to cook,Reduces Decision Fatigue,Stuck,Overwhelmed,"Managing Emotional Dysregulation, Quick Task Management, Task Initiation Support","Decision Fatigue, Task Initiation, Working Memory Engagement","Can't Decide, Poor Time Estimation","Low Energy, Overwhelmed, Shutdown",Self-Compassion,Gamification,"Gamified, Sensory",,"Avoidant, Frozen",,,,,$$$,,,,,,utensils,Include service comparisons and cost-benefit analysis,No
Meal Planning Apps,Food Organization Tools,"Use meal planning apps to streamline your cooking process. These apps suggest recipes based on your preferences and automatically generate shopping lists, reducing the cognitive load associated with meal prep.",You want to cook more but feel overwhelmed by meal planning and grocery shopping. You try a meal planning app that suggests recipes based on your dietary preferences and automatically creates shopping lists. The app removes the mental load of planning while helping you eat better.,When meal planning decisions feel overwhelming,"Externalizes Tasks, Reduces Decision Fatigue",Stuck,Overwhelmed,"Managing my schedule, Quick Task Management",Decision Fatigue,"Can't Decide, Poor Time Estimation","Low Energy, Overwhelmed, Shutdown",Planning,Checklist,Interactive,,"Frozen, Overthinking",,,,,$,,,,,,utensils,Include meal planning features and grocery integration benefits,No
Meal Prep Containers,Food Organization System,"Invest in quality, clear meal prep containers to simplify your cooking routine.","You want to eat healthier but often resort to takeout because cooking feels overwhelming. You buy a set of clear, stackable meal prep containers and spend Sunday preparing grab-and-go meals for the week. Having healthy food ready and visible makes good choices easier.",When food preparation needs to be simplified,"Externalizes Tasks, Minimizes Friction",Anxious,Ashamed,"Starting Something Hard, Task Initiation","Task Initiation, Time Blindness","Avoidant, Can't Start","Burnout, Frozen/Shut Down, Low Energy",,"Checklist, Routine",Visual,,"Avoidant, Frozen, Time Blind",,,,,$$,,,,,,utensils,Include container selection criteria and meal prep efficiency tips,No
Meal Prep Sundays,Batch Cooking Strategy,"Dedicate a few hours on Sunday to prepare meals for the week by washing and chopping vegetables, cooking grains, and grilling proteins. This strategy helps mitigate decision fatigue, a common challenge for those with ADHD, by having meal components ready to go.","Every Sunday afternoon, you spend 2 hours washing lettuce, chopping vegetables, cooking a big batch of rice, and grilling several chicken breasts. During the busy week, you can quickly assemble salads, stir-fries, or grain bowls without having to make decisions or do much prep when you're tired.",When weekday meal decisions feel overwhelming,"Cognitive Load Management, Executive Function Support, Minimizes Friction",Frustrated,Defeated,"Quick Task Management, Task Initiation Support","Decision Fatigue, Executive Dysfunction, Task Initiation","Can't Finish, Task Initiation","Crash Recovery, Low Energy, Wired but Tired",Planning,"Checklist, Gamified",Gamified,,Time Blind,,,,,Free,,,,,,utensils,Include beginner-friendly prep ideas and storage solutions,No
Medication Reminder Apps,Health Management Tools,"Set up medication reminder apps with customizable alerts to improve your medication adherence. These tools help combat working memory failures by providing timely notifications, ensuring you take your ADHD medication consistently.","You often forget to take your ADHD medication, which affects your ability to function throughout the day. You set up a medication reminder app with multiple daily alerts and tracking features. Consistent medication adherence significantly improves your focus and daily functioning.",When medication consistency needs digital support,"Frees Up Working Memory, Minimizes Friction, Starts Small",Forgetful,Ashamed,"Managing Emotional Dysregulation, Quick Task Management, Task Initiation Support","Emotional Dysregulation, Task Initiation, Working Memory Failures","Forgetful, Poor Time Estimation, Task Initiation","Crash Recovery, Low Energy, Wired but Tired","Planning, Time Planning",Gamification,"Gamified, Sensory",,Avoidant,,,,,$,,,,,,camera,Include reminder customization and tracking features,No
Medication Timing Optimizer,Peak Performance Scheduling,"**Collaborate with your doctor to find the best medication schedule that fits your daily routine.**

• Follow the basic steps
• Keep it simple
• Focus on what works for you","You notice your ADHD medication wears off by 2pm, making afternoons difficult. You talk to your doctor about adjusting the timing or adding a small afternoon dose. Finding the right medication schedule dramatically improves your ability to function throughout the day.",When medication timing isn't matching your needs,Starts Small,Scattered,Overwhelmed,"Starting Something Hard, Staying focused","Executive Dysfunction, Time Blindness, Working Memory Failures","Can't Focus, Forgetful, Poor Time Estimation","Burnout, Low Energy, Wired but Tired",Time Planning,Checklist,Interactive,,"Avoidant, Discouraged, Overthinking",,,,,$$$,,,,,,grid,Include questions to ask your doctor and timing considerations,No
Meditation Apps,Mindfulness Support Tools,"Try meditation apps that offer short, ADHD-friendly sessions ranging from 2 to 10 minutes. These apps feature guided breathing, body scans, and movement-based mindfulness, making them ideal when traditional long sessions feel overwhelming.","You want to try meditation but traditional 20-minute sessions feel impossible with your ADHD brain. You find a meditation app with 3-5 minute guided sessions specifically designed for busy minds. The short, structured sessions feel manageable and actually help you feel calmer.",When traditional meditation feels too difficult,"Externalizes Tasks, Gamifies Action, Starts Small",Overstimulated,Overwhelmed,"Being Kinder to Myself, Calming Down",Emotional Dysregulation,Anxious,"Crash Recovery, Low Energy, Overstimulated",Emotional Regulation,Gamification,,,"Avoidant, Discouraged, Overthinking",,,,,$,,,,,,lotus,Include features to look for and session length recommendations,No
Meditation Timer Apps,Mindfulness Support Tools,"**Use meditation timer apps with gentle sounds to enhance your mindfulness practice.**

• Follow the basic steps
• Keep it simple
• Focus on what works for you",You want to meditate regularly but using your phone's regular timer feels jarring. You download a meditation timer app with gentle bell sounds and nature backgrounds. The peaceful interface makes your meditation practice feel more intentional and calming.,When meditation practice needs supportive technology,"Creates Accountability, Emotional Regulation, Gamifies Action",Overstimulated,Overwhelmed,"Being Kinder to Myself, Calming Down","Emotional Dysregulation, Task Structuring, Time Blindness","Anxiety Management, Emotional Regulation","Overstimulated, Overwhelmed","Emotional Regulation, Self-Compassion","Accountability, Gamification, Routine","Gamified, Mindful Awareness",,Overthinking,,,,,$,,,,,,lotus,Include timer features that support mindfulness practice,No
Micro-Meditation,Quick Reset Breathing,"Take 2-5 minutes to focus on your breath whenever you feel overstimulated or overwhelmed.  Simply count your breaths—in for 4, out for 6—to ground yourself before tackling challenging tasks or phone calls.","You're about to make a phone call you've been avoiding, and your heart is racing. Instead of pushing through anxiously, you take 60 seconds to focus on your breath, counting ""in"" for 4, ""out"" for 6. After just a few rounds, your mind feels clearer and your body less tense.",When you need a quick mental reset,"Frees Up Working Memory, Starts Small",Overstimulated,Overwhelmed,"Being Kinder to Myself, Calming Down","Emotional Dysregulation, Task Structuring, Working Memory Engagement","Anxiety Management, Can't Focus","Overstimulated, Overwhelmed",Emotional Regulation,Quick Fix,"Embodied, Mindful Awareness",,"Avoidant, Frozen",,,,,Free,The Anti-Planner by Dani Donovan,,,,,lotus,Include specific breathing patterns and app recommendations for ADHD,No
Micro-Task Method,Tiny Task Breakdown,"**Transform overwhelming tasks into manageable pieces by focusing on micro-tasks.**

• Follow the basic steps
• Keep it simple
• Focus on what works for you","When you're staring at a messy bedroom feeling totally frozen, don't think 'clean the room.' Instead, tell yourself 'I'm just going to pick up one sock.' Once that's done, you might think 'I could probably put away three shirts too.' Before you know it, you've built momentum by completing several micro-tasks.",When tasks feel too big to start,"Breaking Down Complexity, Freeing Up Working Memory, Gamifies Action",Stuck,Overwhelmed,"Cleaning Up, Overcoming Procrastination, Resetting My Space","Decision Fatigue, Task Initiation, Working Memory Engagement",Can't Start,"Crash Recovery, Low Energy, Overwhelmed","Cleaning, Incremental Progress, Task Initiation",Gamification,"Gamified, Interactive",,Frozen,,,,,Free,The Anti-Planner by Dani Donovan,,,,,check-square,Create micro-task examples for common overwhelming situations,No
Microdose Movement Strategy,2-Minute Movement Breaks,"**Incorporate 2-5 minute ""exercise snacks"" into your day to combat the overwhelm of lengthy workouts.**

• Follow the basic steps
• Keep it simple
• Focus on what works for you","You want to exercise more but your ADHD brain feels overwhelmed by the executive function demands of hour-long gym sessions. You start doing 3-minute ""exercise snacks"" instead: jumping jacks while your coffee brews (task bundling), squats during TV commercial breaks (using transitions), or walking around the block during lunch (natural time boundary). These mini-sessions reduce task-initiation friction, add up throughout the day, and provide dopamine boosts when you need them most.",When traditional exercise feels too time-consuming,"Minimizes Friction, Starts Small",Drained,Stuck,"Maintaining Focus, Overcoming Procrastination, Task Initiation",Task Initiation,"Can't Start, Poor Time Estimation","Crash Recovery, Low Energy, Wired but Tired",,"Environmental Hack, Quick Fix","Embodied, Interactive",,"Avoidant, Disorganized, Frozen",,,,"Student, Working Professional",Free,,,,,,activity,Include exercise snack ideas for different fitness levels and locations,Yes
Mind-Body Wellness Combo,Integrated Mental Health Strategy,"**Identify unhelpful thought patterns with CBT and then practice meditation to create space between your thoughts and reactions.**

• Follow the basic steps
• Keep it simple
• Focus on what works for you",You notice you're catastrophizing about a work presentation. You use CBT to identify the thought pattern ('This will be a disaster') and challenge it with evidence ('I've given successful presentations before'). Then you do 5 minutes of breathing meditation to calm your nervous system and create space between the anxious thoughts and your reaction.,When you need both thought management and emotional regulation,"Breaks Down Complexity, Frees Up Working Memory",Overwhelmed,Frustrated,"Being Kinder to Myself, Calming Down","Decision Fatigue, Emotional Dysregulation, Working Memory Engagement","Anxiety Management, Emotional Regulation, Poor Time Estimation",Burnout,,"Accountability, Gamification, Mindset Shift","Gamified, Interactive",,"Avoidant, Overthinking",,,,,Free,,,,,,heart,Include beginner-friendly CBT techniques and meditation combinations,No
Mobile Cleaning Command,Portable Supply Station,"Keep all your cleaning supplies in a portable caddy that you can easily carry from room to room.  With a well-organized caddy, you can tackle tasks without losing momentum, making the process more efficient and less overwhelming.","You often start cleaning but give up when you realize you need supplies from another room. You put together a cleaning caddy with all-purpose cleaner, microfiber cloths, glass cleaner, and paper towels. Now you can clean any room thoroughly without multiple trips to get supplies.",When missing supplies interrupt cleaning momentum,Starts Small,Drained,Stuck,"Cleaning Up, Resetting My Space, Task Initiation",Task Initiation,"Avoidant, Cannot Finish, Task Initiation","Burnout, Low Energy, Shutdown","Cleaning, Focus Enhancement, Task Initiation",Gamification,Gamified,,"Avoidant, Disorganized, Frozen",,,,,$,,,,,,broom,Include caddy setup suggestions and supply recommendations,No
Mood Boost Menu,Dopamine Regulation Toolkit,"Create your personal dopamine menu to boost your mood and enhance task initiation.  This strategy effectively combats time blindness by providing a structured way to engage in activities, helping you break free from aimless scrolling and regain focus.","You're feeling unmotivated and notice you're about to fall into a social media scroll hole. Instead, you check your dopamine menu and choose a 10-minute option: listening to your favorite upbeat song while organizing your desk. The activity gives you a genuine mood boost and sense of accomplishment.",When you need reliable mood boosters,"Dopamine Activation, Executive Function Support, Externalizes Tasks",Drained,Stuck,"Staying focused, Task Initiation","Emotional Dysregulation, Task Initiation, Time Blindness","Can't Start, Poor Time Estimation","Crash Recovery, Low Energy, Wired but Tired",Emotional Regulation,"Challenge, Checklist, Routine",Embodied,,"Avoidant, Frozen",,,,,Free,,,,,,trending-up,Include dopamine activity suggestions categorized by time and energy requirements,No
Morning Person Hacks,Morning Success Toolkit,"**Place your alarm across the room and set it to require math problems to turn off.**

• Follow the basic steps
• Keep it simple
• Focus on what works for you","Your friend invited you to 7am yoga but your body refuses to function before 9am. Instead of setting five alarms you'll snooze through, you place your phone across the room with an alarm requiring math problems to turn off. Next to it, you've set out your favorite mug and special coffee you only allow yourself before 8am.",When mornings are consistently difficult,"Emotional Regulation, Freeing Up Working Memory, Gamifies Action",Drained,Stuck,"Overcoming Procrastination, Quick Task Management, Task Initiation","Emotional Dysregulation, Inertia, Task Initiation","Can't Start, Poor Time Estimation","Low Energy, Restless, Wired but Tired","Planning, Task Initiation","Gamification, Quick Fix",Gamified,,"Avoidant, Frozen",,,,,Free,The Anti-Planner by Dani Donovan,,,,,sunrise,Include multiple morning hack options and troubleshooting guides,No
Motivation Emergency Kit,Personal Motivation Toolkit,"Create a personalized list of motivation boosters that actually work for you, like that one song or video that lifts your spirits.  For example, if you're struggling to start writing, put on a favorite song and dance for a few minutes to shift your energy and focus.","You're sitting at your desk staring at a report you need to write, but your brain feels completely empty. Instead of forcing it, you open your Motivation Emergency Kit and choose ""listen to Pink's 'So What' while dancing around the room."" After three minutes, your energy shifts just enough to write the first paragraph.",When motivation has completely disappeared,"Externalizes Tasks, Frees Up Working Memory, Gamifies Action",Drained,Stuck,"Focus Enhancement, Overcoming Procrastination, Task Initiation","Emotional Dysregulation, Task Initiation, Working Memory Engagement","Can't Start, Poor Time Estimation","Low Energy, Overwhelmed, Wired but Tired","Emotional Regulation, Focus Enhancement, Task Initiation","Checklist, Routine",,,"Avoidant, Discouraged, Overthinking",,,,,Free,The Anti-Planner by Dani Donovan,,,,,list,"Create template with different categories: 2-minute, 5-minute, and 10-minute boosters",No
Multitasking Meals,Efficient Meal Strategy,"Combine meal prep with activities you enjoy, like listening to podcasts or chatting with friends. This strategy helps combat boredom and low motivation, making kitchen tasks feel less tedious.",You hate spending time in the kitchen because it feels boring and wasteful. You start listening to your favorite true crime podcast only while cooking and doing dishes. Now you actually look forward to kitchen time because it means you get to hear the next episode of your show.,When cooking and kitchen tasks feel tedious,"Externalizes Tasks, Frees Up Working Memory, Minimizes Friction",Drained,Stuck,Finding motivation,"Emotional Dysregulation, Inertia, Task Initiation","Avoidant, Bored, Task Initiation",Low Energy,,"Checklist, Routine","Interactive, Sensory",,"Avoidant, Frozen",,,,,Free,The Anti-Planner by Dani Donovan,,,,,utensils,Include activity pairing suggestions and safety considerations,No
Must-Haves First Method,Priority Triage System,Split your to-do list into two columns: 'must-haves' for the essentials and 'nice-to-haves' for extra tasks. This strategy helps combat time blindness and overwhelm by allowing you to focus on what truly matters first.,"You're hosting a dinner party and feeling swamped. You draw a line down the middle of paper. Left side: 'clean bathroom, prepare main dish, have drinks.' Right side: 'fancy appetizers, themed playlist, decorations.' You focus on completing just the left column first, knowing that even without extras, your gathering will be a success.",When your to-do list feels overwhelming,"Externalizes Tasks, Gamifies Action, Starts Small",Frustrated,Defeated,"Managing my schedule, Planning my time, Task Initiation Support","Executive Dysfunction, Task Structuring, Time Blindness","Cannot Finish, Task Initiation",Burnout,"Planning, Time Planning",Checklist,"Interactive, Task Simplification, Time Management",,Frozen,,,,,Free,The Anti-Planner by Dani Donovan,,,,,calendar,"Provide templates for different scenarios (events, work projects, daily tasks)",No
My Favorite Excuses,Excuse Buster List,"Create a two-column list of your go-to excuses paired with a reality check.  For example, if you think, ""I need several uninterrupted hours,"" remind yourself that you can gather receipts for just 10 minutes today. Starting small is better than waiting for the perfect moment that may never come.",You've been avoiding starting your tax paperwork for weeks. You look at your Excuse Buster List and see: 'Excuse: I need several uninterrupted hours.' Next to it: 'Reality: I can gather receipts for 10 minutes today and work in small chunks. Starting with one small step is better than waiting for perfect time that never comes.',When excuses are blocking you from starting,"Creates Accountability, Externalizes Tasks, Starts Small",Anxious,Ashamed,"Maintaining Focus, Overcoming Procrastination, Task Initiation",Task Initiation,"Avoidant, Can't Start",,Task Initiation Support,"Checklist, Gamified",Gamified,,"Avoidant, Frozen",,,,,Free,The Anti-Planner by Dani Donovan,,,,,rotate-cw,Add common ADHD excuses as starter examples,No
Negative Thought Spotter,Thought Pattern Detective,"**Catch and challenge your negative thought patterns, like ""I'm terrible at this.**

• Follow the basic steps
• Keep it simple
• Focus on what works for you","When you bomb a presentation and think ""I'm terrible at this, I'll never succeed,"" you write down this thought and identify it as 'black and white thinking.' Then create a more balanced thought: ""That presentation didn't go as planned, but I've given successful ones before. I can learn from this and do better next time.""",When negative thoughts are spiraling,"Externalizes Tasks, Gamifies Action",Ashamed,Guilty,"Being Kinder to Myself, Calming Down","Emotional Dysregulation, Task Structuring, Working Memory Engagement","Anxious, Poor Time Estimation, Spiraling",,"Emotional Regulation, Self-Compassion","Checklist, Gamified","Gamified, Interactive, Reflective Practice",,,,,Black,,Free,"CBT, The Anti-Planner by Dani Donovan",,,,,lightbulb,Include common thought traps reference sheet and reframing examples,No
Never Eat Alone,Social Eating Strategy,"**Eat meals while doing something enjoyable, like watching a show or listening to a podcast.**

• Follow the basic steps
• Keep it simple
• Focus on what works for you","You often forget to eat lunch because sitting down to just eat feels boring and you get distracted. You start eating lunch while watching 20-minute YouTube videos you enjoy. The entertainment makes the meal more engaging, and you actually finish eating instead of wandering away mid-meal.",When eating feels boring and gets skipped,"Externalizes Tasks, Frees Up Working Memory",Drained,Stuck,Finding motivation,"Emotional Dysregulation, Time Blindness, Working Memory Engagement","Avoidant, Task Initiation","Low Energy, Restless, Wired but Tired",,"Checklist, Routine","Interactive, Sensory",,"Avoidant, Frozen",,,,,Free,The Anti-Planner by Dani Donovan,,,,,sliders,Include engaging activity suggestions and mindful eating balance tips,No
Never-Miss Reminder System,Multi-Layer Memory Support,"**### ⏰ Triple Reminder SystemSet multiple reminders for important appointments using phone alerts, calendar notifications, and sticky notes.**

• Follow the basic steps
• Keep it simple
• Focus on what works for you","You've missed two doctor appointments this month because you forgot, despite having them in your calendar. You now set 3 reminders: one week before, one day before, and 2 hours before. You also put a sticky note on your bathroom mirror the night before. This system ensures you never miss another appointment.",When you frequently forget important appointments,"Externalizes Tasks, Frees Up Working Memory, Provides External Structure",Forgetful,Ashamed,"Managing my schedule, Planning my time","Environmental Cues, Task Structuring, Working Memory Failures","Forgetful, Missed Appointments, Poor Time Estimation",Wired but Tired,"Planning, Time Planning","Accountability, Checklist","Task Simplification, Time Management",,Avoidant,,,,,Free,,,,,,bell,Include reminder timing strategies and multiple backup systems,No
No-Brainer Meals,Minimal Decision Cooking,"Create a short list of 5-7 meals that you can prepare with minimal decisions and effort. This strategy helps combat decision fatigue and supports task initiation by providing easy, go-to options when you're feeling overwhelmed.","You come home exhausted and can't think about what to make for dinner. Instead of staring into the fridge feeling overwhelmed, you check your no-brainer list and pick option 3: pasta with jarred sauce and frozen vegetables. It takes 15 minutes, requires no decisions, and you have a decent meal.",When meal decisions feel overwhelming,"Externalizes Tasks, Frees Up Working Memory, Reduces Decision Fatigue",Stuck,Overwhelmed,"Overcoming Procrastination, Quick Task Management, Task Initiation Support","Decision Fatigue, Task Initiation, Working Memory Engagement","Cant Decide, Task Initiation","Crash Recovery, Low Energy, Overwhelmed",Decision Making,Checklist,Sensory,,"Avoidant, Frozen",,,,,Free,The Anti-Planner by Dani Donovan,,,,,trending-up,Include meal suggestions for different dietary needs and prep levels,No
No-Cook Meal Guide: 100 Ready-to-Eat Options,100 No-Cook Meal Ideas,"**Create a no-cook meal list to simplify your food choices when cooking feels overwhelming.**

• Follow the basic steps
• Keep it simple
• Focus on what works for you","You're standing in your kitchen feeling overwhelmed by the thought of cooking dinner. You pull out your phone, open your bookmarked no-cook meal list, and quickly scan the ""convenience"" category. You grab a rotisserie chicken, pre-made salad, and some crackers - dinner is ready in 2 minutes with zero cooking stress.",When cooking feels impossible but you need to eat,"Externalizes Tasks, Minimizes Friction, Reduces Decision Fatigue",Drained,Stuck,"Quick Task Management, Starting Something Hard, Task Initiation Support","Decision Fatigue, Task Initiation, Working Memory Engagement","Avoidant, Can't Start","Low Energy, Overwhelmed, Wired but Tired",Cleaning,Checklist,"Incremental Motivation, Task Simplification",,"Avoidant, Overthinking",,,,,Free,https://blackgirllostkeys.com/adhd/100-no-cook-meal-items/,,,,,life-buoy,Add visual icons for each category to make scanning faster,No
No-Stress Shopping System,Friction-Free Errands,Order groceries online and use curbside pickup to simplify your shopping trips. This strategy helps combat sensory overload and improves task initiation by allowing you to focus on your list without the distractions of a busy store.,"You find grocery stores overwhelming - the lights, crowds, and endless choices make you feel anxious and scattered. You start using curbside pickup: order online, drive to the store, and they load your car. You get your groceries without the sensory overwhelm and stick to your list better.",When shopping environments feel overwhelming,"Minimizes Friction, Provides External Structure, Reduces Decision Fatigue",Overstimulated,Overwhelmed,"Maintaining Focus, Overcoming Procrastination, Quick Task Management","Decision Fatigue, Emotional Dysregulation, Task Initiation","Poor Time Estimation, Sensory Overload","Burnout, Overstimulated, Wired but Tired",,"Checklist, Routine",Sensory,,"Frozen, Time Blind",,,,,Free,,,,,,shopping-cart,Include ordering strategies and store comparison tips,No
No-Think Food Playbook,Emergency Meal System,"**Grab a list of easy meal options to eliminate the stress of deciding what to eat.**

• Follow the basic steps
• Keep it simple
• Focus on what works for you","You've been working all day and suddenly realize you're starving, but the thought of figuring out what to eat makes you want to skip dinner. Instead, you glance at your Emergency Food Playbook on the fridge and pick ""option 3: frozen pizza + bagged salad."" No thinking required - 15 minutes later you're eating a decent meal.",When decision fatigue is preventing you from eating,"Externalizes Tasks, Provides External Structure, Reduces Decision Fatigue",Stuck,Overwhelmed,"Overcoming Procrastination, Quick Task Management, Task Initiation Support","Decision Fatigue, Task Initiation, Working Memory Engagement","Avoidant, Can't Decide","Overwhelmed, Shutdown",Decision Making,Gamification,"Gamified, Interactive",,"Frozen, Overthinking",,,,Parent,Free,The Anti-Planner by Dani Donovan,,,,,tasks,Organize by prep time and include options for different dietary needs,No
Noise-Cancelling Headphones,Sensory Management Tool,"**Put on noise-cancelling headphones to create a distraction-free environment that enhances your concentration.**

• Follow the basic steps
• Keep it simple
• Focus on what works for you",You're trying to work in a busy coffee shop but the conversations and background noise keep pulling your attention away. You put on your noise-cancelling headphones and suddenly you can actually concentrate on your laptop screen. The reduction in sensory input helps your brain focus on the task at hand.,When environmental noise is disrupting focus or causing overwhelm,"Reduces Decision Fatigue, Sensory Engagement",Overstimulated,Overwhelmed,"Starting Something Hard, Staying focused","Decision Fatigue, Emotional Dysregulation, Time Blindness","Can't Focus, Forgetful, Sensory Overload","Overstimulated, Overwhelmed","Emotional Regulation, Work",Gamification,"Gamified, Interactive",Urban,"Avoidant, Frozen",,,,,$$,,,,,,phone,Include headphone recommendations for different budgets and use cases,No
Note-Taking Apps,Information Capture Tools,"**Use note-taking apps with robust search functionality to capture ideas on-the-go.**

• Follow the basic steps
• Keep it simple
• Focus on what works for you","You have great ideas throughout the day but often forget them by the time you get home. You start using a note-taking app that syncs between your phone and computer, with voice-to-text capability. Now you can quickly capture thoughts anywhere and find them later using the search function.",When thoughts and information need reliable external storage,"Externalizes Tasks, Minimizes Friction",Forgetful,Ashamed,"Starting Something Hard, Staying focused",Working Memory Failures,"Disorganized, Poor Time Estimation, Task Initiation",,"Focus Enhancement, Task Initiation Support, Work",Quick Fix,,,Avoidant,,,,,$,,,,,,diamond,Include key features for ADHD needs and organization strategies,No
Numbered Cleaning Game,Systematic Organization Strategy,"Assign numbers to cleaning tasks in your space to make the process feel like a game.  Roll a die to determine which section to clean next, allowing you to focus on one area at a time for a set period. With a clear structure, you can tackle clutter without feeling stuck or overwhelmed.","You divide your cluttered bedroom into 6 sections, numbering each. Roll a die to determine which section to tackle first. Spend 15 minutes on that section before rolling again. This makes a daunting cleaning job feel more like a game with clear starting points.",When cleaning feels overwhelming and you don't know where to start,"Breaks Down Complexity, Externalizes Tasks, Gamifies Action",Stuck,Overwhelmed,"Cleaning Up, Resetting My Space, Task Initiation","Decision Fatigue, Task Initiation, Working Memory Engagement","Can't Start, Disorganized","Overwhelmed, Shutdown, Wired but Tired","Cleaning, Focus Enhancement, Task Initiation","Challenge, Checklist, Gamification","Gamified, Interactive",,"Frozen, Overthinking",,,,,Free,The Anti-Planner by Dani Donovan,,,,,broom,Add printable room division templates and timer suggestions,No
One Touch Rule,Immediate Action Principle,"### ⚡️ Tackle Tasks Immediately

Handle tasks right away to prevent them from piling up and overwhelming you.  For example, when you receive mail, sort it immediately instead of letting it accumulate, which can trigger feelings of being stuck or overwhelmed.","You bring in the mail and instead of dropping it on the counter ""to deal with later,"" you immediately sort it: bills go in the bill folder, junk goes in recycling, and important items get handled right away. This 2-minute investment prevents the mail pile that usually grows for weeks.",When small tasks accumulate into overwhelming piles,"Breaks Down Complexity, Minimizes Friction, Starts Small",Stuck,Overwhelmed,"Staying focused, Task Initiation",Task Initiation,"Can't Start, Task Initiation","Crash Recovery, Low Energy, Overwhelmed","Focus Enhancement, Task Initiation, Time Planning",Quick Fix,"Task Simplification, Time Management",,"Avoidant, Disorganized",,,,,Free,The Anti-Planner by Dani Donovan,,,,,settings,Include one-touch examples for different areas of life and habit-building tips,No
Paper Plate Hack,Disposable Convenience Strategy,"**Give yourself permission to use paper plates and disposable utensils for a limited time.**

• Follow the basic steps
• Keep it simple
• Focus on what works for you",You've been avoiding cooking because the thought of washing dishes afterward feels overwhelming. You buy a pack of paper plates and tell yourself it's okay to use them for the next week while you're dealing with a stressful work deadline. This removes the dish barrier and you actually start eating proper meals again.,When dish washing is preventing you from eating well,"Freeing Up Working Memory, Minimizes Friction, Reduces Decision Fatigue",Drained,Stuck,"Overcoming Procrastination, Quick Task Management, Starting Something Hard","Decision Fatigue, Executive Dysfunction, Task Initiation","Avoidant, Can't Start","Burnout, Frozen/Shut Down, Low Energy","Decision Making, Task Initiation Support","Engaging Gamification, Gamification",Gamified,,"Avoidant, Frozen",,,,Working Professional,$,How to Keep House While Drowning by KC Davis,,,,,settings,Include cost considerations and transition strategies back to regular dishes,No
PARA Digital Organization,Four-Folder File System,"**Sort your digital chaos into just four folders: Projects, Areas, Resources, and Archive.**

• Follow the basic steps
• Keep it simple
• Focus on what works for you","You realize you've been saving important documents in random places and can never find them when needed. You create four folders on your desktop: 'Projects' (for active work), 'Areas' (for ongoing things like finances), 'Resources' (for reference materials), and 'Archive' (for completed projects). When your boss asks for last month's report, you immediately know to check Archive.",When digital files are chaotic and hard to find,"Externalizes Tasks, Frees Up Working Memory, Minimizes Friction",Frustrated,Defeated,"Staying focused, Task Initiation","Executive Dysfunction, Time Blindness, Working Memory Failures","Can't Finish, Forgetful, Poor Time Estimation","Overwhelmed, Restless, Wired but Tired","Time Planning, Work",Gamification,"Gamified, Interactive",,"Avoidant, Disorganized, Frozen",,,,,Free,,,,,,layout,Include setup guides and file naming conventions for each category,No
Parking Lot Method,Thought Management System,Create a “parking lot” document to quickly jot down distracting thoughts or tasks while you focus.,"You're working on a presentation when you suddenly remember you need to buy a birthday gift for your sister. Instead of stopping to research gifts (and losing 30 minutes), you write 'sister's birthday gift' in your parking lot document and immediately return to your presentation. You'll check the parking lot later.",When random thoughts interrupt your focus,"Externalizes Tasks, Provides External Structure",Scattered,Overwhelmed,"Starting Something Hard, Staying focused","Emotional Dysregulation, Task Structuring, Working Memory Failures","Can't Focus, Forgetful, Poor Time Estimation","Overwhelmed, Wired but Tired","Focus Enhancement, Work",Quick Fix,Sensory,,"Discouraged, Frozen, Overthinking",,,Women,,Free,The Anti-Planner by Dani Donovan,,,,,fast-forward,Include parking lot formats and review scheduling suggestions,No
Password Manager Apps,Security Simplification Tools,"**Use a password manager to automatically generate and store secure passwords, eliminating the need to remember multiple passwords.**

• Follow the basic steps
• Keep it simple
• Focus on what works for you","You constantly get locked out of accounts because you can't remember passwords, which interrupts your workflow. You set up a password manager that generates and stores secure passwords automatically. Now you can access accounts seamlessly without memory stress.",When password management creates workflow interruptions,"Frees Up Working Memory, Minimizes Friction",Forgetful,Ashamed,"Starting Something Hard, Staying focused","Decision Fatigue, Emotional Dysregulation, Working Memory Failures","Avoidant, Disorganized, Task Initiation","Burnout, Crash Recovery, Overstimulated","Task Initiation Support, Work",Gamification,"Gamified, Interactive",,Avoidant,,,,,$$,,,,,,watch,Include security benefits and setup strategies,No
Peace-of-Mind Backup System,Data Protection Safety Net,"**Set up automatic backup apps to continuously save your important files to the cloud.**

• Follow the basic steps
• Keep it simple
• Focus on what works for you",You constantly worry about losing important documents or photos if your computer crashes. You set up automatic backup apps that continuously save your files to the cloud. Knowing your data is protected eliminates this background anxiety and lets you focus on other things.,When data loss anxiety creates background stress,"Externalizes Tasks, Gamifies Action",Frustrated,Defeated,"Starting Something Hard, Staying focused","Emotional Dysregulation, Executive Dysfunction, Task Initiation","Anxious, Avoidant, Task Initiation","Crash Recovery, Low Energy, Wired but Tired",Emotional Regulation,Checklist,"Gamified, Incremental Engagement",,Avoidant,,,,,$$,,,,,,hard-drive,Include backup strategy recommendations and peace of mind benefits,No
Pep Talk Playlist,Motivational Video Collection,"**Watch short motivational videos to overcome feelings of being stuck or drained.**

• Follow the basic steps
• Keep it simple
• Focus on what works for you","You've been avoiding an important project for days and feel completely unmotivated. You open your saved ""Pep Talk"" playlist and watch one 3-minute motivational video. The energy boost is just enough to help you open the document and write the first paragraph.",When you need a quick motivation boost,"Breaking Down Complexity, Dopamine Activation, Externalizes Tasks, Starts Small",Drained,Stuck,"Focus Enhancement, Task Initiation","Emotional Dysregulation, Inertia, Task Initiation","Can't Start, Poor Time Estimation","Low Energy, Overwhelmed, Wired but Tired","Emotional Regulation, Time Planning",Gamification,"Gamified, Visual",,"Avoidant, Frozen",,,,,Free,The Anti-Planner by Dani Donovan,,,,,list,Limit to videos under 5 minutes to prevent rabbit holes,No
Permission Slips,Self-Authorization System,"**Write yourself permission slips for activities that often induce guilt, like resting or ordering takeout.**

• Follow the basic steps
• Keep it simple
• Focus on what works for you",You feel guilty about ordering pizza instead of cooking a healthy meal after a long day. You remember your permission slip that says 'Permission to choose convenience over perfection when exhausted.' Reading it reminds you that taking care of your basic needs is more important than being perfect.,When guilt is preventing self-care or practical choices,"Externalizes Tasks, Provides External Structure",Ashamed,Guilty,Being Kinder to Myself,"Task Initiation, Time Blindness","Poor Time Estimation, Spiraling, Task Initiation","Burnout, Low Energy, Wired but Tired",,Checklist,Visual,,"Frozen, Overthinking",,,,,Free,The Anti-Planner by Dani Donovan,,,,,target,Include common permission slip examples and guilt-reduction techniques,No
Personal Best Challenge,Self-Competition Game,"**Transform boring tasks into exciting personal challenges by timing how quickly you can complete them.**

• Follow the basic steps
• Keep it simple
• Focus on what works for you","You've been putting off folding that mountain of laundry. You set a timer and see that you can fold 12 items in 5 minutes. You note this on a small whiteboard in your bedroom. Next laundry day, you challenge yourself: 'Can I fold 14 items in 5 minutes?' The game aspect makes you look forward to folding day.",When routine tasks feel boring,"Breaks Down Complexity, Frees Up Working Memory, Gamifies Action",Drained,Stuck,"Cleaning Up, Overcoming Procrastination, Quick Task Management","Inertia, Task Initiation, Time Blindness","Avoidant, Can't Start","Low Energy, Wired but Tired","Cleaning, Focus Enhancement, Task Initiation","Challenge, Gamified, Quick Fix",Gamified,,"Avoidant, Frozen",,,,,Free,The Anti-Planner by Dani Donovan,,,,,trophy,Include tracking sheets and suggested metrics for different tasks,No
Personal Burnout Radar,Early Warning System,"Create a personalized list of your unique burnout warning signs, like irritability and forgetfulness.   This proactive approach can prevent overwhelm and help manage your energy effectively.","When you notice you've skipped lunch three days in a row, haven't returned any texts, and feel irritated by small noises (your personal warning signs), you know it's time to implement your 'burnout prevention plan.' This might mean canceling one commitment this weekend, scheduling a proper meal, or taking a mental health afternoon.",When you want to prevent burnout before it hits,"Externalizes Tasks, Frees Up Working Memory, Provides External Structure",Burned out,Defeated,Recovering from a crash,"Emotional Dysregulation, Task Structuring, Working Memory Engagement","Overcommitted, Sensory Overload","Burnout, Crash Recovery, Overwhelmed",,"Checklist, Gamified",Gamified,,"Discouraged, Frozen",,,,,Free,The Anti-Planner by Dani Donovan,,,,,list,Include common burnout signs checklist and prevention action plans,No
Personal Strategy Coach,Professional Brain Support,"**Work with a specialized ADHD coach to develop strategies tailored to your unique challenges.**

• Follow the basic steps
• Keep it simple
• Focus on what works for you","You've tried many self-help strategies but still struggle with organization and time management. You start working with an ADHD coach who helps you identify your specific patterns, develop customized systems, and provides weekly accountability. Having professional support tailored to ADHD makes a significant difference.",When you need professional guidance for ADHD management,"Externalizes Tasks, Frees Up Working Memory, Gamifies Action",Frustrated,Defeated,"Starting Something Hard, Staying focused","Executive Dysfunction, Time Blindness, Working Memory Engagement","Cannot Finish, Disorganized, Task Initiation","Crash Recovery, Low Energy, Wired but Tired","Task Initiation Support, Time Planning, Work","Accountability, Gamified",Gamified,,Disorganized,,,,Working Professional,$$$$,,,,,,handshake,Include how to find qualified coaches and what to expect from coaching,No
Phone a Friend,Social Support System,"**Reach out to a friend who understands your ADHD challenges when you're feeling stuck or overwhelmed.**

• Follow the basic steps
• Keep it simple
• Focus on what works for you","You've been staring at a work project for an hour feeling completely blocked. Instead of continuing to struggle alone, you call your ADHD-aware friend and explain the situation. They help you break it into smaller steps and remind you that you've handled similar challenges before. After 10 minutes, you feel ready to try again.",When you need external perspective or emotional support,"Externalizes Tasks, Gamifies Action, Reduces Decision Fatigue",Stuck,Overwhelmed,"Focus Enhancement, Overcoming Procrastination, Task Initiation","Decision Fatigue, Emotional Dysregulation, Task Initiation","Anxious, Can't Start","Burnout, Low Energy, Restless","Emotional Regulation, Focus Enhancement, Task Initiation","Gamification, Quick Fix",Gamified,,"Avoidant, Disorganized, Frozen",,,,,Free,The Anti-Planner by Dani Donovan,,,,,phone,Include conversation starters and how to build an ADHD support network,No
Physical Movement Reset,Body-Based Reset Strategy,"### ⚡ Quick Body Reset

Get your body moving for just 2-10 minutes with activities like jumping jacks, walking, or dancing. This strategy helps to clear mental fog and improve focus by freeing up your working memory.  Remember, even small actions can create significant shifts in your mental state!","You've been trying to concentrate on a task for 30 minutes but your brain feels like mush. Instead of pushing through, you stand up and do 20 jumping jacks, then walk around your house for 3 minutes. When you sit back down, your mind feels clearer and you can actually focus on the work.",When mental fog or stuckness needs a physical reset,"Breaks Down Complexity, Minimizes Friction",Drained,Stuck,"Starting Something Hard, Staying focused","Inertia, Task Initiation, Working Memory Engagement",Can't Start,"Low Energy, Wired but Tired","Focus Enhancement, Task Initiation Support",Environmental Hack,"Embodied, Interactive",,"Discouraged, Frozen",,,,,Free,The Anti-Planner by Dani Donovan,,,,,bolt,Include movement options for different energy levels and spaces,No
Plan B Safety Net,Contingency Victory System,"**Always have a backup plan for important situations like traffic or childcare.**

• Follow the basic steps
• Keep it simple
• Focus on what works for you","You're always stressed about being late to work when there's traffic. You research 3 different routes to your office and keep them saved in your phone. Now when your usual route is blocked, you calmly switch to backup route #2 instead of panicking.",When unexpected problems create disproportionate stress,"Breaks Down Complexity, Externalizes Tasks, Starts Small",Frustrated,Defeated,"Managing my schedule, Planning my time, Task Initiation Support","Executive Dysfunction, Task Structuring, Time Blindness","Anxiety Management, Can't Finish, Poor Time Estimation",Crash Recovery,"Planning, Work","Checklist, Routine","Incremental Engagement, Task Simplification, Visual",,Time Blind,,,,"Parent, Working Professional",Free,,,,,,map,Include backup planning templates for common ADHD challenges,No
Playlist for Every Mood,Curated Music Collection,"Create specific playlists tailored to your emotional states and tasks. Use upbeat music to boost your motivation when tackling chores, which can help combat task initiation challenges common in ADHD.","You're feeling sluggish and unmotivated to clean your kitchen. Instead of forcing yourself, you put on your 'Cleaning Energy' playlist with upbeat songs that make you want to move. The music shifts your energy, and suddenly you're dancing while doing dishes instead of dragging through the task.",When you need mood regulation through music,"Dopamine Activation, Emotional Regulation, Externalizes Tasks",Drained,Stuck,"Cleaning Up, Overcoming Procrastination, Resetting My Space","Emotional Dysregulation, Task Initiation, Working Memory Engagement","Can't Start, Poor Time Estimation","Low Energy, Overwhelmed, Wired but Tired","Cleaning, Emotional Regulation","Accountability, Challenge, Mindset Shift","Interactive, Sensory",,Discouraged,,Recently Moved,,,Free,The Anti-Planner by Dani Donovan,,,,,list,Include playlist suggestions for different moods and activities,No
Podcast Buddy System,Audio Companionship Strategy,"**Tune into a podcast while tackling dull tasks to create a sense of audio companionship.**

• Follow the basic steps
• Keep it simple
• Focus on what works for you","You're staring at a mountain of dishes but can't seem to start. You put on an episode of your favorite interview podcast and suddenly you're scrubbing away while feeling like you have friends chatting nearby. The time passes more quickly, and you find yourself getting through the whole sink without even realizing it.",When you need company to start boring tasks,"Externalizes Tasks, Frees Up Working Memory",Drained,Stuck,"Cleaning Up, Overcoming Procrastination, Task Initiation Support",Task Initiation,"Avoidant, Can't Start","Low Energy, Overwhelmed, Wired but Tired","Cleaning, Focus Enhancement, Task Initiation Support",Gamification,"Gamified, Interactive, Sensory",,"Avoidant, Overthinking",,,,,Free,Reddit /r/ADHDWomen,,,,,phone,Create curated podcast recommendations for different task types,No
Pomodoro Technique,Time-Boxed Focus Method,"**### ⏳ Focused Work Bursts

Utilize the Pomodoro Technique by working in 25-minute focused bursts followed by 5-minute breaks.**

• Follow the basic steps
• Keep it simple
• Focus on what works for you","You need to write a report but keep getting distracted. You set a timer for 25 minutes and commit to working only on the report until it rings. Knowing you only have to focus for 25 minutes makes it feel manageable, and the ticking timer creates just enough pressure to keep you on track.",When you need structured focus time with built-in breaks,"Gamifies Action, Provides External Structure",Scattered,Overwhelmed,"Staying focused, Task Initiation Support","Task Initiation, Time Blindness, Working Memory Failures","Can't Focus, Can't Start, Poor Time Estimation","Burnout, Low Energy","Focus Enhancement, Task Initiation Support, Time Planning","Accountability, Checklist, Routine","Interactive, Task Simplification, Time Management",,"Avoidant, Overthinking",,,,,Free,Francesco Cirillo,,,,,timer,Include timer app recommendations and break activity suggestions,No
Priority Decision Matrix,Task Urgency Grid,"Draw a simple 2×2 grid to classify your tasks based on urgency and importance. This method helps combat decision paralysis by visually sorting what truly matters, allowing you to focus on just a few critical tasks instead of feeling overwhelmed by your entire to-do list.","You feel paralyzed by your to-do list with 20+ items. Instead of trying to tackle everything, you draw a cross on paper creating four boxes. You write each task in one quadrant: 'Finish client presentation' goes in important+urgent; 'Research new software' in important+not urgent; 'Reply to marketing email' in urgent+not important. Suddenly you can see only 3 items truly need attention today.",When everything feels equally urgent,"Minimizes Friction, Reduces Decision Fatigue",Stuck,Overwhelmed,"Focus Enhancement, Staying focused, Task Initiation","Decision Fatigue, Task Structuring, Working Memory Engagement","Can't Decide, Can't Start",Burnout,"Planning, Time Planning",Checklist,"Task Simplification, Time Management, Visual",,"Frozen, Overthinking",,,,,Free,The Anti-Planner by Dani Donovan,,,,,target,Include decision criteria guides and digital template options,No
Procrastination Surfing,Productive Procrastination,Redirect your procrastination energy toward a different productive task instead of fighting it.,"You're supposed to be writing a report but keep avoiding it. Instead of forcing yourself or feeling guilty, you notice you have energy for organizing your desk. You spend 20 minutes decluttering your workspace, which makes you feel accomplished and might even help you focus better when you return to the report.",When procrastination energy can be redirected productively,"Dopamine Activation, Emotional Regulation, Frees Up Working Memory",Anxious,Ashamed,"Overcoming Procrastination, Staying focused, Task Initiation","Emotional Dysregulation, Task Initiation, Working Memory Engagement","Avoidant, Can't Start",,"Cleaning, Focus Enhancement, Task Initiation",Gamification,"Gamified, Sensory",,"Avoidant, Discouraged, Overthinking",,,,,Free,The Anti-Planner by Dani Donovan,,,,,lightbulb,Include task-switching strategies and energy-matching techniques,No
Progress Over Perfect,Anti-Perfectionism Mindset,"Replace ""all or nothing"" thinking with ""all or something."" Instead of aiming for perfection, do something imperfectly—even a small effort is better than none.  When faced with perfectionism, remember that even 20 minutes of exercise is a victory!","You planned to exercise for an hour but only have 20 minutes. Instead of skipping it entirely because you can't do the ""full"" workout, you tell yourself ""all or something"" and do 20 minutes. Some exercise is better than none, and you feel good about taking action.",When perfectionism prevents any action,"Breaks Down Complexity, Starts Small",Stuck,Overwhelmed,"Maintaining Focus, Overcoming Procrastination, Starting Something Hard","Emotional Dysregulation, Perfectionism, Task Initiation","Can't Decide, Can't Start","Crash Recovery, Low Energy, Wired but Tired",,"Engaging Gamification, Gamification",Gamified,,"Frozen, Overthinking",,,,,Free,The Anti-Planner by Dani Donovan,,,,,brain,"Include ""something"" alternatives for common perfectionism traps",No
Progress Photos,Visual Motivation,"Take photos of your projects and goals to create visual documentation. This strategy helps combat time blindness and feelings of stagnation by visually showcasing your improvements over time, which can enhance motivation and clarity.","You're slowly organizing your home office but feel like you're not making any progress. You start taking weekly photos of your desk area. Looking back at the photos shows clear improvement over time, which motivates you to keep going.",When progress feels invisible or insufficient,"Dopamine Activation, Emotional Regulation",Hopeless,Defeated,"Being Kinder to Myself, Finding motivation","Emotional Dysregulation, Time Blindness, Working Memory Engagement","Emotional Regulation, Poor Time Estimation",Crash Recovery,"Emotional Regulation, Self-Compassion",Checklist,"Incremental Motivation, Visual",Work From Home,"Discouraged, Overthinking",,,,Working Professional,Free,,,,,,camera,Include photo documentation strategies and progress celebration ideas,No
Protein-Rich Breakfast,Stable Energy Foundation,"**Start your day with a protein-rich breakfast like eggs or Greek yogurt with nuts.**

• Follow the basic steps
• Keep it simple
• Focus on what works for you",You often feel shaky and unfocused by mid-morning after eating sugary cereal. You switch to eggs and toast or Greek yogurt with nuts for breakfast. The protein provides steady energy and you notice better focus throughout the morning.,When morning energy crashes affect focus,"Breaks Down Complexity, Dopamine Activation, Externalizes Tasks",Forgetful,Stuck,"Maintaining Focus, Overcoming Procrastination, Task Initiation Support",Working Memory Failures,"Can't Focus, Can't Start, Forgetful","Crash Recovery, Low Energy, Wired but Tired",Emotional Regulation,Quick Fix,Sensory,,Frozen,,,,,$,,,,,,layout,Include quick protein breakfast ideas and meal prep strategies,No
Prove-Me-Wrong Task Board,Reverse Psychology Board,"Create a challenge board with tasks framed as bets against yourself, like ""Bet you can't clean the bathroom today.""   Remember to keep your statements specific and use them to gamify your actions for better results.","When you're facing tasks you've been avoiding, create a simple board with statements like 'Bet you can't reply to those 3 emails before lunch' or 'Bet you can't organize your desk for 10 minutes.' Your brain will want to prove these statements wrong, turning avoidance into 'I'll show you I can!'",When reverse psychology might motivate you,Gamifies Action,Anxious,Ashamed,"Cleaning Up, Overcoming Procrastination, Resetting My Space","Emotional Dysregulation, Task Initiation, Working Memory Engagement","Avoidant, Can't Start","Overwhelmed, Restless, Wired but Tired","Cleaning, Emotional Regulation, Task Initiation","Challenge, Gamification","Action-Oriented, Gamified, Incremental Motivation",,"Avoidant, Discouraged, Overthinking",,,,,Free,The Anti-Planner by Dani Donovan,,,,,check-square,Provide template boards and example challenge statements,No
Quick Capture System,Thought Collection Method,Capture thoughts instantly in a designated spot like a notes app or notebook.,"You're in the middle of cooking dinner when you remember you need to schedule a dentist appointment. Instead of trying to remember it later (and probably forgetting), you quickly open your phone's notes app and type 'dentist appt.' Now you can focus on cooking without worrying about losing the thought.",When important thoughts pop up at inconvenient times,"Breaks Down Complexity, Externalizes Tasks, Starts Small",Forgetful,Ashamed,"Starting Something Hard, Staying focused",Working Memory Failures,"Avoidant, Forgetful, Poor Time Estimation","Overwhelmed, Restless, Wired but Tired","Time Planning, Work","Accountability, Checklist, Routine",Interactive,,"Avoidant, Disorganized, Frozen",,,,,Free,The Anti-Planner by Dani Donovan,,,,,rocket,Include capture method comparisons and review system suggestions,No
Quiet Quitting Your To-Do List,Priority Simplification,"Deliberately eliminate or ignore non-essential tasks that drain your energy. This strategy helps combat time blindness by allowing you to focus on what truly matters, reducing the overwhelm of a long to-do list.","You realize you've been spending hours each week on tasks that don't actually matter - like perfectly organizing your email folders or color-coding your calendar. You decide to 'quiet quit' these perfectionist tasks and redirect that energy toward things that actually impact your life, like meal planning or exercise.",When perfectionism is wasting energy on unimportant tasks,"Emotional Regulation, Externalizes Tasks, Gamifies Action",Anxious,Stuck,"Managing my schedule, Planning my time, Quick Task Management","Decision Fatigue, Perfectionism, Time Blindness",Can't Decide,"Burnout, Low Energy, Overwhelmed","Planning, Time Planning",Gamification,"Gamified, Visual",,Overthinking,,,,,Free,The Anti-Planner by Dani Donovan,,,,,list,Include task evaluation criteria and permission-giving frameworks,No
Race the Takeout Timer,Delivery Deadline Sprint,"**Order your food and use the wait time as a mini burst of focus.**

• Follow the basic steps
• Keep it simple
• Focus on what works for you","You order your favorite Thai food with a 40-minute delivery estimate. Instead of scrolling while waiting, you set a timer for 30 minutes and quickly tidy your living space, gathering trash, putting away 5 items, and wiping one surface. When food arrives, you enjoy it in a cleaner space and feel accomplished.",When you need external deadlines to motivate action,"Externalizes Tasks, Gamifies Action, Provides External Structure",Stuck,Overwhelmed,"Cleaning Up, Quick Task Management, Resetting My Space","Task Initiation, Task Structuring, Time Blindness","Avoidant, Can't Start","Low Energy, Overwhelmed, Wired but Tired","Cleaning, Task Initiation Support, Time Planning","Challenge, Quick Fix","Gamified, Interactive, Time Management",,"Avoidant, Frozen",,,,Working Professional,$$,How to Keep House While Drowning by KC Davis,,,,,pizza,Add a list of 15-30 minute tasks perfect for delivery windows,Yes
Radical Acceptance,Emotional Processing Technique,"Practice accepting difficult emotions without the urge to fix them right away.  For instance, when feeling anxious, acknowledge it by saying, ""I'm feeling anxious, and that's okay,"" allowing you to manage your feelings better and focus on what matters most.","You're feeling anxious about a presentation tomorrow and notice you're getting more stressed about being stressed. Instead of fighting it, you pause and think: 'I'm feeling anxious about tomorrow's presentation. This is a normal response to something important. I don't have to fix this feeling right now.' The acceptance reduces the spiral.",When fighting emotions is making them worse,"Cognitive Load Management, Emotional Regulation, Executive Function Support",Overstimulated,Overwhelmed,"Being Kinder to Myself, Calming Down","Decision Fatigue, Emotional Dysregulation, Working Memory Failures",Anxiety Management,Overstimulated,"Emotional Regulation, Self-Compassion",Quick Fix,"Interactive, Reflective Practice",,"Avoidant, Frozen",,,,,Free,The Anti-Planner by Dani Donovan,,,,,refresh-cw,Include acceptance phrases and mindfulness techniques for different emotions,No
Random Reward Generator,Motivation Surprise System,"**Create a list of small rewards and use a random generator to pick one after completing tasks.**

• Follow the basic steps
• Keep it simple
• Focus on what works for you","You finish organizing your desk drawer (a task you've been avoiding) and spin your reward wheel app. It lands on '20 minutes of guilt-free phone scrolling.' The surprise element makes the reward feel more special than if you'd just planned it, and you look forward to seeing what you'll get next time.",When predictable rewards lose their motivational power,"Activates Dopamine, Externalizes Tasks, Gamifies Action",Drained,Stuck,"Staying focused, Task Initiation","Decision Fatigue, Task Initiation, Time Blindness","Cannot Finish, Task Initiation","Burnout, Crash Recovery, Wired but Tired","Decision Making, Focus Enhancement, Task Initiation","Challenge, Checklist, Gamification","Gamified, Interactive, Sensory",,"Disorganized, Overthinking",,,,,Free,The Anti-Planner by Dani Donovan,,,,,gift,Include reward categories and generator setup instructions,No
Randomizer Apps,Decision-Making Tools,"Use apps or websites that make random choices for you to combat decision fatigue.  Simply input your tasks into a randomizer app, and let it decide for you, making it easier to start without feeling stuck or paralyzed.","You're staring at your to-do list with 8 tasks and can't decide which to tackle first. You open a randomizer app, input all 8 tasks, and let it choose: 'Organize email inbox.' The random selection bypasses your decision paralysis and gets you moving immediately.",When decision fatigue is blocking action,"Minimizes Friction, Reduces Decision Fatigue",Stuck,Overwhelmed,"Maintaining Focus, Overcoming Procrastination, Task Initiation","Decision Fatigue, Task Initiation, Working Memory Engagement","Can't Decide, Can't Start","Burnout, Low Energy","Decision Making, Task Initiation Support",Gamification,"Gamified, Interactive",,Frozen,,,,,Free,,,,,,graduation-cap,Include app recommendations and decision category suggestions,No
Reduce Friction,Task Simplification Strategy,"**Remove unnecessary steps between you and your goals to enhance your task initiation.**

• Follow the basic steps
• Keep it simple
• Focus on what works for you","You want to exercise more but keep skipping workouts because finding clothes and setting up equipment feels like too much work. You lay out your workout clothes the night before and keep your yoga mat permanently unrolled in the living room. Now when you feel motivated, you can start immediately without any setup barriers.",When too many steps are preventing task completion,"Breaks Down Complexity, Minimizes Friction",Drained,Stuck,"Focus Enhancement, Overcoming Procrastination, Task Initiation Support","Environmental Cues, Task Initiation, Time Blindness","Avoidant, Can't Start, Poor Time Estimation","Burnout, Low Energy","Focus Enhancement, Task Initiation Support","Environmental Hack, Gamification",Gamified,,Avoidant,,,,,Free,The Anti-Planner by Dani Donovan,,,,,grid,Include friction analysis worksheets and setup suggestions for common goals,No
Regular Exercise,Symptom Management Tool,"**Engage in regular physical activity to naturally manage ADHD symptoms.**

• Follow the basic steps
• Keep it simple
• Focus on what works for you",You notice your ADHD symptoms are worse on days when you don't move your body. You start taking a 20-minute walk every morning and notice you feel more focused and calm throughout the day. Regular movement becomes part of your ADHD management strategy.,When ADHD symptoms need natural management support,"Dopamine Activation, Frees Up Working Memory",Drained,Stuck,"Starting Something Hard, Staying focused","Emotional Dysregulation, Task Initiation, Working Memory Failures","Can't Focus, Task Initiation","Crash Recovery, Low Energy, Wired but Tired",Work,"Accountability, Challenge, Routine","Action-Oriented, Embodied, Interactive",,"Avoidant, Discouraged, Frozen",,Recently Moved,,,Free,,,,,,activity,Include exercise types that work well for ADHD and scheduling strategies,No
Rejection Sensitivity Dysphoria (RSD) Toolkit,Emotional Regulation Strategies,"**### ⚡️ Manage RSD with Actionable Steps
Take control of your Rejection Sensitivity Dysphoria (RSD) episodes by implementing specific strategies like deep breathing and reality-checking your thoughts.**

• Follow the basic steps
• Keep it simple
• Focus on what works for you","Your boss gives you minor feedback on a project and your brain immediately spirals to 'They hate my work, I'm going to get fired.' Instead of drowning in these feelings, you use your RSD toolkit: take 5 deep breaths, remind yourself that feedback isn't rejection, and text your friend who helps you reality-check these thoughts.",When criticism or perceived rejection triggers intense emotions,"Emotional Regulation, Executive Function Support, Gamifies Action",Ashamed,Guilty,"Being Kinder to Myself, Calming Down","Decision Fatigue, Emotional Dysregulation, Working Memory Engagement","Anxious, Poor Time Estimation",,"Emotional Regulation, Self-Compassion",Gamification,"Gamified, Visual",,"Avoidant, Frozen",,,,,Free,The Anti-Planner by Dani Donovan,,,,,lightning,Include RSD recognition signs and multiple coping strategy options,No
Rescue Time,Digital Activity Tracking,"### ⏳ Time Tracking Awareness

Use automatic time-tracking software to gain insights into where your time is spent, helping you combat time blindness. This strategy reveals patterns in your digital habits, allowing you to identify time drains without judgment.","You feel like you're always busy but never accomplish much. After a week of automatic tracking, you discover you spend 3 hours daily on social media without realizing it. This isn't about shame - it's just information that helps you understand why you feel scattered and can make conscious choices about your time.",When you want to understand your actual time usage,"Minimizes Friction, Reduces Decision Fatigue",Scattered,Overwhelmed,"Staying focused, Task Initiation","Decision Fatigue, Task Initiation, Time Blindness","Can't Focus, Task Initiation, Time Blindness","Crash Recovery, Low Energy, Wired but Tired","Focus Enhancement, Task Initiation, Time Planning",Gamification,"Gamified, Visual",,"Disorganized, Overthinking, Time Blind",,,,,$,RescueTime app,,,,,compass,Include privacy considerations and data interpretation guides,No
Reverse Pomodoro,Break-First Productivity,"**Start your work session with a planned break or enjoyable activity to ease into productivity.**

• Follow the basic steps
• Keep it simple
• Focus on what works for you","You've been avoiding starting a report all morning and feel guilty about it. Instead of forcing yourself to work, you decide to take a 20-minute walk first, telling yourself 'After this walk, I'll sit down and write for 25 minutes.' The walk clears your head and makes starting feel less overwhelming.",When traditional productivity methods feel too rigid,"Frees Up Working Memory, Minimizes Friction, Starts Small",Drained,Stuck,"Focus Enhancement, Overcoming Procrastination, Task Initiation Support","Emotional Dysregulation, Task Initiation, Working Memory Engagement","Avoidant, Can't Start","Low Energy, Overwhelmed, Wired but Tired","Focus Enhancement, Task Initiation Support, Work","Checklist, Routine","Mindful Awareness, Sensory",,"Avoidant, Overthinking",,,,,Free,The Anti-Planner by Dani Donovan,,,,,timer,Include break activity suggestions and transition techniques,No
Reward Yourself for Doing Hard Things,Achievement Celebration System,"**Plan specific rewards for completing challenging tasks to boost your motivation.**

• Follow the basic steps
• Keep it simple
• Focus on what works for you","You've been putting off calling your insurance company for weeks. You decide that after making the call, you'll treat yourself to that expensive coffee you've been wanting and 30 minutes of guilt-free video game time. Knowing the reward is waiting makes picking up the phone feel worth it.",When you need motivation to tackle difficult tasks,"Gamifies Action, Provides Instant Rewards",Drained,Stuck,"Overcoming Procrastination, Starting Something Hard, Staying focused","Decision Fatigue, Emotional Dysregulation, Task Initiation","Avoidant, Can't Start","Burnout, Low Energy, Wired but Tired","Decision Making, Focus Enhancement, Task Initiation Support","Engaging Gamification, Gamification","Action-Oriented, Gamified, Incremental Motivation",,"Avoidant, Frozen",,,,,$,The Anti-Planner by Dani Donovan,,,,,gift,Include reward ideas for different budgets and task difficulty levels,No
Roadblock Detective,Problem Detective Method,"**Write down specifically what's stopping you—whether it's missing information or unclear steps—to clarify your barriers.**

• Follow the basic steps
• Keep it simple
• Focus on what works for you","You've been avoiding an important email for three days. Instead of beating yourself up, you grab a sticky note and write: ""I can't start this email because I'm not sure how to phrase the budget request without sounding demanding."" Aha! Now you see the specific block and can ask a colleague for advice.",When you're stuck and don't know why,"Breaks Down Complexity, Externalizes Tasks",Stuck,Overwhelmed,"Focus Enhancement, Task Initiation",Task Initiation,"Anxious, Can't Start","Crash Recovery, Overwhelmed, Restless","Emotional Regulation, Focus Enhancement, Task Initiation",Quick Fix,"Reflective Practice, Visual",,"Frozen, Overthinking",,,,Working Professional,Free,The Anti-Planner by Dani Donovan,,,,,book,"Create a ""detective questions"" template to guide the investigation",No
Rotation Cleaning,Zone-Based Cleaning System,"Assign each day of the week a specific cleaning zone to make the task feel less overwhelming. For instance, Monday can be for the kitchen and Tuesday for the bathroom.","You feel overwhelmed by keeping your whole house clean. You create a simple rotation: Monday is kitchen day (just wipe counters and load dishwasher), Tuesday is bathroom day (quick toilet and sink wipe), Wednesday is living room day (tidy surfaces). Each day requires only 10-15 minutes, but your whole house stays reasonably clean.",When house cleaning feels overwhelming,"Breaks Down Complexity, Externalizes Tasks, Minimizes Friction",Drained,Stuck,"Cleaning Up, Resetting My Space, Task Initiation",Task Initiation,"Can't Start, Task Initiation","Burnout, Low Energy, Restless","Cleaning, Task Initiation","Challenge, Checklist, Routine","Task Simplification, Time Management",,"Disorganized, Frozen",,,,,Free,The Anti-Planner by Dani Donovan,,,,,folder,Include rotation schedules for different home sizes and cleaning preferences,No
Rubber Duck Debugging,Problem-Solving Conversation,Explain your problem to an inanimate object like a rubber duck or a plant.,"You're stuck on a work project and can't figure out the next step. You grab your desk plant and start explaining: 'So the issue is that the client wants the report to include sales data, but our system only tracks...' As you talk through it, you suddenly realize you can pull the data from a different source you hadn't considered.",When you're stuck and need to think through problems,"Externalizes Tasks, Frees Up Working Memory, Starts Small",Stuck,Overwhelmed,"Starting Something Hard, Staying focused",Working Memory Failures,"Can't Start, Forgetful","Crash Recovery, Low Energy, Overwhelmed","Planning, Work","Accountability, Gamification, Mindset Shift","Interactive, Visual",,Frozen,,,,,Free,The Anti-Planner by Dani Donovan,,,,,zap,"Include conversation starter prompts and different ""listener"" options",No
Rule of Two/Never Leave a Room Empty Handed,Continuous Tidying System,"**Follow the ""Rule of Two"" by taking at least two items with you whenever you move from one room to another.**

• Follow the basic steps
• Keep it simple
• Focus on what works for you","You're getting up from the couch to go to the kitchen. Instead of walking empty-handed, you grab the coffee mug and magazine from the coffee table to take with you. In the kitchen, you put the mug in the dishwasher and the magazine in the recycling bin. These tiny actions throughout the day keep your space tidier without feeling like ""cleaning.""",When you want to maintain tidiness without formal cleaning sessions,"Breaks Down Complexity, Externalizes Tasks",Scattered,Stuck,"Cleaning Up, Resetting My Space","Task Initiation, Task Structuring, Working Memory Engagement","Disorganized, Task Initiation",Overwhelmed,"Cleaning, Emotional Regulation, Task Initiation","Checklist, Routine","Incremental Engagement, Task Simplification",,"Disorganized, Frozen",,Recently Moved,,,Free,The Anti-Planner by Dani Donovan,,,,,sunrise,Include room-to-room item suggestions and habit-building tips,No
Scared and Still Doing It ,Courage Over Confidence,"**Take action even when you're feeling scared or uncertain.**

• Follow the basic steps
• Keep it simple
• Focus on what works for you","You want to apply for a promotion, but you feel unsure and not ""ready.""
Instead of waiting to feel more confident (which might never come), you decide to go for it anyway. You remind yourself, ""I'll do it scared,"" and submit the application.

Taking action while feeling afraid is how confidence gets built, step by step.",When fear is preventing you from taking important actions,"Breaking Down Complexity, Emotional Regulation, Starts Small",Stuck,Overwhelmed,"Overcoming Procrastination, Overcoming Resistance, Starting Something Hard","Emotional Dysregulation, Task Initiation","Anxious, Can't Start, Poor Time Estimation",Shutdown,"Emotional Regulation, Self-Compassion",Mindset Shift,"Reflective Practice, Sensory",,"Avoidant, Frozen",,,,,Free,,,,,,shield-check,Include fear-management techniques and action-despite-anxiety strategies,Yes
Scent Support System,Aromatherapy Toolkit,"**Use essential oils like peppermint to boost alertness and support mood regulation.**

• Follow the basic steps
• Keep it simple
• Focus on what works for you",You feel sluggish in the afternoon and need something to help you refocus. You keep a peppermint essential oil roller at your desk and apply it to your wrists when you need an alertness boost. The scent helps you feel more awake and focused.,When scent can support mood and focus regulation,"Dopamine Activation, Emotional Regulation, Frees Up Working Memory",Drained,Stuck,"Starting Something Hard, Staying focused","Emotional Dysregulation, Working Memory Engagement","Can't Focus, Poor Time Estimation","Crash Recovery, Low Energy, Wired but Tired",Emotional Regulation,Quick Fix,"Interactive, Sensory",,"Avoidant, Frozen",,,,,$,,,,,,life-buoy,Include oil recommendations for different needs and safe usage guidelines,No
Scheduled Guilt-Free Breaks,Intentional Rest Breaks,"**Plan short rest breaks like you would important meetings to combat time blindness and prevent burnout.**

• Follow the basic steps
• Keep it simple
• Focus on what works for you","You've been working on a project for 2 hours straight and notice your focus slipping. Instead of pushing through, you set a timer for 15 minutes, step outside for fresh air, and return genuinely refreshed. The break feels good because it's planned, not a failure.",When you need permission to rest,"Emotional Regulation, Frees Up Working Memory, Minimizes Friction",Burned out,Defeated,"Calming Down, Maintaining Focus, Task Initiation","Emotional Dysregulation, Task Initiation, Working Memory Engagement","Can't Focus, Sensory Overload",Burnout,Time Planning,Gamification,"Gamified, Sensory",,"Avoidant, Frozen",,,,,Free,The Anti-Planner by Dani Donovan,,,,,calendar,Include break activity suggestions and optimal timing guidelines,No
See-It-Grab-It Storage,Visual Organization System,"**Store frequently used items in clear containers at eye level to ensure they are easily accessible.**

• Follow the basic steps
• Keep it simple
• Focus on what works for you",You keep losing your scissors because they're buried in a drawer. You put them in a clear container on your desk where you can see them. Now you always know where they are and actually put them back because it's easy to do.,When storage systems are too complicated to maintain,"Breaking Down Complexity, Externalizes Tasks, Freeing Up Working Memory",Forgetful,Scattered,"Managing Emotional Dysregulation, Quick Task Management, Task Initiation Support","Emotional Dysregulation, Task Structuring, Working Memory Failures","Disorganized, Forgetful, Poor Time Estimation",,"Planning, Work",Checklist,"Sensory, Visual",,Disorganized,,,,,$,,,,,,power,Include accessibility guidelines and storage solutions for different items,No
See-Through Success,Visual Achievement System,"Transform your storage into a visual achievement system by using clear containers and fun labels.  By creating 'loading bars' that visually indicate when items are at optimal levels and taking before/after photos, you'll not only stay organized but also enjoy the instant rewards of your efforts.",Replace opaque bins with clear containers. Add colorful labels with pictures. Create a 'loading bar' sticker showing 80% full is perfect. Take a photo when you organize and share your 'after' transformation.,When hidden storage leads to forgotten items,"Externalizes Tasks, Gamifies Action",Forgetful,Scattered,"Managing my schedule, Planning my time, Task Initiation Support","Task Structuring, Time Blindness, Working Memory Failures","Disorganized, Forgetful, Poor Time Estimation",,"Planning, Time Planning",Gamification,"Gamified, Visual",,Disorganized,,,,,$,,,,,,power,Adds gamification with loading bars and achievement photos,No
Seeing the Real You,Self-Perception Exercise,"Write a kind description of yourself as if you're an outside observer. This exercise helps combat negative self-talk by externalizing your strengths, making it easier to initiate positive self-reflection.","You write: 'This person is creative, caring, and works really hard even when things are difficult. They're dealing with a brain that works differently, but they keep trying and have accomplished many things. They deserve the same kindness they show others.' When you're feeling down about yourself, you read this reminder of who you really are.",When negative self-perception is overwhelming your identity,"Externalizes Tasks, Gamifies Action",Ashamed,Guilty,"Being Kinder to Myself, Finding motivation","Emotional Dysregulation, Working Memory Engagement","Poor Time Estimation, Spiraling","Crash Recovery, Overwhelmed, Wired but Tired","Emotional Regulation, Self-Compassion","Challenge, Engaging Gamification, Gamification",Gamified,,"Discouraged, Overthinking",,,,,Free,The Anti-Planner by Dani Donovan,,,,,notebook,Include prompts for identifying strengths and writing compassionate self-descriptions,No
Self-Care Checklist,Basic Needs Tracker,"**Create a basic self-care checklist to track essential daily tasks like taking medication, drinking water, and showering.**

• Follow the basic steps
• Keep it simple
• Focus on what works for you","You're having a rough day and feel like you haven't accomplished anything. You look at your self-care checklist and see you've checked off: took meds, drank 3 glasses of water, ate breakfast and lunch, showered, and went for a 10-minute walk. Suddenly you realize you've actually taken good care of yourself, which IS an accomplishment.",When you need reminders to take care of basic needs,"Externalizes Tasks, Gamifies Action",Drained,Stuck,"Being Kinder to Myself, Finding motivation","Emotional Dysregulation, Inertia, Time Blindness",Spiraling,Low Energy,"Emotional Regulation, Self-Compassion","Checklist, Gamified",Gamified,,"Avoidant, Frozen",,,,,Free,The Anti-Planner by Dani Donovan,,,,,hand,Include customizable checklists for different life situations and needs,No
Self-Compassion Pep Talk (How You'd Talk to a Friend vs Yourself),Friend Perspective Technique,"Pause and imagine a close friend facing the same challenge you're dealing with. Instead of self-criticism, offer yourself the same kindness you would give them.  By treating yourself with compassion, you improve your ability to initiate tasks and reduce feelings of guilt.","You're beating yourself up for making a mistake at work, thinking 'I'm so stupid, I always mess things up.' You pause and ask: 'What would I tell my best friend if they made this mistake?' You realize you'd say 'Everyone makes mistakes, you're learning, and one error doesn't define your abilities.' You then say those same kind words to yourself.",When self-criticism is harsh and unhelpful,"Emotional Regulation, Externalizes Tasks",Ashamed,Guilty,"Being Kinder to Myself, Calming Down, Overcoming Resistance","Decision Fatigue, Emotional Dysregulation, Working Memory Engagement","Poor Time Estimation, Spiraling","Burnout, Shutdown, Wired but Tired","Emotional Regulation, Self-Compassion",Gamification,"Gamified, Visual",,"Frozen, Overthinking",,,,,Free,The Anti-Planner by Dani Donovan,,,,,user-plus,Include common self-criticism scenarios and friend-response examples,No
Self-Compassion Practice,Emotional Regulation Strategy,"Treat yourself with kindness when mistakes happen. This self-compassion strategy helps combat self-criticism, which can exacerbate ADHD symptoms like time blindness and task initiation issues.","You forgot an important deadline and are spiraling into self-criticism: 'I'm so stupid, I always mess up.' You pause and ask 'What would I say to a friend in this situation?' You respond with kindness: 'This was a mistake, not a character flaw. Let me figure out how to handle it and prevent it next time.'",When self-criticism is making struggles worse,"Creates Accountability, Emotional Regulation",Ashamed,Guilty,"Being Kinder to Myself, Calming Down, Managing Emotional Dysregulation","Emotional Dysregulation, Task Initiation, Time Blindness","Avoidant, Poor Time Estimation, Spiraling","Crash Recovery, Overstimulated, Wired but Tired","Emotional Regulation, Self-Compassion",Gamification,"Gamified, Sensory",,"Avoidant, Overthinking",,,,Working Professional,Free,,,,,,flag,Include self-compassion exercises and inner dialogue reframing,No
Self-Forgiveness Reset,Compassionate Reset Ritual,"Consciously practice self-forgiveness by saying, ""I'm human and I forgive myself for this."" This strategy helps combat shame spirals that can overwhelm your working memory, making it difficult to move forward after a mistake.","You missed an important deadline yesterday and have been avoiding your email all morning. Instead of continuing to hide, pause and say out loud: ""I'm human and I forgive myself for missing this deadline. My ADHD made this harder, but beating myself up won't fix it."" Then immediately write a brief email acknowledging the missed deadline.",When shame is paralyzing you after a mistake,"Emotional Regulation, Gamifies Action",Ashamed,Guilty,"Being Kinder to Myself, Starting Something Hard","Emotional Dysregulation, Task Initiation, Working Memory Failures","Can't Start, Poor Time Estimation, Spiraling","Crash Recovery, Overwhelmed, Wired but Tired",Self-Compassion,"Accountability, Gamification, Mindset Shift","Gamified, Sensory",,"Discouraged, Overthinking",,Recently Moved,,Working Professional,Free,The Anti-Planner by Dani Donovan,,,,,sunrise,Include self-forgiveness scripts for common ADHD challenges,No
Semi-Related Environment,Context Pairing Strategy,"### ☕️ Make Tasks Enjoyable

Pair boring tasks with a pleasant setting to make them more tolerable. For instance, do your monthly budget at your favorite coffee shop to create a positive association, which helps combat task initiation difficulties often faced in ADHD.","You hate doing your monthly budget because it feels tedious and stressful. You decide to only do budget work at your favorite coffee shop with a special drink. Now budgeting becomes associated with the cozy atmosphere and treat, making it something you actually look forward to rather than dread.",When tasks feel unpleasant and you need positive associations,"Emotional Regulation, Gamifies Action, Starts Small",Drained,Stuck,"Overcoming Procrastination, Starting Something Hard, Staying focused","Emotional Dysregulation, Environmental Cues, Task Initiation","Avoidant, Can't Start","Crash Recovery, Low Energy, Wired but Tired","Emotional Regulation, Focus Enhancement, Work",Gamification,"Gamified, Interactive",,"Avoidant, Frozen",,,,,$,The Anti-Planner by Dani Donovan,,,,,settings,Include pairing suggestions for common dreaded tasks and different environments,No
Sensory Breaks,Regulation Support,Take regular sensory breaks to help manage overwhelm and boost focus.  Aim for 5-minute breaks every 2 hours to create a structured approach that enhances your ability to stay engaged and reduces anxiety in chaotic environments.,You notice you get increasingly agitated throughout the workday in your noisy office. You start taking 5-minute sensory breaks every 2 hours - stepping outside for fresh air or listening to calming music with headphones. The regular breaks prevent sensory overwhelm.,When sensory input becomes overwhelming,"Breaks Down Complexity, Externalizes Tasks, Reduces Decision Fatigue",Overstimulated,Overwhelmed,"Calming Down, Recovering from a crash","Emotional Dysregulation, Task Initiation, Working Memory Failures","Anxiety Management, Sensory Overload","Overstimulated, Overwhelmed","Cleaning, Sensory Management","Checklist, Routine",Sensory Engagement,,"Avoidant, Frozen, Overthinking",,,,Working Professional,Free,,,,,,lightning,Include sensory break ideas for different environments,No
Set Realistic Expectations at Work,Workplace Boundary Management,"Communicate your expectations about what you can realistically handle to avoid overwhelm. Instead of over-promising and risking stress, set clear deadlines with extra time for tasks.","Your boss asks when you can finish a report. Your ADHD brain wants to say 'tomorrow' to please them, but you pause and think realistically: 'I need time for research, writing, and revisions, plus I have other commitments.' You say 'I can have it to you by Thursday afternoon' instead of promising Tuesday and then stressing when you can't deliver.",When work expectations are consistently unrealistic,"Breaks Down Complexity, Externalizes Tasks, Frees Up Working Memory",Frustrated,Defeated,"Starting Something Hard, Staying focused","Executive Dysfunction, Time Blindness, Working Memory Engagement","Anxious, Can't Finish","Burnout, Crash Recovery, Overwhelmed","Emotional Regulation, Time Planning",Checklist,Visual,,Overthinking,,,,,Free,The Anti-Planner by Dani Donovan,,,,,watch,Include communication scripts and deadline calculation methods,No
Setting Goals That Don't Suck,ADHD-Friendly Goal Framework,"**Break down your goals into manageable steps that are specific and time-sensitive.**

• Follow the basic steps
• Keep it simple
• Focus on what works for you","Instead of setting a vague goal like 'get organized,' you create: 'Organize my desk drawer by Friday by spending 15 minutes each day sorting one section, with a coffee shop treat as reward when finished.' This goal is specific, time-bound, broken into small steps, and has a reward you actually want.",When you want to set goals that you'll actually achieve,"Breaks Down Complexity, Externalizes Tasks, Provides Instant Rewards",Frustrated,Defeated,"Managing my schedule, Planning my time, Task Initiation Support","Executive Dysfunction, Task Initiation, Time Blindness","Cannot Finish, Task Initiation","Low Energy, Wired but Tired","Planning, Time Planning","Accountability, Checklist, Routine","Incremental Engagement, Task Simplification, Time Management",,"Avoidant, Discouraged",,,,,Free,The Anti-Planner by Dani Donovan,,,,,target,Include goal-setting templates and ADHD-specific considerations,No
Shower Toothbrush,Habit Bundling Hack,"**Keep a toothbrush and toothpaste in the shower to make brushing teeth a part of your daily routine.**

• Follow the basic steps
• Keep it simple
• Focus on what works for you","You can keep a small plastic basket with your toothbrush and toothpaste suction-cupped to your shower wall. When you're already in the shower with warm water running, it feels so much easier to just grab the brush and get it done while you're standing there anyway.",When you consistently forget daily hygiene tasks,"Externalizes Tasks, Frees Up Working Memory",Forgetful,Ashamed,"Maintaining Focus, Overcoming Procrastination, Task Initiation Support","Environmental Cues, Task Initiation, Working Memory Failures","Avoidant, Forgetful","Crash Recovery, Low Energy, Restless","Planning, Time Planning",Routine,"Incremental Engagement, Task Simplification, Visual",,"Avoidant, Frozen",,,,,$,Reddit /r/ADHDWomen,,,,,sliders,Include other habit bundling examples and waterproof storage solutions,No
Shutting Up the Scumbag Brain,Negative Voice Management,"Name your negative voice (like ""Scumbag Brain"") and treat it as a heckler.","Your inner voice starts saying 'You're never going to finish this project, you always give up.' Instead of believing it, you think 'There goes Scumbag Brain again, trying to sabotage me. Nice try, but I'm going to prove you wrong by working on this for just 10 minutes.' Externalizing the voice makes it easier to push back.",When negative self-talk is sabotaging your efforts,"Emotional Regulation, Externalizes Tasks",Ashamed,Guilty,"Being Kinder to Myself, Calming Down","Emotional Dysregulation, Task Initiation, Working Memory Engagement","Anxious, Poor Time Estimation, Spiraling","Crash Recovery, Low Energy, Wired but Tired","Decision Making, Emotional Regulation",Gamification,"Gamified, Interactive",,Overthinking,,,,,Free,The Anti-Planner by Dani Donovan,,,,,mic,Include naming strategies and comeback phrases for common negative thoughts,No
Sleep Tracking Apps,Rest Optimization Tools,"Track your sleep using a sleep tracking app to gain insights into your sleep stages and patterns. This strategy helps address time blindness by revealing how much quality sleep you’re actually getting, allowing for adjustments to your routine.",You feel tired all the time but don't know why. You start using a sleep tracking app that shows your sleep stages and identifies patterns. You discover you're not getting enough deep sleep and can adjust your bedtime routine accordingly.,When sleep quality needs monitoring and improvement,"Breaks Down Complexity, Frees Up Working Memory, Starts Small",Stuck,Overwhelmed,Starting Something Hard,"Executive Dysfunction, Time Blindness, Working Memory Engagement","Can't Start, Cannot Finish","Crash Recovery, Low Energy, Shutdown",,"Checklist, Gamified",Gamified,,"Avoidant, Frozen, Overthinking",,,,Parent,$,,,,,,moon,Include sleep hygiene tips and pattern recognition strategies,No
Small Wins Trophy Shelf,Achievement Display System,"**Create a dedicated space for displaying symbols of your achievements, like marbles for workouts or sticky notes for completed tasks.**

• Follow the basic steps
• Keep it simple
• Focus on what works for you","You've been struggling to build a workout habit. You place a clear jar on your kitchen counter and add one marble every time you exercise, even if it's just 10 minutes. After two weeks, seeing the growing collection of marbles makes you feel proud of your consistency and motivates you to keep going.",When you need visual proof of progress,"Activates Dopamine, Breaks Down Complexity, Gamifies Action",Drained,Stuck,"Starting Something Hard, Staying focused","Environmental Cues, Task Structuring, Working Memory Engagement","Can't Focus, Task Initiation","Crash Recovery, Overwhelmed, Wired but Tired",Work,"Accountability, Gamification, Mindset Shift","Gamified, Incremental Motivation, Visual",,Discouraged,,,,,$,The Anti-Planner by Dani Donovan,,,,,grid,Include different trophy ideas for various goals and achievement tracking methods,No
Smart Alarm Labels,Context-Rich Reminders,"**Label your phone alarms with specific actions instead of just times.**

• Follow the basic steps
• Keep it simple
• Focus on what works for you","You set an alarm for 3pm but when it goes off, you can't remember what it was for. Now you label all your alarms: ""3pm - Call dentist,"" ""6pm - Start dinner,"" ""9pm - Take evening meds."" When the alarm sounds, you immediately know what action to take.",When you forget why you set alarms,"Externalizes Tasks, Frees Up Working Memory",Forgetful,Ashamed,"Managing my schedule, Planning my time, Task Initiation Support","Decision Fatigue, Task Initiation, Working Memory Failures","Disorganized, Poor Time Estimation, Task Initiation","Low Energy, Shutdown","Planning, Work",Gamification,"Gamified, Interactive",,Avoidant,,,,,Free,,,,,,alarm-clock,Include alarm labeling strategies and timing optimization,No
Smart Calendar System,Digital Schedule Manager,"Utilize calendar apps with ADHD-friendly features such as color coding, multiple reminders, and time blocking. This strategy helps combat time blindness by providing clear visual cues that enhance your working memory and organization.","You struggle to keep track of appointments and deadlines using a basic calendar. You switch to a calendar app that allows color coding by category, multiple reminder alerts, and time blocking for important activities. The enhanced features help you stay organized and on time.",When basic calendars aren't providing enough support,"Externalizes Tasks, Provides External Structure, Reduces Decision Fatigue",Forgetful,Ashamed,"Managing my schedule, Planning my time","Decision Fatigue, Task Structuring, Working Memory Failures","Forgetful, Missed Appointments, Poor Time Estimation","Overwhelmed, Wired but Tired","Planning, Time Planning","Checklist, Routine","Time Management, Visual",,Overthinking,,,,,$,,,,,,calendar,Include calendar features that support ADHD needs and organization strategies,No
Smart Email Templates,Communication Speed System,Create templates for common emails to streamline communication and reduce overwhelm.," I'm available at...""",,"Externalizes Tasks, Frees Up Working Memory, Minimizes Friction",Stuck,Overwhelmed,"Staying focused, Task Initiation","Decision Fatigue, Emotional Dysregulation, Task Initiation","Can't Start, Task Initiation","Crash Recovery, Low Energy, Overwhelmed","Emails, Work",Gamification,"Gamified, Interactive",,"Frozen, Overthinking",,,,Working Professional,,,,,,,mail,,No
Social Support System,Comprehensive Accountability Network,Work alongside a friend through video chat to enhance focus and productivity. This strategy leverages social accountability to combat task initiation challenges by creating a supportive environment where both parties work on their own tasks.,"When you're struggling to start or stay focused on a report, you ask a friend to work virtually with you over video chat. You don't even need to talk much - just knowing they're there working on their own stuff creates enough gentle pressure to help your brain engage.",When you need company to focus,"Executive Function Support, Externalizes Tasks",Drained,Stuck,"Focus Enhancement, Focused Task Execution, Task Initiation Support",Task Initiation,"Can't Focus, Can't Start",Low Energy,"Focus Enhancement, Task Initiation Support",Accountability,Interactive,,"Avoidant, Frozen",,,,,Free,The Anti-Planner by Dani Donovan,,,,,users,Include virtual body doubling platform recommendations and etiquette tips,No
Speed Run - countdown timer,Task Racing Game,"### ⏳ Speed-Running Tasks

Set a short countdown timer (5-10 minutes) to tackle chores like cleaning or organizing. This strategy helps combat time blindness by creating a sense of urgency, making mundane tasks feel like a fun challenge.","You need to tidy your living room but feel no motivation. You set a 10-minute timer and pretend you're in a speed-running competition: 'How much can I clean before this timer goes off?' You race around putting things away, and the urgency makes it feel like a game instead of a chore.",When routine tasks feel boring and you need energy,"Dopamine Activation, Gamifies Action, Starts Small",Drained,Stuck,"Cleaning Up, Resetting My Space, Task Initiation Support","Emotional Dysregulation, Task Initiation, Time Blindness","Avoidant, Can't Start","Low Energy, Restless, Wired but Tired","Cleaning, Focus Enhancement, Task Initiation Support","Engaging Gamification, Gamification","Action-Oriented, Gamified, Time-Limited Challenge",,Avoidant,,,,,Free,The Anti-Planner by Dani Donovan,,,,,timer,Include optimal timer lengths for different tasks and scoring systems,No
Sprint Box,Random Task Selection,"**Write tasks on slips of paper and place them in a box.**

• Follow the basic steps
• Keep it simple
• Focus on what works for you","You have 10 different work tasks and can't decide which to tackle. You write each on a slip of paper, put them in a box, and draw one: 'Update client database.' You set a timer for 20 minutes and focus only on that task. The randomness removes decision fatigue, and the time limit makes it feel manageable.",When you have multiple tasks and can't choose where to start,"Breaks Down Complexity, Externalizes Tasks, Minimizes Friction",Stuck,Overwhelmed,"Focus Enhancement, Focused Task Execution, Task Initiation Support","Decision Fatigue, Inertia, Task Initiation","Can't Decide, Can't Start","Crash Recovery, Low Energy, Shutdown","Decision Making, Focus Enhancement, Task Initiation Support",Gamification,"Gamified, Interactive",,"Avoidant, Frozen",,,,,Free,The Anti-Planner by Dani Donovan,,,,,dice,Include sprint timing suggestions and task categorization methods,No
Stealth Cleaning System,Continuous Maintenance Strategy,Wipe down surfaces while coffee brews and load the dishwasher immediately after meals.,"You notice your kitchen gets overwhelming because you let dishes and spills accumulate. You start cleaning as you go: wiping spills immediately, loading the dishwasher after each meal, and putting ingredients away while cooking. Your kitchen stays much tidier with these small, immediate actions.",When messes accumulate into overwhelming situations,"Breaks Down Complexity, Externalizes Tasks, Starts Small",Scattered,Stuck,"Cleaning Up, Resetting My Space",Task Initiation,"Can't Start, Disorganized",Frozen/Shut Down,"Cleaning, Task Initiation",Gamification,"Gamified, Task Simplification",,"Disorganized, Frozen",,,,,Free,,,,,,broom,Include clean-as-you-go strategies for different areas and situations,No
Sticky Notes Everywhere,Ubiquitous Reminder System,"**Place sticky notes and pens in key areas around your home and in your bag or car.**

• Follow the basic steps
• Keep it simple
• Focus on what works for you","You're in the kitchen making coffee when you remember you need to call your doctor. Instead of hoping you'll remember later, you grab the pen and sticky notes you keep by the coffee maker and write 'Call Dr. Smith' on a note, sticking it to your laptop where you'll see it when you sit down to work.",When thoughts and reminders pop up at inconvenient times,"Externalizes Tasks, Frees Up Working Memory, Provides External Structure",Forgetful,Ashamed,"Staying focused, Task Initiation","Environmental Cues, Task Initiation, Working Memory Failures","Disorganized, Poor Time Estimation, Task Initiation","Burnout, Low Energy, Overstimulated","Focus Enhancement, Task Initiation, Work",Quick Fix,"Sensory, Visual",,"Avoidant, Disorganized",,,,,$,Reddit /r/ADHDWomen,,,,,coffee,Include strategic placement guides and color-coding systems,No
Stop Should-ing All Over Yourself,Language Reframing,"Catch yourself when you think or say “I should do ___” and replace it with “I will” if it’s a true priority, or simply let it go. This shift helps reduce guilt and pressure, making tasks feel like choices instead of obligations.","You catch yourself thinking 'I should clean the garage this weekend' and feeling guilty about it. You pause and ask: 'Do I actually want or need to clean the garage right now?' You realize it's not urgent, so you reframe it: 'I could clean the garage someday when I feel like it, but I don't have to.' The guilt disappears.","When ""should"" thoughts are creating guilt and pressure","Emotional Regulation, Externalizes Tasks",Ashamed,Guilty,"Being Kinder to Myself, Maintaining Focus","Decision Fatigue, Emotional Dysregulation, Task Initiation","Anxiety Management, Can't Start, Emotional Regulation","Overwhelmed, Restless, Wired but Tired","Decision Making, Self-Compassion","Gamification, Mindset Shift","Gamified, Interactive",,"Discouraged, Overthinking",,,,,Free,The Anti-Planner by Dani Donovan,,,,,eye,"Include common ""should"" statements and reframing alternatives",No
Strategic Brain Spending,Smart Investment Strategy,Choose pre-cut vegetables to make healthy eating easier and reduce food waste.,"You've been trying to save money by buying whole vegetables, but they always rot because chopping feels overwhelming when you're tired. You give yourself permission to buy pre-cut vegetables. Yes, they cost more, but you actually eat them, which saves money on takeout and improves your health.",When frugality is working against your ADHD needs,"Emotional Regulation, Freeing Up Working Memory, Minimizes Friction",Anxious,Ashamed,Starting Something Hard,"Decision Fatigue, Task Initiation, Working Memory Engagement","Avoidant, Can't Start","Burnout, Crash Recovery, Wired but Tired",Cleaning,Mindset Shift,Sensory,,"Avoidant, Frozen",,,,,$$,,,,,,brain,Include cost-benefit analysis frameworks and strategic spending guidelines,No
Strategic Caffeine System,Smart Stimulant Strategy,"### ☕ Caffeine for Focus

Use caffeine strategically to enhance your focus, especially if you have ADHD.  This approach provides the external structure needed to manage symptoms like feeling scattered or overwhelmed.",You notice you focus better with caffeine but sometimes it makes you jittery or disrupts your sleep. You develop a strategy: one cup of coffee at 9am and no caffeine after 2pm. The consistent timing gives you focus benefits without sleep problems.,When caffeine can support focus without negative effects,"Breaks Down Complexity, Externalizes Tasks, Frees Up Working Memory",Scattered,Overwhelmed,"Focus Enhancement, Staying focused, Task Initiation Support","Task Initiation, Time Blindness, Working Memory Failures","Can't Focus, Can't Start, Poor Time Estimation",Wired but Tired,"Focus Enhancement, Task Initiation Support, Time Planning",Gamification,Gamified,,"Avoidant, Overthinking",,,,,$,,,,,,home,Include timing guidelines and interaction considerations with ADHD medication,No
Strategic Help Requests,Smart Support Seeking,"**Actively reach out for assistance instead of struggling alone.**

• Follow the basic steps
• Keep it simple
• Focus on what works for you","You've been struggling with a work project for days and feeling increasingly frustrated. Instead of continuing to suffer in silence, you email your colleague: 'I'm stuck on the data analysis section. Could we schedule 15 minutes to go over it?' Getting help saves you hours of frustration.",When struggling alone is less effective than seeking support,"Creates Accountability, Frees Up Working Memory, Minimizes Friction",Stuck,Overwhelmed,"Staying focused, Task Initiation","Emotional Dysregulation, Task Initiation, Working Memory Engagement","Anxious, Can't Start","Burnout, Crash Recovery, Overwhelmed",Emotional Regulation,"Accountability, Checklist","Interactive, Reflective Practice",,"Avoidant, Frozen",,,,Working Professional,Free,,,,,,help-circle,Include help-asking scripts and how to build a support network,No
Strategic Music System,Comprehensive Playlist Strategy,"**Create dedicated playlists tailored for different tasks and moods to improve concentration and motivation.**

• Follow the basic steps
• Keep it simple
• Focus on what works for you","You notice you can concentrate better with background music but keep getting distracted by songs with lyrics. You create a 'Focus' playlist with instrumental music and lo-fi beats. Now when you need to concentrate, you put on your focus playlist and your brain knows it's time to work.",When silence is too distracting but regular music is too stimulating,"Externalizes Tasks, Frees Up Working Memory, Gamifies Action",Scattered,Overwhelmed,"Starting Something Hard, Staying focused","Emotional Dysregulation, Task Structuring, Working Memory Failures","Can't Focus, Forgetful","Overwhelmed, Wired but Tired","Emotional Regulation, Work","Gamification, Mindset Shift, Routine","Interactive, Sensory",,"Discouraged, Overthinking",,,,,Free,,,,,,music,Include music genre recommendations and volume guidelines for focus,No
Strategic Outsourcing,Energy Investment Strategy,"**### ☀️ Buy Back Your Time

Outsource tasks that drain your energy, like cleaning or meal prep.**

• Follow the basic steps
• Keep it simple
• Focus on what works for you","You realize you've been spending every Sunday dreading and avoiding the laundry pile, which ruins your weekend. You decide to use a wash-and-fold service twice a month ($30 each time) and discover that removing this one task dramatically improves your weekend mood and gives you energy for activities you actually enjoy.",When certain tasks consistently drain your energy,"Dopamine Activation, Emotional Regulation, Frees Up Working Memory",Burned out,Defeated,"Cleaning Up, Resetting My Space",Executive Dysfunction,"Avoidant, Cant Finish","Burnout, Crash Recovery, Wired but Tired","Cleaning, Work",Gamification,"Gamified, Sensory",,"Avoidant, Frozen",,,,,$$,ADDitude Magazine,,,,,sunrise,Include cost-benefit calculators and service comparison guides,No
Strategic Saying No,Boundary Protection,"**Practice saying no to commitments that don’t align with your priorities to avoid overwhelm.**

• Follow the basic steps
• Keep it simple
• Focus on what works for you","You're constantly overcommitted and stressed because you say yes to everything. You start practicing strategic no's: 'That sounds interesting, but I'm not available that week.' Protecting your time allows you to do better work on your actual priorities.",When overcommitment is creating overwhelm,"Dopamine Activation, Executive Function Support",Frustrated,Defeated,"Managing my schedule, Planning my time","Decision Fatigue, Executive Dysfunction, Time Blindness","Poor Time Estimation, Task Initiation","Burnout, Low Energy, Overstimulated","Planning, Time Planning","Checklist, Routine","Reflective Practice, Time Management",,"Avoidant, Frozen",,,,,Free,,,,,,graduation-cap,Include saying no scripts and priority alignment strategies,No
Strategic Task Elimination,Permission to Quit,"**### ✂️ Cut Out the Clutter

Stop forcing yourself to complete tasks that drain your energy.**

• Follow the basic steps
• Keep it simple
• Focus on what works for you","You've been dreading weekly meal prep because you hate chopping vegetables. Instead of forcing yourself and then avoiding it anyway, you give yourself permission to buy pre-chopped vegetables. Yes, they cost more, but the relief you feel and the fact that you actually cook healthy meals now makes it worth it.",When you're spending energy on things that don't matter,"Dopamine Activation, Minimizes Friction",Burned out,Defeated,,Executive Dysfunction,"Avoidant, Can't Finish","Burnout, Crash Recovery, Overwhelmed",Work,Gamification,"Gamified, Interactive",,"Avoidant, Frozen",,,,Working Professional,$,The Anti-Planner by Dani Donovan,,,,,check-square,Include cost-benefit analysis templates for common elimination decisions,No
Stress Action Plan - Why? What? When? (Be Realistic),Crisis Management Framework,"**Create a written plan during high-stress times to clarify your motivations and identify top priorities.**

• Follow the basic steps
• Keep it simple
• Focus on what works for you","You're dealing with a family crisis while trying to meet work deadlines. Instead of panicking, you pull out your stress action plan template and fill it out: 'Why: I need to keep my job to support my family. What: Finish client presentation and weekly report only. When: Everything else waits until next week. Self-care: 10-minute walks, order takeout, ask friend to check in.'",When high stress is making everything feel impossible,"Breaks Down Complexity, Dopamine Activation, Externalizes Tasks, Frees Up Working Memory",Burned out,Defeated,"Starting Something Hard, Staying focused","Emotional Dysregulation, Executive Dysfunction, Time Blindness","Avoidant, Can't Start","Burnout, Crash Recovery, Low Energy, Overstimulated","Emotional Regulation, Planning",Checklist,"Interactive, Visual",,"Avoidant, Frozen",,,,,Free,The Anti-Planner by Dani Donovan,,,,,trash-2,Include template frameworks and self-care menu options,No
Stuck-Buster Action List,Paralysis Breaking Toolkit,"Keep a list of simple actions that can help you when you're feeling stuck or overwhelmed. "" These small changes can effectively combat task initiation difficulties by breaking down complexity and refreshing your mind, allowing you to return to your work with renewed focus.","You're sitting at your desk feeling completely paralyzed and unable to start any task. You check your paralysis breaker list and choose ""step outside for 2 minutes."" The brief change of environment and fresh air helps reset your brain, and you can return to work with renewed energy.",When you're completely stuck and can't start anything,"Breaks Down Complexity, Externalizes Tasks, Minimizes Friction",Stuck,Overwhelmed,"Focus Enhancement, Task Initiation",Task Initiation,Can't Start,"Overwhelmed, Shutdown, Wired but Tired","Decision Making, Focus Enhancement, Task Initiation Support",Checklist,"Action-Oriented, Visual",,"Frozen, Overthinking",,,,,Free,,,,,,list,Include paralysis breaker options for different settings and energy levels,No
Suit Up Card Game,Task Selection Game,"**Turn tasks into a card game by writing them on index cards, shuffling them, and drawing one to see what to do next.**

• Follow the basic steps
• Keep it simple
• Focus on what works for you","You have 20 different tasks and feel paralyzed by choice. You write each task on an index card, shuffle the deck, and draw one card: 'Organize bathroom cabinet.' The random selection removes decision fatigue, and you can make it more fun by assigning point values (1 point for easy tasks, 3 points for hard ones) and trying to reach a daily score.",When decision paralysis is preventing task selection,"Externalizes Tasks, Gamifies Action",Stuck,Overwhelmed,"Cleaning Up, Overcoming Procrastination, Task Initiation Support","Decision Fatigue, Executive Dysfunction, Task Initiation","Can't Decide, Can't Start",Shutdown,"Cleaning, Emotional Regulation, Task Initiation Support","Engaging Gamification, Gamification",Gamified,,"Avoidant, Frozen",,,,,Free,The Anti-Planner by Dani Donovan,,,,,gamepad,"Include card templates, scoring systems, and category suggestions",No
Sunlight Exposure,Natural Mood Regulation,"**Get natural sunlight exposure in the morning to enhance your mood and energy levels.**

• Follow the basic steps
• Keep it simple
• Focus on what works for you","You notice you feel sluggish and unfocused, especially in winter. You start taking a 10-minute walk outside every morning to get natural sunlight. The light exposure helps you feel more alert and improves your mood throughout the day.",When mood and energy need natural regulation,"Dopamine Activation, Emotional Regulation, Frees Up Working Memory",Drained,Stuck,"Finding motivation, Overcoming Procrastination, Starting Something Hard","Emotional Dysregulation, Task Initiation, Time Blindness","Can't Focus, Can't Start",Low Energy,"Emotional Regulation, Task Initiation, Time Planning",Gamification,"Gamified, Interactive",,"Discouraged, Overthinking",,,,,Free,,,,,,sliders,Include timing recommendations and seasonal considerations,No
Survival Mode Productivity,Crisis Management Framework,"**Cut your to-do list to only what's essential and communicate with your team about operating at reduced capacity.**

• Follow the basic steps
• Keep it simple
• Focus on what works for you","You're dealing with a family emergency that's consuming all your emotional bandwidth, but you still have deadlines. Instead of trying to maintain normal productivity, you email your boss: ""I'm dealing with a personal situation and will be operating at reduced capacity this week. I'll focus on the client proposal and weekly report."" Then you set 15-minute work sprints with 5-minute breaks.",When life crisis is affecting your ability to function,"Breaks Down Complexity, Externalizes Tasks, Provides External Structure",Burned out,Defeated,"Staying focused, Task Initiation","Emotional Dysregulation, Task Initiation, Working Memory Engagement","Avoidant, Task Initiation","Burnout, Crash Recovery, Overwhelmed","Emails, Task Initiation, Time Planning","Checklist, Routine",Interactive,,"Avoidant, Disorganized, Frozen",,,,,Free,The Anti-Planner by Dani Donovan,,,,,sunrise,Include crisis communication templates and essential task identification guides,No
Switch it Up - Change Environment,Environment Reset Strategy,"**Switch up your environment when you're feeling stuck to boost your focus and creativity.**

• Follow the basic steps
• Keep it simple
• Focus on what works for you","You've been staring at the same document for an hour making no progress. Instead of forcing it, you pack up your laptop and move to the kitchen table, put on a different playlist, and grab a different drink. The change of scenery and sensory input helps reset your brain, and suddenly you can think clearly again.",When you're stuck and need a mental reset,"Breaks Down Complexity, Externalizes Tasks, Sensory Engagement",Stuck,Overwhelmed,"Focus Enhancement, Overcoming Resistance, Resetting My Space","Environmental Cues, Inertia, Working Memory Engagement",Can't Start,"Burnout, Overwhelmed, Shutdown",Focus Enhancement,Environmental Hack,"Interactive, Sensory, Visual",,Frozen,,Recently Moved,,,Free,The Anti-Planner by Dani Donovan,,,,,grid,Include environment change ideas for different situations and spaces,No
System Clone Strategy,Proven Model Adoption,"**Find and adapt a system from someone you admire instead of starting from scratch.**

• Follow the basic steps
• Keep it simple
• Focus on what works for you","You've been struggling to find a planning system that works for you. You notice your organized friend uses a simple bullet journal method, so you ask her to show you exactly how she sets it up. You copy her system and adapt it slightly for your needs, saving yourself months of trial and error.",When you need a proven system to start with,"Breaks Down Complexity, Executive Function Support, Externalizes Tasks",Frustrated,Defeated,"Managing my schedule, Planning my time","Executive Dysfunction, Task Structuring, Time Blindness",Cannot Finish,"Overwhelmed, Wired but Tired","Planning, Time Planning","Checklist, Mindset Shift, Routine",Sensory,,"Disorganized, Frozen",,,,,Free,,,,,,layout,Include system adaptation strategies and where to find good models,No
Ta-Da List (Everything You've Already Done Today),Accomplishment Documentation,"Keep a ""ta-da"" list of your accomplishments each day, no matter how small. This strategy helps combat time blindness by allowing you to visualize your progress and boosts motivation when you feel unproductive.","You're feeling unproductive and like you haven't accomplished anything today. Instead of beating yourself up, you grab a piece of paper and write down everything you've actually done: 'Made coffee, responded to 2 texts, took shower, fed the cat, paid electric bill, organized desk drawer.' Seeing the list reminds you that you've actually been quite productive.",When you feel unproductive despite doing things,"Breaking Down Complexity, Externalizes Tasks, Provides Instant Rewards, Starts Small",Ashamed,Guilty,"Being Kinder to Myself, Finding motivation","Emotional Dysregulation, Time Blindness, Working Memory Engagement","Poor Time Estimation, Task Initiation","Restless, Wired but Tired",Emails,Checklist,"Incremental Motivation, Visual",,"Discouraged, Overthinking",,,,,Free,The Anti-Planner by Dani Donovan,,,,,music,Include prompts for different types of accomplishments and daily/weekly formats,No
Task Avoidance BINGO,Avoidance Task Game,"**Turn chores into a game! Create a 5x5 bingo card filled with small tasks you've been avoiding.**

• Follow the basic steps
• Keep it simple
• Focus on what works for you","You create a BINGO card with tasks like ""reply to 3 emails,"" ""take out trash,"" ""file 5 documents,"" ""make dentist appointment,"" etc. Each time you complete a task, you mark it off. Getting a line feels like winning, and suddenly you're motivated to complete more tasks to get another line.",When you have many small tasks you're avoiding,"Activates Dopamine, Breaks Down Complexity, Gamifies Action",Drained,Stuck,"Focus Enhancement, Task Initiation",Task Initiation,"Avoidant, Can't Start","Low Energy, Wired but Tired","Focus Enhancement, Task Initiation, Time Planning",Gamification,"Gamified, Interactive",,"Avoidant, Frozen",,,,,Free,The Anti-Planner by Dani Donovan,,,,,grid,Provide printable BINGO templates and task suggestion lists,No
Task Avoidance Bingo,Gamified Procrastination Buster,"**Create a 5x5 bingo card filled with small tasks you've been avoiding.**

• Follow the basic steps
• Keep it simple
• Focus on what works for you","You've been putting off a bunch of small tasks: organizing your desk drawer, calling the dentist, washing your car, updating your resume, cleaning out your email inbox. You create a bingo card with these tasks and others you've been avoiding. Getting your first line feels like winning, and you're motivated to complete more tasks to get another line or even a full card.",When accumulated avoided tasks need gamification motivation,"Activates Dopamine, Breaks Down Complexity, Gamifies Action",Anxious,Ashamed,"Cleaning Up, Overcoming Procrastination, Task Initiation",Task Initiation,"Avoidant, Can't Start, Poor Time Estimation","Low Energy, Overwhelmed, Wired but Tired","Cleaning, Planning, Task Initiation","Challenge, Engaging Gamification, Gamification",Gamified,,"Avoidant, Discouraged, Overthinking",,Job Search,,,Free,The Anti-Planner by Dani Donovan,,,,,map-pin,"Include bingo card templates, task suggestion lists, and reward ideas for completed lines",No
Task Batching Power-Hour,Efficiency Grouping System,"**### ⏳ Batch Your Tasks

Group similar tasks together and tackle them all at once to minimize context switching.**

• Follow the basic steps
• Keep it simple
• Focus on what works for you","You have 5 different phone calls to make but keep putting them off. Instead of spreading them throughout the week, you block out one hour on Tuesday afternoon and make all 5 calls back-to-back. Batching them together makes the task feel more manageable and efficient.",When context switching is draining your energy,"Breaks Down Complexity, Externalizes Tasks",Frustrated,Defeated,"Focus Enhancement, Focused Task Execution, Task Initiation Support","Executive Dysfunction, Task Structuring, Time Blindness","Can't Finish, Task Initiation","Overwhelmed, Restless","Focus Enhancement, Planning, Task Initiation Support",Gamification,Gamified,,"Avoidant, Disorganized",,,,,Free,,,,,,check-square,Include batching strategies for different types of tasks,No
Task Battle,Competitive Task Challenge,"**Engage a friend or family member in a “task battle” where each of you chooses a chore and races to complete it in a set time.**

• Follow the basic steps
• Keep it simple
• Focus on what works for you","You and your roommate both have messy bedrooms you've been avoiding. You challenge each other: 'Who can declutter their room more in 30 minutes?' You set a timer, put on music, and race to see who can make the most progress. The competition makes it fun, and you both get more done than you would have alone.",When you need social motivation for boring tasks,Gamifies Action,Drained,Stuck,"Cleaning Up, Overcoming Procrastination, Task Initiation","Emotional Dysregulation, Inertia, Task Initiation","Can't Start, Poor Time Estimation","Burnout, Low Energy, Wired but Tired",Cleaning,"Challenge, Gamified",Gamified,,"Avoidant, Frozen",,,,,Free,The Anti-Planner by Dani Donovan,,,,,check-square,Include task pairing suggestions and virtual competition options,No
Task Bracelet,Physical Progress Tracker,"Wear a bracelet or hair tie for each task you need to complete. As you finish a task, remove the bracelet and place it in a bowl to visually track your progress.  By seeing the collected items at the end of the day, you gain a tangible sense of accomplishment that boosts motivation.","You start your day wearing 4 colorful hair ties on your wrist, each representing a task: blue for emails, red for laundry, green for grocery shopping, yellow for calling the dentist. As you complete each task, you move the corresponding hair tie to a small bowl on your desk. By evening, seeing all the hair ties in the bowl gives you a concrete visual of everything you accomplished.",When you need tangible progress tracking,"Dopamine Activation, Gamifies Action, Starts Small",Drained,Stuck,"Focus Enhancement, Overcoming Procrastination, Task Initiation Support",Task Initiation,"Can't Finish, Can't Start","Crash Recovery, Low Energy, Wired but Tired","Focus Enhancement, Task Initiation Support, Time Planning","Checklist, Gamification","Sensory, Visual",,"Avoidant, Disorganized, Frozen",,Recently Moved,,,$,Reddit /r/ADHD,,,,,check-square,Include bracelet alternatives and task categorization by colors,No
Task Complaint Form,Frustration Processing Tool,"**Write out your grievances about a task on a mock complaint form to help alleviate frustration.**

• Follow the basic steps
• Keep it simple
• Focus on what works for you","You've been avoiding your tax paperwork and feeling frustrated about it. You create a mock complaint form: 'Task: Tax paperwork. Complaint: It's boring, confusing, and makes me feel stupid. I hate how the forms are designed.' After writing out all your complaints, you feel heard and validated, and somehow the task feels less intimidating.",When frustration is blocking you from starting,"Emotional Regulation, Externalizes Tasks, Frees Up Working Memory",Anxious,Ashamed,"Maintaining Focus, Overcoming Procrastination, Starting Something Hard","Emotional Dysregulation, Task Initiation, Working Memory Engagement","Avoidant, Can't Start","Low Energy, Overwhelmed, Wired but Tired","Emotional Regulation, Task Initiation Support",Gamification,"Gamified, Visual",,"Avoidant, Overthinking",,Recently Moved,,,Free,The Anti-Planner by Dani Donovan,,,,,check-square,Include complaint form templates and follow-up action suggestions,No
Task Context Grouping,Context-Based Task Lists,"Group your to-dos by context, such as ""Calls,"" ""Computer,"" and ""Errands,"" instead of tackling a giant list. This strategy helps externalize tasks, reducing overwhelm and improving working memory.","You're staring at your list of 20 random tasks feeling completely stuck. Instead of forcing yourself to tackle them in order, you grab colored markers and group them: ""Phone"" (blue) for calls, ""Computer"" (green) for online tasks, ""Errands"" (red) for going out, ""Home"" (orange) for household tasks. Now you can pick all blue tasks when you're ready to make calls.",When your to-do list feels random and overwhelming,"Externalizes Tasks, Frees Up Working Memory",Frustrated,Defeated,"Focus Enhancement, Focused Task Execution, Task Initiation Support",Executive Dysfunction,"Can't Finish, Task Initiation",Wired but Tired,,Checklist,"Sensory, Task Simplification, Visual",,Disorganized,,,,,Free,The Anti-Planner by Dani Donovan,,,,,flower,Include context category templates and color-coding suggestions,No
Task Dice Decision,Random Selection System,"**Assign each task a number and roll a die to break through decision paralysis.**

• Follow the basic steps
• Keep it simple
• Focus on what works for you","You have six tasks on your to-do list and feel stuck deciding which to tackle first. You number each task 1-6, grab a die from a board game, and roll. The die shows a 4, so you start with task #4. The random selection bypasses your brain's decision paralysis.",When you have multiple tasks and can't choose,"Externalizes Tasks, Frees Up Working Memory, Reduces Decision Fatigue",Stuck,Overwhelmed,"Focus Enhancement, Overcoming Procrastination, Task Initiation","Decision Fatigue, Executive Dysfunction, Task Initiation","Can't Decide, Can't Start","Crash Recovery, Low Energy, Overwhelmed","Decision Making, Focus Enhancement, Task Initiation","Challenge, Checklist, Gamification","Gamified, Interactive",,"Frozen, Overthinking",,,,,Free,The Anti-Planner by Dani Donovan,,,,,dice,Include templates for different numbers of tasks and decision scenarios,No
Task Management Apps,Digital Organization Tools,"**### ☕️ Engage Your Tasks

Use task management apps designed specifically for ADHD brains to transform your approach to organization.**

• Follow the basic steps
• Keep it simple
• Focus on what works for you","You struggle to keep track of your to-do items and often forget important tasks. You try a task management app with ADHD-friendly features like visual progress bars, reward systems, and the ability to break large tasks into smaller steps. Having digital support makes staying organized feel more manageable.",When traditional to-do lists aren't working,"Frees Up Working Memory, Gamifies Action, Reduces Decision Fatigue",Frustrated,Defeated,"Starting Something Hard, Staying focused","Decision Fatigue, Executive Dysfunction, Working Memory Engagement","Can't Finish, Task Initiation","Overwhelmed, Wired but Tired","Task Initiation Support, Time Planning","Checklist, Engaging Gamification, Gamification","Gamified, Interactive, Visual",,"Disorganized, Frozen",,,,,$,,,,,,coffee,Include key features to look for and setup strategies for ADHD needs,No
Task-Specific Playlists,Task Playlists,"Create dedicated playlists for specific tasks or moods to enhance motivation and focus.  For example, when cleaning, play high-energy songs to turn the task into a mini dance party, making it easier to start and finish efficiently.","You notice you always put off cleaning the bathroom. You create a 20-minute playlist with your favorite high-energy songs that make you want to move. Now when you need to clean, you hit play and challenge yourself to finish before the playlist ends, turning a dreaded chore into a mini dance party.",When you need motivation to start dreaded tasks,"Dopamine Activation, Externalizes Tasks",Drained,Stuck,"Cleaning Up, Overcoming Procrastination, Resetting My Space","Emotional Dysregulation, Task Initiation, Working Memory Engagement","Can't Start, Poor Time Estimation","Overwhelmed, Wired but Tired","Cleaning, Emotional Regulation","Challenge, Gamification, Mindset Shift","Gamified, Interactive",,"Avoidant, Frozen",,Recently Moved,,,Free,The Anti-Planner by Dani Donovan,,,,,shopping-cart,Include suggested song types and BPM ranges for different activities,No
The 1% Rule,Incremental Improvement,"**Focus on being just 1% better each day to create manageable improvements.**

• Follow the basic steps
• Keep it simple
• Focus on what works for you","You want to get in shape but the thought of hour-long workouts feels impossible. You commit to just 1% better each day: today you do 5 jumping jacks, tomorrow 6, next week you add a 2-minute walk. The tiny improvements feel manageable and build momentum.",When big changes feel overwhelming,"Breaks Down Complexity, Frees Up Working Memory, Starts Small",Drained,Stuck,"Starting Something Hard, Staying focused","Decision Fatigue, Perfectionism, Task Initiation","Can't Decide, Task Initiation","Burnout, Low Energy, Wired but Tired",,Gamification,"Action-Oriented, Incremental Engagement, Sensory",,"Avoidant, Discouraged, Frozen",,,,,Free,,,,,,refresh-cw,Include 1% improvement examples for different life areas,No
The 2-Minute Rule,Immediate Action Principle,"**### ⚡ Quick Task Action

Tackle tasks under 2 minutes immediately to prevent them from piling up.**

• Follow the basic steps
• Keep it simple
• Focus on what works for you","You receive an email that requires a quick yes/no response. Instead of marking it as ""to deal with later,"" you immediately type a 30-second reply and send it. This prevents your inbox from filling up with small tasks that become overwhelming.",When small tasks accumulate into big problems,"Breaks Down Complexity, Externalizes Tasks, Reduces Decision Fatigue, Starts Small",Anxious,Ashamed,"Staying focused, Task Initiation","Decision Fatigue, Task Initiation","Avoidant, Can't Start","Crash Recovery, Low Energy, Wired but Tired","Emails, Focus Enhancement, Task Initiation",Quick Fix,"Interactive, Task Simplification, Time Management",,"Avoidant, Frozen",,,,,Free,,,,,,zap,Include 2-minute task examples and decision-making guidelines,No
The 3-Spot Victory Game,Item Location Victory System,"**Transform your organization into a fun challenge by choosing 3 items that you frequently misplace.**

• Follow the basic steps
• Keep it simple
• Focus on what works for you","You're tired of hunting for keys, phone, and sunglasses every morning. You choose 3 bright colored bowls and place them by the door. Set a phone timer and race to put all 3 items 'home' when you return. Take a photo of your victory setup and share it with a friend for accountability.",When you frequently lose important items,"Dopamine Activation, Externalizes Tasks, Gamifies Action",Forgetful,Ashamed,"Focus Enhancement, Quick Task Management, Task Initiation Support","Decision Fatigue, Task Initiation, Working Memory Failures","Disorganized, Poor Time Estimation, Task Initiation",Wired but Tired,"Planning, Time Planning",Gamification,Gamified,,Avoidant,,,,,Free,,,,,,gamepad,Uses timer races and victory photos for dopamine hits,No
The 5-Minute Rule,Momentum Building,"**### ⚡ Just 5 Minutes

Commit to working on a task for only 5 minutes to overcome the challenge of task initiation.**

• Follow the basic steps
• Keep it simple
• Focus on what works for you","You've been avoiding an important email for days. You tell yourself 'I'll just work on this for 5 minutes, then I can stop.' You open your laptop and start typing. After 5 minutes, you're in the flow and decide to finish the email.",When starting feels impossible,"Dopamine Activation, Gamifies Action, Starts Small",Stuck,Overwhelmed,"Focus Enhancement, Overcoming Procrastination, Task Initiation",Task Initiation,"Can't Start, Task Initiation","Low Energy, Overwhelmed, Wired but Tired","Emails, Focus Enhancement, Task Initiation",Gamification,"Gamified, Interactive",,"Avoidant, Frozen",,,,,Free,The Anti-Planner by Dani Donovan,,,,,zap,Include 5-minute task examples and momentum strategies,No
The 80/20 Rule,Priority Focus Strategy,Concentrate 80% of your efforts on the 20% of tasks that yield the most significant results. This strategy is particularly effective for ADHD because it helps combat time blindness and improves task initiation by directing your focus on what truly matters.,"You're always busy but don't feel like you're making progress on important goals. You identify that 20% of your work tasks create 80% of your results, so you start focusing most of your energy on those high-impact activities and spend less time on busy work.",When busy work is crowding out important tasks,"Breaks Down Complexity, Dopamine Activation, Executive Function Support",Frustrated,Defeated,"Staying focused, Task Initiation","Executive Dysfunction, Task Initiation, Time Blindness","Cannot Finish, Task Initiation","Overstimulated, Wired but Tired",Work,Checklist,Sensory,,"Frozen, Overthinking",,,,,Free,Pareto Principle,,,,,cooking-pot,Include impact assessment strategies and priority identification methods,No
The Anchor Habit,Routine Building Strategy,"**Attach new habits to strong routines to enhance consistency and reduce forgetfulness.**

• Follow the basic steps
• Keep it simple
• Focus on what works for you","You want to start taking vitamins daily but keep forgetting. You decide to take them right after brushing your teeth in the morning, since you already brush consistently. The established tooth-brushing habit becomes the anchor that reminds you to take vitamins.",When you want to build new habits consistently,"Breaking Down Complexity, Externalizes Tasks, Starts Small",Forgetful,Ashamed,"Managing my schedule, Planning my time, Task Initiation Support","Task Initiation, Time Blindness, Working Memory Failures","Disorganized, Poor Time Estimation, Task Initiation","Low Energy, Wired but Tired","Planning, Time Planning","Gamification, Routine",Gamified,,Avoidant,,,,,Free,,,,,,repeat,Include anchor habit examples and chain-building strategies,No
The Backup Plan,Contingency Preparation,"**Prepare alternate routes and extra supplies to alleviate stress in unexpected situations.**

• Follow the basic steps
• Keep it simple
• Focus on what works for you","You're always stressed about being late when your usual route to work has traffic. You research and save three different routes in your phone. Now when there's unexpected traffic, you calmly switch to backup route #2 instead of panicking about being late.",When unexpected problems create disproportionate stress,"Breaks Down Complexity, Starts Small",Frustrated,Defeated,"Managing my schedule, Planning my time, Task Initiation Support","Emotional Dysregulation, Executive Dysfunction, Time Blindness","Anxiety Management, Poor Time Estimation, Task Initiation","Crash Recovery, Low Energy, Overwhelmed","Planning, Time Planning",Gamification,"Gamified, Sensory",,"Disorganized, Time Blind",,,,Parent,Free,,,,,,hard-drive,Include backup planning templates for common ADHD challenges,No
The Buddy System,Social Accountability,Partner with a friend to tackle your goals or challenging tasks together. This buddy system helps combat task initiation and low motivation by providing mutual support and accountability.,"You and your friend both struggle with exercise consistency. You become workout buddies, checking in with each other daily and celebrating small wins together. Having someone who understands your ADHD challenges makes it easier to stay motivated and accountable.",When you need external support and accountability,"Creates Accountability, Gamifies Action, Provides External Structure",Drained,Stuck,"Staying focused, Task Initiation","Emotional Dysregulation, Inertia, Task Initiation","Can't Start, Poor Time Estimation","Crash Recovery, Low Energy, Wired but Tired","Emotional Regulation, Task Initiation Support, Work",Accountability,Interactive,,"Avoidant, Discouraged, Frozen",,,,,Free,,,,,,handshake,Include buddy system setup and communication strategies,No
The Capture & Conquer System,Gamified External Memory,"**Capture your ideas using voice notes throughout the week, and then engage in weekly treasure hunts to organize them.**

• Follow the basic steps
• Keep it simple
• Focus on what works for you","Throughout the week, voice-record random thoughts. Friday evening: set timer for 20 minutes, listen to captures, and sort into three piles. Discover you captured a brilliant idea for your project - treasure found!",When important thoughts and ideas get lost,"Externalizes Tasks, Frees Up Working Memory, Gamifies Action",Forgetful,Ashamed,"Starting Something Hard, Staying focused","Emotional Dysregulation, Task Structuring, Working Memory Failures","Avoidant, Forgetful, Poor Time Estimation","Crash Recovery, Low Energy, Wired but Tired","Emails, Planning","Challenge, Checklist, Gamification","Action-Oriented, Gamified, Interactive",,"Avoidant, Overthinking",,,,,Free,,,,,,star,Adds gamification with treasure hunts and timer challenges,No
The Closing Ritual,Transition Support,"**Create a consistent ritual to signal the end of your workday.**

• Follow the basic steps
• Keep it simple
• Focus on what works for you","You find it hard to stop thinking about work even after you're home. You create a closing ritual: review what you accomplished, write down tomorrow's priorities, close your laptop with intention, and change clothes. This ritual signals to your brain that work time is over.",When work thoughts intrude on personal time,"Breaks Down Complexity, Creates Accountability, Freeing Up Working Memory",Frustrated,Defeated,"Maintaining Focus, Task Initiation Support","Executive Dysfunction, Task Initiation, Time Blindness","Can't Finish, Task Initiation","Overwhelmed, Wired but Tired","Focus Enhancement, Task Initiation Support, Work","Engaging Gamification, Gamification, Gamified",Gamified,,"Avoidant, Frozen, Overthinking",,,,,Free,,,,,,briefcase,Include ritual ideas for different work situations and transition activities,No
The Dopamine Dive,Energy-Building Start Strategy,"Start with a 5-minute task that you enjoy to activate dopamine and build momentum. This simple strategy helps with task initiation, making it easier to transition into more challenging tasks like writing a report.","You're dreading writing that report. First, spend 5 minutes organizing your desk while listening to your favorite song. Use that accomplishment energy to open the document and write just one paragraph.",When dreaded tasks create all-day anxiety,"Dopamine Activation, Gamifies Action, Starts Small",Anxious,Ashamed,Task Initiation,Task Initiation,"Anxious, Can't Start, Poor Time Estimation","Crash Recovery, Low Energy, Wired but Tired","Focus Enhancement, Task Initiation, Time Planning","Challenge, Gamification, Quick Fix","Gamified, Interactive",,"Avoidant, Frozen",,,,,Free,,,,,,fast-forward,Builds energy through dopamine before tackling hard tasks,No
The Dopamine Menu,Mood Regulation Toolkit,"Create a ""dopamine menu"" of activities based on your available time and energy levels to help combat low motivation. This strategy is effective for managing task initiation by providing quick, enjoyable options that prevent you from falling into decision fatigue or aimless scrolling.","You're feeling unmotivated and notice you're about to fall into a social media scroll hole. Instead, you check your dopamine menu and choose a 10-minute option: listening to your favorite upbeat song while organizing your desk. The activity gives you a genuine mood boost.",When you need reliable mood and motivation boosters,"Cognitive Load Management, Dopamine Activation, Executive Function Support",Drained,Stuck,"Focus Enhancement, Task Initiation","Decision Fatigue, Emotional Dysregulation, Task Initiation","Can't Decide, Poor Time Estimation","Burnout, Crash Recovery, Low Energy","Cleaning, Decision Making, Focus Enhancement",Gamification,Gamified,,"Avoidant, Frozen, Overthinking",,,,,Free,,,,,,check-circle,Include dopamine activity suggestions categorized by time and energy requirements,No
The Energy Audit,Personal Energy Management,"### ⚡ Energy Tracking for Productivity
Track your energy levels throughout the day to pinpoint when you feel most alert and focused.  This strategy not only enhances your ability to manage your time but also helps you optimize your schedule according to your natural rhythms.","You feel like you're always fighting against your energy levels. You spend a week tracking when you feel most alert, creative, and focused. You discover you're sharpest from 9-11am and again from 2-4pm, so you start scheduling important work during these windows.",When you're working against your natural energy rhythms,"Dopamine Activation, Executive Function Support",Frustrated,Defeated,"Managing Emotional Dysregulation, Quick Task Management, Task Initiation Support","Executive Dysfunction, Task Initiation, Time Blindness","Can't Finish, Task Initiation","Crash Recovery, Low Energy","Planning, Time Planning",Checklist,Sensory,,"Overthinking, Time Blind",,,,,Free,,,,,,battery,Include energy tracking methods and schedule optimization strategies,No
The Goldilocks Zone,Optimal Challenge Finding,"Adjust task difficulty to match your engagement level—not too boring and not too overwhelming. This strategy helps manage working memory by breaking down large projects into smaller, manageable pieces and adding interesting elements to mundane tasks.","You notice you procrastinate on tasks that are either too boring or too overwhelming. You start adjusting task difficulty: breaking down overwhelming projects into smaller pieces, or adding interesting elements to boring tasks. Finding the ""just right"" challenge level helps you stay engaged.",When tasks are either too boring or too overwhelming,"Frees Up Working Memory, Gamifies Action, Minimizes Friction",Stuck,Overwhelmed,"Starting Something Hard, Staying focused","Emotional Dysregulation, Task Initiation, Working Memory Engagement","Can't Start, Poor Time Estimation","Low Energy, Overwhelmed, Wired but Tired","Task Initiation Support, Work","Challenge, Gamification, Mindset Shift","Gamified, Interactive",,"Frozen, Overthinking",,,,,Free,,,,,,sunrise,Include challenge adjustment strategies and engagement optimization,No
The Minimum Viable Day,Low-Energy Planning,"### ⚡ Minimum Viable Day

Establish a bare-minimum plan for days when your energy or motivation is low. This strategy helps combat task initiation difficulties by defining what you can realistically accomplish, such as taking medication, eating a decent meal, or doing just 10 minutes of work.","You're having a low-energy day and feel like you can't accomplish anything meaningful. You refer to your ""minimum viable day"" plan: take medication, eat one decent meal, do 10 minutes of work, and go to bed on time. Meeting these minimums helps you feel successful even on hard days.",When low energy days lead to complete shutdown,"Breaks Down Complexity, Gamifies Action, Starts Small",Drained,Stuck,"Managing Emotional Dysregulation, Overcoming Procrastination, Task Initiation Support","Emotional Dysregulation, Inertia, Task Initiation","Can't Finish, Task Initiation","Crash Recovery, Low Energy, Shutdown","Planning, Task Initiation Support, Time Planning","Gamification, Mindset Shift, Routine","Gamified, Sensory",,"Avoidant, Discouraged, Frozen",,,,Working Professional,Free,The Anti-Planner by Dani Donovan,,,,,refresh-cw,Include minimum viable day planning and self-compassion strategies,No
The Next Right Thing,Decision Simplification,"This strategy helps combat decision fatigue by breaking complex tasks into manageable steps, making it easier to initiate action. By focusing on a single action, you reduce the pressure on your working memory, allowing you to move forward without feeling paralyzed by the bigger picture.","You're feeling overwhelmed by a major life transition and don't know how to handle everything. Instead of trying to figure out the whole situation, you ask 'What's the next right thing I can do?' and focus on just that one step. This approach helps you move forward without getting paralyzed.",When big decisions or changes feel overwhelming,"Breaks Down Complexity, Gamifies Action, Reduces Decision Fatigue",Stuck,Overwhelmed,"Starting Something Hard, Staying focused","Decision Fatigue, Inertia, Working Memory Failures","Can't Decide, Can't Start","Crash Recovery, Low Energy, Shutdown","Decision Making, Focus Enhancement, Task Initiation","Checklist, Gamification, Mindset Shift","Gamified, Interactive",,"Frozen, Overthinking",,Recently Moved,,,Free,,,,,,sunrise,Include decision-breaking strategies and momentum-building techniques,No
The Victory Trio,Priority Victory System,"**Transform your daily tasks into a fun achievement game by brain dumping all your tasks onto sticky notes.**

• Follow the basic steps
• Keep it simple
• Focus on what works for you","Monday morning: brain dump 15 tasks onto sticky notes. Circle 6 urgent ones. Pick 3 for your Victory Trio. Complete one task, take a photo of the crossed-off note, and stick it to your 'Victory Wall.'",When long to-do lists create overwhelm,"Externalizes Tasks, Freeing Up Working Memory, Gamifies Action",Frustrated,Defeated,"Focus Enhancement, Quick Task Management, Task Initiation Support","Executive Dysfunction, Task Structuring, Time Blindness","Can't Finish, Task Initiation","Burnout, Overwhelmed, Restless","Planning, Time Planning","Engaging Gamification, Gamification","Action-Oriented, Gamified, Incremental Motivation",,"Avoidant, Frozen",,,,,Free,,,,,,target,Adds gamification with sticky notes and victory photos,No
Theme Days,Weekly Organization Strategy,"Assign different themes to each day of the week to improve task initiation and reduce decision fatigue. For example, designate Monday for meal prep and Tuesday for errands to create a clear structure.","You feel scattered trying to do everything every day. You create theme days: Monday is meal prep day, Tuesday is errands day, Wednesday is deep work day, Thursday is meetings day, Friday is planning day. Having themes reduces daily decisions and creates helpful structure.",When daily decisions feel overwhelming,"Externalizes Tasks, Provides External Structure, Reduces Decision Fatigue",Stuck,Overwhelmed,"Managing my schedule, Planning my time","Decision Fatigue, Task Structuring, Time Blindness","Can't Decide, Task Initiation","Frozen/Shut Down, Overwhelmed",Planning,"Checklist, Routine","Time Management, Visual",,"Discouraged, Frozen",,,,,Free,The Anti-Planner by Dani Donovan,,,,,compass,Include theme day examples and weekly planning strategies,No
Theme Weeks,Weekly Focus System,"**Assign a theme to each day of the week to help structure your tasks and combat time blindness.**

• Follow the basic steps
• Keep it simple
• Focus on what works for you","You notice you always put off making phone calls and they pile up. You designate Tuesdays as ""Phone Day"" and batch all your calls together. Now instead of dreading individual calls throughout the week, you know Tuesday is phone day and you mentally prepare for it. You get through 5 calls in one focused session instead of avoiding them for weeks.",When similar tasks keep getting scattered throughout your schedule,"Breaks Down Complexity, Externalizes Tasks",Frustrated,Defeated,"Staying focused, Task Initiation","Executive Dysfunction, Task Structuring, Time Blindness","Cannot Finish, Disorganized, Task Initiation","Low Energy, Overwhelmed, Wired but Tired","Focus Enhancement, Planning, Task Initiation","Checklist, Routine","Task Simplification, Time Management",,"Avoidant, Time Blind",,,,,Free,The Anti-Planner by Dani Donovan,,,,,check-circle,Include theme suggestions for different life areas and scheduling templates,No
Thought Capture Pad,Brain Parking Lot,"Keep a notepad nearby to jot down random thoughts that interrupt your focus, like ""buy cat food!"" or ""text mom back!""  To implement, choose a specific notepad size and place it within easy reach, enabling quick notes that prevent overwhelm and promote task initiation.","You're finally in the flow working on a project when suddenly you remember you need to pay your phone bill. Instead of switching tasks and losing 20 minutes, you quickly jot 'pay phone bill' on your notepad and immediately return to your work. Later, you check your notepad and handle those captured thoughts.",When random thoughts derail your focus,"Breaks Down Complexity, Externalizes Tasks, Starts Small",Scattered,Overwhelmed,"Staying focused, Task Initiation","Task Initiation, Working Memory Failures","Can't Focus, Forgetful","Overwhelmed, Wired but Tired","Focus Enhancement, Task Initiation, Work","Gamification, Quick Fix","Gamified, Interactive, Task Simplification",,"Avoidant, Overthinking",,,Women,Parent,Free,The Anti-Planner by Dani Donovan,,,,,zap,Suggest specific notepad sizes and placement strategies,No
Thought Download,Brain Dump Technique,"Write down everything on your mind to tackle feelings of overwhelm and boost focus.  Spend just a few minutes jotting down your thoughts — from work deadlines to grocery lists — and notice how clarity replaces chaos, making task initiation much easier.","Your mind is racing with 20 different things you need to remember, and you can't focus on any one task. You grab a piece of paper and spend 5 minutes writing down every single thing bouncing around in your head - work deadlines, grocery items, random thoughts, worries. Once it's all out, your mind feels clearer and you can actually focus on one thing at a time.",When mental clutter is overwhelming,"Externalizes Tasks, Frees Up Working Memory, Reduces Decision Fatigue",Scattered,Overwhelmed,"Focus Enhancement, Task Initiation","Decision Fatigue, Task Initiation, Working Memory Failures","Can't Focus, Task Initiation","Frozen/Shut Down, Overwhelmed","Cleaning, Focus Enhancement, Task Initiation","Checklist, Mindset Shift",,,"Disorganized, Frozen, Overthinking",,,,,Free,I Have ADHD podcast,,,,,book,Include different brain dump formats and follow-up organization methods,No
Thought Reframing Challenge,Balanced Thinking Practice,"**Jot down the critical thoughts you often tell yourself, then counter each one with a balanced truth.**

• Follow the basic steps
• Keep it simple
• Focus on what works for you","You're reviewing feedback on a project and your brain immediately jumps to ""I'm terrible at my job."" You pause, write this thought down, then counter with ""The feedback included three positive points, and the suggestions for improvement were things I can easily fix.""",When self-criticism is taking over,"Freeing Up Working Memory, Gamifies Action",Ashamed,Guilty,"Being Kinder to Myself, Calming Down","Emotional Dysregulation, Task Structuring, Working Memory Engagement","Anxiety Management, Emotional Regulation, Spiraling",Burnout,"Emotional Regulation, Work","Gamified, Quick Fix","Gamified, Interactive, Reflective Practice",,Overthinking,,,,,Free,The Anti-Planner by Dani Donovan,,,,,trophy,Create thought record templates with common negative thoughts and balanced alternatives,No
TickTick,ADHD-Friendly Task App,"Combine tasks, timers, and calendars in one app to streamline your planning and minimize distractions. This approach is particularly beneficial for those facing time blindness as it externalizes responsibilities and helps you focus without needing to switch between multiple tools.","You're tired of juggling multiple apps for tasks, timers, and calendar. You download TickTick and set up your projects with built-in Pomodoro timers. Now when you start a task, you can immediately start a focus timer without switching apps, and your completed tasks automatically sync with your calendar for time tracking.",When you need integrated productivity tools,"Externalizes Tasks, Gamifies Action, Reduces Decision Fatigue",Frustrated,Defeated,"Staying focused, Task Initiation","Decision Fatigue, Executive Dysfunction, Time Blindness","Cannot Finish, Disorganized, Task Initiation","Low Energy, Restless, Wired but Tired","Planning, Time Planning","Checklist, Gamification, Routine","Gamified, Interactive",,"Disorganized, Time Blind",,,,,$,Zapier review,,,,,help-circle,Include setup guides and feature recommendations specific to ADHD needs,No
Time Blocking,Schedule Structure Strategy,"**Assign specific time blocks in your calendar to different activities, treating them like unmovable appointments.**

• Follow the basic steps
• Keep it simple
• Focus on what works for you","You find that work tasks take much longer than they should because you don't set boundaries. You start time blocking: 9-10am for emails, 10-12pm for project work, 1-2pm for administrative tasks. Having defined time boundaries helps you stay focused and efficient.",When tasks expand to fill all available time,"Externalizes Tasks, Provides External Structure",Frustrated,Defeated,"Managing my schedule, Planning my time, Task Initiation Support","Executive Dysfunction, Task Structuring, Time Blindness","Can't Finish, Task Initiation","Frozen/Shut Down, Overstimulated","Planning, Time Planning","Checklist, Routine","Interactive, Task Simplification, Time Management",,"Avoidant, Frozen",,,,,Free,,,,,,compass,Include time blocking templates and boundary-setting strategies,No
Time Containers,Time Blocking System,"**Divide your day into fixed blocks to manage your time effectively.**

• Follow the basic steps
• Keep it simple
• Focus on what works for you","You keep overcommitting and feeling scattered. You divide your day into containers: 9-11am is 'Deep Work,' 11-12pm is 'Emails,' 1-3pm is 'Meetings,' 3-4pm is 'Admin Tasks.' When someone asks for a meeting at 10am, you can say 'I have deep work time then, but I'm free at 1pm.' Your day feels more controlled and intentional.",When your schedule feels chaotic and overbooked,"Externalizes Tasks, Minimizes Friction, Provides External Structure",Frustrated,Defeated,"Managing my schedule, Planning my time, Task Initiation Support","Executive Dysfunction, Task Structuring, Time Blindness","Poor Time Estimation, Task Initiation","Low Energy, Overstimulated, Wired but Tired","Planning, Time Planning","Checklist, Routine","Incremental Engagement, Task Simplification, Time Management",,"Avoidant, Disorganized, Frozen",,,,Working Professional,Free,I'm Busy Being Awesome podcast,,,,,laptop,Include template schedules for different work styles and life situations,No
Time Estimation Challenge,Time Awareness Building,"### ⏳ Time Estimation Challenge

Practice predicting how long tasks will take and then track your actual time to improve your time awareness. This strategy helps combat time blindness and enhances your working memory by creating a clearer understanding of how long activities truly require.","You consistently underestimate how long it takes to get ready in the morning. You start timing yourself: 'I think showering will take 10 minutes.' You time it and discover it actually takes 18 minutes. After a week of this, you start getting much better at realistic time estimates and stop running late.",When you want to improve time awareness,Gamifies Action,Forgetful,,"Focus Enhancement, Managing my schedule, Planning my time","Task Structuring, Time Blindness, Working Memory Engagement","Can't Focus, Forgetful, Poor Time Estimation","Low Energy, Shutdown","Planning, Time Planning","Challenge, Gamification","Gamified, Incremental Motivation, Time Management",,"Avoidant, Frozen, Time Blind",,,,,Free,The Anti-Planner by Dani Donovan,,,,,trophy,Include tracking sheets and calibration exercises for common tasks,No
Time Shield Blocking,Calendar Protection System,"Block out your calendar for important activities like exercise or writing. This strategy helps combat time blindness by making your priorities visible and scheduled, ensuring they don't get overlooked by other commitments.",You keep meaning to exercise but it never happens because other things take priority. You start blocking out 'Gym: 6-7pm' in your calendar just like you would for a work meeting. Seeing it scheduled makes you more likely to protect that time and actually go.,When important activities get squeezed out by other commitments,"Externalizes Tasks, Provides External Structure",Frustrated,Defeated,"Planning my time, Task Initiation Support","Executive Dysfunction, Task Initiation, Time Blindness","Can't Finish, Task Initiation","Burnout, Crash Recovery, Low Energy","Planning, Time Planning","Engaging Gamification, Gamification",Gamified,,"Frozen, Overthinking",,,,Working Professional,Free,,,,,,calendar,Include time blocking strategies for different life areas,No
Time Sink Awareness,Distraction Awareness List,"**Identify your top 3 time drains—like TikTok or Reddit—and write them down to boost your awareness.**

• Follow the basic steps
• Keep it simple
• Focus on what works for you","You notice you keep missing deadlines on work projects. During a moment of clarity, you write down: '1. YouTube shorts, 2. Reorganizing notes instead of using them, 3. Texting conversations that spiral.' You put this list on a sticky note next to your monitor. Later, you catch yourself 20 minutes into YouTube and think, 'Oh right, this is my #1 time sink.'",When you lose time to unconscious habits,"Externalizes Tasks, Reduces Decision Fatigue",Scattered,Overwhelmed,"Maintaining Focus, Overcoming Procrastination, Task Initiation","Decision Fatigue, Time Blindness, Working Memory Failures","Can't Focus, Forgetful, Poor Time Estimation","Overwhelmed, Restless, Wired but Tired","Emotional Regulation, Self-Compassion",Checklist,"Task Simplification, Time Management, Visual",,Overthinking,,,,,Free,The Anti-Planner by Dani Donovan,,,,,refresh-cw,Add time-tracking suggestions and replacement activity ideas,No
Time Timer,Visual Countdown Clock,"**### ⏳ Visual Time Management

Use a visual countdown timer like the Time Timer to manage your tasks effectively.**

• Follow the basic steps
• Keep it simple
• Focus on what works for you","You need to work on a report for 30 minutes but always lose track of time. You set your Time Timer to 30 minutes and place it where you can see it. As you work, you can glance over and see the red section getting smaller, giving you a concrete sense of how much time is left without the jarring surprise of a sudden alarm.",When time blindness makes it hard to stay on track,"Frees Up Working Memory, Gamifies Action",Forgetful,,"Staying focused, Task Initiation Support","Task Initiation, Time Blindness, Working Memory Engagement","Can't Focus, Task Initiation, Time Blindness",Wired but Tired,"Task Initiation Support, Time Planning","Challenge, Gamification, Mindset Shift","Interactive, Visual",,"Frozen, Time Blind",,,,,$$,ADDitude,,,,,timer,Include size options and placement strategies for different work environments,No
Time Travel Visualization,Future Self Visualization,"Picture yourself completing a task in three steps: first, imagine the process of doing it; next, visualize the satisfaction after finishing; finally, contrast this with how you’d feel if you procrastinated.","You're avoiding cleaning your home. Take a moment to: 1) Visualize yourself actually cleaning (picking up items, wiping surfaces); 2) Imagine tomorrow having finished (enjoying your tidy space, feeling accomplished); 3) Contrast with having procrastinated (feeling stressed about growing mess). This makes starting feel easier.",When you need motivation to start something you're avoiding,"Breaks Down Complexity, Frees Up Working Memory",Anxious,Ashamed,"Cleaning Up, Resetting My Space, Task Initiation","Emotional Dysregulation, Task Initiation, Working Memory Engagement","Avoidant, Can't Start","Restless, Wired but Tired",Cleaning,Gamification,"Gamified, Visual",,"Avoidant, Discouraged",,,,,Free,The Anti-Planner by Dani Donovan,,,,,map,Create guided visualization scripts for common avoided tasks,No
Timer Apps,Focus Support Tools,"### ⏳ Visual Timer for Focus

Use timer apps with features designed for ADHD, such as visual countdowns and customizable intervals. These tools help combat time blindness by providing a clear visual representation of time, making it easier to stay aware and focused on tasks.",You struggle with time blindness and often lose track of how long you've been working. You download a timer app with visual countdown features and customizable work/break intervals. Having a visual representation of time helps you stay aware and focused.,When time awareness and focus need digital support,"Creates Accountability, Gamifies Action, Meets You Where You Are",Scattered,Overwhelmed,"Staying focused, Task Initiation Support","Task Initiation, Time Blindness, Working Memory Engagement","Can't Focus, Forgetful, Poor Time Estimation","Overwhelmed, Wired but Tired","Focus Enhancement, Task Initiation Support, Time Planning",Gamification,"Gamified, Interactive",,Time Blind,,,,,$,,,,,,timer,Include timer features that work well for ADHD and usage strategies,No
Timer Cube Game,Physical Timer Challenge,"**### ⏳ Beat the Clock Challenge

Use a timer cube to create a fun and engaging way to tackle tasks.**

• Follow the basic steps
• Keep it simple
• Focus on what works for you","You have a pile of papers to file but keep putting it off. You grab your timer cube, flip it to the 15-minute side, and challenge yourself: 'How many documents can I file before this goes off?' The physical timer sitting there counting down creates urgency, and you find yourself moving faster to beat the clock.",When you need urgency and gamification to start tasks,"Frees Up Working Memory, Gamifies Action",Drained,Stuck,"Cleaning Up, Overcoming Procrastination, Task Initiation","Task Initiation, Time Blindness","Can't Start, Poor Time Estimation","Low Energy, Wired but Tired",Cleaning,"Challenge, Gamification, Time-Limited Challenge","Gamified, Time-Limited Challenge",,"Avoidant, Frozen",,,,,$,Reddit /r/ADHDWomen,,,,,timer,Include timer cube recommendations and task suggestions for different time intervals,No
Tomorrow's Victory Setup,Evening Care Package Ritual,"**Transform your evening prep into a gift-giving ritual! Spend 10 minutes creating care packages for tomorrow-you by laying out clothes and packing your bag with everything needed, including a small treat.**

• Follow the basic steps
• Keep it simple
• Focus on what works for you",Before bed: lay out clothes with a note 'You'll look great today!' Pack your bag with everything needed plus a small treat. Take a photo of your setup and set it as your alarm wallpaper.,When mornings feel chaotic and rushed,"Externalizes Tasks, Gamifies Action",Stuck,Overwhelmed,"Managing my schedule, Planning my time, Task Initiation Support","Executive Dysfunction, Task Initiation, Time Blindness","Anxious, Can't Finish, Can't Start","Low Energy, Overwhelmed, Wired but Tired","Planning, Time Planning","Challenge, Gamification, Mindset Shift","Gamified, Incremental Motivation, Sensory",,"Disorganized, Overthinking",,,,,Free,Reddit /r/ADHDWomen,,,,,rotate-cw,Creates gift-giving ritual with encouraging notes and photos,No
Towel Warmer Treat,Sensory Comfort Reward,"Warm up your towel in the dryer for a few minutes before your shower. This simple act can transform your experience, helping to combat time blindness and making the transition from warm water to cold air much more pleasant.","You've been struggling to shower regularly because the transition from warm water to cold air feels awful. You start putting your towel in the dryer for 5 minutes before showering. Now you actually look forward to that moment when you wrap yourself in the warm, fluffy towel - it transforms the end of your shower from unpleasant to luxurious.",When sensory transitions make self-care difficult,"Gamifies Action, Provides Instant Rewards, Sensory Engagement",Anxious,Ashamed,"Calming Down, Overcoming Procrastination, Starting Something Hard","Emotional Dysregulation, Time Blindness, Working Memory Engagement","Avoidant, Sensory Overload","Crash Recovery, Low Energy, Overwhelmed","Planning, Time Planning","Checklist, Gamification, Immediate Cleanup Solution","Gamified, Sensory",,"Avoidant, Frozen",,,,,$,Reddit /r/ADHDWomen,,,,,hourglass,Include alternatives like heated towel racks and timing suggestions,No
Transition Rituals,Mental Switching Support,"**Create small rituals to help your brain shift gears between activities, like making tea before work or playing a specific song when you finish your day.**

• Follow the basic steps
• Keep it simple
• Focus on what works for you","You struggle to shift from work mode to relaxation mode at the end of the day. You create a transition ritual: close your laptop, play one specific song while tidying your desk, then change into comfortable clothes. This ritual signals to your brain that work time is over.",When switching between activities feels jarring,"Breaks Down Complexity, Frees Up Working Memory, Starts Small",Forgetful,,"Focus Enhancement, Maintaining Focus, Task Initiation Support","Inertia, Task Initiation, Time Blindness","Can't Focus, Poor Time Estimation, Task Initiation",Shutdown,"Focus Enhancement, Task Initiation, Work","Checklist, Routine","Interactive, Mindful Awareness",,Time Blind,,,,,Free,,,,,,check-circle,Include transition ritual ideas for different activity switches,No
Transportation Apps,Travel Efficiency Tools,"**Use transportation apps to get real-time updates and accurate route planning for your travels.**

• Follow the basic steps
• Keep it simple
• Focus on what works for you",You're always anxious about being late because you're bad at estimating travel time. You start using transportation apps that give real-time traffic updates and accurate travel estimates. Having reliable timing information reduces your travel anxiety significantly.,When travel timing creates anxiety and planning challenges,"Frees Up Working Memory, Gamifies Action, Minimizes Friction",Anxious,Stressed,"Managing my schedule, Planning my time","Emotional Dysregulation, Time Blindness, Working Memory Engagement","Anxiety Management, Can't Start, Poor Time Estimation",,"Planning, Time Planning",Gamification,Gamified,,"Overthinking, Time Blind",,,,,Free,,,,,,feather,Include route planning strategies and backup option preparation,No
Treasure Hunt Cleaning,Gamified Organization Quest,"Turn cleaning into a game by creating a treasure hunt list of specific items to find.  Set a timer for 15 minutes to tackle just a few items, making the process feel achievable and even fun, rather than a daunting chore.","You walk into your messy living room feeling overwhelmed. Instead of trying to clean everything, you make a quick list: '5 items that belong in the kitchen, 3 pieces of mail to sort, 7 random objects to put away.' You set a 15-minute timer and tackle just these specific items, which gets you moving without the pressure of cleaning the entire space.",When cleaning feels overwhelming and you don't know where to start,"Breaks Down Complexity, Externalizes Tasks, Gamifies Action",Drained,Stuck,"Cleaning Up, Overcoming Procrastination, Resetting My Space",Task Initiation,"Can't Start, Disorganized","Burnout, Low Energy, Shutdown","Cleaning, Focus Enhancement, Task Initiation","Checklist, Gamified",Gamified,,"Avoidant, Frozen",,,,,Free,The Anti-Planner by Dani Donovan,,,,,broom,Include scavenger hunt lists for different rooms and mess types,No
Treat Yo Self - After doing something you really don't want to,Task Reward System,"**Plan a meaningful treat right after completing a task you dread, like making a phone call or tackling emails.**

• Follow the basic steps
• Keep it simple
• Focus on what works for you","You've been putting off calling your insurance company for weeks because you hate phone calls. You decide that immediately after making the call, you'll treat yourself to that expensive coffee you've been wanting. Knowing the reward is waiting makes it easier to pick up the phone, and you actually look forward to the post-call treat.",When you need motivation to do dreaded tasks,"Gamifies Action, Provides External Structure, Provides Instant Rewards",Drained,Stuck,"Overcoming Procrastination, Starting Something Hard, Staying focused","Emotional Dysregulation, Inertia, Task Initiation","Avoidant, Can't Start","Burnout, Low Energy, Wired but Tired","Emails, Focus Enhancement, Task Initiation Support",Gamification,"Action-Oriented, Gamified, Incremental Motivation",,Avoidant,,,,,$,The Anti-Planner by Dani Donovan,,,,,shield,Include reward ideas for different budgets and time constraints,No
Velcroed Supply Stations,Stick-On Organization,"**Use Velcro to attach small shelves or containers in key places to keep essential items visible and accessible.**

• Follow the basic steps
• Keep it simple
• Focus on what works for you","You keep forgetting to take your vitamins because they're hidden in a cabinet. You Velcro a small clear container to the inside of your bathroom mirror at eye level and put your daily pills there. Now you see them every morning when brushing your teeth, and taking them becomes automatic.",When you need visual reminders for important items,"Breaks Down Complexity, Frees Up Working Memory, Starts Small",Forgetful,Ashamed,"Managing my schedule, Planning my time, Task Initiation Support",Working Memory Failures,"Forgetful, Poor Time Estimation, Task Initiation","Burnout, Crash Recovery, Wired but Tired","Cleaning, Planning","Checklist, Routine",Visual,,"Avoidant, Overthinking",,,,,$,Reddit /r/ADHDWomen,,,,,leaf,Include Velcro strength guides and container recommendations for different items,No
Vent Space,Safe Emotional Release,"Create a dedicated space to vent your feelings, such as a private journal or voice memo app.","You're furious about a work situation but can't say anything directly. Instead of letting it eat at you, you open your private 'Vent Notes' app and type out exactly how you feel, using whatever language comes naturally. After getting it all out, you feel lighter and can approach the problem more calmly.",When emotions need a safe outlet,"Emotional Regulation, Externalizes Tasks, Frees Up Working Memory",Overwhelmed,Frustrated,"Being Kinder to Myself, Calming Down","Emotional Dysregulation, Task Structuring, Working Memory Engagement","Anxiety Management, Poor Time Estimation","Burnout, Crash Recovery, Low Energy","Emotional Regulation, Focus Enhancement, Self-Compassion",Gamification,Gamified,,"Discouraged, Overthinking",,,,,Free,The Anti-Planner by Dani Donovan,,,,,file-text,Include different venting methods and emotional processing techniques,No
Verbal Processor,Think-Out-Loud Strategy,"**### ⚡ Talk It Out

Use verbalizing as a tool to clarify your thoughts when feeling stuck or overwhelmed.**

• Follow the basic steps
• Keep it simple
• Focus on what works for you","You've been staring at a complex work problem for 30 minutes, feeling completely stuck. You start explaining the situation out loud to your cat: 'So the issue is that the client wants X, but our system does Y, and the deadline is...' As you talk through it, you suddenly realize there's a simple workaround you hadn't considered.",When you're stuck and need to think through problems,"Breaks Down Complexity, Frees Up Working Memory, Starts Small",Stuck,Overwhelmed,"Staying focused, Task Initiation","Emotional Dysregulation, Task Initiation, Working Memory Engagement",Can't Start,"Low Energy, Overwhelmed","Emotional Regulation, Task Initiation Support",Gamification,"Gamified, Sensory",,"Frozen, Overthinking",,,,Working Professional,Free,The Anti-Planner by Dani Donovan,,,,,bolt,Include conversation starters and self-talk frameworks,No
Victory List Tracker,Accomplishment Celebration System,"**Keep a ""done list"" alongside your to-do list to track everything you complete, no matter how small.**

• Follow the basic steps
• Keep it simple
• Focus on what works for you","You're feeling unproductive despite being busy all day. You look at your done list and see: 'Responded to 5 emails, made dentist appointment, organized desk drawer, called mom back, paid electric bill.' Seeing the concrete list reminds you that you actually accomplished quite a bit.",When you feel unproductive despite being busy,"Breaks Down Complexity, Dopamine Activation, Gamifies Action",Ashamed,Guilty,"Being Kinder to Myself, Finding motivation, Overcoming Procrastination","Emotional Dysregulation, Inertia, Time Blindness",Anxiety Management,"Crash Recovery, Low Energy, Restless","Emotional Regulation, Self-Compassion","Accountability, Checklist, Gamification","Action-Oriented, Incremental Motivation, Visual",,"Avoidant, Disorganized, Frozen",,,Women,Parent,Free,The Anti-Planner by Dani Donovan,,,,,list,Include done list formats and accomplishment celebration ideas,No
Victory Stakes Challenge,Motivational Betting System,"**Create small bets with yourself or others to enhance task completion.**

• Follow the basic steps
• Keep it simple
• Focus on what works for you","When you're struggling to finish your portfolio, you bet your roommate $10 that you'll complete one section each day for a week. Put the money in an envelope on the fridge, and they get to keep any amount left if you miss days. You might finish 6/7 sections and only lose $10 - still a win.",When you need external motivation to follow through,"Activates Dopamine, Breaks Down Complexity, Gamifies Action",Drained,Stuck,"Staying focused, Task Initiation","Emotional Dysregulation, Inertia, Task Initiation","Avoidant, Can't Finish, Can't Start","Low Energy, Wired but Tired",Time Planning,Gamification,"Gamified, Interactive",,"Avoidant, Frozen",,,,Student,$,The Anti-Planner by Dani Donovan,,,,,trophy,Add guidelines for appropriate bet amounts and consequences,No
Visual Schedules,Time Structure Support,"**Create engaging visual schedules using pictures or icons to outline your daily routine.**

• Follow the basic steps
• Keep it simple
• Focus on what works for you","You struggle to follow your morning routine because a text-based checklist feels boring and easy to ignore. You create a visual schedule with icons showing each step: shower, breakfast, medication, etc. The visual format is more engaging and easier to follow.",When text-based schedules aren't engaging enough,"Externalizes Tasks, Frees Up Working Memory, Gamifies Action",Forgetful,Stuck,"Managing my schedule, Planning my time, Task Initiation Support","Task Initiation, Time Blindness, Working Memory Failures","Disorganized, Task Initiation",Crash Recovery,"Planning, Task Initiation Support",Routine,Visual,,"Avoidant, Disorganized, Frozen",,,,,Free,,,,,,droplet,Include visual schedule creation and customization ideas,No
Visual Task Board,Kanban Task Flow,"**Set up three columns (To-Do, Doing, Done) to organize your tasks visually.**

• Follow the basic steps
• Keep it simple
• Focus on what works for you","You're staring at 15 different tasks and feeling stuck. Instead of trying to juggle everything mentally, you grab sticky notes and write one task per note. After arranging them in your three columns, you pick just one from ""To-Do"" to move into ""Doing."" The physical act of moving tasks across the board gives your brain concrete evidence of progress.",When you need visual progress tracking,"Externalizes Tasks, Frees Up Working Memory, Gamifies Action",Frustrated,Defeated,"Focus Enhancement, Focused Task Execution, Task Initiation Support","Executive Dysfunction, Task Initiation, Working Memory Engagement","Can't Finish, Task Initiation","Low Energy, Wired but Tired","Focus Enhancement, Task Initiation Support, Work",Environmental Hack,"Interactive, Visual",,"Disorganized, Overthinking",,Recently Moved,,,Free,The Anti-Planner by Dani Donovan,,,,,music,Include digital tool recommendations and board setup guides,No
Visual Timers,Time Awareness Tools,"**### ⏳ Visual Countdown Timers

Use visual countdown timers to help combat time blindness by showing time passing in a tangible way.**

• Follow the basic steps
• Keep it simple
• Focus on what works for you",You struggle with time blindness and often lose track of how long you've been working. You get a visual timer that shows a red circle shrinking as time passes. Being able to see time visually helps you stay aware of how much time is left for your task.,When time blindness makes it hard to track time,"Freeing Up Working Memory, Gamifies Action",Forgetful,,"Starting Something Hard, Staying focused","Task Initiation, Time Blindness, Working Memory Engagement","Can't Focus, Poor Time Estimation, Task Initiation",,"Focus Enhancement, Task Initiation Support",Gamification,"Gamified, Visual",,"Avoidant, Frozen, Time Blind",,,,,$$,,,,,,timer,Include visual timer recommendations and placement strategies,No
Vitamin D Supplements,Mood Support Supplement,"**Consider taking vitamin D supplements if you struggle with low energy or mood swings, especially during periods of limited sunlight.**

• Follow the basic steps
• Keep it simple
• Focus on what works for you","You feel more depressed and sluggish during winter months and wonder if it's related to less sunlight. You get your vitamin D levels tested and discover they're low. After starting supplements with your doctor's guidance, you notice improved mood and energy.",When mood and energy may be affected by vitamin D deficiency,"Dopamine Activation, Gamifies Action",Drained,Stuck,"Focus Enhancement, Managing Emotional Dysregulation, Task Initiation Support","Emotional Dysregulation, Task Initiation, Time Blindness","Poor Time Estimation, Task Initiation",Low Energy,"Planning, Time Planning",Gamification,"Gamified, Interactive",,"Discouraged, Frozen",,,,,$,,,,,,layout,Include testing recommendations and dosage guidance from healthcare providers,No
Voice Memos,Audio Capture System,"Use voice memos to record thoughts and ideas when you're overwhelmed by writing.  You can transcribe the memos later or listen back to capture key points, which is especially useful when task initiation feels daunting.","You're driving and have a great idea for a work project, but you can't write it down. You quickly record a voice memo on your phone. Later, you listen back and capture the key points in writing. Voice memos let you capture thoughts without losing them.",When thoughts come faster than you can write,"Externalizes Tasks, Frees Up Working Memory",Forgetful,Ashamed,"Starting Something Hard, Staying focused","Emotional Dysregulation, Task Initiation, Working Memory Failures","Avoidant, Can't Start, Poor Time Estimation","Burnout, Crash Recovery, Low Energy","Focus Enhancement, Task Initiation, Work",Checklist,,,"Avoidant, Overthinking",,,,,Free,,,,,,bolt,Include voice memo organization and transcription strategies,No
Voice-to-Victory Workflow,Complete Voice-to-Text System,"**Record your thoughts with a timer to capture ideas quickly and gamify your editing process with rewards.**

• Follow the basic steps
• Keep it simple
• Focus on what works for you","Set 10-minute timer and voice-record all your thoughts about a project. Take a 5-minute break with a favorite snack. Set another 15-minute timer to edit the transcript, turning rough ideas into polished sentences. Celebrate both phases!",When writing tasks feel slow or overwhelming,"Dopamine Activation, Executive Function Support, Gamifies Action",Stuck,Overwhelmed,"Staying focused, Task Initiation","Emotional Dysregulation, Executive Dysfunction, Task Initiation","Avoidant, Can't Start, Task Initiation","Crash Recovery, Low Energy, Wired but Tired","Focus Enhancement, Task Initiation, Work",Gamification,"Gamified, Incremental Motivation, Interactive",,"Avoidant, Frozen",,,,,$,,,,,,briefcase,Adds complete workflow with dopamine hits at each stage,No
Walking Meetings,Movement Integration,"**Take your phone calls or meetings on the go! This strategy can help combat time blindness and improve focus by integrating movement into your routine.**

• Follow the basic steps
• Keep it simple
• Focus on what works for you",You have a weekly check-in call with your manager that doesn't require screen sharing. You start taking this call while walking around your neighborhood. The movement helps you think more clearly and you find yourself more engaged in the conversation.,When sitting still makes it hard to focus,"Dopamine Activation, Frees Up Working Memory",Scattered,Overwhelmed,"Starting Something Hard, Staying focused","Emotional Dysregulation, Time Blindness, Working Memory Failures","Can't Focus, Disorganized, Poor Time Estimation","Overwhelmed, Wired but Tired",Work,"Checklist, Routine","Embodied, Interactive, Sensory Engagement",Suburban,"Avoidant, Disorganized",,,,,Free,,,,,,footprints,Include walking meeting guidelines and safety considerations,No
Weather Apps,Planning Support Tools,"### ☀️ Weather-Based Planning

Check the weather daily to align your tasks with how you feel.  This strategy helps combat time blindness and enhances your task initiation by creating a clear plan based on your energy levels, allowing you to manage your schedule more effectively.",You notice you feel more sluggish and unfocused on cloudy days. You start checking a detailed weather app each morning and plan accordingly - scheduling easier tasks on low-pressure days and important work on sunny days when you feel more energetic.,When weather affects your ADHD symptoms and planning,"Executive Function Support, Gamifies Action",Frustrated,Defeated,"Managing my schedule, Planning my time, Task Initiation Support","Emotional Dysregulation, Executive Dysfunction, Time Blindness","Can't Finish, Task Initiation","Low Energy, Overwhelmed, Wired but Tired","Planning, Time Planning",Checklist,"Gamified, Interactive",,"Overthinking, Time Blind",,,,,Free,,,,,,umbrella,Include weather pattern awareness and energy planning strategies,No
Weekly Review,Planning Reflection,"**Spend 15-30 minutes each week to review what worked and what didn’t, helping you adjust strategies for the upcoming week.**

• Follow the basic steps
• Keep it simple
• Focus on what works for you","Every Sunday evening, you spend 20 minutes looking at the past week: what tasks got done, what you avoided, and why. You notice you're more productive in the mornings, so you plan to schedule important tasks earlier in the day next week.",When you want to improve your systems and strategies,Gamifies Action,Frustrated,Defeated,"Managing Emotional Dysregulation, Planning my time, Task Initiation Support","Executive Dysfunction, Task Initiation, Time Blindness","Can't Finish, Task Initiation","Low Energy, Restless, Wired but Tired","Planning, Time Planning",Gamification,"Gamified, Interactive",,"Disorganized, Frozen",,,,,Free,,,,,,mail,Include weekly review templates and reflection questions,No
Weighted Blanket & White Noise,Sleep Optimization Combo,"**Use a weighted blanket and play white noise to tackle insomnia and restlessness.**

• Follow the basic steps
• Keep it simple
• Focus on what works for you","You've been lying awake for an hour with your mind racing about tomorrow's presentation. You pull your weighted blanket up to your shoulders, feeling the gentle pressure calm your nervous system, and turn on your white noise app. The combination of physical comfort and sound masking helps your brain finally settle into sleep mode.",When sleep is disrupted by anxiety or overstimulation,"Emotional Regulation, Sensory Engagement, Starts Small",Overstimulated,Overwhelmed,Calming Down,"Emotional Dysregulation, Time Blindness","Anxiety Management, Sensory Overload","Overstimulated, Overwhelmed",Emotional Regulation,Gamification,"Gamified, Sensory Engagement",Urban,"Frozen, Time Blind",,,,,$$,Reddit /r/ADHDWomen,,,,,sliders,Include weight guidelines and sound type recommendations,No
Weighted Blankets,Sensory Regulation Tool,"**Use a weighted blanket to provide gentle, even pressure during rest or when feeling overwhelmed.**

• Follow the basic steps
• Keep it simple
• Focus on what works for you","You have trouble falling asleep because your mind races and your body feels restless. You try a weighted blanket that provides gentle, even pressure across your body. The deep pressure input helps calm your nervous system and you fall asleep more easily.",When sensory input can support calm and sleep,"Breaking Down Complexity, Emotional Regulation, Frees Up Working Memory",Overstimulated,Overwhelmed,"Calming Down, Recovering from a crash","Decision Fatigue, Emotional Dysregulation, Time Blindness","Anxiety Management, Sensory Overload","Crash Recovery, Low Energy, Overstimulated",Emotional Regulation,"Gamification, Mindset Shift, Routine","Interactive, Mindful Awareness, Sensory",,"Overthinking, Time Blind",,,,,$$,,,,,,cloud,Include weight guidelines and usage recommendations,No
Work Mode Activation Ritual,Work Mode Ritual,"**### ☕ Work Mode Activation

Create a mini-routine that signals to your brain it's time to focus.**

• Follow the basic steps
• Keep it simple
• Focus on what works for you","You've been staring at your laptop for 20 minutes, scrolling between tabs instead of starting that report. You step away briefly to make your ""work chai"" with the special mug, put on your focus playlist, and light that one candle you only use during deep work. This 3-minute ritual creates a mental shift that makes starting feel less impossible.",When you need to transition into work mode,"Dopamine Activation, Externalizes Tasks, Frees Up Working Memory, Gamifies Action",Anxious,Ashamed,"Staying focused, Task Initiation",Task Initiation,"Avoidant, Can't Start","Low Energy, Wired but Tired","Task Initiation Support, Work",Routine,"Interactive, Sensory, Visual",,"Avoidant, Frozen, Overthinking",,,,,Free,The Anti-Planner by Dani Donovan,,,,,briefcase,"Create a ritual builder with sensory options (smell, sound, touch, taste)",No
Work Sprint & Reward Rhythm,Sustainable Energy Cycling,"**Work for 20 minutes, then take a 10-minute break.**

• Follow the basic steps
• Keep it simple
• Focus on what works for you","You need to work on a boring report but keep losing focus after 10 minutes. You try the 20/10 method: work for 20 minutes, then take a 10-minute break to walk around or check your phone. The regular breaks keep you refreshed, and you actually work longer overall.",When you need sustainable focus for longer tasks,"Breaks Down Complexity, Dopamine Activation, Frees Up Working Memory",Scattered,Overwhelmed,"Starting Something Hard, Staying focused","Task Structuring, Time Blindness, Working Memory Failures","Can't Finish, Can't Start, Poor Time Estimation",Wired but Tired,"Focus Enhancement, Time Planning, Work",Gamification,"Gamified, Interactive",,,,,,,Free,,,,,,gift,Include break activity suggestions and timing variations,No
Workspace Lighting,Environmental Optimization,"**Optimize your lighting to improve focus and reduce eye strain.**

• Follow the basic steps
• Keep it simple
• Focus on what works for you","You notice you feel sluggish and have trouble focusing at your desk, especially on cloudy days. You add a bright desk lamp and position it to reduce glare on your computer screen. The improved lighting helps you feel more alert and focused throughout the day.",When poor lighting is affecting focus and mood,"Dopamine Activation, Executive Function Support, Frees Up Working Memory",Scattered,Overwhelmed,"Focus Enhancement, Starting Something Hard, Staying focused","Environmental Cues, Working Memory Failures","Can't Focus, Forgetful, Poor Time Estimation","Low Energy, Wired but Tired","Emotional Regulation, Work",Environmental Hack,Sensory,,"Overthinking, Time Blind",,,,,$$,,,,,,briefcase,Include lighting recommendations and setup guidelines,No
Yoga or Stretching,Movement-Based Regulation,"**Incorporate gentle yoga or stretching into your day to help manage feelings of overwhelm and improve focus.**

• Follow the basic steps
• Keep it simple
• Focus on what works for you","You feel tense and scattered after sitting at your computer for hours. You take 10 minutes to do gentle stretches or follow a short yoga video. The movement helps you feel more relaxed and centered, and you return to work with better focus.",When body tension is affecting mental state,"Frees Up Working Memory, Meets You Where You Are, Provides External Structure",Overstimulated,Overwhelmed,"Calming Down, Staying focused","Emotional Dysregulation, Environmental Cues, Working Memory Engagement","Anxious, Sensory Overload","Low Energy, Overstimulated, Overwhelmed",Self-Compassion,"Environmental Hack, Routine",Embodied,,"Frozen, Overthinking, Time Blind",,,,,Free,,,,,,lotus,Include beginner-friendly routines and timing suggestions,No
You Can Do 5 (Minutes),Micro-Commitment Strategy,"**### ⏩ Start with Just 5 Minutes

Commit to working on a task for just 5 minutes to overcome the challenge of task initiation, a common hurdle for those with ADHD.**

• Follow the basic steps
• Keep it simple
• Focus on what works for you","You've been avoiding an important project for days. You tell yourself “I'll just work on this for 5 minutes, then I can stop.” You open your laptop and start typing. 

After 5 minutes it may feel easier to continue or you can genuinely walk away knowing you've made progress. The key is giving yourself full permission to stop after exactly 5 minutes with zero guilt. This breaks the avoidance cycle and makes starting next time easier",When starting feels impossible,"Breaking Down Complexity, Gamifies Action, Starts Small",Stuck,Overwhelmed,"Cleaning Up, Overcoming Procrastination, Task Initiation","Emotional Dysregulation, Task Initiation, Working Memory Engagement","Can't Start, Poor Time Estimation","Burnout, Overwhelmed","Cleaning, Emotional Regulation, Task Initiation","Gamification, Incremental Progress, Mindset Shift","Gamified, Incremental Engagement, Interactive",,"Avoidant, Frozen",,,,,Free,"Acceptance and Commitment Therapy, Cognitive Behavioral Therapy, The Anti-Planner by Dani Donovan",,,,,fast-forward,Include 5-minute task examples and momentum strategies,No
Z- Brain-Friendly Tech Tools,Digital Support Arsenal,"**Use apps designed for ADHD to enhance your daily structure and motivation.**

• Follow the basic steps
• Keep it simple
• Focus on what works for you",You struggle with remembering to take medication and staying focused on tasks. You download an ADHD-specific app that sends medication reminders and includes a Pomodoro timer with visual progress tracking. Having ADHD-friendly technology support makes daily management easier.,When you need digital tools designed for ADHD,"Executive Function Support, Frees Up Working Memory, Gamifies Action",Forgetful,Ashamed,"Starting Something Hard, Staying focused","Task Structuring, Time Blindness, Working Memory Failures","Disorganized, Poor Time Estimation, Task Initiation","Overwhelmed, Wired but Tired",Work,Gamification,Gamified,,Overthinking,,,,,$,,,,,,brain,Include app recommendations and feature comparisons,No
Z- Crisis Support Network,Emergency Contact System,"**Create a list of emergency contacts that includes ADHD-aware friends and mental health professionals.**

• Follow the basic steps
• Keep it simple
• Focus on what works for you","You're having a particularly overwhelming day and feel like you're spiraling.
Instead of suffering alone, you check your emergency contact list and call a friend who gets it. They help you reality-check your thoughts and remind you you're not alone.

Having that list ready makes reaching out feel just a little easier.",When ADHD overwhelm creates crisis moments,"Externalizes Tasks, Frees Up Working Memory, Provides External Structure",Burned out,Defeated,"Asking for Help, Calming Down, Overcoming Resistance",Emotional Dysregulation,"Anxious, Can't Finish","Burnout, Frozen/Shut Down, Overwhelmed",Emotional Regulation,"Checklist, Gamified",Gamified,,"Frozen, Overthinking",,,,,Free,,,,,,briefcase,Include contact categories and crisis response planning,No
Z- Forest App,Gamified Focus Tool,"**Plant virtual trees that thrive while you stay concentrated and wilt if you get distracted.**

• Follow the basic steps
• Keep it simple
• Focus on what works for you","You keep getting distracted by your phone while trying to work. You open Forest, set a 25-minute timer, and plant a virtual tree. Knowing that checking social media will kill your tree creates just enough motivation to stay focused. After a week, seeing your growing forest makes you feel proud of your focus sessions.",When phone distractions are breaking your focus,"Breaks Down Complexity, Gamifies Action, Provides Instant Rewards",Scattered,Overwhelmed,"Starting Something Hard, Staying focused","Emotional Dysregulation, Task Initiation, Working Memory Failures","Can't Focus, Disorganized, Poor Time Estimation",Wired but Tired,"Focus Enhancement, Task Initiation Support, Work","Accountability, Checklist, Gamified","Gamified, Interactive",,"Disorganized, Overthinking",,,,,$,Forest app,,,,,smartphone,Include focus session strategies and reward system setup,No
z-Decision Fortune Game,Choice-Making Origami Tool,"Use a paper fortune teller to help overcome decision paralysis. This gamified approach reduces decision fatigue by allowing you to start with small, manageable tasks.","You're sitting at your desk staring at an overwhelming to-do list.
You don’t know where to begin, so you grab your pre-made fortune teller with 8 familiar tasks written inside.

You play the folding game, and it lands on “Quick Wins.” That’s your gentle cue to start with something small and doable. Decision made, with a bit of playfulness.",When decision paralysis is blocking action,"Gamifies Action, Reduces Decision Fatigue",Stuck,Overwhelmed,"Focus Enhancement, Overcoming Procrastination, Task Initiation","Decision Fatigue, Executive Dysfunction, Task Initiation","Can't Decide, Can't Start","Shutdown, Wired but Tired","Decision Making, Work",Gamification,Gamified,,"Avoidant, Frozen",,,,,Free,The Anti-Planner by Dani Donovan,,,,,gamepad,Include video tutorial link and printable templates,No
z-Digital Declutter System,Technology Simplification Strategy,"Reduce distractions and create a calmer digital space by unsubscribing from unnecessary emails, deleting unused apps, and organizing your digital files.  Start by dedicating an hour to decluttering, and enjoy a clearer mental space that supports better decision-making and task initiation.","You realize your phone has 200+ apps and your email inbox gets 50+ messages daily, most of which you don't need. You spend an hour unsubscribing from newsletters, deleting apps you never use, and organizing your remaining apps into folders. Your phone and email feel much calmer and less overwhelming.",When digital clutter is creating overwhelm,"Executive Function Support, Externalizes Tasks, Minimizes Friction",Overstimulated,Overwhelmed,"Cleaning Up, Focus Enhancement, Overcoming Procrastination","Decision Fatigue, Emotional Dysregulation, Time Blindness","Disorganized, Sensory Overload","Frozen/Shut Down, Overstimulated, Overwhelmed","Cleaning, Focus Enhancement","Checklist, Environmental Hack, Routine","Interactive, Task Simplification, Visual",,"Frozen, Overthinking, Time Blind",,,,,Free,,,,,,package-x,Include decluttering checklists and maintenance strategies,No
Zero-Based Scheduling,Fresh Start Planning,"Start each week with a blank schedule and only add what truly matters to you.  By reducing distractions and improving task initiation, you protect your time and energy, making it easier to manage overwhelm while dealing with executive dysfunction.",You're constantly overcommitted because you automatically say yes to everything. You start each week with a completely blank calendar and only add commitments that align with your priorities. This helps you protect your time and energy for what matters most.,When automatic overcommitment is creating overwhelm,"Breaks Down Complexity, Minimizes Friction, Starts Small",Frustrated,Defeated,"Managing Emotional Dysregulation, Planning my time, Task Initiation Support","Emotional Dysregulation, Executive Dysfunction, Task Initiation","Can't Finish, Task Initiation","Burnout, Crash Recovery","Planning, Time Planning",Gamification,"Gamified, Visual",,Frozen,,,,,Free,,,,,,map,Include priority assessment and commitment evaluation strategies,No
Zig-Zag Productivity,Non-Linear Work Style,"### ⚡️ Embrace Zig-Zag Productivity

Switch tasks as your interest and energy fluctuate throughout the day.","You feel frustrated because you can't focus on one task for hours like others seem to. You start embracing zig-zag productivity: work on the report for 30 minutes, switch to emails for 15 minutes, then back to the report. Following your natural attention shifts actually helps you accomplish more.",When forcing linear productivity creates frustration,"Dopamine Activation, Emotional Regulation",Scattered,Overwhelmed,"Starting Something Hard, Staying focused","Task Initiation, Time Blindness, Working Memory Failures","Can't Focus, Task Initiation","Overwhelmed, Restless","Emotional Regulation, Task Initiation Support, Work",Gamification,"Gamified, Sensory",,"Avoidant, Overthinking",,,,,Free,,,,,,hard-drive,Include task-switching strategies and energy management,No
Zone Blitz Challenge,High-Energy Zone Challenge,Transform cleaning into an exciting high-energy game! Set a timer for 15 minutes and play your favorite upbeat song to race against the clock while clearing your space.  Celebrate your progress with before-and-after photos to reinforce success!,"Tuesday evening: set timer for 15 minutes, blast your favorite high-energy song, and blitz the kitchen. Race to clear counters, load dishwasher, and wipe surfaces. When timer goes off, take a before/after photo and celebrate!",When whole-house cleaning feels overwhelming,"Dopamine Activation, Gamifies Action",Drained,Stuck,"Cleaning Up, Resetting My Space, Task Initiation",Task Initiation,"Can't Start, Task Initiation","Low Energy, Overwhelmed, Wired but Tired","Cleaning, Focus Enhancement, Task Initiation","Challenge, Gamification, Time-Limited Challenge","Gamified, Time-Limited Challenge",,"Avoidant, Frozen",,,,,Free,,,,,,trophy,Adds timer challenges and high-energy music for dopamine,No
Zoning Out Breaks,Intentional Mental Rest,"**Schedule intentional ""zoning out"" time to let your mind wander without guilt.**

• Follow the basic steps
• Keep it simple
• Focus on what works for you","You feel guilty when you catch yourself daydreaming or zoning out during work. You start scheduling 10-minute ""mental break"" periods where you intentionally let your mind wander or stare out the window. Giving yourself permission for mental rest actually helps you focus better afterward.",When mental rest is needed but feels guilty,"Emotional Regulation, Externalizes Tasks, Frees Up Working Memory",Ashamed,Guilty,"Calming Down, Finding motivation","Emotional Dysregulation, Working Memory Engagement","Anxiety Management, Poor Time Estimation","Burnout, Low Energy, Overstimulated","Emotional Regulation, Time Planning","Checklist, Routine",Reflective Practice,,,,,,,Free,,,,,,sunrise,Include mental rest activities and guilt-reduction strategies,No
