Reviewed?,Name,subtitle,use_case,description,example,barrier,feeling_1,feeling_2,help_task,issues,why_does_this_work_AI,cultural_context_tags,energy_state_tags,life_transition_tags,mental_state_tags,strategy_style_tags,task_context_tags,treatment_context_tags,identity_tags,life_role_tags,solution_type_tags,icon_file,further_reading_url,further_reading_text,image,image_source,price,source,adhd_friendly_improvement
Yes,1% Better,Incremental Improvement,When big changes feel overwhelming,"### 🌱 Small Steps, Big Gains

Make tiny improvements every day instead of trying to do everything at once.

- Choose one small thing to improve (1% better)
- Do it consistently
- Build momentum over time
- Focus on progress, not perfection

---

## 💪 Example 1: Establishing a Workout Routine

Start small with your fitness.

- Day 1: Just 5 jumping jacks.
- Day 2: 6 jumping jacks.
- Week 2: Add a 2-minute walk.

---

## 🧹 Example 2: Decluttering Your Home

Tackle clutter bit by bit.

- Day 1: Clear ONE item off the counter.
- Day 2: Toss expired food from ONE shelf.
- Week 2: Spend 5 minutes tidying your desk.

---

## 🗣️ Example 3: Learning a New Language

Learn a new language step by step.

- Day 1: Listen to a 3-minute podcast.
- Day 2: Learn ONE new word.
- Week 2: Write a simple sentence with your new words.","- Tiny Tasks for Big Wins
**When to Use:**
- This strategy is helpful when you feel overwhelmed by large projects or tasks.
- What You Need
- • A timer (your phone works well)
- • A notepad or a digital app for tracking tasks
- • A specific task you want to start (e.g., cleaning a room, studying)
- Why This Works
- Breaking tasks into tiny pieces makes them more manageable. It reduces decision fatigue and helps overcome task initiation barriers by focusing on small, achievable actions.
- Getting Started
- Set a timer for 5 minutes and choose one small task to complete. For example, start by tidying just one corner of your room.","Decision Fatigue, Perfectionism, Task Initiation",Drained,Stuck,"Starting Something Hard, Staying focused","Can't Decide, Can't Start","Breaks Down Complexity, Frees Up Working Memory, Starts Small",,"Burnout, Low Energy, Overwhelmed",,Discouraged,"Gamified, Incremental Motivation, Task Simplification","Incremental Progress, Time Planning, Work",,,,"Gamified, Incremental Progress, Mindset Shift",footprints,https://jamesclear.com/continuous-improvement,Continuous Improvement: How It Works and How to Master It,tiny-gains-graph.jpg,https://jamesclear.com/continuous-improvement,Free,Atomic Habits by James Clear,Include 1% improvement examples for different life areas
Yes,2-Minute Rule,Immediate Action Principle,When small tasks accumulate into big problems,"### ⏰ Do It Now: 2-Minute Rule

If a task takes less than 2 minutes, do it right now.

- See a quick task? Do it immediately.
- Don't add it to your to-do list.
- Prevent small tasks from piling up.
- Examples: Reply to a text, file a document, wash a dish.

ADHD Friendly Description:
Complete small tasks right away to keep your space clear and your mind focused. This helps avoid that overwhelming feeling when tasks pile up.","- Quick Task Completion Strategy
**When to Use:**
- This strategy is helpful when you have small tasks that you keep putting off because they seem overwhelming.
- What You Need
- • A timer (on your phone or a kitchen timer)
- • A list of small tasks (like replying to texts, filing papers, or washing dishes)
- • A quiet space to work
- Why This Works
- Setting a timer helps reduce decision fatigue and keeps you focused. It breaks tasks into manageable chunks, making it easier to start without feeling overwhelmed.
- Getting Started
- Pick one small task from your list and set a timer for 2 minutes. Complete the task before the timer goes off.","Decision Fatigue, Perfectionism, Task Initiation",Anxious,Ashamed,"Overcoming Procrastination, Quick Task Management, Task Initiation Support","Avoidant, Can't Decide, Can't Start","Breaks Down Complexity, Frees Up Working Memory, Minimizes Friction",,"Burnout, Low Energy, Overwhelmed",,"Avoidant, Frozen","Sensory, Task Simplification, Time Management","Emails, Time Planning",,,,"Checklist, Quick Fix",zap,https://jamesclear.com/how-to-stop-procrastinating,How to Stop Procrastinating by Using the “2-Minute Rule”,2minrule.jpg,https://srishtisuratkal.medium.com/two-2-minute-rules-to-beat-procrastination-in-2-minutes-f8fe7db99321,Free,Getting Things Done by David Allen,Include 2-minute task examples and decision-making guidelines
Yes,5-4-3-2-1 Launch ,Countdown Activation,When you need to bypass mental resistance,"### Countdown Activation
Quickly count down from 5 to 1 and start your task immediately.
- Count: 5-4-3-2-1
- Move your body on ""1""
- Begin the task before you can hesitate
- Effective for getting out of bed, starting work, or cleaning

# The 5-4-3-2-1 Countdown
Use this strategy when you struggle to start a task or feel overwhelmed.
- Requires: A timer or a way to count down, a specific task, a clear workspace.
- Action: Count down from 5 to 1, then take the first step toward your task.","- The 5-4-3-2-1 Countdown
**When to Use:**
- Use this strategy when you find it hard to start a task or feel overwhelmed.
- What You Need
- • A timer or a way to count down
- • A specific task you want to start
- • A clear space to work
- Why This Works
- Counting down creates urgency and helps bypass the brain's resistance to starting. The movement at ""1"" engages your body, making it easier to take action before your mind can hesitate.
- Getting Started
- Count down from 5 to 1, then immediately take the first step towards your task.",Task Initiation,Numb,Stuck,"Overcoming Resistance, Starting Something Hard, Task Initiation","Can't Start, Task Initiation","Breaks Down Complexity, Frees Up Working Memory, Gamifies Action",,"Shutdown, Wired but Tired",,"Avoidant, Frozen",Interactive,"Cleaning, Decision Making, Work",,,Student,"Challenge, Gamification, Quick Fix",fast-forward,https://www.understood.org/en/articles/how-the-five-second-rule-changed-my-adhd-life,How the Five-Second Rule changed my ADHD life,5secrule.png,https://readingraphics.com/book-summary-the-5-second-rule/,Free,"The 5 Second Rule by Mel Robbins, The Anti-Planner by Dani Donovan",Include countdown variations and immediate action strategies
Yes,5-4-3-2-1 Sensory Grounding,Sensory Anchor Technique,When anxiety or overwhelm is taking over,"### 🧘‍♀️ 5-4-3-2-1 Grounding Technique

Use your senses to calm down when feeling overwhelmed.

- 5 things you can see: Look around and name five colors or objects.
- 4 things you can touch: Feel different textures, like your clothes or the ground.
- 3 things you can hear: Listen for three distinct sounds, like voices or music.
- 2 things you can smell: Notice two scents, such as food or flowers.
- 1 thing you can taste: Focus on one taste, like gum or a sip of water.

This technique helps ground you when anxiety strikes. Simple and quick, it’s a handy way to regain calm and control.","- 5-4-3-2-1 Grounding Technique for ADHD
**When to Use:**
- Use this technique when you feel overwhelmed or overstimulated, especially in busy environments like stores or crowded places.
- What You Need
- • Your senses: look, touch, hear, smell, and taste
- • A quiet space if sounds are too loud
- • A timer or your phone for reminders
- Why This Works
- This strategy helps ADHD brains by providing a structured way to focus. It channels racing thoughts into specific tasks, making it easier to regain control and calm down.
- Getting Started
- Choose one sense to focus on right now. For example, look for five things you can see around you and name them out loud.","Emotional Dysregulation, Time Blindness, Working Memory Engagement",Overstimulated,Overwhelmed,"Being Kinder to Myself, Calming Down",Anxiety Management,"Emotional Regulation, Sensory Engagement, Starts Small",,"Overstimulated, Overwhelmed",,"Frozen, Overthinking",Sensory,"Emotional Regulation, Self-Compassion",,,,"Gamification, Quick Fix",anchor,https://www.urmc.rochester.edu/behavioral-health-partners/bhp-blog/april-2018/5-4-3-2-1-coping-technique-for-anxiety,5-4-3-2-1 Coping Technique for Anxiety,5grounding.jpg,https://www.youtube.com/watch?v=30VMIEmA114&ab_channel=ThePartnershipInEducation,Free,"Cognitive Behavioral Therapy, The Anti-Planner by Dani Donovan",Create pocket cards with the technique and practice scenarios
Yes,10-Minute Pickup,Quick Reset Strategy,When spaces are messy but you don't have energy for deep cleaning,"### ⏱️ Quick 10-Minute Reset
Set a 10-minute timer and clean up as much as possible.

• Start the timer for 10 minutes
• Pick up, organize, or clean anything you see
• Stop when the timer goes off
• Celebrate what you accomplished","- Quick 10-Minute Reset
**When to Use:**
- This strategy is helpful when your space feels overwhelming, and you don't have the energy for deep cleaning.
- What You Need
- • A timer (your phone works great)
- • A designated spot for items you find
- • A clear area to work in
- Why This Works
- Short bursts of activity help combat decision fatigue and task initiation issues. Setting a timer creates a clear start and end point, making it easier to begin without feeling overwhelmed.
- Getting Started
- Set a timer for 10 minutes and start picking up the first item you see.","Decision Fatigue, Emotional Dysregulation, Task Initiation",Drained,Stuck,"Cleaning Up, Resetting My Space","Can't Start, Disorganized, FrozenShutDown","Gamifies Action, Minimizes Friction, Starts Small",,"Crash Recovery, Low Energy, Wired but Tired",,"Disorganized, Frozen","Incremental Motivation, Task Simplification, Time-Limited Challenge","Cleaning, Focus Enhancement, Task Initiation",,,,"Challenge, Gamification, Quick Fix",hand,,,,,Free,"Reddit /r/ADHD, The Anti-Planner by Dani Donovan",Include pickup strategies for different rooms and clutter types
Yes,15-Minute Fridge Rescue ,Reset Game,When your fridge is a disaster but you need it functional,"### ⏱️ Quick 10-Minute Reset
Set a 10-minute timer and clean up as much as possible.

• Start the timer for 10 minutes
• Pick up, organize, or clean anything you see
• Stop when the timer goes off
• Celebrate what you accomplished","- Quick 10-Minute Reset
**When to Use:**
- This strategy is helpful when your space feels overwhelming, and you don't have the energy for deep cleaning.
- What You Need
- • A timer (your phone works great)
- • A designated spot for items you find
- • A clear area to work in
- Why This Works
- Short bursts of activity help combat decision fatigue and task initiation issues. Setting a timer creates a clear start and end point, making it easier to begin without feeling overwhelmed.
- Getting Started
- Set a timer for 10 minutes and start picking up the first item you see.","Decision Fatigue, Task Initiation, Working Memory Engagement",Drained,Stuck,"Cleaning Up, Overcoming Procrastination, Resetting My Space","Can't Start, Task Initiation","Breaks Down Complexity, Frees Up Working Memory, Gamifies Action",,"Low Energy, Restless, Wired but Tired",,"Disorganized, Frozen","Gamified, Time-Limited Challenge","Cleaning, Emotional Regulation, Task Initiation",,,,"Checklist, Gamified",refrigerator,,,,,Free,"How to Keep House While Drowning by KC Davis, The Anti-Planner by Dani Donovan",Include fridge organization tips and maintenance schedules
Yes,15-Minute Speed Clean,Quick Reset Clean,When your space is chaotic but you don't have energy for deep cleaning,"🧊 Quick Fridge Reset
Set a 15-minute timer to clean out your fridge.
• Quickly remove expired items

• Wipe down shelves fast

• Organize remaining items

• Stop when the timer rings","- 🧊 15-Minute Fridge Rescue Mission
- Your fridge has become a science lab of forgotten containers and mystery smells. Opening it feels like an extreme sport. Let’s turn that chaos into a clean, organized space in just 15 minutes!
- The Rescue Plan:
- 1️⃣ Set up for success
- • 📱 Grab your phone and set a timer for 15 minutes ⏱️
- • 🗑️ Get a trash bag and recycling bin ready
- • 🎶 Put on some energizing music to boost your mood
- 2️⃣ The 3-step process
- 1. TRASH SWEEP (5 min)
- ◦ 🚪 Open the fridge and grab anything obviously expired
- ◦ ❌ Don’t read dates yet - just grab the fuzzy/smelly stuff
- ◦ 📅 Check expiration dates on dairy, leftovers, and produce
- 2. QUICK WIPE (5 min)
- ◦ 🧽 Grab a damp cloth with all-purpose cleaner
- ◦ 🌟 Focus only on sticky spots and spills
- ◦ 🚫 No need to remove shelves - just hit the visible surfaces
- 3. SPEED ORGANIZE (5 min)
- ◦ 🥛 Group similar items together (dairy, condiments, drinks)
- ◦ 👀 Move frequently used items to eye level
- ◦ 🏠 Return items to the fridge in their new homes
- 3️⃣ When the timer rings: STOP!
- • 🎉 Whatever state it's in = SUCCESS
- • 🌈 Imperfect but better is the goal
- • 👍 Give yourself credit for what you DID do
- Why this works:
- • ⏰ The timer creates urgency but also a finish line
- • 🔄 Breaking it into phases prevents getting stuck
- • 🎈 Visible improvement brings immediate dopamine hit
- Pro tips:
- • 📸 Take a ""before"" photo to appreciate your progress
- • 📝 Use this time to create a grocery list as you go
- • ⏰ If you get distracted, the timer will pull you back
- • 🏃‍♂️ Play ""beat the clock"" to make it more engaging","Emotional Dysregulation, Perfectionism, Task Initiation",Drained,Stuck,"Cleaning Up, Resetting My Space","Disorganized, Task Initiation","Breaks Down Complexity, Gamifies Action",,"Crash Recovery, Low Energy, Wired but Tired",Recently Moved,"Disorganized, Frozen","Embodied, Visual","Cleaning, Emotional Regulation, Task Initiation",,,,"Challenge, Quick Fix",zap,,,,,Free,The Anti-Planner by Dani Donovan,Include 15-minute task lists for different rooms and situations
Yes,Acceptance and Commitment,Values-Based Action,When emotions are blocking action on important values,"⏱️ Quick 15-Minute Reset
Set a timer for 15 minutes and clean only what you can see.
• Focus on counters, tables, and floors.
• Skip drawers and cabinets.
• Return items to their places.
• Celebrate your achievements!
⚡ 15-Minute Speed Clean Challenge
Your space feels chaotic? Let's tackle it quickly!
🎮 The Game Plan
🧰 Setup Phase (2 minutes)
• Set a 15-minute timer.
• Grab a basket for items that don’t belong.
• Play an upbeat song.
• Take a “before” photo.
🏃‍♀️ Speed Round (12 minutes)
1. Surface Sweep (5 min)
    ◦ Start at the door and clear visible surfaces.
    ◦ Toss trash directly into the bag.
    ◦ Place misplaced items in your basket.
2. Floor Rescue (4 min)
    ◦ Pick up large items from the floor.
    ◦ Quick vacuum or sweep visible areas.
3. Quick Arrange (3 min)
    ◦ Fluff pillows and straighten items.
    ◦ Group similar items together.
🏁 Finish Line (1 minute)
• Return misplaced items to their areas.
• Take an “after” photo.
• Celebrate your work!","- ⚡ 15-Minute Speed Clean Challenge
- Your living room looks like it was hit by a category 5 tornado! 🌪️ Stuff is everywhere, you can't find the remote, and just looking at the mess makes you want to close the door and pretend it doesn't exist. 😩
- 🎮 The Game Plan
- 🧰 Setup Phase (2 minutes)
- • ⏳ Grab your phone and set a timer for 15 minutes!
- • 👜 Get a ""doesn't belong here"" basket or bag.
- • 🎶 Put on an upbeat song that makes you move.
- • 📸 Take a quick ""before"" photo (seriously, you'll thank yourself later).
- 🏃‍♀️ Speed Round (12 minutes)
- 1. Surface Sweep (5 min)
- ◦ Start at the door and move clockwise.
- ◦ Clear every flat surface you can see.
- ◦ Don’t open drawers or cabinets - visible stuff only!
- ◦ Toss trash directly in the trash bag.
- ◦ Put ""doesn't belong here"" items in your basket.
- 2. Floor Rescue (4 min)
- ◦ Pick up anything larger than a coin from the floor.
- ◦ Do a quick vacuum or sweep of open areas only.
- ◦ Don’t move furniture - just hit the visible spaces.
- 3. Quick Arrange (3 min)
- ◦ Fluff pillows and fold throws. 🛋️
- ◦ Align items on tables at right angles. 📏
- ◦ Group similar items together. 🗂️
- 🏁 Finish Line (1 minute)
- • Return ""doesn't belong here"" items to their general area (don’t organize, just relocate).
- • Take your after photo. 📸
- • Celebrate what you accomplished! 🎉
- 🧠 Why This Works For Your Brain
- • Time boxing: The 15-minute limit stops the perfectionist spiral before it starts.
- • Visible focus: Working only on what you can see reduces decision fatigue.
- • Momentum building: Starting with surfaces creates visible progress that feeds your dopamine.
- • No rabbit holes: The ""don't open drawers"" rule prevents getting lost in organizing black holes.
- • Built-in completion: The timer tells you when ""done"" is done - no guessing.
- 👀 The Transformation
- Before: Floor covered in stuff, surfaces cluttered, feels chaotic and overwhelming, brain feels scattered.
- After: Major items put away, surfaces clear, floor visible, space feels manageable, brain can breathe.
- 💡 Pro Tips
- • If you get distracted, the timer will pull you back! ⏰
- • Feeling stuck? Just pick up the three biggest items you see. 🏋️
- • Too overwhelmed? Focus on just ONE surface or half the room.
- • Need more motivation? Promise yourself a 5-minute reward when done. 🎁
- • Make it social: Challenge a friend to do their space at the same time! 👯‍♂️
- • Use the ""doesn't belong here"" basket to avoid getting sidetracked putting things away. 🚫",Emotional Dysregulation,Overwhelmed,Frustrated,"Staying focused, Task Initiation","Anxious, Can't Start","Dopamine Activation, Emotional Regulation, Starts Small",,"Burnout, Overwhelmed",,"Avoidant, Frozen","Gamified, Incremental Motivation, Mindful Awareness",Emotional Regulation,,,Working Professional,"Gamification, Mindset Shift",lightbulb,https://contextualscience.org/act,Acceptance & Commitment Therapy (ACT),act.png,https://www.ftpsych.ca/therapy-approaches/acceptance-commitment-therapy/,Free,"Acceptance & Commitment Therapy (ACT), The Happiness Trap by Russ Harris",Include values clarification exercises and action commitment strategies
Yes,ADHD Crisis Kit,Emergency Support Arsenal,When ADHD symptoms create crisis situations,"💡 Values-Driven Action
Take small actions that match your personal values.
• Identify what matters most to you.
• Choose one small action that fits those values.
• Do it even if you don't feel like it.
• Build on tiny wins.
💡 Values-Driven Action Challenge
You've been avoiding a work presentation for days. Your stomach knots every time you think about standing in front of everyone. But deep down, you know career growth matters to you.
🧭 The Values Compass
Step 1: Name the feeling (10 seconds)
• Acknowledge your anxiety: ""I feel nervous about this presentation.""
• Say it aloud or write it down.
• Don't fight the feeling.
Step 2: Connect to your values (30 seconds)
• Ask: ""What matters to me here?""
• Remind yourself how this connects to your values.
Step 3: Choose one tiny action (1 minute)
• Pick the smallest step toward your value.
• Examples:

    ◦ Open the presentation file.
    ◦ Write down three bullet points for one slide.
    ◦ Practice just the introduction for 2 minutes.
Step 4: Take action WITH the feeling (5 minutes)
• Let the feeling be present.
• Do the tiny action anyway.
• Recognize you can feel anxious and still act.
🧠 Why This Works For Your Brain
• Acknowledges feelings without letting them control you.
• Values provide direction in confusing times.
• Tiny wins build confidence.
• Allows for flexibility in your actions.
⚡ The Shift
Before: Avoiding work due to anxiety.

After: Taking small steps toward your goals while feeling anxious.
💡 Pro Tips
• Keep a ""values cheat sheet"" at your desk.
• Start with 5-minute commitments.
• Celebrate any action, no matter how small.
• Remember: The goal is to take action, not just feel good.
• Use: ""I notice I'm feeling ___ AND I can still ___.""
• Physical movement helps: Stand up when committing to action.","- 💡 Values-Driven Action Challenge
- You've been avoiding a work presentation for days. Your stomach knots every time you think about standing in front of everyone. But deep down, you know career growth matters to you.
- 🧭 The Values Compass
- 1. Name the feeling (10 seconds)
- ◦ Notice the anxiety: ""I feel nervous about this presentation.""
- ◦ Say it out loud or write it down.
- ◦ Don’t try to fight it or make it go away.
- 2. Connect to your values (30 seconds)
- ◦ Ask yourself: ""What matters to me here?""
- ◦ Maybe it's:
- ▪ Career growth 🌱
- ▪ Sharing knowledge 📚
- ▪ Challenging yourself 💪
- ◦ Remind yourself: ""This presentation connects to my value of _______.""
- 3. Choose one tiny action (1 minute)
- ◦ Pick the smallest possible step that moves toward your value.
- ◦ Examples:
- ▪ Open the presentation file and just look at it 👀
- ▪ Write down three bullet points for one slide ✍️
- ▪ Practice just the introduction for 2 minutes ⏳
- 4. Take action WITH the feeling (5 minutes)
- ◦ Let the feeling be there (it's just a sensation).
- ◦ Do the tiny action anyway! 🚀
- ◦ Notice you can feel anxious AND still take action.
- 🧠 Why This Works For Your Brain
- • Defuses emotion traps: Acknowledges feelings without letting them control actions.
- • Creates clarity: Values provide direction when emotions cloud thinking.
- • Builds confidence: Tiny wins prove you can act despite uncomfortable feelings.
- • Increases flexibility: Breaks the ""must feel good to do good"" connection.
- ⚡ The Shift
- • Before: Avoiding important work because anxiety feels unbearable.
- • After: Taking small steps toward what matters while carrying the anxiety with you.
- 💡 Pro Tips
- • Keep a ""values cheat sheet"" visible at your desk. 📝
- • Start with 5-minute commitments, not hours. ⏲️
- • Celebrate taking ANY action, no matter how small! 🎉
- • Remember: The goal isn't to feel good, it's to DO good.
- • Use the phrase: ""I notice I'm feeling ___ AND I can still ___.""
- • Physical movement helps: Stand up when you commit to your action! 💃","Emotional Dysregulation, Task Initiation, Working Memory Failures",Burned out,Defeated,"Calming Down, Recovering from a crash","Avoidant, Can't Finish",Externalizes Tasks,,"Crash Recovery, Low Energy, Overwhelmed",,"Avoidant, Frozen","Embodied, Sensory","Emotional Regulation, Task Initiation Support",,,,"Checklist, Quick Fix",shopping-bag,,,,,"$, $$",,Include emergency kit contents and crisis response plans
Yes,Auto-Pilot Life Systems,Friction-Free Automation,When recurring tasks create mental load,"🧰 Emergency ADHD Kit
Prepare a kit with essential items to help you through challenging ADHD moments.
• Snacks: Keep quick, healthy options like protein bars and crackers to maintain energy.
• Phone charger: Ensure you have a reliable charger to stay connected.
• Calming items: Include fidget toys or essential oils to help soothe anxiety.
• Medications: Pack any necessary medications for easy access.
• Emergency contacts: Write down important phone numbers for quick reference.","- 🧰 Your ADHD Emergency Survival Kit
- Picture this: It's 3 PM. You've forgotten to eat since breakfast, your phone just died, and your brain is spinning with 47 different thoughts. You feel like you're about to melt down in public.
- What's In Your Crisis Kit:
- 🍫 Body Fuel
- • Quick Protein:
- ◦ Individually wrapped jerky
- ◦ Protein bars that don’t melt or expire quickly
- • Emergency Glucose:
- ◦ Small candy for immediate brain fuel
- • Hydration Packet:
- ◦ Flavorful powder mixes to make water more appealing
- 🔋 Tech Lifelines
- • Backup Charger:
- ◦ A fully charged power bank (that you actually remember to recharge!)
- • Emergency Cash:
- ◦ $20 hidden in your kit for when you forget your wallet
- • Spare Keys:
- ◦ Because we all know how easily keys go missing…
- 🧠 Brain Reset Tools
- • Noise-Canceling Earbuds:
- ◦ For when the world gets too loud
- • Fidget Toy:
- ◦ Something small to keep your hands busy while your mind calms down
- • Rescue Medication:
- ◦ Your as-needed meds in a labeled pill case
- • Stim Blockers:
- ◦ Sunglasses, hat, or earplugs for sensory overload
- 📝 Reminder Lifelines
- • “What To Do When...” Card:
- ◦ Simple steps for common crises (forgot meds, missed meeting, etc.)
- • Emergency Contacts:
- ◦ Written down (not just in your phone!)
- • Crisis Text Number:
- ◦ For when you need to talk to someone now
- 🚨 How To Use It:
- 1. Keep It Visible:
- ◦ Don’t hide it in a drawer you’ll forget about!
- 2. Make It Portable:
- ◦ Have a mini version in your bag, car, and desk
- 3. Check It Monthly:
- ◦ Set a recurring reminder to restock items
- 4. Use Without Shame:
- ◦ This isn’t a failure, it’s preparation!
- 💫 The Real Impact:
- • Without a Kit:
- ◦ Small problems cascade - hunger leads to irritability, which leads to impulsive decisions, resulting in a shame spiral.
- • With a Kit:
- ◦ You eat a protein bar, charge your phone enough to text that you’ll be late, use your fidget to calm down, and can actually think again.
- 🔑 Pro Tips:
- • Label Everything Clearly:
- ◦ In crisis mode, your reading comprehension drops!
- • Include a Note:
- ◦ A message from your ""well self"" to your ""struggling self"" with compassionate reminders.
- • Make Your Kit Personal:
- ◦ Reflect your specific ADHD challenges (time blindness? Emotional regulation? Forgetting essentials?)
- • Take a Photo of Your Kit:
- ◦ So you know what to replace!","Emotional Dysregulation, Task Initiation, Working Memory Failures",Forgetful,Ashamed,"Quick Task Management, Task Initiation Support","Avoidant, Forgetful, Poor Time Estimation","Externalizes Tasks, Frees Up Working Memory, Minimizes Friction",,"Burnout, Low Energy, Overwhelmed",,"Avoidant, Frozen","Task Simplification, Time Management",Planning,,,,"Checklist, Routine",credit-card,,,,,Free,,Include automation ideas for different life areas and setup guides
Yes,Avoidance Journal,Pattern Recognition Tracker,When you want to understand your avoidance patterns,"🔁 Automate Your Tasks
Create systems that handle tasks for you so you can focus on what matters.
• Auto-pay bills: Never worry about forgetting to pay bills again.
• Grocery delivery subscriptions: Get essentials delivered automatically.
• Automatic savings transfers: Save effortlessly with scheduled transfers.
• Recurring calendar reminders: Stay on track without mental strain.","- Autopilot for ADHD Brains 🚀
- The Problem:
- • You keep forgetting bills →
- • Late fees →
- • Stress →
- • Shame spiral 😩
- The Solution:
- Set up systems that work FOR you while your brain focuses on more interesting things!
- Quick Wins (5-15 min setup):
- • ✅ Auto-pay for regular bills
- (electricity, internet, rent)
- • ✅ Automatic transfers to savings
- (even $5/week adds up!)
- • ✅ Subscribe to essentials
- (toilet paper, pet food, medication)
- Result:
- • 💰 NO MORE late fees!
- • 🧻 NO MORE ""I forgot to buy toilet paper...again!""
- • 🧠 NO MORE mental load of remembering ALL THE THINGS!
- Other ADHD-Friendly Automations:
- For Body Stuff:
- • 💊 Medication alerts that actually work!
- • 🍎 Grocery subscriptions with easy editing!
- For Home Stuff:
- • 🧹 Robot vacuum scheduled to run when you're out!
- • 🗑️ ""Trash day"" reminders with funny GIFs!
- • 🧺 Laundry day calendar alerts with a 2-hour pre-warning!
- For Work/Social Stuff:
- • 📧 Email filters that automatically sort the boring stuff!
- • 👋 Birthday reminders set 1 WEEK early
- (with gift ideas attached!)
- • 📱 Scheduled check-in texts to friends/family!
- ADHD Pro Tip:
- Start with just one automation this week. Small wins build momentum! 🎉","Emotional Dysregulation, Task Initiation, Working Memory Engagement",Anxious,Ashamed,"Maintaining Focus, Overcoming Procrastination, Starting Something Hard","Anxious, Avoidant, Can't Start","Frees Up Working Memory, Minimizes Friction",,"Burnout, Low Energy",,"Avoidant, Discouraged, Overthinking","Gamified, Interactive","Emotional Regulation, Task Initiation Support, Work",,,,Gamification,book,,,,,Free,The Anti-Planner by Dani Donovan,Create tracking templates with common avoidance reasons pre-listed
Yes,Body Check-In Scan,Physical Awareness Reset,When anxiety or overwhelm is physical,"📝 Track Your Avoidance
Write down tasks you keep avoiding and notice patterns.
• List tasks you’re avoiding

• Note why they feel hard

• Identify patterns (like time of day or task type)

• Start with the easiest task first","- Task Avoidance Tracker 📋
- When you notice yourself putting off the same tasks repeatedly, try this simple tracking method to understand your patterns:
- Two-Column Pattern Finder 🔍
- Create two columns in your notebook or notes app:
- • 🛑 Task I'm Avoiding
- • 💭 Why It Feels Hard Right Now
- How to Use It:
- 1. Track for a Few Days: Every time you avoid a task, jot it down.
- 2. Look for Patterns:
- ◦ Are you avoiding reports because you're missing info? 📊
- ◦ Maybe you're not replying to texts because you're anxious about replying late? 📱
- Brain-Friendly Tips 🌈
- • Color Coding:
- ◦ 🔴 Red for high resistance
- ◦ 🟡 Yellow for medium
- ◦ 🟢 Green for ""I can do this!""
- • Add a Third Column:
- ◦ 👣 Tiny First Step I Could Take
- • Voice Notes: If writing feels tough, just talk it out! 🎤
- • Set a Timer: Try a 2-minute timer to make tracking feel less overwhelming ⏳.
- Remember:
- The goal isn't to judge yourself—just notice what's happening so you can work with your brain instead of fighting against it! ✨
- Quick-Start Template:
- • Monday, Month, Day:
- ◦ 📝 Task: Answering emails
- ◦ 💭 Why Hard: Too many to sort through, afraid I missed important ones
- ◦ 👣 Tiny Step: Just open ONE email
- • Tuesday, Month, Day:
- ◦ 📝 Task:
- ◦ 💭 Why Hard:
- ◦ 👣 Tiny Step:
- Recognizing patterns helps build self-understanding without shame—you're collecting data, not passing judgment! 🧠❤️","Emotional Dysregulation, Task Structuring, Working Memory Engagement",Overstimulated,Overwhelmed,"Being Kinder to Myself, Calming Down","Anxiety Management, Can't Focus, Emotional Regulation","Emotional Regulation, Frees Up Working Memory, Sensory Engagement",,"Low Energy, Overstimulated, Overwhelmed",,"Avoidant, Frozen",Sensory,"Emotional Regulation, Self-Compassion",,,Working Professional,Accountability,scan-face,,,,,Free,,Include guided body scan scripts of different lengths
Yes,Brain Dump Blitz,Mental Decluttering Strategy,When mental clutter is preventing focus,"Grounding Body Scan
Quickly check in with your body to feel more grounded.
• Start at your toes

• Spend a few seconds noticing each part

• Move up to your head

• Just observe without trying to change anything
Body Reset Check-In
A quick way to calm your mind and body before stressful moments.
• Begin with your toes

• Move your attention up through your body

• Notice how each part feels

• Use gentle touches to help focus","- 🧘‍♂️ Quick Body Reset (2-5 minutes)
- When your thoughts are racing before meetings or during stressful moments, this quick body scan can help bring you back to the present:
- How to do it:
- • Start with your toes 👣 (wiggle them if you need to feel them)
- • Move your attention up through each body part
- • Just notice what's happening – no need to ""fix"" anything
- • Use touch to help focus ✋ (tap each area gently)
- Body Map Checklist:
- • 👣 Feet (10 seconds): Tense? Relaxed? Cold? Warm?
- • 🦵 Legs (10 seconds): Heavy? Restless? Need to move?
- • 🧎 Knees (5 seconds): Any sensation here?
- • 🦴 Hips (5 seconds): Tight? Uncomfortable?
- • 🧠 Stomach (10 seconds): Hungry? Knotted? Butterflies?
- • ❤️ Chest (10 seconds): Fast heartbeat? Shallow breathing?
- • 👐 Hands (10 seconds): Fidgety? Cold? Want something to hold?
- • 💪 Arms (10 seconds): Tense? Heavy?
- • 🙆‍♀️ Shoulders (10 seconds): Up by your ears? Carrying tension?
- • 🧣 Neck (10 seconds): Stiff? Sore? Tight?
- • 😊 Face (10 seconds): Jaw clenched? Forehead wrinkled?
- Brain-Friendly Tips:
- • Can't sit still? Do this while walking or stretching 🚶‍♂️
- • Mind wandering? That's normal! Just gently come back to where you left off 🔄
- • Too long? Just do 30 seconds focusing on shoulders, jaw, and breathing ⏳
- • Need more sensory input? Try with eyes closed or while holding something with texture 🧸
- You might notice your shoulders are up by your ears or your jaw is clenched. Just becoming aware often helps your body naturally start to release tension without extra effort. 🌈","Emotional Dysregulation, Inertia, Working Memory Failures",Scattered,Overwhelmed,"Starting Something Hard, Staying focused","Can't Focus, Forgetful","Breaking Down Complexity, Externalizes Tasks, Freeing Up Working Memory",,"Overwhelmed, Wired but Tired",,"Disorganized, Frozen, Overthinking","Mindful Awareness, Reflective Practice",Cleaning,,,,"Checklist, Mindset Shift, Quick Fix",notebook-pen,,,,,Free,,Include brain dump formats and follow-up organization strategies
Yes,Brain-Friendly Space Design,Environmental Success System,When your environment is working against you,"🧠 Clear Your Mind
Quickly write down everything on your mind without stopping.
• Grab paper and a pen.
• Set a timer for 5-10 minutes.
• Write every thought, worry, or task that comes to mind.
• Don’t edit or organize; just let it all flow out.","- 🧠 Mind Clearing Blitz
- When too many thoughts are crowding your brain and blocking your focus, try this quick mental decluttering technique:
- ⏰ Quick Thought Dump (5-10 minutes)
- What you need:
- • 📝 Paper and pen (or notes app)
- • ⏳ Timer
- • 🚫 No distractions for 5-10 minutes
- How it works:
- 1. Set a timer for 5-10 minutes.
- 2. Write down everything in your head without stopping. 🏃‍♂️💨
- 3. No organizing, filtering, or judging - just get it all out! 🎉
- 4. Keep writing until the timer goes off.
- 💡 Brain-Friendly Tips:
- • 🗣️ Can't write fast enough? Use voice notes instead!
- • 🎨 Keep getting distracted? Try colored paper or a special pen to make it more interesting.
- • 🤔 Feeling stuck? Start with ""Right now I'm thinking about..."" or ""I'm worried about..."".
- • 🚀 Perfectionism creeping in? Remind yourself: messy = successful for this exercise!
- • 🎨 Visual thinker? Try drawing/doodling your thoughts instead of writing.
- 📅 When to use it:
- • Before starting work when your mind feels scattered.
- • When switching between different types of tasks.
- • Before bed when racing thoughts keep you awake (keep paper by your bed!).
- • During overwhelming moments when you can't decide what to do first.
- • In meetings when you can't focus because other things keep popping up.
- Once everything is out of your head and onto paper, your mind feels clearer, like closing all those browser tabs that were slowing down your computer! 🚀✨","Environmental Cues, Executive Dysfunction, Working Memory Engagement",Scattered,Frustrated,"Cleaning Up, Focus Enhancement, Resetting My Space","Cannot Finish, Disorganized, Forgetful","Emotional Regulation, Externalizes Tasks, Freeing Up Working Memory",,,,"Disorganized, Frozen",Visual,"Cleaning, Focus Enhancement",,,,Environmental Hack,layout-dashboard,,,,,"$, Free","Atomic Habits by James Clear, The Anti-Planner by Dani Donovan",Include room-by-room optimization guides and visual design principles
Yes,Cleaning Bingo,Gamified Organization System,When cleaning needs gamification to feel motivating,"🛋️ Optimize Your Space
Make your space work for you.
• Keep important items within reach

• Clear away distractions

• Assign specific spots for essentials

• Use transparent containers and labels","- The Right-Where-You-Need-It System
- When your environment works against you instead of with you, try these simple adjustments:
- • 🔑 Key Hook: Create a brightly colored key hook right by your door.
- ◦ Rule: Keys go on the hook immediately when walking in. No exceptions!
- • 😤 Morning Panic Relief:
- ◦ After making this change, notice how the frantic search for keys fades away within days.
- • 🧠 Environment Matters:
- ◦ Your space should work with your brain, not against it!
- Remember, small changes can make a big difference. Let your environment support your focus and keep you on track!","Inertia, Task Initiation, Time Blindness",Drained,Stuck,"Cleaning Up, Overcoming Procrastination, Resetting My Space","Disorganized, Poor Time Estimation","Externalizes Tasks, Gamifies Action, Provides Instant Rewards",,"Low Energy, Wired but Tired",,"Discouraged, Overthinking","Action-Oriented, Gamified, Interactive","Cleaning, Focus Enhancement, Task Initiation",,,,Gamification,grid-3x3,,,cleaning_bingo.png,https://myfreebingocards.com/,Free,The Anti-Planner by Dani Donovan,Include bingo card templates and task suggestions for different areas
No,Cleaning Partner Power,Social Accountability System,When cleaning feels lonely and unmotivating,"### 🧽 Cleaning with Company

Clean alongside a friend or a virtual partner to make chores less overwhelming. Schedule a video call ""cleaning party"" where you both tackle your spaces together. This makes cleaning more enjoyable and helps you stay focused and motivated.","- ### 🧹 Cleaning Party Idea
- - Grab a buddy: Invite a friend to join you!
- - Set a date and time: Schedule your virtual cleaning party.
- - Get on a video call: Connect with your friend via video chat.
- ### 🎉 How It Works
- - Clean together: While you chat and motivate each other, tackle your cleaning tasks.
- - Have fun: Play some music or set a timer for bursts of cleaning!
- - Celebrate small wins: Share your progress and cheer each other on!
- ### 🌟 Why It Helps
- - Social support: Cleaning can feel less lonely with someone else.
- - Stay focused: You're less likely to get distracted when someone else is counting on you.
- - Gamify your chores: Turn cleaning into a fun challenge!
- ### 💪 Ready, Set, Clean!
- Turn on your favorite playlist and let the cleaning party begin! 🎶","Emotional Dysregulation, Inertia, Task Initiation",Drained,Stuck,"Cleaning Up, Resetting My Space, Task Initiation Support","Disorganized, Task Initiation","Externalizes Tasks, Gamifies Action, Provides External Structure",,"Low Energy, Overwhelmed, Wired but Tired",,"Avoidant, Disorganized",Gamified,Cleaning,,,,"Accountability, Gamification",broom,,,,,Free,,Include virtual cleaning party setup and accountability partner strategies
No,Comfort Cave Creation,Cozy Retreat System,When you need a calming space for overwhelm,"### 🛋️ Create Your Cozy Retreat

Set up a calming space at home with soft textures and warm lighting. Use items that bring you comfort. This space serves as a quick retreat when feeling overwhelmed, helping you recharge and refocus. Keep it simple—just a few comforting elements can make a big difference.","- ### 🌟 Creating Your Cozy Spot
- Feeling overstimulated in your home? Here's how to create a cozy corner that helps you recharge:
- - Choose Your Location 🏡
- - Find a quiet spot in your home where you can set up your cozy retreat.
- - Gather Soft Textures 🛋️
- - Add a soft blanket or throw pillows to make it inviting.
- - Warm Lighting 💡
- - Use a warm lamp or fairy lights to create a calming atmosphere.
- - Personal Touches 🌿
- - Include a few favorite items, like plants or photos, to make it feel like yours.
- - Set a Timer ⏰
- - When overwhelmed, give yourself just 10 minutes in this space to breathe and relax.
- Remember, it doesn’t have to be fancy! Just a small, intentional space can make a big difference in how you feel. Enjoy your cozy retreat! ✨","Emotional Dysregulation, Environmental Cues, Task Initiation",Overstimulated,Overwhelmed,"Calming Down, Maintaining Focus, Overcoming Procrastination","Anxious, Sensory Overload","Breaks Down Complexity, Emotional Regulation, Externalizes Tasks",,"Burnout, Overstimulated",,"Avoidant, Frozen, Time Blind","Reflective Practice, Sensory","Emotional Regulation, Sensory Management",,,,"Checklist, Routine",lamp,,,,,"$, Free",,Include cozy corner setup ideas for different spaces and budgets
No,Comfort Toolkit Items,Emotional Support System,When emotional overwhelm needs tangible comfort,"### 🧸 Comfort Items for Calm

Keep small comfort items within reach to help you manage overwhelming feelings. These items provide a grounding focus, making it easier to find clarity and calm when anxiety strikes. Use soothing objects like smooth stones or soft keychains to regain a sense of control and comfort.","- ### 📅 Managing Anxiety in Meetings
- When you're feeling anxious during work meetings, having a go-to comfort item can make all the difference! Here are some ideas to keep you grounded:
- - Smooth Stone 🪨: A small, tactile stone you can discreetly touch in your pocket.
- - Soft Keychain 🧸: Something cozy to hold onto when the stress builds.
- - Fidget Toy 🎡: A spinner or putty that keeps your hands busy and mind focused.
- Remember, it’s all about finding what works for you! These simple items can help bring clarity and calm when you need it most.","Emotional Dysregulation, Task Initiation, Working Memory Engagement",Overstimulated,Overwhelmed,"Being Kinder to Myself, Calming Down, Managing Emotional Dysregulation","Anxious, Emotional Regulation, FrozenShutDown","Emotional Regulation, Frees Up Working Memory, Sensory Engagement",,"Overstimulated, Overwhelmed",,"Frozen, Overthinking",,"Emotional Regulation, Self-Compassion",,,,Quick Fix,gem,,,,,"$, Free",,Include comfort item ideas for different settings and sensory preferences
No,Cook & Clean Combo,Concurrent Kitchen Strategy,When post-meal cleanup feels overwhelming,"### 🍽️ Clean as You Cook

Wash dishes while cooking to keep your space tidy. This approach makes cleaning manageable and helps prevent overwhelm. Challenge yourself to finish the cleanup before sitting down to eat, making post-meal tasks feel easy.","- ### 🍝 Cooking Example: Multitasking Made Easy!
- - Scenario: You're making pasta 🍝
- - Challenge: The noodles finish cooking before the sauce is ready 🍅
- #### Quick Tips to Keep It Smooth:
- - Rinse as You Go:
- - While the sauce simmers, quickly rinse the pasta pot 🚰
- - Stay Tidy:
- - Use a dish rack or towel to keep your workspace organized 🧽
- - Mindset Shift:
- - Think of it as a mini-game: can you have everything cleaned up before you sit down to eat? 🎮
- By the time you enjoy your meal, most of the mess is already taken care of! 🎉 Cleanup after dinner feels like a breeze! 🌬️","Decision Fatigue, Task Initiation, Time Blindness",Overwhelmed,Stressed,"Cleaning Up, Resetting My Space","Can't Start, Task Initiation","Breaking Down Complexity, Frees Up Working Memory, Minimizes Friction",,"Overwhelmed, Wired but Tired",,"Avoidant, Frozen","Action-Oriented, Interactive",Cleaning,,,,"Accountability, Challenge, Routine",chef-hat,,,,,Free,,Include timing strategies and multitasking safety tips
No,Decision Coin Flip,Instant Choice Maker,When you're stuck between two options,"### 🪙 Quick Decision Maker

Flip a coin to quickly decide between two options. This simple method helps you take action when you're feeling stuck. Just toss the coin, and let the result guide your choice, making decision-making easy and fast.","- ### 🎲 Decision-Making Example
- - Situation: You're deciding between two options:
- - 🍽️ Cook dinner at home
- - 🍕 Order takeout
- - Action: Flip a coin to make your choice!
- - Heads: Cooking
- - Tails: Takeout
- - Outcome:
- - The coin lands on heads! 🎉
- - You feel a surge of motivation! 💪
- - Next Steps:
- - 🎶 Turn on some music
- - 🍳 Get cooking!
- This approach simplifies the decision-making process and helps you get started without second-guessing!","Decision Fatigue, Executive Dysfunction, Task Initiation",Stuck,Overwhelmed,"Overcoming Procrastination, Staying focused, Task Initiation","Can't Decide, Can't Start","Breaks Down Complexity, Minimizes Friction, Reduces Decision Fatigue",,"Low Energy, Overwhelmed, Shutdown",,"Avoidant, Frozen","Gamified, Interactive",Decision Making,,,,Gamification,hand-coins,,,,,Free,The Anti-Planner by Dani Donovan,Include decision-making scripts for more complex choices
No,Decision-Free Wardrobe,Daily Uniform System,When morning clothing decisions create stress,"### 👕 Simplified Daily Outfit

Create a simple daily outfit to make getting dressed easier. By choosing a uniform look, you can save time and reduce stress in the morning. This way, you can focus more on your day ahead without the hassle of deciding what to wear.","- ### 🌟 Your Go-To Uniform
- Imagine this:
- - You wake up in the morning and head to your closet.
- - Instead of staring blankly at your clothes, you see your go-to uniform ready to go! 🙌
- Your daily outfit could be:
- - 👖 Dark jeans
- - 👕 Soft, solid-colored t-shirt
- - 🧥 Cozy cardigan
- Benefits:
- - ⏰ Get dressed in just 2 minutes!
- - 😌 Start your day with less stress and more energy.
- - 🌈 No more worrying about uncomfortable fabrics or the pressure of choosing the ""right"" outfit.
- Result:
- - You feel freer and ready to tackle your day with focus and clarity! 💪✨","Decision Fatigue, Executive Dysfunction, Working Memory Failures",Stuck,Overwhelmed,"Focus Enhancement, Quick Task Management, Task Initiation Support","Can't Decide, Can't Start","Breaks Down Complexity, Externalizes Tasks, Reduces Decision Fatigue",,"Low Energy, Shutdown, Wired but Tired",,Frozen,"Sensory, Visual","Decision Making, Planning, Time Planning",,,,Routine,home,,,,,$$$,,Include uniform ideas for different lifestyles and professional requirements
No,Declutter Dash,Gamified Organization System,When decluttering feels overwhelming and boring,"### 🎮 Declutter Game Challenge
Transform decluttering into an enjoyable game by setting clear challenges, like finding 10 items to donate or clearing surfaces in 15 minutes. This method simplifies starting overwhelming tasks and helps maintain momentum with fun, focused activities tailored to your space.","- ### 🛏️ Example Scenario: Tackling a Cluttered Bedroom
- Feeling overwhelmed by a messy space? Here’s a fun way to get started!
- 1. Set a Timer ⏰
- Challenge yourself with a 20-minute timer.
- 2. Make it a Game 🎮
- Ask yourself: ""How many items can I put away before the timer goes off?""
- 3. Focus & Momentum 🚀
- The game element helps you stay focused and gives you a sense of accomplishment.
- 4. Surprise Yourself 🎉
- You might be amazed by how much you can get done in just a short time!
- ### More Ideas to Make Decluttering Fun:
- #### 🧺 Clothes Clutter
- - Fold or hang 10 things 👕
- - Make a pile of 5 items to donate 🙌
- - Set a timer for 10 minutes and clear the floor 🕒
- #### 🍽️ Kitchen Clutter
- - Unload or load the dishwasher before a song ends 🎶
- - Wipe down 3 counters 🧽
- - Find 3 expired items in the fridge 🥴
- #### 🛋️ General Clutter
- - Pick up 20 visible items 🧸
- - Fill 1 bag with trash or donations 🛍️
- - Clear as many surfaces as you can in 15 minutes ⏲️
- #### 📄 Paper Clutter
- - Sort through 10 pieces of mail 📬
- - Recycle anything outdated or unnecessary ♻️
- - Create 2 piles: 'To Deal With' and 'To Toss' 📂
- Turn clutter into a game, and watch how much easier it becomes to tackle those overwhelming tasks!","Executive Dysfunction, Inertia, Task Initiation",Drained,Stuck,"Cleaning Up, Resetting My Space, Task Initiation","Can't Start, Disorganized","Breaks Down Complexity, Externalizes Tasks, Gamifies Action",,"Low Energy, Overwhelmed",,"Disorganized, Frozen",Gamified,"Cleaning, Task Initiation",,,,"Engaging Gamification, Gamification",timer,,,,,Free,The Anti-Planner by Dani Donovan,Include game variations for different spaces and clutter types
No,Dirty Dish Containment,Simplified Mess Management,When dishes accumulate faster than you can wash them,"### 🧼 Dish Containment Made Easy

When you're feeling too drained to wash dishes, store them in a large bin. This keeps your kitchen tidy and makes it easier to wash them later without feeling overwhelmed.","- ### Example Scenario
- Imagine this:
- - Your sink is overflowing with dirty dishes 🥴
- - You feel drained and just can't muster the energy to wash them right now 😩
- Instead of letting the chaos take over your kitchen:
- - Grab a large plastic tub 🧺
- - Put all the dirty dishes inside to keep things tidy ✨
- - This prevents the mess from spreading and keeps your kitchen looking organized! 🏡
- When you're ready to tackle the dishes, you'll find it much easier to start with just one tub instead of a full sink! 👍","Decision Fatigue, Emotional Dysregulation, Task Initiation",Drained,Stuck,"Cleaning Up, Resetting My Space","Can't Start, Task Initiation","Externalizes Tasks, Reduces Decision Fatigue",,"Low Energy, Overwhelmed",,"Avoidant, Frozen",Task Simplification,"Cleaning, Emotional Regulation, Task Initiation",,,,"Environmental Hack, Quick Fix",package-2,,,,,$,How to Keep House While Drowning by KC Davis,Include bin selection tips and transition strategies for getting back to regular washing
No,Emotion Art Therapy,Feeling Expression System,When emotions are too big for words,"### 🎨 Draw Your Feelings

When words feel too heavy, take some paper and draw your emotions. Use colors and shapes to express what you’re feeling. This simple act can help clear your mind and ease anxiety during tough moments.","- ### Feeling Jumble After a Tough Meeting? 🎭
- - You're feeling:
- - 😡 Angry (Jagged red lines)
- - 😢 Sad (Heavy blue circle)
- - 😰 Anxious (Small green spirals)
- - Instead of talking it out:
- - Grab some paper and markers! ✏️
- - Draw your emotions to help process them.
- - Why it helps:
- - 🧘‍♂️ Slows down your breathing
- - 🎨 Makes emotions feel more manageableRemember: It's okay to express yourself visually when words feel too heavy! 🌈","Emotional Dysregulation, Task Structuring, Working Memory Failures",Overstimulated,Overwhelmed,"Being Kinder to Myself, Calming Down",Anxiety Management,"Breaks Down Complexity, Emotional Regulation, Frees Up Working Memory",,"Low Energy, Overstimulated, Overwhelmed",,"Avoidant, Frozen, Overthinking","Reflective Practice, Visual",Emotional Regulation,,,"Student, Working Professional",Mindset Shift,brush,https://www.additudemag.com/art-therapy-projects-activities-adhd-children/?srsltid=AfmBOop5-RiByg4QzbIYzyH3TQzmryyXbLY_xB54ajxL020-mZeys-IR,The Parents’ Guide to Art Therapy Techniques & Projects (applies to adults with ADHD too) ,,,Free,The Anti-Planner by Dani Donovan,Include color emotion guides and simple drawing prompts
No,Energy Flow Mapping,Personal Rhythm Tracker,When you're fighting your natural rhythms,"### 🌞 Energy-Optimized Study Blocks
Track your energy levels and schedule tasks to match your peak focus times. Use mornings for intense work and afternoons for lighter tasks to boost productivity and reduce fatigue.

# 🌙 Energy-Tracking Table
Monitor your energy throughout the day in this table. Identify your best focus times and adjust your study schedule accordingly.

# 🚀 Task-Matching Guides
Create templates that help match tasks to your energy levels, ensuring you’re working on the right things at the right times.

# 📅 Routine Building
Establish a consistent daily routine that aligns with your energy patterns to improve focus and task completion.

# ✅ Checklists
Use checklists to break tasks into manageable steps, making it easier to start and stay on track.

# 🔄 Energy Tracking Templates
Design simple templates to log your energy levels and tasks, helping you visualize your productivity throughout the day.","- ### Energy Tracking Table
- | Time Block        | Energy Level | Notes                              |
- |------------------|--------------|-------------------------------------|
- | 7am–9am (Early AM) | 😐 Medium     | - Waking up<br>- Better with breakfast    |
- | 9am–11am (Mid AM)  | 🔥 High       | - Best focus window<br>- Meds kick in     |
- | 11am–2pm (Midday)  | 😴 Low        | - Sluggish<br>- Meds tapering off         |
- | 2pm–5pm (Afternoon)| 🙂 Medium     | - Light tasks okay<br>- Needs music       |
- | 5pm–8pm (Evening)  | 😐 Medium     | - Second wind starts around 6:30pm       |
- | 8pm–10pm (Late PM) | 🔻 Very low   | - Not functional<br>- Best for rest       |
- ---
- ### How It Works
- - You're a student prepping for finals 📚
- - Studying in the afternoon feels like a battle - you're zoning out and rereading the same paragraph. 😩
- - After a week of tracking your energy:
- - 9–11am is your peak! 🧠
- - 1pm? Not so much. 💤
- - Strategy:
- - Use your morning block for intense tasks:
- - Reading 📖
- - Essay writing ✍️
- - Move lighter tasks like:
- - Flashcards 🃏
- - Discussion posts 💬
- - Result? Your study time feels more productive and less like a fight! 🎉","Executive Dysfunction, Task Initiation, Time Blindness",Burned out,Defeated,"Starting Something Hard, Staying focused","Can't Focus, Cannot Finish","Emotional Regulation, Executive Function Support, Externalizes Tasks",,"Burnout, Low Energy, Wired but Tired",,Frozen,Visual,"Time Planning, Work",,,,"Checklist, Routine, Tracking",battery-full,https://www.todoist.com/inspiration/deep-work,The Complete Guide to Deep Work,,,Free,"Deep Work by Cal Newport, The Anti-Planner by Dani Donovan",Create energy tracking templates and task-matching guides
No,Errand Batch Day,Weekly Efficiency System,When errands feel scattered and time-consuming,"### 📦 Batch Your Errands

Set aside one day each week solely for errands and deliveries. This helps you group similar tasks together, making it easier to manage your time. By designating a specific day, like Saturday, you can efficiently handle everything from grocery pickups to pharmacy visits, allowing you to reclaim your week and feel more organized. Keep it simple and focused!","- ### 🗓️ Saturday Delivery Day
- Feeling overwhelmed by errands? Try this:
- - Batch Your Errands: Choose one day a week to tackle all your errands.
- - Example Tasks:
- - 🛒 Grocery pickup
- - 💊 Pharmacy run
- - 🧺 Dry cleaning
- - 📮 Post office visit
- Why it works:
- - Reduces decision fatigue by grouping similar tasks.
- - Frees up the rest of your week.
- - Increases your sense of control and accomplishment!
- Tip: Make it a fun day! Grab a coffee or listen to your favorite podcast while you’re out. You’ve got this! 🚀","Decision Fatigue, Executive Dysfunction, Working Memory Failures",Frustrated,Defeated,"Managing my schedule, Quick Task Management, Task Initiation","Can't Finish, Disorganized","Externalizes Tasks, Freeing Up Working Memory, Reduces Decision Fatigue",,"Crash Recovery, Low Energy, Overstimulated",,Disorganized,"Interactive, Task Simplification, Time Management","Decision Making, Time Planning",,,,Routine,package,,,,,Free,,Include errand batching strategies and route optimization tips
No,Evening Reset Routine,Closing Shift Routine,When mornings consistently start chaotic,"### 🌙 Evening Cleanup Checklist

Create a quick list of 2-3 important tasks to tackle each evening, such as loading the dishwasher or preparing tomorrow's clothes. This simplifies your evening routine and helps you start the next day with less chaos.","- ### Evening Tasks to Tackle 🌟
- - Load the dishwasher 🍽️
- - Wipe down kitchen counters 🧼
- - Lay out tomorrow's clothes 👕✨
- Even when your brain feels fuzzy at the end of the day, completing these simple tasks can help you wake up to a fresh start! Morning-you will definitely appreciate the clean kitchen and ready outfit. Let's set ourselves up for success! 🌅","Executive Dysfunction, Task Structuring, Working Memory Engagement",Stuck,Overwhelmed,"Cleaning Up, Resetting My Space","Can't Finish, Can't Start","Externalizes Tasks, Frees Up Working Memory, Minimizes Friction",,"Overwhelmed, Shutdown, Wired but Tired",,Disorganized,Sensory,Cleaning,,,"Parent, Working Professional","Checklist, Routine",sunset,,,,,Free,How to Keep House While Drowning by KC Davis,Create customizable closing duty checklists for different energy levels and executive function needs
No,Everything Shower Ritual,Comprehensive Self-Care Ritual,When individual grooming tasks feel overwhelming,"### 🚿 All-in-One Grooming

Combine all your grooming tasks into one ""everything shower"" session. Choose a specific time, like Sunday evening, to wash, shave, exfoliate, and pamper yourself. This makes self-care feel enjoyable and less overwhelming.","- ### 🌟 Everything Shower Example
- You've been putting off several grooming tasks because doing them individually feels tedious. Here's how to make it fun and manageable:
- - 🗓️ Designate a Day: Choose Sunday evening as your ""everything shower"" time.
- - 🚿 Batching Tasks: Do it all at once:
- - Wash & Condition Hair
- - 🪒 Shave
- - ✨ Exfoliate
- - 🎭 Face Mask
- - 🎉 Spa Vibes: Turn your shower into a rejuvenating experience rather than a chore. Set the mood with calming music or a favorite scent!
- This way, you tackle multiple self-care activities in one go, making it feel less overwhelming and more like a special treat for yourself!","Decision Fatigue, Executive Dysfunction, Task Initiation",Drained,Stuck,"Being Kinder to Myself, Starting Something Hard","Can't Start, Task Initiation","Breaks Down Complexity, Cognitive Load Management, Executive Function Support",,"Crash Recovery, Low Energy, Wired but Tired",,"Avoidant, Frozen",Sensory,"Cleaning, Planning",,,"Student, Working Professional","Environmental Hack, Routine",shower-head,,,,,Free,,Include everything shower checklists and timing suggestions
No,Evidence Journal,Success Documentation,When self-doubt is undermining your confidence,"### 📝 Celebrate Your Wins

Keep a record of all your achievements in your Evidence Journal, no matter how small. This helps counter self-doubt and gives you a clear reminder of what you can accomplish. When negative thoughts creep in, look back at your journal to boost your confidence and motivate yourself to take action.","- ### 🌟 Evidence Journal Example 🌟
- You're sitting at your desk feeling like you'll never finish your project because:
- - ❓ ""I always fail"" - a common thought pattern with ADHD's negative self-talk.
- Instead of spiraling, you open your Evidence Journal and find:
- - 📅 Past Entries:
- - ✅ I submitted three reports on time.
- - 🧮 I figured out that complicated spreadsheet formula.
- - 🗣️ I spoke up in the team meeting.
- These concrete proofs:
- - 💪 Interrupt your negative thought cycle.
- - 🧠 Remind you that despite your executive function challenges, you ARE capable!
- Remember to celebrate your wins, no matter how small! 🎉","Emotional Dysregulation, Executive Dysfunction, Working Memory Engagement",Ashamed,Guilty,"Being Kinder to Myself, Finding motivation","Rejection Sensitive, Spiraling","Breaks Down Complexity, Gamifies Action",,"Crash Recovery, Overwhelmed, Wired but Tired",,"Discouraged, Overthinking","Interactive, Reflective Practice, Sensory Engagement","Decision Making, Emotional Regulation, Self-Compassion",,,Working Professional,"Journal Prompt, Tracking",book,,,,,Free,The Anti-Planner by Dani Donovan,Include prompts for different types of evidence and achievement categories
No,Exit Checklist Board,Never-Forget Door System,When you consistently forget essentials when leaving,"### 🗒️ Essential Exit Checklist

Create a visual checklist of items like your phone, wallet, and keys to hang by your door. This quick reference helps you remember essentials, reducing the chances of forgetting important items as you leave. Simply check the list before heading out to ensure a smooth and efficient departure.","- ### 🚗 Quick Exit Checklist
- Before you head out, take a quick glance at your checklist! It only takes a few seconds and can save you from running back home.
- - 📱 Phone
- - 💼 Wallet
- - 🔑 Keys
- - 💧 Water Bottle
- - 💊 MedsPro Tip: Keep this checklist on a small whiteboard by your door. When you see those checkboxes, it’s a friendly reminder to grab everything you need before you go!","Task Initiation, Task Structuring, Working Memory Failures",Forgetful,Stuck,"Overcoming Procrastination, Quick Task Management, Task Initiation","Can't Start, Forgetful, Poor Time Estimation","Externalizes Tasks, Frees Up Working Memory, Provides External Structure",,"Low Energy, Wired but Tired",,,"Interactive, Task Simplification, Visual","Emotional Regulation, Work",,,Working Professional,Checklist,list,,,,,$,Reddit /r/ADHDWomen,Include customizable checklists for different types of outings
No,Expense Tracking Apps,Financial Management Tools,When financial tracking needs to be automated,"### 📊 Simplified Spending Insights

Expense tracking apps help you easily categorize and visualize your spending. By automating the tracking process, you can quickly see where your money goes without manual effort, making it simpler to manage your finances and stay on top of your budget.","- ### 💡 Understanding Your Spending
- - Problem: Tracking finances feels overwhelming. 😩
- - Solution: Use an expense tracking app! 📱
- - Benefits:
- - 🔍 Automatic Categorization: No more manual entry—your purchases are sorted for you!
- - 📊 Visual Spending Reports: See where your money goes at a glance with easy-to-read charts.
- - 🧠 Less Stress: Frees up your working memory so you can focus on what really matters.
- - Example Scenario:
- - You're curious about your spending habits but don’t want to drown in spreadsheets. Instead, you get an app that does the heavy lifting. 🎉
- - You receive neat categories and colorful graphs that highlight your spending—making financial awareness fun and easy! 🌟
- - Outcome: Feel empowered and in control of your finances without the tedious work! 💪","Emotional Dysregulation, Executive Dysfunction, Working Memory Failures",Frustrated,Defeated,"Managing Emotional Dysregulation, Quick Task Management, Task Initiation Support","Avoidant, Cant Finish",Frees Up Working Memory,,Overstimulated,,"Avoidant, Frozen","Interactive, Visual","Planning, Time Planning",,,,Checklist,smartphone,,,,,$,,Include automation features and visual reporting benefits
No,External Accountability Boosters,Accountability Systems,When internal motivation isn't enough,"### 🚀 Boost Your Accountability

Share your deadlines with someone or join a work group. This creates social pressure that can help you start tasks and maintain motivation. For instance, you can text a friend to say you’ll send them your presentation slides by a specific time. Knowing they’re tracking your progress can help you stay on task and push through resistance.","- ### Example Scenario 🌟
- - You've been putting off creating a presentation for weeks. 😩
- - Solution:
- - Text your friend:
- - 📩 ""I'll send you the first three slides by 2pm today!""
- - Ask them to check in if they don’t hear from you. 📞
- - Why this works:
- - Knowing someone is expecting your work creates just enough pressure to overcome the initial resistance. 💪
- - It's like having a mini cheerleader! 🎉","Emotional Dysregulation, Inertia, Task Initiation",Drained,Stuck,"Staying focused, Task Initiation","Can't Start, Poor Time Estimation","Creates Accountability, Externalizes Tasks, Gamifies Action",,"Low Energy, Wired but Tired",,"Avoidant, Frozen",,"Time Planning, Work",,,Working Professional,Accountability,trending-up,,,,,Free,The Anti-Planner by Dani Donovan,Include scripts for asking for accountability and app recommendations
No,Fake It Till You Make It,Confidence Building Strategy,When self-doubt is undermining your performance,"### 🚀 Act Confidently, Build Skills

Act confidently, even if you don't feel it yet. Visualize how a confident person would act in challenging situations, and then do the same. This approach helps you tackle self-doubt, making tasks easier to start and complete. Incorporate simple confidence-building exercises into your daily routine for steady improvement.","- ### Example of Acting Confidently
- - Situation: Leading a meeting and feeling nervous 😰
- - Ask Yourself:
- - 🤔 ""How would a confident leader handle this?""
- - 🌟 ""What traits do they embody?""
- - Action Steps:
- - Posture: Stand tall and open up your body language 💪
- - Voice: Speak clearly and at a steady pace 📢
- - Engagement: Make eye contact and smile 😊
- - Preparation: Rehearse key points beforehand 📋
- - Outcome:
- - By choosing to act confidently, you’ll gradually build real confidence and feel more capable in your role! 🚀","Emotional Dysregulation, Task Initiation, Time Blindness",Ashamed,Guilty,"Starting Something Hard, Staying focused","Anxiety Management, Poor Time Estimation, Task Initiation","Emotional Regulation, Executive Function Support",,"Shutdown, Wired but Tired",,"Avoidant, Frozen",Gamified,"Emotional Regulation, Task Initiation, Work",,,Working Professional,"Engaging Gamification, Gamification",refresh-cw,,,,,Free,,"Include confidence-building exercises and ""as if"" behavior strategies"
No,Fidget Tools,Sensory Regulation Aids,When you need movement or sensory input to focus,"### 🖐️ Fidget for Focus

Use small fidget items like stress balls or fidget cubes to keep your hands busy while your mind focuses. These tools help you stay present and tackle tasks more effectively when feeling scattered or overwhelmed.","- ### Example Scenario
- You're in a long meeting and notice your mind wandering because you need to move. Here’s how to handle it:
- - 🤔 Acknowledge Your Feelings: Recognize that you're feeling scattered.
- - 🖐️ Use a Fidget Tool:
- - Discreetly squeeze a small stress ball under the table.
- - Feel the texture and pressure to ground yourself.
- - 🧠 Refocus Your Mind:
- - With your hands occupied, channel your energy into the discussion.
- - Let the fidget tool provide the sensory input your brain craves.
- By giving your body a little movement, you can stay present and engaged in the meeting, making it easier to tackle challenging tasks!","Emotional Dysregulation, Task Structuring, Working Memory Failures",Scattered,Overwhelmed,"Starting Something Hard, Staying focused","Can't Focus, Disorganized, Poor Time Estimation","Breaks Down Complexity, Frees Up Working Memory, Starts Small",,"Overwhelmed, Wired but Tired",Recently Moved,Overthinking,"Action-Oriented, Interactive, Sensory","Sensory Management, Work",,,Working Professional,"Checklist, Routine",settings,,,,,$,,Include fidget tool recommendations for different settings and sensory needs
No,File Organization Apps,Digital Decluttering Tools,When digital clutter creates overwhelm,"### 📂 Digital Decluttering Made Easy

Use file organization apps to automatically sort and clean up digital clutter on your devices. This helps you quickly find files and reduces overwhelm, allowing you to stay focused and productive. An organized digital space minimizes frustration and makes task management simpler.","- ### 📂 Example Scenario
- Imagine this:
- - Your computer desktop looks like a chaotic mess! 😩
- - Hundreds of files scattered everywhere, making it hard to find what you need. 🥴
- - You spend more time searching than actually working! ⏳
- With a file organization app, you can:
- - Automatically sort your files into neat folders 📁
- - Remove duplicates to declutter your space 🚫
- - Create an organized digital environment that feels calm and productive! 🌟
- When everything is in its place, you can finally breathe a sigh of relief and focus on what truly matters! 🧘‍♂️","Decision Fatigue, Executive Dysfunction, Working Memory Failures",Scattered,Frustrated,"Cleaning Up, Focus Enhancement, Overcoming Procrastination","Cannot Finish, Disorganized","Cognitive Load Management, Executive Function Support, Minimizes Friction",,,,"Disorganized, Frozen","Interactive, Task Simplification","Cleaning, Focus Enhancement, Task Initiation Support",,,,Checklist,smartphone,,,,,$,,Include organization features and maintenance strategies
No,Finance Apps,Money Management Tools,When financial management needs automation,"### 📱 Automated Money Management

Use finance apps to track your spending automatically. Set alerts for budget limits to help you stay on top of your finances without the stress of manual tracking. This makes budgeting easier and helps you manage your money effectively.","- ### 💡 Understanding Your Spending Made Easy!
- - Feeling Overwhelmed? 😩
- Manual budgeting can feel like a chore.
- - Solution:
- Set up a finance app! 📱
- - How It Works:
- - Automatic Categorization:
- The app sorts your purchases into categories for you! 📊
- - Budget Alerts:
- Get notified when you're close to your budget limits! 🚨
- - Benefits:
- - Less Stress:
- No more tedious manual tracking! ✌️
- - Financial Awareness:
- Stay on top of your spending without the hassle! 💰
- - Remember:
- With the right tools, managing your money can be simple and even enjoyable! 🌟","Executive Dysfunction, Time Blindness, Working Memory Failures",Frustrated,Defeated,"Managing my schedule, Planning my time","Avoidant, Cannot Finish","Breaks Down Complexity, Frees Up Working Memory, Minimizes Friction",,"Shutdown, Wired but Tired",,"Avoidant, Discouraged, Frozen",Gamified,Planning,,,,"Engaging Gamification, Gamification",smartphone,,,,,$,,Include budgeting features and spending awareness tools
No,Fitness Apps,Exercise Support Tools,When traditional exercise routines feel overwhelming,"### 🏃‍♂️ Quick Workouts for Focus

Use fitness apps that provide short, engaging workouts to help manage feelings of overwhelm. These apps offer 10-15 minute sessions with diverse exercises, making it easier to get started. Visual progress tracking keeps you motivated and addresses challenges like time blindness and sensory overload.","- ### 🌟 Quick Exercise Solution
- - Feeling overwhelmed? You’re not alone!
- - Try this:
- - Fitness App Features:
- - 🕒 10-15 minute workouts: Perfect for busy days!
- - 🎉 Variety of exercises: Keep it fresh and fun!
- - 📊 Visual progress tracking: See how far you’ve come!
- - Why it works:
- - ✅ Manageable sessions: Short workouts make it easier to start.
- - 💪 Stay engaged: Variety keeps boredom at bay!
- - Remember: Just take that first step, and you’ll be on your way to regular exercise in no time! 🚀","Emotional Dysregulation, Task Initiation, Time Blindness",Drained,Stuck,"Focus Enhancement, Focused Task Execution, Task Initiation Support","Can't Start, Sensory Overload","Creates Accountability, Gamifies Action",,Low Energy,,"Avoidant, Frozen, Time Blind","Interactive, Visual","Focus Enhancement, Task Initiation Support",,,,"Accountability, Gamification, Quick Fix",smartphone,,,,,$,,Include workout variety and motivation features
No,Flexible Bullet Journal,Adaptable Planning System,When traditional planners feel too rigid or complicated,"### ✨ Flexible Bullet Journal

Create a straightforward bullet journal using simple symbols to organize your tasks and notes. This flexible method allows you to adapt your planning as your needs change. Start small with daily task lists and a monthly calendar, making it easy to manage your time without feeling overwhelmed. Empower yourself to take control of your schedule with this adaptable system.","- ### Example
- You've tried many planners but they all feel too rigid or complicated. 😩
- Here's a flexible bullet journal approach that might resonate with you:
- - Start Simple:
- - Just use bullet points for daily tasks! 📋
- - Monthly Calendar:
- - Keep it straightforward and clear. 📅
- - Adapt as Needed:
- - Change it up whenever your needs shift! 🔄
- - No Overwhelm:
- - The simplicity helps you stay focused without feeling buried under too many details. 🌈
- This way, you can gradually build on it as your executive function skills improve. Remember, it’s all about finding what works for you! 💪✨","Executive Dysfunction, Task Initiation, Time Blindness",Frustrated,Defeated,"Managing my schedule, Planning my time, Task Initiation Support","Cannot Finish, Task Initiation","Externalizes Tasks, Minimizes Friction, Provides External Structure",,"Crash Recovery, Low Energy, Wired but Tired",,"Disorganized, Overthinking","Gamified, Interactive","Planning, Time Planning",,,,Gamification,book,,,,,$,Bullet Journal method,Include setup instructions and ADHD-friendly adaptations
No,Focus Environment Blueprint,Environment Optimization,When your environment is sabotaging your focus,"### 🧠 Optimize Your Work Environment

Tailor your workspace to boost focus. Use natural light, background noise, and comfortable seating to create an environment that energizes you. A small change in your setting can enhance your ability to start tasks and maintain concentration.

# 🧠 Include an Environment Assessment Worksheet

Evaluate your workspace to identify what helps or hinders your focus. This worksheet will guide you in making adjustments that match your personal preferences, ensuring a more productive and enjoyable work experience.

# 🧠 Employ Sensory Management Techniques

Manage sensory inputs to reduce distractions. Experiment with different sounds, lighting, and textures to find what helps you concentrate best. The right sensory environment can make a big difference in your focus and productivity.","- ### Example Scenario
- Imagine this:
- - 🕒 Time: You've been trying to write a report at your desk for hours.
- - ☀️ Environment: You keep getting distracted by the clutter around you.
- - 💡 Realization: You remember you work best in the morning with:
- - Natural light 🌞
- - Some background noise 🎶
- - The ability to fidget with something 🧸
- So, you decide to make a change:
- 1. Move to a cozy table by the window.
- 2. Put on some coffee shop sounds ☕️.
- 3. Grab a stress ball to keep your hands busy.
- Suddenly, you find your focus and write three pages without even checking your phone! 📱🚫","Environmental Cues, Task Structuring, Working Memory Engagement",Forgetful,Anxious,"Starting Something Hard, Staying focused","Can't Focus, Forgetful, Sensory Overload","Frees Up Working Memory, Minimizes Friction",Urban,"Overstimulated, Restless, Wired but Tired",Recently Moved,Overthinking,"Embodied, Sensory","Focus Enhancement, Sensory Management, Work",,,,Environmental Hack,crosshair,,,,,Free,The Anti-Planner by Dani Donovan,Include an environment assessment worksheet
No,Focus Flow Setup ,Workspace Customized for Your Brain ,When physical discomfort is affecting focus,"### 🧘‍♂️ Comfortable Workspace Setup

Create a comfortable workspace by adjusting your chair height and monitor position. Consider using tools like a standing desk or wobble stool to encourage movement. A supportive environment helps you stay focused and reduces feelings of overwhelm.","- ### Example: Making Your Workspace ADHD-Friendly 🌟
- - Feeling Distracted? 😕
- You’ve been shifting around in your chair and getting up frequently.
- - Identify the Problem:
- - Your chair isn’t supportive. 🪑
- - Your monitor is too low. 📉
- - Take Action:
- 1. Raise Your Monitor:
- - Use a few stacked books to elevate your screen to eye level. 📚
- 2. Adjust Your Chair Height:
- - Ensure your chair supports your back properly. 🔧
- 3. Change Your Lighting:
- - Swap your desk lamp for one with softer, warmer lighting. 💡
- - Try Movement-Friendly Tools:
- - Cross-Legged Chair: Sit comfortably while keeping your legs crossed. 🧘‍♂️
- - Wobble Stool: Alternate between sitting and gentle movement. 🤸‍♀️
- - Outcome:
- - With these small adjustments, your workspace feels more comfortable, and focusing becomes easier! 🎯","Environmental Cues, Working Memory Failures",Scattered,Overwhelmed,"Resetting My Space, Starting Something Hard, Staying focused","Avoidant, Can't Focus, Disorganized","Dopamine Activation, Externalizes Tasks, Frees Up Working Memory",Work From Home,"Low Energy, Overstimulated",,"Avoidant, Disorganized","Sensory, Visual","Focus Enhancement, Sensory Management, Work",,,,Environmental Hack,briefcase,,,,,"$$, Free",,Include ergonomic setup guidelines and comfort optimization tips
No,Focus Fortress Builder,Personalized Soundscape System,When environmental noise disrupts focus,"### 🎧 Build Your Focus Fortress

Create a personalized soundscape to boost your focus. Start with a calming base sound like white noise, add coffee shop sounds for a focus layer, and finish with uplifting instrumental music. This approach helps you manage distractions and stay on task effectively.","- ### Example Fortress Profiles
- - 🌧️ Low Energy Day
- - Base Layer: Rain Sounds 🌧️
- - ☕ Medium Energy Day
- - Focus Layer: Coffee Shop Sounds ☕
- - 🎶 High Energy Day
- - Power-Up Layer: Instrumental Music 🎶
- Create different fortress profiles for each task and energy state to boost your focus and productivity!","Emotional Dysregulation, Task Structuring, Working Memory Engagement",Overstimulated,Overwhelmed,"Starting Something Hard, Staying focused","Can't Focus, Forgetful, Sensory Overload","Externalizes Tasks, Frees Up Working Memory, Gamifies Action",Urban,"Low Energy, Overstimulated, Restless",,"Avoidant, Frozen",,"Focus Enhancement, Sensory Management, Task Initiation Support",,,,Playlist,crosshair,,,,,$,,Creates layered soundscape system with energy-level matching
No,Focus-Friendly Command Center,Optimized Work Environment,When your workspace is working against your ADHD brain,"### 🌿 Calm Your Workspace

Rearrange your desk to face a wall to reduce distractions. Add a small plant and keep fidget tools like a stress ball nearby to create a soothing atmosphere. This setup makes it easier to focus and start tasks.","- ### 📝 Create Your Focus-Friendly Workspace
- - Identify Distractions:
- You notice your desk faces a busy hallway. 🚶‍♂️👀
- Every time someone walks by, you lose focus.
- - Rearrange Your Desk:
- 👉 Turn your desk to face a wall. 🧱
- This simple change can minimize distractions.
- - Add Calming Elements:
- 🌱 Include a small plant:
- It brings a touch of nature and calmness to your space.
- 🏐 Keep a stress ball:
- Having fidget tools nearby can help you stay grounded.
- - Organize Supplies:
- 📦 Use clear containers for your supplies.
- Being organized reduces visual clutter and makes it easier to find what you need.
- By making these adjustments, you can significantly improve your focus and ease the task initiation process! 🌟","Environmental Cues, Task Initiation, Time Blindness",Overstimulated,Overwhelmed,"Starting Something Hard, Staying focused","Can't Focus, Forgetful, Sensory Overload","Gamifies Action, Minimizes Friction, Starts Small",,Overstimulated,,Time Blind,"Gamified, Interactive","Cleaning, Focus Enhancement, Task Initiation Support",,,,Environmental Hack,crosshair,,,,,$$,,Include workspace setup guides and accommodation strategies
No,Food Delivery Apps,Convenience Nutrition Tools,When cooking is temporarily impossible due to overwhelm,"### 🍽️ Smart Food Ordering

Use food delivery apps when cooking feels too overwhelming. This helps you avoid decision fatigue by giving you quick access to healthier meal options without the stress of meal prep. Budget for these meals to ensure they support you during tough times, making it a practical choice for managing your well-being.","- ### 🍽️ Quick Meal Solution
- When you're feeling overwhelmed, remember:
- - Skip the stress of cooking!
- Instead of wrestling with meal prep...
- - Order something healthy:
- Choose a nutritious option like a grain bowl from your favorite spot.
- - Budget smartly:
- Consider this a “crisis food” to support yourself during tough times.
- - It's okay to prioritize yourself:
- Using food delivery apps can be a temporary lifeline when cooking feels impossible.
- Stay kind to yourself and make choices that support your mental well-being! 🌟","Decision Fatigue, Emotional Dysregulation, Working Memory Engagement",Burned out,Defeated,"Managing Emotional Dysregulation, Overcoming Procrastination, Quick Task Management","Poor Time Estimation, Sensory Overload","Minimizes Friction, Reduces Decision Fatigue",,"Burnout, Low Energy, Overstimulated",,Overthinking,"Gamified, Sensory",Decision Making,,,,Gamification,smartphone,,,,,$$,,Include healthy ordering strategies and budget planning tips
No,Food Prep Containers,Meal Organization System,When food storage is disorganized and unappealing,"### 🍱 Streamlined Meal Prep

Use clear, stackable food storage containers to simplify meal prep. These containers help you see what you have ready to eat, making it easier to choose meals and reducing clutter in your fridge. Opt for secure lids to keep food fresh and organized, helping you enjoy healthier eating.","- ### 🍽️ Meal Prep Made Easy
- - Feeling overwhelmed? You’re not alone!
- - The Chaos:
- - Mismatched containers everywhere 😩
- - Leftovers hiding in the back of the fridge ❓
- - The Solution:
- - Invest in:
- - Clear containers 🥗
- - Stackable designs 📦
- - Secure lids 🔒
- - The Result:
- - Your meals look organized and inviting! 🌟
- - Easy to grab what you need for a healthy meal 🍲
- - Less stress, more deliciousness! 😋
- - Why it Works:
- - Visual organization helps combat time blindness ⏳
- - Makes meal prep feel less chaotic and more fun! 🎉","Executive Dysfunction, Time Blindness, Working Memory Engagement",Frustrated,Defeated,,"Can't Finish, Disorganized","Externalizes Tasks, Minimizes Friction",,"Frozen/Shut Down, Overwhelmed, Wired but Tired",,"Avoidant, Frozen, Time Blind","Gamified, Visual",Planning,,,,Gamification,settings,,,,,$$,,Include container selection criteria and organization tips
No,Fresh Start Effect,Temporal Landmark Strategy,When you need motivation to restart good habits,"### ✨ Fresh Starts Matter

Use natural fresh start moments, like Mondays or the first of the month, to kick off new habits or revive old ones. This approach helps you frame your goals around these significant times, making it easier to start and stick with your intentions.","- ### ✨ Example Scenario
- - You've been wanting to restart your exercise routine but keep putting it off.
- - Instead of starting on a random Wednesday, wait for Monday! 🗓️
- - Frame it as: ""This is the week I get back into fitness!"" 💪
- - Why this works:
- - The fresh start timing makes the change feel more significant and doable. 🌟
- - Tip: Use these moments to kickstart your motivation and create a sense of excitement! 🚀","Emotional Dysregulation, Task Initiation, Working Memory Engagement",Drained,Stuck,"Maintaining Focus, Task Initiation","Can't Start, Poor Time Estimation","Breaks Down Complexity, Frees Up Working Memory, Starts Small",,"Low Energy, Wired but Tired",,"Avoidant, Frozen",Gamified,,,,,"Gamified, Routine",brush,,,,,Free,,Include fresh start timing strategies and habit restart techniques
No,Friday Afternoon Shutdown Ritual,Week Closure Routine,When work thoughts intrude on personal time,"### 🕒 End-of-Week Wind Down

Establish a routine every Friday at 4pm to reflect on your week’s achievements and outline key tasks for the upcoming week. This helps clear your mind for the weekend. End the session with a symbolic act, such as closing your laptop, to mark the transition and prepare for a productive start next week.","- ### 🌟 Weekly Reflection Ritual
- - When? Every Friday at 4 PM ⏰
- - Duration: Just 15 minutes!
- #### What to Do:
- - ✨ Review Your Week:
- - Jot down 3 accomplishments you’re proud of! 🏆
- - 📝 Set Your Priorities:
- - Create a short list of 3 key tasks for Monday! 📅
- - 🚀 Transition to the Weekend:
- - Close your laptop with intention. Take a deep breath and let go of work thoughts! 🌈
- #### Why This Works:
- - Externalizes Tasks: Helps you visualize your progress! 📊
- - Frees Up Working Memory: Clear your mind for relaxation! 🧠💨
- - Provides Structure: A routine that signals the end of the workweek! 📆
- #### Remember:
- This ritual helps you feel accomplished and ready for a refreshing weekend! 🌻","Executive Dysfunction, Task Initiation, Time Blindness",Frustrated,Defeated,"Focus Enhancement, Maintaining Focus, Task Initiation Support","Can't Finish, Task Initiation","Externalizes Tasks, Frees Up Working Memory, Provides External Structure",,"Crash Recovery, Low Energy, Shutdown",,"Discouraged, Frozen","Reflective Practice, Visual","Planning, Time Planning, Work",,,,Routine,map,,,,,Free,,Include ritual ideas for different work situations and transition activities
No,Fridge Door Inventory Tracker,Freezer Contents List,When you forget what food you have stored,"### 🥡 Fridge Inventory Made Easy

Use a whiteboard on your freezer door to easily track what's inside. Write down items as you add them and cross them off when used. This simple visual tool helps you remember what you have and when to use it, preventing forgotten food and reducing the chaos of your freezer.","- ### Example: 🥡 Freezer Finds
- - You buy groceries 🛒
- - Freeze half that chicken for ""later"" ❄️🍗
- - Months later, you discover it hidden under frozen veggies 🥦❓
- With your door tracker:
- - Write down: ""2 chicken breasts (back left)"" 📝
- - Remember to use them before they get freezer burn! ⏳🔥","Time Blindness, Working Memory Failures",Forgetful,Hopeless,"Managing Emotional Dysregulation, Overcoming Procrastination, Quick Task Management","Forgetful, Time Blindness","Externalizes Tasks, Frees Up Working Memory",,"Burnout, Crash Recovery, Overwhelmed",,Discouraged,Visual,Self-Compassion,,,,Checklist,refrigerator,,,,,$,Reddit /r/ADHDWomen,Include template designs and magnetic whiteboard recommendations
No,Frozen Vegetables,Nutrition Without Effort,When fresh produce preparation feels overwhelming,"### 🥦 Quick Veggie Fix

Keep frozen vegetables ready to easily add nutrition to your meals. They are pre-washed and pre-chopped, making them quick to prepare. When you're feeling drained or overwhelmed, just microwave a cup of frozen veggies to enhance any dish without the hassle of fresh produce.","- ### 🌟 Easy Healthy Eating Made Simple
- - Feeling healthier? 🥗 Frozen veggies are your best friends!
- - Why frozen?
- - Pre-washed and pre-chopped = no prep hassle!
- - Just microwave and go! ⏱️
- - In a hurry?
- - Grab a cup of frozen broccoli, carrots, or mixed veggies!
- - Ready in 2 minutes! 🚀
- - Feeling drained or stuck?
- - No more stress about fresh produce going bad!
- - Add nutrition to any meal without the overwhelm!
- - Quick tip:
- - Stock up your freezer with your favorite frozen veggies for easy meals! 🥦",Task Initiation,Drained,Stuck,"Quick Task Management, Starting Something Hard, Task Initiation Support","Can't Start, Task Initiation","Minimizes Friction, Starts Small",,"Crash Recovery, Low Energy, Overwhelmed",,"Discouraged, Frozen, Time Blind","Incremental Motivation, Task Simplification","Task Initiation, Task Initiation Support",,,,Checklist,layout,,,,,$,,Include cooking tips and nutritional comparisons with fresh vegetables
No,Future Self Check-In: Will This Matter?,Perspective Reality Check,When small problems feel catastrophic,"### 🕵️‍♂️ Perspective Shift

When feeling overwhelmed, pause and ask, ""Will this matter in a week, month, or year?"" This simple question can help you see the bigger picture, ease anxiety, and focus on what truly matters to regain control and clarity.","- ### 📧 Email Anxiety Example
- - Situation: You sent an email with a small typo to your boss.
- - Feelings: 😰 Heart racing, worried about judgment.
- #### Instead of spiraling, ask yourself:
- - ""Will this typo matter in...?""
- - A week? Probably not! ✅
- - A month? Nope! ❌
- - A year? Definitely forgotten! 🕰️
- ### 🌟 Quick Reminder:
- Taking a moment to reflect can help you breathe easier and regain control. You got this! 💪","Emotional Dysregulation, Time Blindness, Working Memory Engagement",Overwhelmed,Frustrated,"Being Kinder to Myself, Calming Down","Anxiety Management, Can't Start","Breaks Down Complexity, Frees Up Working Memory, Starts Small",,"Burnout, Overwhelmed",,"Frozen, Overthinking","Reflective Practice, Visual","Emotional Regulation, Self-Compassion",,,,"Accountability, Mindset Shift, Quick Fix",eye,,,,,Free,The Anti-Planner by Dani Donovan,Include perspective questions for different time frames and situations
No,Gaming Headsets,Immersive Focus Tools,When environmental noise severely disrupts focus,"### 🎧 Focus with Gaming Headsets
Use gaming headsets with strong sound isolation to help minimize distractions. These headsets create an immersive audio experience, making it easier to concentrate on tasks. They are especially useful in noisy environments, allowing you to stay focused and engaged.","- ### 🎮 Example Scenario
- - You're in a noisy environment 🎶
- - Regular headphones just aren't cutting it!
- - You decide to try a gaming headset 🎧
- - Features:
- - Excellent sound isolation 🔇
- - Noise cancellation ❌🔊
- - Result:
- - You put on the headset and immediately feel the difference! 🌈
- - The immersive audio helps you:
- - Block out distractions 🚫
- - Enter a focused flow state with ease 🧠💨
- - Now you're ready to tackle that challenging task! 💪✨","Task Initiation, Time Blindness, Working Memory Engagement",Overstimulated,Overwhelmed,"Starting Something Hard, Staying focused","Can't Focus, Sensory Overload, Time Blind",Frees Up Working Memory,"Rural, Urban","Overstimulated, Overwhelmed",,"Avoidant, Frozen","Interactive, Sensory","Time Planning, Work",,,,"Accountability, Gamification, Mindset Shift",home,,,,,$$,,Include headset features for focus and comfort considerations
No,Gentle Alarm Sounds,Sensory-Friendly Wake-Up,When harsh alarms create morning anxiety,"### ⏰ Gentle Morning Wake-Up

Replace harsh alarm sounds with soft, gradually increasing chimes. This can help you wake up calmly and reduce morning anxiety. Consider adding a wake-up light for a smoother transition into your day.","- ### 🌅 Gentle Wake-Up Example
- - Scenario: You've been using a harsh beeping alarm ⏰ that makes you wake up feeling anxious and jarred.
- - Switch It Up:
- - 🎶 Change to a gentle chime sound that gradually increases in volume.
- - Feel the Difference:
- - 🌟 Now you wake up feeling calmer and more ready to start your day instead of immediately stressed.
- - Bonus Tip:
- - 💡 Consider adding a wake-up light for an even gentler transition into your morning!
- Embrace the calm and start your day right! 🌈","Decision Fatigue, Emotional Dysregulation, Task Initiation",Stuck,Overwhelmed,"Calming Down, Starting Something Hard","Anxious, Can't Start, Sensory Overload","Emotional Regulation, Minimizes Friction",,"Low Energy, Overwhelmed, Wired but Tired",,,"Gamified, Sensory","Emotional Regulation, Time Planning",,,,Gamification,alarm-clock,,,,,Free,,Include alarm sound recommendations and wake-up light options
No,Get Dressed,Daily Activation Ritual,When staying in pajamas is affecting your motivation,"### 👖 Get Dressed for Success

Changing out of pajamas into regular clothes can help shift your mindset from “rest mode” to “action mode.” This simple act can make it easier to start your day and engage with your tasks, even when working from home.","- ### Example Scenarios
- - 🌞 Morning Motivation:
- You're working from home and find yourself still in pajamas at 2 PM. Feeling sluggish?Quick Tip: Take just 5 minutes to switch into jeans and a t-shirt.
- 💡 Result: You’ll feel more alert and ready to tackle the day!
- - 🚀 Afternoon Reset:
- It's 3 PM, and you’ve been unproductive.Quick Tip: Change into comfortable, but real clothes.
- 💡 Result: This little change can boost your focus and energy levels.
- - 🌙 Evening Wind Down:
- Still in your work attire after a long day?Quick Tip: Change into something cozy for the evening.
- 💡 Result: It signals your brain that it’s time to relax and unwind.","Emotional Dysregulation, Inertia, Task Initiation",Drained,Stuck,"Staying focused, Task Initiation","Can't Start, Poor Time Estimation","Frees Up Working Memory, Minimizes Friction",Work From Home,"Crash Recovery, Low Energy, Wired but Tired",,,"Gamified, Interactive","Focus Enhancement, Task Initiation Support",,,,Gamification,repeat,,,,,Free,,Include clothing suggestions for different work-from-home situations
No,Give Yourself a Deadline,Artificial Urgency Creation,When tasks without deadlines keep getting postponed,"### ⏰ Create Deadlines for Action

Set clear deadlines for tasks that feel unimportant. This simple strategy helps you stay on track and motivated. For example, if updating your resume keeps getting postponed, arrange a meeting with someone who expects to see it. This creates a real deadline that encourages you to take action. Sharing your deadlines with others can also boost your accountability and motivation.","- ### 🎯 Example
- - You've been meaning to update your resume for months...
- - 😩 Keep putting it off because there's no urgency?
- - Solution: Schedule a coffee meeting ☕️ with a mentor for next week!
- - 📅 Tell them you'll bring your updated resume for feedback.
- - Now you have a real deadline that motivates you to actually work on it! 🚀
- - Remember: Sharing your deadlines boosts accountability! 🙌","Inertia, Time Blindness, Working Memory Engagement",Drained,Stuck,"Overcoming Procrastination, Staying focused, Task Initiation","Can't Start, Poor Time Estimation","Externalizes Tasks, Gamifies Action",,"Burnout, Low Energy, Wired but Tired",Job Search,,Gamified,"Time Planning, Work",,,Working Professional,"Accountability, Challenge, Gamification",calendar-x,,,,,Free,The Anti-Planner by Dani Donovan,Include deadline creation strategies and accountability methods
No,Good Enough is Good Enough,Perfectionism Release,When perfectionism is preventing task completion,"### 🚀 Good Enough Wins

Opt for ""good enough"" instead of perfect to avoid getting stuck in endless revisions. This strategy helps you complete tasks efficiently, allowing you to maintain momentum and focus on what's truly important.","- ### 🌟 Quick Example: The Power of ""Good Enough""
- - Situation: Editing an email
- - Time Spent: 20 minutes rewriting for perfection
- - Moment of Clarity:
- - ✋ You catch yourself in the perfection trap
- - 🤔 You remind yourself: ""Good enough is good enough!""
- - Action Taken:
- - 📩 You send the email as is
- - ✅ Move on to the next task without getting stuck
- - Feeling Afterward:
- - 🎉 Relief from the pressure of perfection
- - 🚀 Ready to tackle more tasks with confidence!","Decision Fatigue, Perfectionism, Working Memory Engagement",Stuck,Overwhelmed,"Focus Enhancement, Overcoming Procrastination, Task Initiation","Can't Decide, Can't Finish","Frees Up Working Memory, Gamifies Action, Reduces Decision Fatigue",,"Burnout, Shutdown, Wired but Tired",Recently Moved,,"Gamified, Sensory","Decision Making, Focus Enhancement, Task Initiation",,,,Gamification,refresh-cw,,,,,Free,The Anti-Planner by Dani Donovan,"Include perfectionism recognition signs and ""good enough"" standards for different tasks"
No,Google Calendar Time Blocking,Visual Schedule Management,When important activities get squeezed out by other commitments,"### 🗓️ Time Blocking for Focus

Schedule specific activities in your calendar just like meetings. This helps you see your tasks clearly and prevents overbooking. By blocking time for important tasks like ""Gym: 6-7pm,"" you create a structured plan that makes it easier to start and stick to your activities.","- ### 🎯 Make Time for the Gym!
- - Set a Reminder: Block out time in your calendar like a work meeting.
- - Visualize Your Commitment: Seeing ""Gym: 6-7pm"" on your calendar makes it real!
- - Protect Your Time: Treat this time as non-negotiable.
- ### 💪 Why It Matters:
- - Stay Consistent: Scheduling helps you prioritize your health.
- - Boost Motivation: Knowing you have a set time encourages you to go!
- ### 🌟 Pro Tip:
- - Use Fun Emojis: Make your calendar colorful and engaging!
- - Celebrate Small Wins: Each time you hit the gym, give yourself a little cheer! 🎉","Executive Dysfunction, Task Structuring, Time Blindness",Frustrated,Defeated,"Managing my schedule, Planning my time, Task Initiation Support","Can't Finish, Task Initiation","Externalizes Tasks, Frees Up Working Memory",,"Overstimulated, Wired but Tired",,,"Gamified, Interactive","Planning, Time Planning",,,Working Professional,Gamification,calendar,,,,,Free,,Include time blocking strategies and calendar optimization tips
No,GPS Navigation Apps,Travel Support Tools,When travel timing creates anxiety and planning challenges,"### 📱 Smart Travel Timing

Use GPS navigation apps for all trips, even familiar ones. They provide real-time traffic updates and accurate arrival times, helping you manage your schedule and reduce anxiety about being late.","- ### 🚦 Travel Anxiety? You're Not Alone!
- - Feeling anxious about being late? 😟
- - Bad at estimating travel time, even on routes you know? 🛣️
- - Solution: Use GPS navigation apps for every trip! 📱
- ### How It Helps:
- - Real-time traffic updates: Stay informed about any delays! 🚥
- - Accurate arrival times: Know exactly when you'll get there! ⏰
- - Less guesswork: No more stress about timing! 🙌
- ### Why It Works:
- - Breaks down complexity: Simplifies your travel planning! ✨
- - Creates accountability: Keeps you on track! ✅
- - Gamifies action: Makes travel feel like a fun challenge! 🎮
- ### Remember:
- Using GPS navigation helps reduce your travel anxiety significantly. So next time you head out, give it a try! You’ve got this! 💪",Time Blindness,Anxious,Stressed,"Managing my schedule, Planning my time, Task Initiation Support","Anxiety Management, Can't Start, Poor Time Estimation","Breaks Down Complexity, Creates Accountability, Gamifies Action",,"Crash Recovery, Low Energy, Wired but Tired",,,Gamified,"Planning, Time Planning",,,,Gamification,smartphone,,,,,Free,,Include navigation features and backup route planning
No,Grime & Punishment,Cleaning Hero Game,When cleaning feels boring and overwhelming,"### 🧹 Cleaning Adventure

Transform cleaning into an exciting quest by imagining you're a hero confronting the villain 'Grime.' This approach makes starting chores easier by turning them into a fun story. As you clean, think of yourself as a detective gathering evidence, which helps you stay focused and organized. Enhance your experience by adding character backstories or using tracking sheets for your progress.","- ### 🧼 Cleaning Adventure Example
- Imagine this scenario:
- - You're staring at a kitchen filled with:
- - 🍽️ Piles of dirty dishes
- - 🥡 Leftover takeout containers
- - 🍂 Crumbs scattered everywhere
- Instead of feeling overwhelmed, picture yourself as a detective at a crime scene! 🕵️‍♂️
- #### Your Mission:
- - Identify the villain: 'Grime' has struck!
- - Gather evidence as you clean:
- - ✅ Each dish you wash is a clue uncovered.
- - ✅ Each surface you wipe is a piece of the puzzle solved.
- #### Progress Checklist:
- - [ ] Dishes are sparkling clean!
- - [ ] Counters are crumb-free!
- - [ ] Kitchen is back to its glory! 🌟
- This way, cleaning becomes more than just a chore—it's an exciting adventure! 🌈","Executive Dysfunction, Task Initiation, Working Memory Engagement",Drained,Stuck,"Cleaning Up, Resetting My Space, Task Initiation","Can't Start, Disorganized","Breaks Down Complexity, Frees Up Working Memory, Gamifies Action",,Low Energy,,,"Gamified, Interactive","Cleaning, Emotional Regulation, Task Initiation",,,,"Challenge, Gamified, Mindset Shift",broom,,,,,Free,The Anti-Planner by Dani Donovan,"Add character backstories and ""evidence collection"" tracking sheets"
No,Grocery Apps,Shopping Support Tools,When grocery shopping feels chaotic and overwhelming,"### 🛒 Grocery Shopping Made Easy

Use grocery apps to create organized shopping lists that simplify your shopping experience. These apps help you find what you need quickly and reduce the stress of decision-making. By integrating meal planning, you can easily decide on meals and ensure you have all the essentials without feeling overwhelmed.","- ### 🛍️ Grocery Shopping Made Easy
- - Feeling Overwhelmed? 😩
- Grocery shopping doesn't have to be stressful!
- - Use a Grocery App! 📱
- Here’s how it helps:
- - Organized Lists 📝: Keep track of everything you need.
- - Meal Ideas 🍽️: Get suggestions to make planning easier.
- - Store Layouts 🏬: Know where to find items quickly.
- - Why It Works:
- - Externalizes Tasks: No need to remember everything.
- - Frees Up Working Memory: Less mental load!
- - Reduces Decision Fatigue: Simplifies choices.
- - Experience the Difference:
- Imagine walking into the store with a clear plan:
- - No more forgetting essentials! ✔️
- - Less stress means a better shopping experience! 😊","Decision Fatigue, Task Initiation, Working Memory Engagement",Stuck,Overwhelmed,"Focus Enhancement, Overcoming Procrastination, Quick Task Management",Avoidant,"Externalizes Tasks, Frees Up Working Memory, Reduces Decision Fatigue",,"Low Energy, Overwhelmed, Wired but Tired",,,"Sensory, Task Simplification, Time Management",,,,,"Checklist, Routine",shopping-cart,,,,,$,,Include shopping efficiency features and meal planning integration
No,Habit Anchor System,Routine Building Chain,When you want to build new habits consistently,"### 🔗 Habit Stacking Made Easy

Attach new habits to existing ones to make them easier to remember. Use your daily routines as cues to help you stay on track. For instance, take your vitamins right after brushing your teeth to create a clear reminder and improve your ability to start tasks.","- ### 🏆 Daily Habit Anchor Example
- - Situation: You want to start taking vitamins daily, but you keep forgetting. 😔
- - Anchor Habit: Brushing your teeth! 🪥
- - Action Steps:
- - Step 1: Every morning, as you brush your teeth, remind yourself: ""Time for my vitamins!"" 🕒
- - Step 2: Keep your vitamins next to your toothbrush as a visual cue. 👀
- - Step 3: Celebrate your success! 🎉 Each time you remember, give yourself a small reward.
- By using this simple anchor, you can enhance your routine and make taking vitamins a breeze! 🌟","Task Structuring, Working Memory Failures",Forgetful,Ashamed,"Managing my schedule, Planning my time, Task Initiation Support","Avoidant, Forgetful, Poor Time Estimation","Breaking Down Complexity, Externalizes Tasks, Starts Small",,"Crash Recovery, Low Energy, Wired but Tired",,,"Incremental Engagement, Time Management","Planning, Time Planning",,,,Routine,repeat,,,,,Free,,Include anchor habit examples and chain-building strategies
No,Habit Stacking,Routine Linking Strategy,When you want to build new habits,"### 🔗 Link Your Routines

Attach new habits to what you already do. For example, say, ""After I brush my teeth, I'll take my vitamins."" This makes it easier to remember new tasks by connecting them to established routines.","- ### 🌟 Daily Vitamin Habit Stacking
- Situation: You want to remember to take your vitamins every day but often forget.
- Solution: Link it to an existing routine!
- ### 🔗 How to Stack:
- - Step 1: 🪥 Brush your teeth in the morning.
- - Step 2: 💊 Right after brushing, take your vitamins!
- ### ✨ Why This Works:
- - Routine Link: You're already consistent with brushing your teeth.
- - Memory Aid: By connecting your vitamins to this habit, you make it easier to remember!
- - Feel Accomplished: Celebrate each time you remember! 🎉",Working Memory Failures,Forgetful,Ashamed,"Managing my schedule, Planning my time, Task Initiation Support","Forgetful, Poor Time Estimation, Task Initiation","Breaks Down Complexity, Externalizes Tasks, Frees Up Working Memory",,Wired but Tired,,,"Interactive, Task Simplification, Time Management","Planning, Time Planning",,,,Routine,repeat,,,,,Free,,Include habit stacking examples and chain-building strategies
No,Habit Tracking Apps,Behavior Support Tools,When building habits needs visual reinforcement,"### 📊 Visual Habit Tracking

Use habit tracking apps to make building routines more fun and rewarding. These tools provide visual reminders and rewards for your progress, making it easier to remember and stick to your habits. Celebrate your achievements within the app to stay motivated and accountable.","- ### 🌟 Build Better Daily Habits!
- - Feeling Forgetful? 😕
- You want to create new habits but often find yourself forgetting or losing motivation.
- - Try a Habit Tracking App! 📱
- Here’s how it can help:
- - Visual Streaks: See your progress at a glance! 📈
- Track your daily habits and watch the streak grow!
- - Celebrate Milestones: 🎉
- Get digital rewards for completing tasks—like unlocking achievements!
- - Stay Motivated: 💪
- Visual reminders can keep you accountable and boost your energy!
- - Relatable Scenario:
- Imagine checking your app and feeling proud of your consistency, with confetti animations celebrating your achievements! 🎊
- Transform your routine into a fun and engaging experience!",Working Memory Failures,Forgetful,Ashamed,"Managing my schedule, Planning my time, Quick Task Management","Disorganized, Poor Time Estimation, Task Initiation","Creates Accountability, Dopamine Activation",,Low Energy,,,"Gamified, Incremental Motivation, Visual","Planning, Time Planning",,,,"Gamified, Routine",info,,,,,$,,Include motivating features and habit selection strategies
No,Hammock Reset,Nervous System Reset,When you're overstimulated and need a reset,"### 🏖️ Quick Hammock Reset

Take a 15-30 minute break in a hammock when you feel overwhelmed. The gentle rocking helps calm your mind and reduces sensory overload. This short escape can refresh your focus and energy, making it easier to tackle tasks afterwards.","- ### ✨ Quick Reset with Your Hammock
- - Feeling Overwhelmed? 😩
- - You've been bombarded with:
- - 🔔 Emails
- - 📞 Calls
- - ❓ Questions from others
- - Time for a Break! ⏰
- - Step outside to your hammock for 15-30 minutes.
- - What Happens Next? 🌈
- - 🌬️ Feel the gentle breeze.
- - 🕊️ Notice your breathing slow down.
- - 💭 Watch your thoughts become clearer.
- - Return Refreshed! 🚀
- - Come back inside ready to focus with renewed energy and intention!","Emotional Dysregulation, Time Blindness, Working Memory Engagement",Overstimulated,Overwhelmed,"Calming Down, Overcoming Procrastination, Resetting My Space","Avoidant, Sensory Overload","Frees Up Working Memory, Meets You Where You Are, Provides External Structure",,"Low Energy, Overstimulated, Overwhelmed",,,"Embodied, Sensory","Emotional Regulation, Sensory Management",,,,Checklist,settings,,,,,$,Reddit /r/ADHDWomen,Suggest alternatives like rocking chairs or swings for those without hammocks
No,Hang Pants on Shower Rings,Closet Hack System,When traditional organization methods feel too complicated,"### 🛁 Simplified Pants Storage

Use shower curtain rings to hang your pants instead of folding them. This keeps your pants visible and accessible, making it easier to stay organized. In just five minutes, you can tidy up your space without the overwhelm of traditional methods.","- ### 🎉 Quick Pants Hanging Hack!
- - Problem: Avoiding putting away clean laundry for days? 😩
- - Solution: Grab some shower rings from the dollar store! 🛒
- 1. Clip on the Rings: Attach the shower rings to a hanger.
- 2. Loop Your Pants: Slide each pant through a ring by the belt loops.
- 3. Time Taken: Just 5 minutes! ⏳
- - Result: Your pants are now:
- - Hung Up: Easily visible! 👖
- - Floor Clear: No more laundry piles! 🧺
- Transform that tedious chore into a quick and easy task! 🙌",Task Initiation,Drained,Stuck,"Cleaning Up, Overcoming Procrastination, Resetting My Space","Can't Start, Task Initiation","Externalizes Tasks, Frees Up Working Memory",,"Crash Recovery, Low Energy, Wired but Tired",,,"Gamified, Sensory","Cleaning, Task Initiation",,,,Gamification,battery,,,,,$,Reddit /r/ADHD,Include other unconventional organization hacks for different clothing types
No,Health Tracking Apps,Wellness Monitoring Tools,When you need data to understand your ADHD patterns,"### 🛠️ Track Your Health

Use health tracking apps to easily log your sleep, exercise, mood, and symptoms. This helps you spot patterns that influence your focus and energy levels, making it simpler to prioritize activities like sleep and exercise for better task initiation.","- ### Example of Using Health Tracking Apps
- - 🌙 Sleep Quality: Log your nightly rest to see how it impacts your mood and focus.
- - 🏃 Exercise: Track your physical activity to find out how it boosts your energy levels.
- - 😊 Mood: Record your feelings throughout the day to identify patterns.
- - 🎯 Focus Levels: Note when you feel most productive and when distractions creep in.
- After a few weeks of tracking, you might discover that:
- - Good Sleep = Better Focus: You notice that nights with quality sleep lead to more productive days.
- - Exercise Boosts Mood: Regular workouts lift your spirits and help you stay on task.
- Using this app helps you make informed decisions about your daily routine, making it easier to prioritize activities that support your well-being!","Decision Fatigue, Executive Dysfunction, Task Initiation",Frustrated,Defeated,"Focus Enhancement, Managing Emotional Dysregulation, Task Initiation Support","Can't Finish, Task Initiation","Breaking Down Complexity, Cognitive Load Management, Executive Function Support",,"Low Energy, Wired but Tired",,,Visual,Planning,,,,Checklist,footprints,,,,,$,,Include tracking categories and pattern recognition strategies
No,Help-Asking Script,Request Help Template,When you need help but don't know how to ask,"### 🆘 Effective Help Requests

List who can help and what you need from them. This simplifies the process of asking for help into clear steps, making it easier to overcome feelings of overwhelm. Having a mini-script ready reduces anxiety, boosting your confidence when reaching out for support.","- ### ✨ Quick Help Request Guide
- When you're feeling stuck, asking for help can feel overwhelming. Here’s a friendly template to make it easier:
- - Who to Ask:
- 📞 [Supervisor's Name]
- - What You Need Help With:
- 📊 Data Visualization for the quarterly report
- - Your Request:
- 💬 ""Hey [Supervisor's Name],
- I've been working on the quarterly report, and I'm feeling a bit stuck on the data visualization section.
- Could we schedule 15 minutes to go over it together? 😊""
- ### 🌟 Why This Works:
- - Breaks down the task into simple steps
- - Reduces anxiety about asking for help
- - Makes it easier to express your needs","Emotional Dysregulation, Task Initiation",Stuck,Overwhelmed,"Maintaining Focus, Overcoming Procrastination, Starting Something Hard","Anxious, Can't Start","Externalizes Tasks, Starts Small",,"Burnout, Low Energy",,,Visual,"Emotional Regulation, Time Planning",,,,Checklist,help-circle,,,,,Free,The Anti-Planner by Dani Donovan,Include templates for different types of help requests
No,Home Automation,Friction Reduction Technology,When routine tasks create unnecessary mental load,"### 🏠 Automate Daily Tasks

Use smart home devices to take care of daily tasks like turning lights on and off and adjusting the thermostat. This approach helps reduce the number of decisions you have to make, allowing you to stay organized and focused throughout the day.","- ### ✨ Automating Your Home for a Stress-Free Life
- - Lights 💡
- - Automatically turn off when you leave a room
- - Set to dim during movie nights 🎥
- - Thermostat 🌡️
- - Adjusts temperature based on your schedule
- - Keeps your home comfortable without thinking about it
- - Reminders 📅
- - Receive alerts for important tasks
- - Get notifications for regular chores like taking out the trash 🗑️
- - Routine Routines 🛠️
- - Automate morning routines for a smoother start
- - Evening wind-down settings for relaxation 🌙
- By setting up these smart devices, you can reduce daily decisions and make your home work for you, helping you stay organized and focused!","Decision Fatigue, Task Structuring, Working Memory Failures",Forgetful,Scattered,"Managing my schedule, Planning my time, Task Initiation Support","Disorganized, Forgetful","Breaks Down Complexity, Externalizes Tasks, Minimizes Friction",,,,,"Interactive, Task Simplification","Planning, Work",,,,"Environmental Hack, Routine",home,,,,,$$$,,Include automation ideas for different home areas and budget considerations
No,Hooks Everywhere,Accessibility Organization,When frequently used items get misplaced,"### 🏠 Hooks for Easy Organization

Install hooks in key locations around your home for items you frequently misplace, such as keys and bags. This simple step makes it easier to put things away by providing a designated spot. For best results, place hooks at eye level and near entrances to encourage you to use them as soon as you come home.","- ### 🌟 Creative Hook Example
- - Problem: You constantly lose your keys because you drop them wherever when you come home.
- - Solution:
- - 🏠 Install a Decorative Hook:
- - Place it right by your front door.
- - 📜 Set a Rule:
- - Make it a habit to hang your keys there immediately upon entering.
- - Why This Works:
- - 👀 Visible & Convenient:
- - The hook is easy to see and reach, making it simpler to hang your keys than to drop them on the counter.
- - 🧠 Frees Up Your Mind:
- - Reduces the clutter in your memory, allowing you to focus on other important tasks.
- ### 🎉 Start Small
- - Tip: Start with just one hook and build from there!","Environmental Cues, Task Initiation, Working Memory Failures",Forgetful,Ashamed,"Cleaning Up, Quick Task Management, Task Initiation Support","Can't Focus, Disorganized, Task Initiation","Frees Up Working Memory, Minimizes Friction, Starts Small",,"Burnout, Crash Recovery, Low Energy",,,Gamified,"Cleaning, Planning",,,,"Checklist, Gamified",home,,,,,$,,Include hook placement strategies and item-specific recommendations
No,Hydration Hero Challenge,Gamified Hydration System,When dehydration is worsening ADHD symptoms,"### 🥤 Hydration Adventure Game

Make hydration fun! Place colored water bottles around your space. Finish a bottle to unlock that spot, helping you stay mindful and energized. Aim to unlock all spots each day for a hydration boost!","- ### 💧 Daily Hydration Quest
- - Monday's Mission:
- Place 5 water bottles around your space with different colored bands.
- - 🟥 Red: Kitchen
- - 🟦 Blue: Desk
- - 🟩 Green: Car
- - 🟨 Yellow: Living Room
- - 🟪 Purple: Bedroom
- - Points System:
- Each time you finish a bottle, you unlock that spot!
- - Goal:
- Aim for 5/5 locations unlocked by the end of the day!
- - Scoring:
- - End-of-Day Score: 4/5 locations unlocked
- - Tomorrow's Goal: 5/5!
- ### 🏆 Let's make hydration fun!","Environmental Cues, Task Structuring, Working Memory Failures",Forgetful,Ashamed,"Focus Enhancement, Quick Task Management, Task Initiation Support","Disorganized, Poor Time Estimation, Task Initiation","Breaks Down Complexity, Externalizes Tasks, Gamifies Action",,"Low Energy, Overwhelmed, Restless",,,Gamified,"Planning, Work",,,,"Challenge, Engaging Gamification, Gamification",trophy,,,,,$,,Adds location-based unlocking game with colored bands
No,Hydration Tracking Apps,Health Monitoring Tools,When dehydration is affecting cognitive function,"### 💧 Stay Hydrated, Stay Focused

Use hydration tracking apps to set simple reminders and track your water intake visually. Staying hydrated can help you think more clearly and manage your time better. Customize your hydration goals to stay on top of your daily needs!","- ### 💡 Hydration Reminder Example
- - Feeling: 🤔 Forgetful?
- - Situation: You often get headaches and feel foggy.
- - Realization: You're probably dehydrated because you forget to drink water.
- ### Solution: 💧 Hydration Tracking App
- - Features:
- - ⏰ Sends reminders to drink water
- - 📊 Shows visual progress toward your daily goal
- ### Benefits:
- - ✅ Helps you feel more alert and focused
- - 🎯 Keeps your mind sharp and ready for tasks","Decision Fatigue, Task Initiation, Working Memory Failures",Forgetful,Ashamed,"Managing my schedule, Planning my time, Task Initiation Support","Disorganized, Poor Time Estimation, Task Initiation","Frees Up Working Memory, Gamifies Action",,,,,"Gamified, Interactive","Planning, Time Planning",,,,Gamification,volume-2,,,,,$,,Include hydration goal setting and reminder customization
No,Hyperfocus Surfing,Productive Hyperfocus Management,When hyperfocus energy can be channeled productively,"### 🎯 Redirecting Hyperfocus

When hyperfocus strikes, redirect it towards productive tasks. Instead of resisting, quickly shift your attention to useful activities like organizing or researching. This approach turns potential distractions into achievements, helping you make the most of your focused energy.","- ### 🌟 Example of Redirecting Hyperfocus
- - Feeling the Hyperfocus Kick In?
- You notice you're lost in social media and about to lose track of time.
- - Instead of Fighting It:
- - Quickly Redirect Your Focus!
- - Think about activities that can benefit you:
- - 📸 Organize your digital photos
- - 📚 Research that work project you've been putting off
- - Why This Works:
- - You still harness that hyperfocus energy, but on tasks that actually help you achieve your goals! 🚀","Inertia, Time Blindness, Working Memory Engagement",Forgetful,Wired,"Starting Something Hard, Staying focused","Can't Focus, Forgetful, Poor Time Estimation","Frees Up Working Memory, Gamifies Action, Starts Small",,"Restless, Wired but Tired",,,"Gamified, Sensory","Focus Enhancement, Task Initiation Support",,,,Gamification,crosshair,,,,,Free,,Include redirection strategies and productive hyperfocus targets
No,"I Don't Want To, But I'm Going To",Motivation Override Phrase,When you need to act despite lacking motivation,"### 🚀 Action Over Motivation

When you're feeling unmotivated, use the phrase, ""I don't want to, but I'm going to."" This approach helps you start tasks by acknowledging your feelings while committing to action. By saying it out loud, you activate your mind to push through initial resistance, making it easier to begin tasks like washing dishes, even when motivation is low.","- ### 📚 Example Strategy
- When you're staring at a pile of dishes and feeling zero motivation, try this:
- - Acknowledge Your Feelings:
- ""I don't want to wash dishes...""
- - Commit to Action:
- ""...but I'm going to.""
- ### 🚀 Quick Steps:
- - Verbalize: Say it out loud! 🎤
- - Break It Down:
- - 🥄 Start with one dish
- - 🧽 Move to the next
- - Celebrate Small Wins: 🎉 Each dish washed is a step forward!
- This approach helps you acknowledge your feelings while still taking action, making it easier to manage tasks despite low motivation.","Inertia, Task Initiation, Working Memory Engagement",Drained,Stuck,"Cleaning Up, Overcoming Resistance, Task Initiation","Avoidant, Can't Start","Dopamine Activation, Frees Up Working Memory, Minimizes Friction",,Low Energy,,,"Gamified, Interactive","Cleaning, Task Initiation",,,,Gamification,refresh-cw,,,,,Free,The Anti-Planner by Dani Donovan,Include variations of the phrase and motivation-independent action strategies
No,If/Then Planning,Conditional Action Planning,When you need predetermined responses to common challenges,"### 🧠 Quick If/Then Solutions

Create simple if/then plans to tackle common challenges. For example, “If I feel overwhelmed, then I’ll take a 5-minute walk.” These strategies help reduce decision fatigue and automate positive actions, making it easier to stay focused and manage feelings of anxiety or being stuck.","- ### 🌟 If/Then Plans for Common Challenges
- Here are some quick and easy if/then plans to help you navigate tricky moments:
- - Feeling Scattered?
- 👉 If I feel scattered, then I'll do a 2-minute brain dump. 📝
- - Procrastinating?
- 👉 If I'm procrastinating, then I'll set a 10-minute timer. ⏳
- - Feeling Anxious?
- 👉 If I'm anxious, then I'll do 5 deep breaths. 🌬️
- These simple actions can help you regain focus and reduce overwhelm. Remember, it's all about automating your responses to make things easier!","Decision Fatigue, Executive Dysfunction, Task Initiation",Stuck,Overwhelmed,"Starting Something Hard, Staying focused","Anxiety Management, Cannot Finish","Breaking Down Complexity, Frees Up Working Memory, Minimizes Friction",,"Burnout, Overstimulated",,,"Gamified, Visual","Emotional Regulation, Task Initiation Support",,,,Gamification,map,,,,,Free,,Include if/then templates for common ADHD situations
No,Inbox Zero,Email Management System,When email overwhelm is affecting productivity,"### ✉️ Email Management Made Easy

Quickly process your emails with the 4 D's: delete, delegate, do, or defer. This strategy offers a straightforward way to manage your inbox, helping you tackle tasks efficiently and reducing stress from email overload.","- ### 🌟 Quick Email Triage
- Feeling overwhelmed by your inbox? Here’s a simple way to tackle it:
- - 📥 Start with Today’s Emails: Focus on the most recent ones to avoid getting lost in the past.
- - 🚫 Delete Unwanted Emails:
- - ✉️ Newsletter? Gone!
- - ⚠️ Promotions? Bye-bye!
- - 👥 Delegate Tasks:
- - 🤝 Pass on requests to colleagues when possible.
- - ⚡ Do It Now:
- - ⏳ Quick questions? Reply immediately!
- - 📂 Defer Important Emails:
- - 🗂️ Move non-urgent but important emails to your 'Action' folder for later.
- By breaking it down like this, you can conquer your inbox without feeling paralyzed! You got this! 💪",Executive Dysfunction,Frustrated,Defeated,Quick Task Management,"Avoidant, Can't Finish","Externalizes Tasks, Minimizes Friction",,"Burnout, Crash Recovery, Overwhelmed",Recently Moved,,Gamified,"Emails, Focus Enhancement, Task Initiation Support",,,Working Professional,"Gamification, Quick Fix",check-circle,,,,,Free,,Include email organization tips and automation suggestions
No,Instant Calm Breathing,Quick Regulation Technique,When you need quick anxiety or overwhelm relief,"### 🌬️ Instant Calm Techniques

Quickly manage your anxiety with simple breathing strategies. Use 4-7-8 breathing: inhale for 4 counts, hold for 7, and exhale for 8. This technique is perfect for calming down before meetings or during stressful moments. Just a few rounds can help you focus and feel more centered.","- ### ✨ Quick Breathing Example
- Feeling anxious before a meeting? Here's a simple breathing technique to help you calm down:
- - 🌬️ 4-7-8 Breathing
- - Inhale for 4 counts: Breathe in deeply through your nose.
- - Hold for 7 counts: Keep that breath in and feel your body relax.
- - Exhale for 8 counts: Slowly let the air out through your mouth.
- Repeat this for just 3 rounds and notice the difference!
- 💖 After a few breaths, your heart rate slows, and you'll feel more centered and ready to tackle that meeting. Remember, you’ve got this!","Emotional Dysregulation, Task Initiation, Working Memory Engagement",Overstimulated,Overwhelmed,"Being Kinder to Myself, Calming Down","Anxiety Management, Poor Time Estimation","Emotional Regulation, Externalizes Tasks, Frees Up Working Memory",,"Overstimulated, Overwhelmed",,,"Mindful Awareness, Reflective Practice","Emails, Emotional Regulation",,,Working Professional,"Mindset Shift, Quick Fix, Routine",wind,,,,,Free,,Include different breathing techniques and when to use each one
No,Instant Pot,One-Pot Cooking Solution,When traditional cooking requires too much attention,"### 🍽️ Hands-Off Meal Prep

Simplify cooking with a pressure cooker. Just add your ingredients, set the timer, and let it do the work. This method saves time and reduces the chance of burning food. Start with easy recipes and remember to follow safety tips for a stress-free cooking experience.","- ### 🌟 Cooking Made Easy with an Instant Pot!
- - Forgetful? No problem!
- - Stressed about cooking? Instant Pot to the rescue!
- How it works:
- 1. Throw in Ingredients:
- - 🥩 Chicken
- - 🥦 Vegetables
- - 🥣 Broth
- 2. Set the Timer:
- - ⏰ Just 20 minutes!
- 3. Walk Away:
- - 👋 No need to monitor!
- 4. Enjoy Your Meal:
- - 🎉 When it beeps, you have a delicious, complete meal!
- Benefits:
- - Reduces stress and distraction
- - Perfect for busy lifestyles
- - Enjoy healthy meals without the hassle!",Working Memory Failures,Forgetful,Stressed,,"Forgetful, Poor Time Estimation","Frees Up Working Memory, Gamifies Action, Starts Small",,"Burnout, Crash Recovery",,,"Gamified, Sensory",Work,,,,Gamification,home,,,,,$$,,Include beginner-friendly recipes and safety tips
No,Interruptions & Interventions,Focus Protection Strategy,When specific distractions keep derailing you,"### 🧠 Distraction Management Cheat Sheet

Keep track of your distractions and match each one with a solution to boost your focus. For instance, if phone notifications disrupt you, turn on Focus Mode and store your phone away during deep work. This approach simplifies your tasks, reduces overwhelm, and helps you maintain concentration. Your tailored list will be a handy guide for staying focused during tough work periods.","- ### 🚨 Distraction Management Cheat Sheet
- Track Your Distractions:
- Keep a record of what pulls your attention away from tasks and pair each distraction with a specific solution. Here’s how you can make it ADHD-friendly:
- - 📱 Phone Notifications
- - Solution: Use Focus Mode and keep your phone in another room during deep work time.
- - 📺 YouTube Time Sinks
- - Solution: Install a browser extension that hides recommendations.
- - 👥 Chatty Coworkers
- - Solution: Use noise-canceling headphones or find a quiet space to work.
- - 🎶 Background Music
- - Solution: Create a playlist with focus-enhancing music and set it to play during work sessions.
- Remember:
- Over time, this personalized cheat sheet will become your go-to guide for handling distractions before they derail your focus. Stay creative and adapt it as your needs change!","Decision Fatigue, Emotional Dysregulation, Working Memory Engagement",Scattered,Overwhelmed,"Overcoming Procrastination, Staying focused, Task Initiation","Can't Focus, Forgetful, Sensory Overload","Emotional Regulation, Externalizes Tasks, Minimizes Friction",Work From Home,"Overstimulated, Wired but Tired",,,Visual,"Emotional Regulation, Focus Enhancement, Work",,,,"Accountability, Journal Prompt",sliders,,,,,Free,The Anti-Planner by Dani Donovan,Provide common distraction categories and solution templates
No,Invisible Finish Line,Completion Visualization,When the end result is more motivating than the process,"### 🎯 Visualize Your Success

Imagine finishing your task and feeling the relief that comes with it. This strategy helps you feel motivated by picturing the satisfaction of completion. Focus on the positive emotions associated with finishing to make starting challenging tasks easier. Use this visualization to boost your motivation and overcome feelings of being stuck.","- ### 📞 Dreading a Phone Call?
- Here’s a quick visualization to help you get started:
- - Imagine This:
- - 🌟 Relief: Picture how great you'll feel once the call is done.
- - ✅ Accomplishment: Visualize crossing it off your to-do list!
- - Break It Down:
- - 🗣️ Just Start: Focus on saying ""Hello"" to the person on the other end.
- - 🕒 Set a Timer: Give yourself just 5 minutes to get through the call.
- - Remember:
- - 🌈 You Got This: The discomfort of the call is temporary, but the feeling of relief is lasting!","Task Initiation, Time Blindness, Working Memory Engagement",Drained,Stuck,"Focus Enhancement, Overcoming Procrastination, Task Initiation Support","Can't Start, Poor Time Estimation","Frees Up Working Memory, Gamifies Action, Starts Small",,"Burnout, Low Energy",,,"Gamified, Interactive","Focus Enhancement, Task Initiation Support, Time Planning",,,,Gamification,refresh-cw,,,,,Free,The Anti-Planner by Dani Donovan,Include visualization techniques for different types of tasks
No,It's Not That Deep,Perspective Reminder,When small problems feel catastrophically large,"### 🧠 It's Not That Deep

Take a moment to remind yourself that what’s bothering you isn’t as significant as it feels. When anxiety takes over, use this phrase to break the cycle of overwhelming thoughts. It helps you manage feelings and clears some mental space to focus on what really matters. Use it whenever small issues feel too big, and remember: everyone makes mistakes!","- ### Example
- - You send an email with a typo to your boss ✉️
- - Immediate Reaction: Panic! 😱
- - Thoughts: ""They'll think I'm unprofessional and incompetent!"" 🤯
- - Catch Yourself Spiraling:
- - Take a deep breath. 🌬️
- - Remind yourself:
- - ""It's not that deep!"" 🧠
- - ""It's just a typo. Everyone makes them!"" 😊
- - Outcome:
- - Zoom out from catastrophic thinking.
- - Free up mental space to focus on what truly matters! 🎯","Decision Fatigue, Emotional Dysregulation, Working Memory Engagement",Overwhelmed,Frustrated,"Being Kinder to Myself, Calming Down","Anxiety Management, Can't Decide, Emotional Regulation","Breaking Down Complexity, Emotional Regulation, Frees Up Working Memory",,"Burnout, Overwhelmed",,,"Gamified, Visual","Emotional Regulation, Self-Compassion",,,,Gamification,brain,,,,,Free,The Anti-Planner by Dani Donovan,Include perspective-checking questions and reality-testing techniques
No,Jar of Awesome,Achievement Collection System,When you need reminders of your successes and positive moments,"### 🌟 Positive Reminder Jar
Create a jar where you place notes about your achievements, compliments, and completed tasks. This visual reminder helps you see your successes when you're feeling down. Add prompts for writing notes and decorate your jar to make it fun and engaging!","- ### 💪 Your Jar of Awesome
- When you're having a rough week and feeling like nothing ever goes right, remember to open your Jar of Awesome! Here are some reminders of your successes:
- - 🌟 Finished project early: You nailed that deadline!
- - 👏 Coworker said my presentation was helpful: Your hard work paid off!
- - 🏋️ Made it to the gym 3 times this week: You're taking care of yourself!
- These concrete pieces of evidence can help counter your negative mood. Just remember, you've achieved so much, and it's all right there in your jar waiting for you! 🌈","Emotional Dysregulation, Time Blindness, Working Memory Engagement",Ashamed,Guilty,"Being Kinder to Myself, Finding motivation","Poor Time Estimation, Spiraling","Breaks Down Complexity, Externalizes Tasks, Gamifies Action",,Shutdown,,,Gamified,Self-Compassion,,,Working Professional,Gamified,layout,,,,,$,The Anti-Planner by Dani Donovan,Include note-writing prompts and jar decoration ideas
No,Journaling Apps,Reflection Support Tools,When emotional processing needs structured support,"### 📝 Guided Journaling Prompts

Use journaling apps that offer prompts to help you process emotions and enhance self-awareness. These apps provide structured support, making it easier to address feelings of overwhelm or frustration. With daily questions like ""What went well today?"" they motivate you to start writing instead of facing a blank page.","- ### 📖 Example Scenario
- - Feeling: Overwhelmed 😰
- - Situation: You want to process your emotions better, but staring at a blank journal page feels daunting.
- - Solution: You decide to try a journaling app that offers daily prompts!
- #### ✨ Daily Prompts:
- - ""What went well today?"" 🌟
- - ""How are you feeling?"" 🤔
- #### 💡 Why This Helps:
- - Guided Questions: They make it easier to start writing.
- - Structured Support: No more blank page anxiety! 🚫📄
- - Reflect & Grow: You get to understand your feelings better with each entry. 🌱","Emotional Dysregulation, Task Initiation, Working Memory Engagement",Overwhelmed,Frustrated,"Calming Down, Managing Emotional Dysregulation, Task Initiation Support","Anxious, Task Initiation","Creates Accountability, Externalizes Tasks, Provides External Structure",,Overstimulated,,,,"Emotional Regulation, Self-Compassion",,,,"Accountability, Checklist, Routine",hand,,,,,$,,Include journaling prompt ideas and mood tracking benefits
No,Joy-Pairing: Make Dreaded Tasks Enjoyable,Task Joy-Pairing,When tasks feel boring and unmotivating,"### 🎧 Task Pairing for Joy

Pair tasks you dislike with enjoyable activities to make them easier. For example, listen to your favorite podcast while cleaning. This turns boring chores into something you look forward to, helping you get started and stay focused.","- ### 🎶 Make File Organization Fun!
- - Task: Organizing digital files
- - Why it feels boring: It seems tedious and overwhelming.
- #### 🎧 Solution:
- - Create a Playlist:
- - Curate a special ""File Organization"" playlist with your favorite upbeat songs.
- - Only allow yourself to listen to it while sorting files.
- #### ✨ Benefits:
- - The music transforms the task into a fun activity!
- - You actually look forward to your organizing sessions!
- #### 💡 Tips:
- - Set a timer for 25 minutes of focused work with music, followed by a 5-minute break to celebrate progress!
- - Use colorful labels or folders to make your digital space visually appealing.
- Remember, pairing tasks with things you love can turn dreaded chores into enjoyable moments!","Inertia, Task Initiation",Drained,Stuck,"Cleaning Up, Overcoming Procrastination, Resetting My Space","Avoidant, Can't Start","Dopamine Activation, Externalizes Tasks, Frees Up Working Memory",,"Crash Recovery, Low Energy, Wired but Tired",,,Gamified,"Cleaning, Emotional Regulation, Task Initiation",,,,"Checklist, Gamification, Routine",check-square,,,,,Free,The Anti-Planner by Dani Donovan,Create pairing suggestion lists for common dreaded tasks
No,Junk Drawer,Designated Chaos Zone,When miscellaneous items create clutter,"### 🗄️ Designated Junk Drawer

Choose one drawer to be your official ""junk drawer"" for random items. This strategy helps reduce clutter by giving these items a specific home. Remember to clean it out periodically to keep it organized and manageable.","- ### Example: Official Junk Drawer
- You have random items that don’t have obvious homes and end up cluttering your counters. Here’s how to make your junk drawer ADHD-friendly:
- - 🪣 Designate a Drawer: Choose one kitchen drawer to be the official junk drawer.
- - 🔋 What Goes Inside:
- - Batteries
- - Rubber bands
- - Spare keys
- - Receipts
- - ✨ Benefits:
- - Keeps your counters clear and clutter-free.
- - Provides a specific place for miscellaneous items.
- - Reduces distractions, helping your working memory stay focused.
- 🗓️ Tip: Periodically clean out your junk drawer to maintain organization and avoid overwhelm. This way, it’s easier to find what you need when you need it!","Executive Dysfunction, Task Structuring, Working Memory Engagement",Scattered,Frustrated,"Cleaning Up, Resetting My Space","Cannot Finish, Disorganized","Frees Up Working Memory, Minimizes Friction, Starts Small",,Wired but Tired,,,Sensory,"Cleaning, Task Initiation Support",,,,Checklist,battery,,,,,Free,,Include junk drawer organization tips and periodic cleanout strategies
No,Just Do Something,Momentum Building Strategy,When task paralysis is preventing any progress,"### ⚡ Start Small to Build Momentum

When facing a big task like cleaning your messy bedroom, start by committing to just one small action, like putting away 5 items. This simple step helps you get moving and makes the larger task feel less daunting.","- ### 🌟 Feeling Overwhelmed? Let’s Break It Down!
- When you're staring at a messy bedroom and feeling like it's too much, try this:
- - Start Small:
- - 🧺 Put away just 5 items.
- - 🛏️ Make your bed after that.
- - Celebrate Small Wins:
- - 🎉 Each small action counts!
- - 🌈 Notice how good it feels to make progress, no matter how tiny.
- - Keep the Momentum Going:
- - 🚀 Once you start, you might feel inspired to do a little more!
- - 📅 Set a timer for 5-10 minutes and see what else you can tackle!
- By focusing on these little steps, you can turn that daunting task into manageable moments of success!",Task Initiation,Stuck,Overwhelmed,"Cleaning Up, Resetting My Space, Task Initiation",Can't Start,"Gamifies Action, Starts Small",,"Crash Recovery, Low Energy, Overwhelmed",,,"Gamified, Interactive","Cleaning, Task Initiation",,,,Gamification,fast-forward,,,,,Free,The Anti-Planner by Dani Donovan,Include micro-action suggestions for common stuck situations
No,Just Start Anywhere,Perfectionism Override,When perfectionism is preventing you from starting,"### 🏁 Start Anywhere

Give yourself permission to start from any point in a task, even if it feels wrong. This strategy reduces the pressure to be perfect. When facing a daunting task, like writing a report, begin with the section you find easiest. This can help you gain momentum and make starting less overwhelming.","- ### ✨ Example Scenario
- - Task: Writing a report
- - Feeling: 😵‍💫 Paralyzed by perfectionism
- #### Here’s a creative approach to get started:
- 1. Skip the intro! ➡️ Jump right to the section you feel most comfortable with.
- 2. Write freely! ✍️ Let your ideas flow without worrying about structure.
- 3. Build momentum! 🚀 Once you have words down, the introduction will feel less daunting.
- 4. Celebrate small wins! 🎉 Each sentence you write is progress!
- Remember, starting anywhere can help you overcome the fear of a blank page!","Decision Fatigue, Perfectionism, Task Initiation",Stuck,Overwhelmed,"Maintaining Focus, Overcoming Procrastination, Task Initiation","Can't Decide, Can't Start","Dopamine Activation, Minimizes Friction, Starts Small",,"Burnout, Overwhelmed, Shutdown",,,Gamified,"Task Initiation, Work",,,,"Checklist, Gamified",brush,,,,,Free,The Anti-Planner by Dani Donovan,Include starting strategies for different types of tasks
No,Keep Snacks Everywhere,Distributed Food Strategy,When meal timing is unpredictable or forgotten,"### 🍏 Snack Stash Strategy
Store healthy, non-perishable snacks in your car, desk, and bag. This way, when you forget to eat or get too busy, you’ll have quick options to keep your energy up and stay focused throughout the day.","- ### 🌟 Example Scenario
- - When you’re deep into work...
- - You often lose track of time.
- - Suddenly, it’s 3 PM, and you realize you haven’t eaten lunch! 😳
- - How to handle it:
- - Keep snacks handy:
- - Granola bars in your desk drawer 🍫
- - Crackers in your car 🚗
- - Nuts in your bag 🥜
- - The result?
- - When hunger strikes, you have quick, healthy options available!
- - No need to stop everything and search for food.
- - Keep your energy up and stay focused! 💪✨","Time Blindness, Working Memory Failures",Forgetful,Stuck,"Managing my schedule, Overcoming Procrastination, Starting Something Hard","Can't Start, Forgetful, Poor Time Estimation","Frees Up Working Memory, Minimizes Friction, Starts Small",,"Burnout, Low Energy, Wired but Tired",,,"Interactive, Sensory Engagement",Cleaning,,,,Checklist,grid,,,,,$,,Include healthy snack suggestions and storage considerations
No,Key Lanyard System,Never-Lose-Keys Method,When you constantly lose your keys,"### 🔑 Never-Lose Keys

Attach your keys to a lanyard or wristlet that you wear or hang on your bag. This keeps your keys within easy reach, helping you stay organized and reducing the chances of misplacing them.","- ### Example Scenario
- Imagine this:
- - 🏃‍♂️ You're rushing to an important appointment.
- - 😩 Suddenly, you can't find your keys!
- But wait – instead of panicking:
- - 👀 You remember your keys are attached to a bright lanyard.
- - 📍 It's hanging right from your bag's side pocket, just like always!
- This simple system helps you stay organized and focused, even when you're feeling forgetful. 🌟",Working Memory Failures,Forgetful,Hopeless,"Focus Enhancement, Overcoming Procrastination, Quick Task Management","Disorganized, Forgetful","Externalizes Tasks, Minimizes Friction",,"Low Energy, Wired but Tired",,,,Focus Enhancement,,,,Checklist,layout,,,,,$,Reddit /r/ADHDWomen,Include lanyard style options and attachment methods for different bag types
No,Kitchen Entertainment System,Cooking Companion Strategy,When cooking feels boring and unmotivating,"### 🍳 Cooking with Entertainment

Watch cooking shows or food videos while you prepare meals. This makes cooking more fun and helps you stay motivated. Try adding show recommendations that fit your cooking goals, and remember to prioritize safety in the kitchen.","- ### Cooking Companion Strategy Example
- - 🎬 Watch Cooking Shows: Tune into your favorite cooking show or food video for inspiration!
- - 👨‍🍳 Learn New Techniques: Pick up tips and tricks from the chefs that you can use in your own cooking.
- - 🍽️ Make it Fun: Enjoy the process! The entertainment makes cooking feel less like a chore and more like an adventure.
- - 🤩 Try New Recipes: Feel excited to experiment with new dishes instead of defaulting to takeout.
- - 🎶 Set the Mood: Play some upbeat music or fun background noise to keep the energy high while you cook.
- By incorporating these elements, cooking becomes an enjoyable, engaging experience rather than a mundane task!","Emotional Dysregulation, Inertia, Time Blindness",Drained,Stuck,Finding motivation,"Avoidant, Poor Time Estimation, Task Initiation","Externalizes Tasks, Frees Up Working Memory, Gamifies Action",,"Crash Recovery, Low Energy, Wired but Tired",,,Interactive,"Emotional Regulation, Planning",,,,"Checklist, Routine",chef-hat,,,,,Free,The Anti-Planner by Dani Donovan,Include show recommendations and safety considerations for kitchen entertainment
No,Laundry Basket in Every Room,Distributed Laundry System,When dirty clothes accumulate in multiple locations,"### 🧺 Easy Clothes Collection

Place small laundry baskets in each room where clothes tend to pile up. This makes it easier to toss in dirty clothes without having to walk to a distant laundry basket. To keep things organized, set a routine for collecting the baskets regularly. This will help make laundry day feel more manageable.","- ### 📚 Quick and Easy Laundry Tips
- - Problem: Clothes piling up everywhere? 😩
- - Solution: Use small laundry baskets in each room! 🧺
- #### How It Works:
- - Step 1: Place a basket in:
- - Bedroom 🛏️
- - Bathroom 🚿
- - Living Room 🛋️
- - Step 2: Toss clothes in the nearest basket whenever you see them! 🎯
- #### Why This Helps:
- - Less Effort: No need to walk to a distant laundry basket! 🚶‍♀️
- - Less Overwhelm: Small tasks are easier to start! 🐾
- - Laundry Day Made Easy: Just collect the baskets when it’s time to wash! 🌀
- ### ✨ Remember:
- - Keep it fun and light! Laundry doesn’t have to be a chore! 🎉","Task Initiation, Task Structuring, Working Memory Engagement",Drained,Stuck,"Cleaning Up, Resetting My Space, Task Initiation","Can't Start, Task Initiation","Breaks Down Complexity, Externalizes Tasks, Starts Small",,"Low Energy, Overwhelmed, Wired but Tired",,,Sensory,"Cleaning, Task Initiation",,,,"Checklist, Routine",washing-machine,,,,,$,,Include basket placement strategies and collection routine suggestions
No,Laundry Pods,Simplified Laundry Process,When laundry feels unnecessarily complicated,"### 🧺 Simplified Laundry Steps

Use laundry pods for an effortless laundry experience. They eliminate the measuring step, making it easier to start your laundry without feeling overwhelmed. Just toss in a pod and go!","- ### 🎉 Simplified Laundry Process
- - Feeling overwhelmed? 😩 Laundry doesn't have to be a chore!
- - Switch to laundry pods! 🧼 Just toss one in and start the machine!
- - No measuring required! 📏 Say goodbye to that annoying extra step!
- - Simplify your routine:
- - Pre-measured pods make it easy!
- - Cut down on decision fatigue! 🧠
- - Feel accomplished: ✅ Starting laundry can be as easy as 1-2-3!
- With laundry pods, you’re one step closer to a stress-free laundry day! 🌈","Decision Fatigue, Task Initiation",Drained,Stuck,"Cleaning Up, Resetting My Space, Task Initiation Support","Can't Start, Task Initiation","Breaks Down Complexity, Reduces Decision Fatigue",,"Low Energy, Overwhelmed, Wired but Tired",,,Gamified,"Cleaning, Task Initiation, Task Initiation Support",,,,"Gamification, Gamified",washing-machine,,,,,$,,Include cost comparison and environmental considerations
No,Life Priority Audit,Commitment Reality Check,When you're overcommitted and overwhelmed,"### 📝 Commitment Clarity Check

Create a simple list of your commitments. Ask yourself if you really want or need each one. Use a yes/no/maybe system to quickly decide what to keep, delegate, or drop. This will help you feel less overwhelmed and make it easier to get started on tasks.","- ### ✨ Commitment Clarity Check
- - Grab your favorite drink ☕️
- - List all your current projects and commitments 📋
- - Aim for at least 15 items!
- - Evaluate each one with these questions:
- - ❓ Do I truly want or need this?
- - If yes, keep it! ✅
- - If no, consider these options:
- - 🚪 Resign from it (let it go!)
- - ⏳ Postpone it (set it aside for now)
- - 🔄 Delegate it (ask for help!)
- - Notice how you feel after this exercise:
- - You might feel lighter and more in control! 🌈","Executive Dysfunction, Task Structuring, Time Blindness",Frustrated,Defeated,"Managing my schedule, Planning my time",Cannot Finish,"Externalizes Tasks, Minimizes Friction, Provides External Structure",,Overstimulated,,,"Task Simplification, Time Management, Visual","Planning, Time Planning",,,,Checklist,map,,,,,Free,The Anti-Planner by Dani Donovan,Provide commitment evaluation worksheets and graceful exit scripts
No,Light Therapy,Seasonal Mood Support,When seasonal changes worsen ADHD symptoms,"### 💡 Bright Light Boost

Use a light therapy lamp for 20 minutes each morning to boost your mood and energy, especially in winter when sunlight is limited. This can help you start your day with more motivation and tackle your tasks more easily.","- ### Example
- - 🌧️ Seasonal Struggles
- You notice that your ADHD symptoms get worse during the winter months when there's less natural sunlight.
- - ☕ Morning Routine
- You decide to start using a light therapy lamp for 20 minutes each morning while enjoying your coffee.
- - 💡 Bright Light Benefits
- - The bright light helps to:
- - Improve your mood 🌞
- - Boost your energy ⚡
- - Makes those darker days feel brighter! 🌈
- - 🎯 Outcome
- You feel more motivated and ready to tackle your daily tasks, overcoming that winter slump!","Emotional Dysregulation, Task Initiation, Time Blindness",Drained,Stuck,"Finding motivation, Overcoming Procrastination, Starting Something Hard","Can't Start, Poor Time Estimation","Frees Up Working Memory, Gamifies Action",,"Crash Recovery, Low Energy, Wired but Tired",,,"Gamified, Interactive",Emotional Regulation,,,,Gamification,home,,,,,$$,,Include light therapy timing and safety guidelines
No,Location-Based Reminders,Context-Aware Memory Support,When timing-based reminders don't match your actual opportunities,"### 📍 Location-Based Reminders

Set reminders that activate when you're near specific locations. This helps you remember tasks like picking up groceries or making calls when you arrive at home. By linking reminders to your location, you can act at the right moment and reduce forgetfulness.","- ### 🛒 Location-Based Reminder Example
- - Scenario: You often forget to buy things when you're near the store.
- - Solution:
- - 📱 Set location-based reminders on your phone for specific stores.
- - 🚗 As you drive near the store, you receive a timely alert.
- - Benefit:
- - ⏰ No more passing by without remembering!
- - ✅ Get prompted to take action right when you're near.
- Relatable Moment: Imagine you're driving home, and your phone buzzes just as you pass that hardware store. You remember you need to pick up screws for a project. Thanks to your reminder, you can stop and grab them!","Time Blindness, Working Memory Engagement, Working Memory Failures",Forgetful,Stuck,"Overcoming Procrastination, Quick Task Management, Task Initiation","Can't Start, Forgetful, Poor Time Estimation","Externalizes Tasks, Frees Up Working Memory",,"Burnout, Crash Recovery, Low Energy",,,"Gamified, Sensory",Work,,,,Gamification,bell,,,,,Free,,Include location reminder setup and practical use cases
No,Low Energy Emergency Kit,Zombie Day Survival Kit,When you're having a low-energy day,"### ⚡️ Low Energy Survival Kit

Create a simple plan for low-energy days. This kit includes three easy tasks, snacks, and uplifting music to help you start your day without feeling overwhelmed.","- ### 🧠 Low Energy Day Plan
- - Wake Up Feeling Like: 💤 Your brain is wrapped in cotton
- - Today’s Challenge: 💻 You have to work!
- Instead of Panicking, Try This:
- - Grab Your Low Energy Kit:
- - ✅ 3 Must-Do Tasks:
- - Task 1: [Insert Task]
- - Task 2: [Insert Task]
- - Task 3: [Insert Task]
- - ☕ Favorite Iced Coffee Recipe:
- - [Insert Recipe Here]
- - 🎶 15-Minute Uplifting Playlist:
- - [Insert Playlist Here]
- - 👖 Comfortable Clothes: Give yourself permission to wear what feels good!
- Let’s Turn This Day Around! 🚀","Emotional Dysregulation, Task Initiation, Working Memory Engagement",Drained,Stuck,"Staying focused, Task Initiation","Can't Start, Poor Time Estimation","Gamifies Action, Minimizes Friction",,"Crash Recovery, Low Energy, Wired but Tired",,,"Gamified, Interactive","Planning, Task Initiation Support, Time Planning",,,,Gamification,battery,,,,,Free,The Anti-Planner by Dani Donovan,Include different kit options for work days vs. rest days
No,Low-Effort Meals,Minimal Energy Cooking,When cooking energy is very low,"### 🍽️ Quick Meal Solutions

Create a simple list of meals that are quick to prepare and require few ingredients. This helps you choose something easy to make when you’re low on energy. Having these meal options ready can make cooking less overwhelming and ensure you stay nourished, even on tough days.","- ### 🌟 Quick Meal Idea
- When you come home exhausted, cooking anything elaborate feels impossible. Here's a super easy option:
- - Microwave a sweet potato:
- - Just pop it in for a few minutes!
- - Top it with:
- - Canned beans 🥫
- - Cheese 🧀
- ### 🚀 Benefits:
- - Takes only 5 minutes!
- - Nutritious: You get a balanced meal without overwhelming your tired brain.
- ### 🤗 Remember:
- - Keep this option handy for those low-energy days!","Decision Fatigue, Emotional Dysregulation, Time Blindness",Drained,Stuck,Finding motivation,Time Blind,"Externalizes Tasks, Gamifies Action, Reduces Decision Fatigue",,Low Energy,,,Gamified,Decision Making,,,,"Checklist, Gamified",utensils,,,,,Free,The Anti-Planner by Dani Donovan,Include nutrition tips and ingredient staples for low-effort meals
No,Lunch Prep the Night Before,Evening Food Preparation,When morning routines are too rushed for meal prep,"### 🌙 Easy Lunch Prep

Prepare your lunch the night before to simplify your mornings. By packing a quick meal—like a sandwich, fruit, and crackers—you save time and reduce stress. This way, you can grab your lunch and head out without the chaos of morning routines.","- ### Quick and Easy Lunch Prep 🍱
- Why it Matters:
- Mornings can be hectic, and packing lunch might feel overwhelming. Preparing the night before can help you glide through your morning routine!
- Here’s a Simple Plan:
- - Choose Your Base:
- 🍞 Sandwich (your favorite bread and fillings)
- 🌾 Wrap (try a tortilla for a change)
- - Add Some Crunch:
- 🥕 Baby carrots or cucumber slices
- 🍏 An apple or a handful of grapes
- - Include a Snack:
- 🍪 A couple of cookies or a granola bar
- 🧀 Cheese cubes or crackersHow to Do It:
- 1. Take 5 Minutes: Find a moment in the evening to prep.
- 2. Pack It Up: Put everything in a bag or container.
- 3. Set It by the Door: Grab it easily in the morning!
- Benefits:
- - Avoid morning chaos 🚀
- - Make healthier choices 🌟
- - Save money 💰
- Remember: A simple lunch can make your day smoother!","Decision Fatigue, Executive Dysfunction, Working Memory Engagement",Stuck,Overwhelmed,"Starting Something Hard, Task Initiation Support","Can't Finish, Can't Start","Externalizes Tasks, Frees Up Working Memory, Reduces Decision Fatigue",,"Crash Recovery, Low Energy, Shutdown",,,"Gamified, Sensory","Time Planning, Work",,,,Gamification,moon,,,,,Free,,Include make-ahead lunch ideas and storage tips
No,Magic Dish Spray System,Effortless Cleaning Solution,When traditional dishwashing feels too overwhelming,"### ✨ Effortless Dish Cleaning

Transform dishwashing into a quick spray-and-rinse process with dish soap spray. This method eliminates the need for scrubbing and soaking, making it easier to start the task and reset your space without hassle.","- ### ✨ Quick and Magical Dish Cleaning Tips ✨
- - Feeling Overwhelmed? 😩
- You notice dishes piling up, and it's hard to get started.
- - Grab the Magic Spray! 🪄
- Instead of scrubbing away, just spray and watch the mess dissolve!
- - How to Use:
- 1. Spray 🧴 your dish soap on the dishes.
- 2. Watch 👀 as food breaks down without scrubbing.
- 3. Rinse 🚰 quickly and enjoy your clean dishes!
- - Why It Works:
- - No More Scrubbing Hassle! ✋
- - Instant Satisfaction: You see results immediately! 🎉
- - Less Overwhelm: Tackle only a few items at a time. 🥳
- This approach makes cleaning feel less daunting and more like a fun little magic trick! 🪄✨",Task Initiation,Drained,Stuck,"Cleaning Up, Resetting My Space, Task Initiation","Can't Start, Task Initiation","Breaks Down Complexity, Externalizes Tasks, Minimizes Friction",,"Low Energy, Overwhelmed, Wired but Tired",,,"Interactive, Task Simplification, Visual","Cleaning, Task Initiation",,,,Quick Fix,trash-2,,,,,$,,Include application tips and cost comparison with traditional dish soap
No,Magic Eraser,Effortless Cleaning Tool,When cleaning feels too difficult or time-consuming,"### ✨ Effortless Cleaning Magic

Use a Magic Eraser to easily remove scuff marks and stains. This tool makes cleaning feel manageable, motivating you to tackle small tasks often. Remember to check surface safety guidelines and consider buying in bulk to stay prepared.","- ### ✨ Example of Using a Magic Eraser
- - Situation: You notice scuff marks on your wall that you've been ignoring for weeks. 😩
- - Feeling: Cleaning seems like a hassle. 😫
- - Action:
- - Grab your Magic Eraser. 🧽
- - Wet it under the tap. 💧
- - Watch the marks disappear with minimal effort! 🎉
- - Result:
- - Feel a sense of accomplishment! 🎊
- - Gain motivation to tackle other small cleaning tasks around the house! 💪🏠",Task Initiation,Drained,Stuck,"Cleaning Up, Overcoming Procrastination, Resetting My Space","Can't Start, Disorganized","Breaks Down Complexity, Starts Small",,Low Energy,,,Gamified,"Cleaning, Emotional Regulation, Task Initiation",,,,Gamification,broom,,,,,$,,Include surface safety guidelines and bulk purchasing tips
No,Make Your Bed,Morning Accomplishment Ritual,When you need an easy morning win,"### 🛏️ Start Your Day Right

Make your bed each morning for a quick win. This simple task creates a tidy space and helps set a positive tone for your day. It’s an easy step to kickstart your morning routine.","- ### 🛏️ Quick Morning Win
- - Wake Up: You open your eyes, feeling a bit unmotivated. 😴
- - Take 2 Minutes: Before getting dressed, pull up your covers and arrange your pillows. ⏰
- - Feel Accomplished:
- - ✅ Enjoy that tiny boost of accomplishment!
- - 🌟 Your bedroom instantly feels more peaceful.
- - Ready to Tackle the Day: With this small win, you set a positive tone for everything else ahead! 🚀",Task Initiation,Drained,Stuck,"Cleaning Up, Resetting My Space, Task Initiation","Can't Start, Task Initiation","Gamifies Action, Minimizes Friction, Provides Instant Rewards",,"Burnout, Low Energy",,,Gamified,"Cleaning, Task Initiation",,,,"Accountability, Quick Fix, Routine",calendar,,,,,Free,,Include bed-making techniques for different bed types and time constraints
No,Matching Tupperware,Container Organization System,When food storage is frustrating and time-consuming,"### 🍱 Streamlined Food Storage

Use matching food storage containers to make meal prep easier. Having identical containers means any lid fits any bottom, so you won’t waste time searching for the right ones. This organized approach helps you quickly store leftovers and simplifies your cooking routine.","- ### Example Scenario
- Imagine this:
- - 😩 You're tired of digging through a drawer filled with mismatched containers.
- - 🥴 Finding lids that fit is like solving a puzzle—frustrating and time-consuming!
- Solution:
- - 🛒 Buy a set of 20 identical glass containers.
- - ♻️ Recycle all those old, mismatched ones!
- Benefits:
- - ✅ Now, any lid fits any container.
- - ⏱️ Storing leftovers becomes quick and stress-free.
- - 💪 You’ve simplified meal prep, making it easier to tackle tasks with less mental load!
- Feel the difference:
- - No more searching for matching lids!
- - Enjoy an organized system that helps you focus on meal planning.","Executive Dysfunction, Time Blindness, Working Memory Engagement",Frustrated,Defeated,,"Can't Finish, Disorganized","Breaking Down Complexity, Externalizes Tasks, Frees Up Working Memory",,"Burnout, Low Energy, Overstimulated",,,"Gamified, Interactive",,,,,Gamification,settings,,,,,$$,,Include container recommendations and transition strategies
No,Meal Batch Cooking,Large Quantity Preparation,When daily cooking feels too time-consuming,"### 🍽️ Batch Cooking Made Easy
Prepare large amounts of easy-to-cook foods like rice, pasta, and roasted vegetables. Mix and match these components throughout the week to quickly assemble meals without starting from scratch each day.","- ### 🍚 Meal Prep Made Simple!
- Here's how to set yourself up for success:
- - Cook a Big Batch!
- - Make a huge pot of rice 🍚
- - Roast a sheet pan of mixed vegetables 🥦🥕
- - Bake several chicken thighs 🍗
- Throughout the Week, Mix & Match:
- - Create Rice Bowls 🍲
- - Toss together Pasta Dishes 🍝
- - Make fresh Salads 🥗
- Benefits:
- - No more cooking from scratch every day! 🚫🍳
- - Enjoy a variety of meals with minimal effort! 🎉
- Feel accomplished and stress-free in your cooking routine! ✨","Decision Fatigue, Executive Dysfunction, Time Blindness",Frustrated,Defeated,"Quick Task Management, Task Initiation Support","Can't Finish, Task Initiation","Minimizes Friction, Reduces Decision Fatigue",,"Burnout, Frozen/Shut Down, Overstimulated",,,Gamified,Planning,,,,"Gamification, Gamified",utensils,,,,,Free,,Include batch cooking recipes and storage guidelines
No,Meal Delivery Apps,Convenience Eating Solution,When cooking is temporarily impossible due to overwhelm,"### 🍽️ Smart Meal Ordering

When cooking feels too overwhelming, order meals strategically. Budget for food delivery as “crisis food” to ease the stress of meal prep. This way, you can focus on what’s important without the guilt of skipping meals, helping you stay energized and nourished during tough times.","- ### 🌟 Real-Life Example 🌟
- - Situation: You're juggling a work deadline and family stress.
- - Feeling: Overwhelmed and burned out 😩
- - Instead of:
- - Skipping meals 🍽️
- - Feeling guilty 😔
- - Action Taken:
- - Ordered healthy options from your favorite restaurant 🍲
- - Budgeted for this as “crisis food” 💵
- - Why This Works:
- - Temporary support while managing other priorities 🌈
- - Helps maintain energy and nutrition during tough times 💪","Emotional Dysregulation, Inertia, Time Blindness",Burned out,Defeated,Being Kinder to Myself,"Poor Time Estimation, Sensory Overload","Emotional Regulation, Minimizes Friction",,Burnout,,"Avoidant, Frozen",Interactive,Decision Making,,,Working Professional,Checklist,utensils,,,,,$$,,Include healthy ordering strategies and budget planning tips
No,Meal Kit Delivery,Decision-Free Cooking,When meal planning feels overwhelming but you want to cook,"### 🍽️ Decision-Free Cooking

Subscribe to a meal kit delivery service. It provides all the ingredients and easy-to-follow instructions for 3 meals each week. This way, you can cook without the stress of planning or shopping, making it easier to enjoy healthy meals at home.","- ### 🌟 Meal Kit Service Benefits
- - 👩‍🍳 Cook Healthy Meals Easily: No need to plan or shop!
- - 📝 Everything Provided: All ingredients and instructions delivered.
- - ✨ No Decision Fatigue: Simplify your cooking routine.
- - 💪 Enjoy Cooking: Focus on the joy of cooking without stress.
- ### 🎉 Why It Works
- - 🚀 Reduces Mental Load: Less planning means more energy for cooking.
- - 🧠 Supports Task Initiation: Makes it easier to get started in the kitchen.
- - 🥗 Promotes Healthy Eating: Enjoy nutritious meals without the hassle!
- Imagine this: You want to eat well, but meal planning feels like a chore. By subscribing to a meal kit service, you can cook delicious meals without the overwhelm!","Decision Fatigue, Task Initiation, Working Memory Engagement",Stuck,Overwhelmed,"Managing Emotional Dysregulation, Quick Task Management, Task Initiation Support","Can't Decide, Poor Time Estimation",Reduces Decision Fatigue,,"Low Energy, Overwhelmed, Shutdown",,"Avoidant, Frozen","Gamified, Sensory",Self-Compassion,,,,Gamification,utensils,,,,,$$$,,Include service comparisons and cost-benefit analysis
No,Meal Planning Apps,Food Organization Tools,When meal planning decisions feel overwhelming,"### 🍽️ Simplified Meal Planning

Meal planning apps help you organize your meals by suggesting recipes tailored to your tastes and automatically creating shopping lists. This simplifies the cooking process, helping you save time and reduce stress.","- ### 🍽️ Meal Planning Made Easy!
- - Feeling Overwhelmed? 😩
- You're not alone! Meal planning can feel like a daunting task.
- - Imagine This:
- You want to cook more but don't know where to start.
- Here's how a meal planning app can help:
- - Personalized Recipe Suggestions 🥗
- Get recipes tailored to your dietary preferences!
- - Automatic Shopping Lists 🛒
- No more last-minute grocery store runs! The app does it for you.
- - Less Mental Load 🧠
- Focus on enjoying your meals instead of stressing over what to cook.
- - End Result:
- You’ll eat better and feel more organized without the hassle! ✨",Decision Fatigue,Stuck,Overwhelmed,"Managing my schedule, Quick Task Management","Can't Decide, Poor Time Estimation","Externalizes Tasks, Reduces Decision Fatigue",,"Low Energy, Overwhelmed, Shutdown",,"Frozen, Overthinking",Interactive,Planning,,,,Checklist,utensils,,,,,$,,Include meal planning features and grocery integration benefits
No,Meal Prep Containers,Food Organization System,When food preparation needs to be simplified,"### 🍱 Meal Prep Made Easy
Invest in clear meal prep containers to make cooking simple. Prepare meals in advance on a set day to have healthy options ready and visible. This reduces stress and helps you eat better throughout the week.","- ### 🌟 Example: Meal Prep Success
- - Scenario: You want to eat healthier but often resort to takeout because cooking feels overwhelming.
- - Solution:
- - 🥡 Buy Clear, Stackable Meal Prep Containers
- - 🗓️ Spend Sunday Preparing Meals:
- - Choose easy recipes (think one-pot meals or sheet pan dinners)
- - Prepare grab-and-go meals for the week
- - 🍽️ Keep Meals Visible:
- - Store them in the fridge where you can see them
- - Label containers for quick access (e.g., ""Lunch"" or ""Snacks"")
- - Outcome:
- - 🌱 Having healthy food ready and visible makes good choices easier!
- - 💪 You’ll feel accomplished and empowered to stick to your healthy eating goals.","Task Initiation, Time Blindness",Anxious,Ashamed,"Starting Something Hard, Task Initiation","Avoidant, Can't Start","Externalizes Tasks, Minimizes Friction",,"Burnout, Frozen/Shut Down, Low Energy",,"Avoidant, Frozen, Time Blind",Visual,,,,,"Checklist, Routine",utensils,,,,,$$,,Include container selection criteria and meal prep efficiency tips
No,Meal Prep Sundays,Batch Cooking Strategy,When weekday meal decisions feel overwhelming,"### 🍽️ Easy Meal Prep

Spend a few hours on Sunday preparing meals for the week. Wash and chop vegetables, cook grains, and grill proteins. This way, when the busy week starts, you'll have everything ready to quickly assemble meals without the stress of planning.","- ### 🥗 Meal Prep Made Easy!
- Get ready for a stress-free week with these simple steps:
- - 🧼 Wash & Chop: Start by washing your veggies and chopping them into bite-sized pieces.
- - 🍚 Cook Grains: Prepare a big batch of rice, quinoa, or any grain you love.
- - 🔥 Grill or Bake Proteins: Grill several chicken breasts or your favorite protein source.
- ### Why This Works:
- - 🗓️ Saves Time: Spend just a few hours on Sunday, and you’re set for the week!
- - 🚀 Reduces Decision Fatigue: With your meal components ready, you don’t have to think about what to cook during busy weekdays.
- - 💪 Boosts Efficiency: Quickly assemble your meals without the stress!
- ### Meal Ideas:
- - 🥗 Salads: Toss together your prepped veggies, grains, and protein for a quick salad.
- - 🍲 Stir-Fries: Stir-fry your ingredients for a delicious and easy dinner.
- - 🍚 Grain Bowls: Layer grains, proteins, and toppings for a satisfying meal.
- Enjoy your meal prep Sundays! 🎉","Decision Fatigue, Executive Dysfunction, Task Initiation",Frustrated,Defeated,"Quick Task Management, Task Initiation Support","Can't Finish, Task Initiation","Cognitive Load Management, Executive Function Support, Minimizes Friction",,"Crash Recovery, Low Energy, Wired but Tired",,Time Blind,Gamified,Planning,,,,"Checklist, Gamified",utensils,,,,,Free,,Include beginner-friendly prep ideas and storage solutions
No,Medication Reminder Apps,Health Management Tools,When medication consistency needs digital support,"### ⏰ Medication Alerts

Use medication reminder apps to set up personalized alerts that help you remember to take your medication. These apps send notifications at the right times, making it easier to stick to your routine. Track your medication intake and any side effects to help you stay on top of your health.","- ### Example of Using a Medication Reminder App
- - 🌟 You often forget to take your ADHD medication.
- - 🕒 This affects your ability to function throughout the day.
- - 📲 You set up a medication reminder app with:
- - Multiple daily alerts ⏰
- - Tracking features 📊
- - 💡 Result:
- - Consistent medication adherence improves your focus 🎯
- - Enhances your daily functioning 🌈","Emotional Dysregulation, Task Initiation, Working Memory Failures",Forgetful,Ashamed,"Managing Emotional Dysregulation, Quick Task Management, Task Initiation Support","Forgetful, Poor Time Estimation, Task Initiation","Frees Up Working Memory, Minimizes Friction, Starts Small",,"Crash Recovery, Low Energy, Wired but Tired",,Avoidant,"Gamified, Sensory","Planning, Time Planning",,,,Gamification,camera,,,,,$,,Include reminder customization and tracking features
No,Medication Timing Optimizer,Peak Performance Scheduling,When medication timing isn't matching your needs,"### ⏰ Optimize Your Medication Timing

Work with your doctor to create a medication schedule that fits your routine. Adjusting when or how much you take can help you feel more focused and energetic throughout the day.","- ### 🌟 Medication Timing Example
- - 🕑 Notice: Your ADHD medication wears off by 2 PM.
- - 😩 Challenge: Afternoons become difficult to manage.
- - 🩺 Action: Talk to your doctor about:
- - Adjusting the timing of your medication 🕒
- - Adding a small afternoon dose 💊
- - ✨ Result: Finding the right medication schedule can:
- - Dramatically improve your ability to function throughout the day! 🚀
- ### 💡 Remember:
- - Small changes can lead to big improvements in focus and energy! 🌈","Executive Dysfunction, Time Blindness, Working Memory Failures",Scattered,Overwhelmed,"Starting Something Hard, Staying focused","Can't Focus, Forgetful, Poor Time Estimation",Starts Small,,"Burnout, Low Energy, Wired but Tired",,"Avoidant, Discouraged, Overthinking",Interactive,Time Planning,,,,Checklist,grid,,,,,$$$,,Include questions to ask your doctor and timing considerations
No,Meditation Apps,Mindfulness Support Tools,When traditional meditation feels too difficult,"### 🧘‍♂️ Quick Meditation Sessions

Explore meditation apps that provide short sessions of 2 to 10 minutes. These apps include guided breathing, body scans, and movement-based mindfulness, making meditation easier when longer sessions feel daunting. By using shorter, structured sessions, you can start meditating without feeling overwhelmed.","- ### 🌟 ADHD-Friendly Meditation Example
- - Feeling: Overwhelmed by traditional meditation
- - Solution: Use meditation apps with short sessions (3-5 minutes)
- - Why it Helps:
- - Quick and Manageable: Perfect for busy minds!
- - Structured Guidance: Easy to follow and stay engaged
- - Calming Effects: Helps you feel more in control
- ### 💡 Benefits of Short Sessions:
- - Breathe Easy: Guided breathing exercises to calm your mind 🌬️
- - Body Awareness: Short body scans to reconnect with yourself 🧘
- - Movement Mindfulness: Integrate gentle movements for focus and relaxation 🌈
- ### 🚀 Remember:
- - Start Small: Each session builds your meditation habit
- - Stay Kind to Yourself: It's okay to take it one step at a time! 💖",Emotional Dysregulation,Overstimulated,Overwhelmed,"Being Kinder to Myself, Calming Down",Anxious,"Externalizes Tasks, Gamifies Action, Starts Small",,"Crash Recovery, Low Energy, Overstimulated",,"Avoidant, Discouraged, Overthinking",,Emotional Regulation,,,,Gamification,lotus,,,,,$,,Include features to look for and session length recommendations
No,Meditation Timer Apps,Mindfulness Support Tools,When meditation practice needs supportive technology,"### 🧘‍♂️ Mindful Timer Support

Meditation timer apps with soothing sounds help you stay focused and calm during your practice. They structure your meditation time, making it easier to start and stay engaged. With a peaceful routine, these tools help reduce anxiety and support emotional balance.","- ### 🧘‍♂️ Create Your Calm Space
- - Feeling Jittery? 😣
- - Need a Break? 🌿
- Try this:
- - Download a Meditation Timer App 📱
- - Choose one with gentle bell sounds 🔔
- - Select nature backgrounds 🌳 for a soothing vibe
- Why it works:
- - Peaceful Interface ✨
- - Makes your meditation feel intentional and calming 🧘‍♀️
- Imagine this:
- - You open the app and feel the stress melt away 🌈
- - The gentle sounds guide you into a mindful state 🕊️
- - You finish feeling refreshed and centered 🌞
- You got this! 🌟","Emotional Dysregulation, Task Structuring, Time Blindness",Overstimulated,Overwhelmed,"Being Kinder to Myself, Calming Down","Anxiety Management, Emotional Regulation","Creates Accountability, Emotional Regulation, Gamifies Action",,"Overstimulated, Overwhelmed",,Overthinking,"Gamified, Mindful Awareness","Emotional Regulation, Self-Compassion",,,,"Accountability, Gamification, Routine",lotus,,,,,$,,Include timer features that support mindfulness practice
No,Micro-Meditation,Quick Reset Breathing,When you need a quick mental reset,"### 🌬️ Quick Breath Reset

Take 2-5 minutes to focus on your breath when feeling overstimulated or overwhelmed. Count your breaths—inhale for 4 and exhale for 6. This quick mental reset helps you regain clarity and calmness before tackling tasks or making phone calls.","- ### 📞 Quick Phone Call Prep
- Feeling anxious about that phone call? Here’s a quick breathing technique to help you reset:
- - 🌬️ Take 60 seconds to breathe:
- - Inhale for 4 seconds 🌱
- - Exhale for 6 seconds 🌬️
- - 💭 Focus on your breath:
- - Count each inhale and exhale
- - Visualize your breath flowing in and out
- - ✨ Feel the difference:
- - After a few rounds, notice your racing heart slow down
- - Embrace the clarity that comes as your mind clears and your body relaxes
- Take this moment for yourself! You’ve got this! 💪","Emotional Dysregulation, Task Structuring, Working Memory Engagement",Overstimulated,Overwhelmed,"Being Kinder to Myself, Calming Down","Anxiety Management, Can't Focus","Frees Up Working Memory, Starts Small",,"Overstimulated, Overwhelmed",,"Avoidant, Frozen","Embodied, Mindful Awareness",Emotional Regulation,,,,Quick Fix,lotus,,,,,Free,The Anti-Planner by Dani Donovan,Include specific breathing patterns and app recommendations for ADHD
No,Micro-Task Method,Tiny Task Breakdown,When tasks feel too big to start,"### 🧩 Break It Down

Transform large tasks into small, manageable steps. Instead of cleaning an entire room, start with just picking up one sock. This approach makes tasks less intimidating and helps you build momentum by completing small actions.","- ### 🧦 Start Small
- When you're staring at a messy bedroom and feeling totally frozen, remember:
- - Don't think: ""I need to clean the whole room!"" 😱
- - Instead, think: ""I’ll just pick up one sock."" 🧦
- Once you've done that, you might feel ready to:
- - Put away three shirts 👕👕👕
- - Tidy up a small corner 🗄️
- - Clear off your bed 🛏️
- By focusing on these tiny tasks, you can build momentum without feeling overwhelmed. 🌈✨","Decision Fatigue, Task Initiation, Working Memory Engagement",Stuck,Overwhelmed,"Cleaning Up, Overcoming Procrastination, Resetting My Space",Can't Start,"Breaking Down Complexity, Freeing Up Working Memory, Gamifies Action",,"Crash Recovery, Low Energy, Overwhelmed",,Frozen,"Gamified, Interactive","Cleaning, Incremental Progress, Task Initiation",,,,Gamification,check-square,,,,,Free,The Anti-Planner by Dani Donovan,Create micro-task examples for common overwhelming situations
No,Microdose Movement Strategy,2-Minute Movement Breaks,When traditional exercise feels too time-consuming,"### 💪 Quick Movement Boosts

Incorporate short 2-5 minute ""exercise snacks"" into your daily routine. Pair movement with existing habits, like doing jumping jacks during commercial breaks or stretching between tasks. This approach makes it easier to start exercising and helps maintain your energy levels throughout the day.","- ### Creative Exercise Snack Ideas 🍏🏃‍♂️
- - Jumping Jacks while your coffee brews ☕️
- - Squats during TV commercial breaks 📺
- - Walking around the block during lunch 🌳
- - Stretching between tasks at your desk 🧘‍♂️
- - Dance party for 3 minutes to your favorite song 🎶
- These quick bursts of movement can fit into your day effortlessly, helping you keep your energy up and tackle that overwhelming feeling!",Task Initiation,Drained,Stuck,"Maintaining Focus, Overcoming Procrastination, Task Initiation","Can't Start, Poor Time Estimation","Minimizes Friction, Starts Small",,"Crash Recovery, Low Energy, Wired but Tired",,"Avoidant, Disorganized, Frozen","Embodied, Interactive",,,,"Student, Working Professional","Environmental Hack, Quick Fix",activity,,,,,Free,,Include exercise snack ideas for different fitness levels and locations
No,Mind-Body Wellness Combo,Integrated Mental Health Strategy,When you need both thought management and emotional regulation,"### 💡 Mindfulness for Clarity

Use CBT to spot negative thoughts and then practice a few minutes of meditation to create a pause. This helps you manage emotions and improve focus. Start small to avoid feeling overwhelmed.","- ### 🌟 Example Scenario
- - Situation: You notice you're feeling anxious about an upcoming work presentation. 😟
- - Step 1: Identify the Thought Pattern
- - Thought: ""This will be a disaster.""
- - Challenge it with Evidence:
- - ""I've given successful presentations before."" 💪
- - Step 2: Calm Your Mind
- - Action: Take 5 minutes for breathing meditation. 🧘‍♂️
- - Benefits:
- - Creates space between anxious thoughts and your reaction. 🌈
- - Helps you feel more grounded and focused. 🎯
- - Outcome: You approach the presentation with a clearer mind, ready to share your ideas confidently! 🚀","Decision Fatigue, Emotional Dysregulation, Working Memory Engagement",Overwhelmed,Frustrated,"Being Kinder to Myself, Calming Down","Anxiety Management, Emotional Regulation, Poor Time Estimation","Breaks Down Complexity, Frees Up Working Memory",,Burnout,,"Avoidant, Overthinking","Gamified, Interactive",,,,,"Accountability, Gamification, Mindset Shift",heart,,,,,Free,,Include beginner-friendly CBT techniques and meditation combinations
No,Mobile Cleaning Command,Portable Supply Station,When missing supplies interrupt cleaning momentum,"### 🧹 Portable Cleaning Caddy

Keep your cleaning supplies organized in a portable caddy that you can easily move around. This setup ensures you have everything you need close by, allowing you to clean efficiently and without interruptions.","- ### 🧹 Cleaning Caddy Essentials
- - All-Purpose Cleaner 🧴
- - Microfiber Cloths 🧽
- - Glass Cleaner 🌟
- - Paper Towels 🧻
- ---
- Imagine this:
- You start cleaning a room but realize you need to grab supplies from another room. 😩
- Solution:
- With your Portable Cleaning Caddy, everything you need is right at your fingertips! 👐
- - No more interruptions! 🚫
- - Stay focused and on task! 🎯
- - Clean any room efficiently! 🏡
- Now you can tackle your cleaning without losing momentum! 💪✨",Task Initiation,Drained,Stuck,"Cleaning Up, Resetting My Space, Task Initiation","Avoidant, Cannot Finish, Task Initiation",Starts Small,,"Burnout, Low Energy, Shutdown",,"Avoidant, Disorganized, Frozen",Gamified,"Cleaning, Focus Enhancement, Task Initiation",,,,Gamification,broom,,,,,$,,Include caddy setup suggestions and supply recommendations
No,Mood Boost Menu,Dopamine Regulation Toolkit,When you need reliable mood boosters,"### 🎉 Personal Dopamine Menu

Create a personalized menu of quick mood-boosting activities. When feeling unmotivated, select tasks based on your energy level—like a fun dance break or watching cute animal videos. This structured approach helps you stay engaged and focused, preventing aimless scrolling and boosting your motivation.","- ### Quick Mood Boost Activity
- When you're feeling unmotivated and about to fall into a social media scroll hole, try this instead:
- - 🎶 Listen to your favorite upbeat song
- - Set a timer for 10 minutes
- - Dance around or just vibe to the music!
- - 🧹 Organize your desk
- - Tackle just one small spot
- - Enjoy the sense of accomplishment as you clear your space!
- These quick activities can help lift your mood and get you back on track!","Emotional Dysregulation, Task Initiation, Time Blindness",Drained,Stuck,"Staying focused, Task Initiation","Can't Start, Poor Time Estimation","Dopamine Activation, Executive Function Support, Externalizes Tasks",,"Crash Recovery, Low Energy, Wired but Tired",,"Avoidant, Frozen",Embodied,Emotional Regulation,,,,"Challenge, Checklist, Routine",trending-up,,,,,Free,,Include dopamine activity suggestions categorized by time and energy requirements
No,Morning Person Hacks,Morning Success Toolkit,When mornings are consistently difficult,"### 🌅 Wake Up and Win

Place your alarm across the room, requiring you to solve math problems to turn it off. This engages your mind and helps you overcome morning inertia. Pair it with a special breakfast you only allow yourself before a certain time for added motivation to get out of bed.","- ### 🌟 Morning Motivation Hack
- - Alarm Trick:
- - 📱 Place your alarm across the room.
- - ❓ Set it to require solving math problems to turn off.
- - Morning Ritual:
- - ☕ Set out your favorite mug.
- - 🍩 Prepare a special breakfast that you only enjoy before a certain time (like that delicious pastry you love!).
- - Why It Works:
- - Engaging your brain with math gets you moving!
- - The reward of a tasty breakfast makes getting out of bed worth it!
- - Visual Cues:
- - Make your morning setup inviting and fun!
- - You could even leave a cute note to yourself as a reminder of how great mornings can be!
- Let’s make mornings a little brighter and a lot more fun! 🌅","Emotional Dysregulation, Inertia, Task Initiation",Drained,Stuck,"Overcoming Procrastination, Quick Task Management, Task Initiation","Can't Start, Poor Time Estimation","Emotional Regulation, Freeing Up Working Memory, Gamifies Action",,"Low Energy, Restless, Wired but Tired",,"Avoidant, Frozen",Gamified,"Planning, Task Initiation",,,,"Gamification, Quick Fix",sunrise,,,,,Free,The Anti-Planner by Dani Donovan,Include multiple morning hack options and troubleshooting guides
No,Motivation Emergency Kit,Personal Motivation Toolkit,When motivation has completely disappeared,"### 🎵 Energize with Music

Create a list of your favorite motivating songs or videos. When you're feeling stuck, pick a quick energy booster from your kit. For example, if you can't start writing, play a favorite song and dance for a few minutes to get your energy and focus back.","- ### 🎉 Motivation Emergency Kit Example
- When you're feeling drained and can't seem to get started, try this fun approach:
- - 🎶 Listen to your favorite song!
- - Choose a song that lifts your spirits.
- - Dance around for 3 minutes to shake off the funk.
- - 📝 Break it down!
- - Write down just the first sentence of your report.
- - No pressure, just start!
- - 💡 Set a timer!
- - Use a 2-minute timer to create a quick burst of focus.
- - After 2 minutes, decide if you want to continue or take a break.
- Remember, it's all about small steps to get your energy flowing! 🌟","Emotional Dysregulation, Task Initiation, Working Memory Engagement",Drained,Stuck,"Focus Enhancement, Overcoming Procrastination, Task Initiation","Can't Start, Poor Time Estimation","Externalizes Tasks, Frees Up Working Memory, Gamifies Action",,"Low Energy, Overwhelmed, Wired but Tired",,"Avoidant, Discouraged, Overthinking",,"Emotional Regulation, Focus Enhancement, Task Initiation",,,,"Checklist, Routine",list,,,,,Free,The Anti-Planner by Dani Donovan,"Create template with different categories: 2-minute, 5-minute, and 10-minute boosters"
No,Multitasking Meals,Efficient Meal Strategy,When cooking and kitchen tasks feel tedious,"### 🍽️ Make Cooking Fun

Combine meal prep with enjoyable activities like listening to podcasts or chatting with friends. This will help make cooking feel less tedious and more engaging.","- ### 🍽️ Cooking Made Fun!
- - Feeling Bored?
- Spice up your kitchen time! 🌶️
- - Pair Activities:
- - 🎧 Listen to Your Favorite Podcast
- Only tune in while you're cooking or doing dishes!
- - 👥 Chat with Friends
- Invite a friend over or call someone while you prep!
- - Transform Your Experience:
- - Make cooking feel less like a chore and more like an enjoyable time.
- - Look forward to kitchen time because it comes with a side of entertainment! 🎉
- - Bonus:
- Every time you step into the kitchen, it's a chance to catch up on your favorite shows or have a great conversation. 📺💬","Emotional Dysregulation, Inertia, Task Initiation",Drained,Stuck,Finding motivation,"Avoidant, Bored, Task Initiation","Externalizes Tasks, Frees Up Working Memory, Minimizes Friction",,Low Energy,,"Avoidant, Frozen","Interactive, Sensory",,,,,"Checklist, Routine",utensils,,,,,Free,The Anti-Planner by Dani Donovan,Include activity pairing suggestions and safety considerations
No,Must-Haves First Method,Priority Triage System,When your to-do list feels overwhelming,"### 📝 Prioritize Your Tasks

Divide your to-do list into two sections: 'must-haves' for essential tasks and 'nice-to-haves' for additional ones. This method allows you to concentrate on what’s most important first, helping reduce overwhelm and boost your sense of accomplishment.","- ### 🌟 Example Scenario: Hosting a Dinner Party
- When you're feeling overwhelmed, try this approach:
- - Focus on the Essentials ✅
- - Clean the bathroom 🧼
- - Prepare the main dish 🍽️
- - Have drinks ready 🥤
- - Leave the Extras for Later ✨
- - Fancy appetizers 🍤
- - Themed playlist 🎶
- - Decorations 🎉
- By tackling just the essentials first, you can ensure your gathering will be a success, even if you don't get to the extras. Remember, it's all about progress, not perfection! 🌈","Executive Dysfunction, Task Structuring, Time Blindness",Frustrated,Defeated,"Managing my schedule, Planning my time, Task Initiation Support","Cannot Finish, Task Initiation","Externalizes Tasks, Gamifies Action, Starts Small",,Burnout,,Frozen,"Interactive, Task Simplification, Time Management","Planning, Time Planning",,,,Checklist,calendar,,,,,Free,The Anti-Planner by Dani Donovan,"Provide templates for different scenarios (events, work projects, daily tasks)"
No,My Favorite Excuses,Excuse Buster List,When excuses are blocking you from starting,"### 🔍 Excuse Buster List

Create a simple two-column list of your common excuses and realistic responses. This method helps you start tasks by identifying and addressing procrastination in the moment. For example, if you think, ""I need several uninterrupted hours,"" remind yourself that you can take just 10 minutes to gather receipts today. Taking small steps is more effective than waiting for the perfect moment that may never arrive.","- ### 🌟 Excuse Buster Example
- - Excuse: ""I need several uninterrupted hours.""
- - Reality: ""I can gather receipts for just 10 minutes today! 🕒""
- - Starting with one small step is better than waiting for the perfect time that may never come. 🚀
- - Excuse: ""I'm too overwhelmed to begin.""
- - Reality: ""Let’s break it down! 🤔""
- - Write just one thing on my to-do list. ✔️
- - Excuse: ""I don’t have everything I need.""
- - Reality: ""I can start with what I have! 🛠️""
- - Gather what’s available and tackle it step by step! 📋
- - Excuse: ""I'll never finish this.""
- - Reality: ""One bite at a time! 🍰""
- - Focus on one small task and celebrate the little victories! 🎉",Task Initiation,Anxious,Ashamed,"Maintaining Focus, Overcoming Procrastination, Task Initiation","Avoidant, Can't Start","Creates Accountability, Externalizes Tasks, Starts Small",,,,"Avoidant, Frozen",Gamified,Task Initiation Support,,,,"Checklist, Gamified",rotate-cw,,,,,Free,The Anti-Planner by Dani Donovan,Add common ADHD excuses as starter examples
No,Negative Thought Spotter,Thought Pattern Detective,When negative thoughts are spiraling,"### 💡 Challenge Negative Thoughts

Catch and challenge your negative thoughts, like ""I'm terrible at this."" Write it down, identify the type (e.g., catastrophizing), and create a realistic alternative. This helps you manage your thoughts and be kinder to yourself.","- ### ✨ Relatable Example
- - Scenario: You just bombed a presentation. 😳
- - Initial Thought: “I’m terrible at this, I’ll never succeed.” 😞
- Let’s Break It Down!
- 1. Identify the Thought Type:
- - This is black and white thinking. 🌓
- 2. Reframe It:
- - Instead of dwelling on the negative, try:
- - “That presentation didn’t go as planned, but I've given successful ones before! 🎉”
- - “I can learn from this and do better next time! 🚀”
- Remember:
- - It’s okay to stumble! Every mistake is a step toward improvement. 🌈
- - Be kind to yourself and keep moving forward! 🌟","Emotional Dysregulation, Task Structuring, Working Memory Engagement",Ashamed,Guilty,"Being Kinder to Myself, Calming Down","Anxious, Poor Time Estimation, Spiraling","Externalizes Tasks, Gamifies Action",,,,,"Gamified, Interactive, Reflective Practice","Emotional Regulation, Self-Compassion",,,,"Checklist, Gamified",lightbulb,,,,,Free,"CBT, The Anti-Planner by Dani Donovan",Include common thought traps reference sheet and reframing examples
No,Never Eat Alone,Social Eating Strategy,When eating feels boring and gets skipped,"### 🍽️ Make Meals Engaging

Eat meals while doing something fun, like watching a show or listening to a podcast. This makes mealtime exciting and helps you remember to eat instead of skipping it out of boredom. Try pairing lunch with a 20-minute video you enjoy; this keeps you focused and ensures you finish your meal.","- ### Example Scenario
- - 💡 You often forget to eat lunch because:
- - Sitting down to just eat feels boring.
- - You get distracted easily.
- - 🛠️ Solution:
- - Combine lunch with entertainment!
- - Try eating while watching your favorite 🎥 20-minute YouTube videos or listening to an engaging 🎧 podcast.
- - ✨ Why It Works:
- - The entertainment makes mealtime more engaging.
- - This keeps your mind stimulated and helps you finish eating instead of wandering away mid-bite.
- - ✅ Try This:
- - Pair your lunch with something you love to watch or listen to, and make meals a fun part of your day!","Emotional Dysregulation, Time Blindness, Working Memory Engagement",Drained,Stuck,Finding motivation,"Avoidant, Task Initiation","Externalizes Tasks, Frees Up Working Memory",,"Low Energy, Restless, Wired but Tired",,"Avoidant, Frozen","Interactive, Sensory",,,,,"Checklist, Routine",sliders,,,,,Free,The Anti-Planner by Dani Donovan,Include engaging activity suggestions and mindful eating balance tips
No,Never-Miss Reminder System,Multi-Layer Memory Support,When you frequently forget important appointments,"### ⏰ Triple Reminder System

Set up three reminders for your important appointments: one week, one day, and two hours in advance. Use phone alerts, calendar notifications, and sticky notes in visible places to help you remember. This straightforward strategy reduces the chances of forgetting by providing clear reminders and visual cues.","- ### 🗓️ Missed Appointments? Not Anymore!
- Here's a fun way to ensure you never forget those important appointments again!
- - Set 3 Reminders:
- - 📅 One week before: Add it to your calendar and set a reminder on your phone.
- - ⏰ One day before: Get a notification to help you prepare.
- - 🔔 2 hours before: A final nudge to get you ready!
- - Visual Cues:
- - 📝 Sticky Note: Place a bright sticky note on your bathroom mirror or fridge to remind you. Make it fun with doodles or quotes!
- - Extra Tip:
- - 🎉 Reward yourself after you successfully make it to your appointment—celebrate the win!
- With this system, you’ll be on top of your schedule and never miss another appointment again! 🎊","Environmental Cues, Task Structuring, Working Memory Failures",Forgetful,Ashamed,"Managing my schedule, Planning my time","Forgetful, Missed Appointments, Poor Time Estimation","Externalizes Tasks, Frees Up Working Memory, Provides External Structure",,Wired but Tired,,Avoidant,"Task Simplification, Time Management","Planning, Time Planning",,,,"Accountability, Checklist",bell,,,,,Free,,Include reminder timing strategies and multiple backup systems
No,No-Brainer Meals,Minimal Decision Cooking,When meal decisions feel overwhelming,"### 🍝 Quick Meal Solutions
Create a simple list of 5-7 quick meals that require little thought and effort to prepare. This helps you avoid decision fatigue and makes it easier to start cooking when you're feeling overwhelmed. When you return home tired, just glance at your list and choose a meal that’s quick to make, allowing you to enjoy a good meal without the stress of planning.","- ### 🍽️ Quick Dinner Idea
- When you're feeling exhausted, here's a simple meal suggestion to make dinner a breeze:
- - Pasta with Jarred Sauce 🍝
- - Prep Time: 15 minutes ⏰
- - Ingredients:
- - Pasta (your choice) 🍜
- - Jarred sauce (any flavor you like) 🍅
- - Frozen vegetables (your favorite mix) 🥦🥕
- - Steps:
- 1. Boil water and cook pasta until al dente. 🌊
- 2. While pasta cooks, heat the jarred sauce in a pan. 🔥
- 3. Add frozen veggies to the sauce and stir until heated through.
- 4. Drain pasta and mix with sauce and veggies. 🍽️
- - Why it works:
- - Minimal decisions needed! ✅
- - Quick and satisfying meal! 😋
- This way, you can whip up a delicious dinner without the stress of planning or decision-making!","Decision Fatigue, Task Initiation, Working Memory Engagement",Stuck,Overwhelmed,"Overcoming Procrastination, Quick Task Management, Task Initiation Support","Cant Decide, Task Initiation","Externalizes Tasks, Frees Up Working Memory, Reduces Decision Fatigue",,"Crash Recovery, Low Energy, Overwhelmed",,"Avoidant, Frozen",Sensory,Decision Making,,,,Checklist,trending-up,,,,,Free,The Anti-Planner by Dani Donovan,Include meal suggestions for different dietary needs and prep levels
No,No-Cook Meal Guide: 100 Ready-to-Eat Options,100 No-Cook Meal Ideas,When cooking feels impossible but you need to eat,"### 🥗 Quick Meal Solutions

Create a simple no-cook meal list to make food choices easier when cooking feels daunting. This list helps reduce decision fatigue and supports quick meal selection, allowing you to grab ready-to-eat options with no preparation needed. Keep it handy on your phone for easy access, especially on low-energy days.","- ### 🌟 Quick Dinner Solution
- Feeling overwhelmed by cooking? No worries! Here’s how to make dinner a breeze:
- - 🚪 Open Your Fridge
- - 📱 Grab Your Phone
- - 🗒️ Check Your No-Cook Meal List
- - Look for the ""Convenience"" category:
- - 🍗 Rotisserie chicken
- - 🥗 Pre-made salad
- - 🍪 Crackers
- ### 🎉 Dinner Ready in 2 Minutes!
- Just like that, you’ve got a delicious meal without any cooking stress!","Decision Fatigue, Task Initiation, Working Memory Engagement",Drained,Stuck,"Quick Task Management, Starting Something Hard, Task Initiation Support","Avoidant, Can't Start","Externalizes Tasks, Minimizes Friction, Reduces Decision Fatigue",,"Low Energy, Overwhelmed, Wired but Tired",,"Avoidant, Overthinking","Incremental Motivation, Task Simplification",Cleaning,,,,Checklist,life-buoy,,,,,Free,https://blackgirllostkeys.com/adhd/100-no-cook-meal-items/,Add visual icons for each category to make scanning faster
No,No-Stress Shopping System,Friction-Free Errands,When shopping environments feel overwhelming,"### 🛒 Curbside Grocery Pickup

Order your groceries online and pick them up at the store without leaving your car. This helps you stick to your list and avoid distractions from busy stores.","- ### 🌟 Example Scenario: Grocery Shopping Made Easy
- Feeling overwhelmed by grocery shopping? Here’s a simple way to tackle it:
- - 🚦 Curbside Pickup:
- - Order Online: Shop from the comfort of your home. No crowds, no noise!
- - Drive to Store: Just pull up, and they’ll load your groceries into your car. Easy peasy!
- - ✨ Benefits:
- - Stay Focused: Stick to your list without distractions.
- - Less Stress: Avoid sensory overload from bright lights and busy aisles.
- - Quick & Efficient: Get in and out without feeling scattered.
- By using curbside pickup, you can make grocery shopping a breeze! 🛒💨","Decision Fatigue, Emotional Dysregulation, Task Initiation",Overstimulated,Overwhelmed,"Maintaining Focus, Overcoming Procrastination, Quick Task Management","Poor Time Estimation, Sensory Overload","Minimizes Friction, Provides External Structure, Reduces Decision Fatigue",,"Burnout, Overstimulated, Wired but Tired",,"Frozen, Time Blind",Sensory,,,,,"Checklist, Routine",shopping-cart,,,,,Free,,Include ordering strategies and store comparison tips
No,No-Think Food Playbook,Emergency Meal System,When decision fatigue is preventing you from eating,"### 🍽️ Decision-Free Eating

Use a simple list of easy meal options to take the stress out of deciding what to eat. Keep it on your fridge for quick access, making it easier to choose a meal and avoid feeling overwhelmed by choices.","- ### 🍕 Quick Meal Idea
- Scenario: You've been working hard all day, and suddenly you're starving! But the thought of figuring out what to eat feels overwhelming.
- Solution: Open your Emergency Food Playbook and choose an option without any stress!
- #### Here’s an example of a quick choice:
- - Option 3:
- - 🍕 Frozen Pizza
- - 🥗 Bagged SaladTimeframe: ⏱️ 15 minutes to a delicious meal with no thinking required!
- ### Why This Works:
- - Externalizes tasks: No mental load!
- - Provides structure: Simple choices ready to go!
- - Reduces decision fatigue: Just grab and go!
- ### Remember:
- Food should be easy and enjoyable! 🍽️","Decision Fatigue, Task Initiation, Working Memory Engagement",Stuck,Overwhelmed,"Overcoming Procrastination, Quick Task Management, Task Initiation Support","Avoidant, Can't Decide","Externalizes Tasks, Provides External Structure, Reduces Decision Fatigue",,"Overwhelmed, Shutdown",,"Frozen, Overthinking","Gamified, Interactive",Decision Making,,,Parent,Gamification,tasks,,,,,Free,The Anti-Planner by Dani Donovan,Organize by prep time and include options for different dietary needs
No,Noise-Cancelling Headphones,Sensory Management Tool,When environmental noise is disrupting focus or causing overwhelm,"### 🎧 Focus with Noise-Cancelling Headphones
Put on noise-cancelling headphones to create a quiet space for better concentration. This helps you stay focused by minimizing distracting sounds. Choose headphones that fit your budget and preferences to enhance your work environment.","- ### Example Scenario
- Imagine this:
- - You're in a busy coffee shop ☕️
- - Conversations and background noise are pulling your attention away 📢
- - You decide to put on your noise-cancelling headphones 🎧
- Result:
- - Suddenly, the world around you fades away 🌍
- - You can finally concentrate on your laptop screen 💻
- - With reduced sensory input, your brain can focus on the task at hand! 🎯
- This small change makes a big difference in your ability to work effectively! ✨","Decision Fatigue, Emotional Dysregulation, Time Blindness",Overstimulated,Overwhelmed,"Starting Something Hard, Staying focused","Can't Focus, Forgetful, Sensory Overload","Reduces Decision Fatigue, Sensory Engagement",Urban,"Overstimulated, Overwhelmed",,"Avoidant, Frozen","Gamified, Interactive","Emotional Regulation, Work",,,,Gamification,phone,,,,,$$,,Include headphone recommendations for different budgets and use cases
No,Note-Taking Apps,Information Capture Tools,When thoughts and information need reliable external storage,"### 📝 Quick Thought Capture

Utilize note-taking apps that offer strong search features to quickly capture your ideas as they come to you. This helps prevent forgetfulness and keeps your thoughts organized. Look for apps that sync across devices and include voice-to-text input for easy access anytime, anywhere.","- ### ✨ Creative Idea Capture
- - Problem: You have great ideas throughout the day, but often forget them by the time you get home. 😩
- - Solution: Start using a note-taking app that:
- - Syncs between your phone and computer 📱💻
- - Supports voice-to-text capability 🎤
- - Benefits:
- - Quickly capture thoughts anywhere 🏃‍♂️
- - Easily find them later using the search function 🔍
- - Outcome: No more forgetting your brilliant ideas! 🎉",Working Memory Failures,Forgetful,Ashamed,"Starting Something Hard, Staying focused","Disorganized, Poor Time Estimation, Task Initiation","Externalizes Tasks, Minimizes Friction",,,,Avoidant,,"Focus Enhancement, Task Initiation Support, Work",,,,Quick Fix,diamond,,,,,$,,Include key features for ADHD needs and organization strategies
No,Numbered Cleaning Game,Systematic Organization Strategy,When cleaning feels overwhelming and you don't know where to start,"### 🧹 Gamified Cleaning Adventure

Turn cleaning into a fun game by numbering tasks in your space. Break down overwhelming jobs into smaller sections to make it easier to start. Roll a die to pick which area to clean next and focus on it for 15 minutes. This way, you can tackle clutter step by step without feeling stuck.","- ### 🎲 Cleaning Game Example
- 1. Divide Your Space:
- - Break your cluttered bedroom into 6 sections.
- - Number each section (1 to 6).
- 2. Roll the Die:
- - Grab a die and roll it to determine which section to tackle first.
- 3. Set a Timer:
- - Set a timer for 15 minutes.
- 4. Focus on One Area:
- - Clean only the section that corresponds to the number you rolled.
- 5. Repeat!:
- - Once the timer goes off, roll the die again and move to the next section!
- ### ✨ Why It Works:
- - Makes cleaning feel like a fun game! 🎉
- - Breaks down big tasks into small, manageable parts.
- - Helps you focus without feeling overwhelmed.
- Let's turn cleaning into an adventure! 🧹","Decision Fatigue, Task Initiation, Working Memory Engagement",Stuck,Overwhelmed,"Cleaning Up, Resetting My Space, Task Initiation","Can't Start, Disorganized","Breaks Down Complexity, Externalizes Tasks, Gamifies Action",,"Overwhelmed, Shutdown, Wired but Tired",,"Frozen, Overthinking","Gamified, Interactive","Cleaning, Focus Enhancement, Task Initiation",,,,"Challenge, Checklist, Gamification",broom,,,,,Free,The Anti-Planner by Dani Donovan,Add printable room division templates and timer suggestions
No,One Touch Rule,Immediate Action Principle,When small tasks accumulate into overwhelming piles,"### ⚡️ Tackle Tasks Immediately

Handle tasks right away to avoid feeling overwhelmed. For instance, sort your mail as soon as you get it instead of letting it pile up. This simple action takes only a couple of minutes and helps keep your space and mind clear.","- ### ✨ Quick Example: Mail Management
- - 📬 When you bring in the mail:
- - Sort it immediately!
- - Bills: 📄 Place in the bill folder
- - Junk: 🗑️ Toss into recycling
- - Important Items: ✅ Handle right away
- ### ⏰ Why This Works:
- - Just 2 minutes of your time can:
- - Prevent a mail pile that grows for weeks
- - Keep your space and mind clear and organized",Task Initiation,Stuck,Overwhelmed,"Staying focused, Task Initiation","Can't Start, Task Initiation","Breaks Down Complexity, Minimizes Friction, Starts Small",,"Crash Recovery, Low Energy, Overwhelmed",,"Avoidant, Disorganized","Task Simplification, Time Management","Focus Enhancement, Task Initiation, Time Planning",,,,Quick Fix,settings,,,,,Free,The Anti-Planner by Dani Donovan,Include one-touch examples for different areas of life and habit-building tips
No,Paper Plate Hack,Disposable Convenience Strategy,When dish washing is preventing you from eating well,"### 🍽️ Simplify Meal Cleanup

Allow yourself to use paper plates and disposable utensils temporarily. This approach reduces the hassle of dishwashing, helping you to concentrate on eating well, especially during busy or stressful times. Enjoy meals without the cleanup worry!","- ### 🌟 Real-Life Example:
- - Scenario: You've been avoiding cooking because the thought of washing dishes feels overwhelming. 😩
- - Solution:
- - Buy a pack of paper plates and disposable utensils. 🥄
- - Give yourself permission to use them for a week. ✅
- - Benefits:
- - No more worrying about cleanup during busy times! ⏰
- - Focus on eating well instead of feeling stressed. 🍽️
- - Outcome:
- - You actually start enjoying proper meals again! 🎉
- Remember: It's okay to simplify your routine when life gets hectic! 💪","Decision Fatigue, Executive Dysfunction, Task Initiation",Drained,Stuck,"Overcoming Procrastination, Quick Task Management, Starting Something Hard","Avoidant, Can't Start","Freeing Up Working Memory, Minimizes Friction, Reduces Decision Fatigue",,"Burnout, Frozen/Shut Down, Low Energy",,"Avoidant, Frozen",Gamified,"Decision Making, Task Initiation Support",,,Working Professional,"Engaging Gamification, Gamification",settings,,,,,$,How to Keep House While Drowning by KC Davis,Include cost considerations and transition strategies back to regular dishes
No,PARA Digital Organization,Four-Folder File System,When digital files are chaotic and hard to find,"### 🗂️ Simplified File Organization

Organize your digital files into four simple folders: Projects, Areas, Resources, and Archive. This structure helps you find what you need quickly, reducing overwhelm. Create these folders on your desktop to avoid searching through scattered files, making it easier to manage your tasks and stay organized.","- ### ✨ Example of the Four-Folder File System
- Imagine this scenario:
- - 😫 You've been saving important documents all over your computer.
- It's like a digital scavenger hunt every time you need something!
- - 🎯 Create Four Folders:
- - 🗂️ Projects: For all your active work.
- - 📊 Areas: Keep ongoing things like finances here.
- - 📚 Resources: Store reference materials that you might need.
- - 📁 Archive: For all the completed projects.
- - 🚀 When your boss asks for last month's report...
- You immediately know to check the Archive folder! No more chaos, just quick access to what you need.
- This system helps you stay organized and reduces the overwhelm, making it easier to focus on what matters!","Executive Dysfunction, Time Blindness, Working Memory Failures",Frustrated,Defeated,"Staying focused, Task Initiation","Can't Finish, Forgetful, Poor Time Estimation","Externalizes Tasks, Frees Up Working Memory, Minimizes Friction",,"Overwhelmed, Restless, Wired but Tired",,"Avoidant, Disorganized, Frozen","Gamified, Interactive","Time Planning, Work",,,,Gamification,layout,,,,,Free,,Include setup guides and file naming conventions for each category
No,Parking Lot Method,Thought Management System,When random thoughts interrupt your focus,"### 📝 Capture and Release

Create a “parking lot” document to quickly note distracting thoughts or tasks while you work. This helps clear your mind and keeps you focused. When a thought interrupts your flow, jot it down and return to your main task without losing track of important ideas.","- ### Example Scenario
- You're working on a presentation when suddenly... 💡
- - Thought: ""I need to buy a birthday gift for my sister!"" 🎁
- Instead of letting that thought derail you:
- - Quickly jot it down:
- - Write ""Sister's birthday gift"" in your parking lot document. 📝
- - Return to your task:
- - Get right back to your presentation without losing focus! ⏳
- Later, you'll check your parking lot and remember everything you needed to do! 👍","Emotional Dysregulation, Task Structuring, Working Memory Failures",Scattered,Overwhelmed,"Starting Something Hard, Staying focused","Can't Focus, Forgetful, Poor Time Estimation","Externalizes Tasks, Provides External Structure",,"Overwhelmed, Wired but Tired",,"Discouraged, Frozen, Overthinking",Sensory,"Focus Enhancement, Work",,Women,,Quick Fix,fast-forward,,,,,Free,The Anti-Planner by Dani Donovan,Include parking lot formats and review scheduling suggestions
No,Password Manager Apps,Security Simplification Tools,When password management creates workflow interruptions,"### 🔒 Secure Your Logins

A password manager simplifies your login process by generating and storing secure passwords automatically. This eliminates the need to remember multiple passwords, helping you avoid getting locked out of accounts and allowing you to access them seamlessly. Stay focused and boost your productivity without the stress of memory failures.","- ### 🚫 Struggling with Passwords?
- - Constantly locked out? 😩
- You forget passwords often, interrupting your flow.
- - Solution:
- ✅ Set up a password manager!
- - Automatically generates and stores secure passwords.
- - No more memory stress!
- - Benefits:
- - Seamless access to accounts. 🔑
- - Focus on what really matters—your work! ✨
- - Reduce anxiety around remembering passwords. 😌","Decision Fatigue, Emotional Dysregulation, Working Memory Failures",Forgetful,Ashamed,"Starting Something Hard, Staying focused","Avoidant, Disorganized, Task Initiation","Frees Up Working Memory, Minimizes Friction",,"Burnout, Crash Recovery, Overstimulated",,Avoidant,"Gamified, Interactive","Task Initiation Support, Work",,,,Gamification,watch,,,,,$$,,Include security benefits and setup strategies
No,Peace-of-Mind Backup System,Data Protection Safety Net,When data loss anxiety creates background stress,"### 💾 Automatic Data Backup

Set up automatic backup apps to save your important files to the cloud continuously. This simple step helps you avoid worrying about losing documents or photos, allowing you to concentrate on other tasks without stress.","- ### 📂 Protect Your Important Files!
- - Worried about losing your files? 😟
- - Imagine this: Your computer crashes, and you panic about losing all those precious documents and photos. 😱
- ### Here’s the solution! 🚀
- 1. Set up automatic backup apps that:
- - Continuously save your important files to the cloud ☁️
- - Keep your data safe and sound 🔒
- 2. Benefits of this strategy:
- - No more anxiety about data loss 🙌
- - Focus on what matters without the constant worry 🧘‍♂️
- - Enjoy peace of mind knowing your information is protected! 🛡️
- ### Remember:
- - Taking this step helps you tackle challenges like:
- - Working memory issues 🧠
- - Task initiation struggles 🚦
- You got this! Start your backup journey today and feel the relief! 🌈","Emotional Dysregulation, Executive Dysfunction, Task Initiation",Frustrated,Defeated,"Starting Something Hard, Staying focused","Anxious, Avoidant, Task Initiation","Externalizes Tasks, Gamifies Action",,"Crash Recovery, Low Energy, Wired but Tired",,Avoidant,"Gamified, Incremental Engagement",Emotional Regulation,,,,Checklist,hard-drive,,,,,$$,,Include backup strategy recommendations and peace of mind benefits
No,Pep Talk Playlist,Motivational Video Collection,When you need a quick motivation boost,"### 🚀 Quick Motivation Boost

Watch short motivational videos to get energized and tackle tasks. Keep clips under 5 minutes to stay focused and avoid distractions. This approach helps you break down overwhelming projects into smaller, manageable steps.","- ### 🌟 Quick Motivation Example
- - Feeling: 😩 Avoiding an important project for days
- - Challenge: Lack of motivation
- - Solution:
- - Open your saved ""Pep Talk"" playlist
- - 🎥 Watch a 3-minute motivational video
- - Result:
- - 💥 Feel an energy boost
- - ✍️ Get started by opening the document
- - 📄 Write the first paragraph
- Remember, even a small step can lead to big progress! 🚀","Emotional Dysregulation, Inertia, Task Initiation",Drained,Stuck,"Focus Enhancement, Task Initiation","Can't Start, Poor Time Estimation","Breaking Down Complexity, Dopamine Activation, Externalizes Tasks, Starts Small",,"Low Energy, Overwhelmed, Wired but Tired",,"Avoidant, Frozen","Gamified, Visual","Emotional Regulation, Time Planning",,,,Gamification,list,,,,,Free,The Anti-Planner by Dani Donovan,Limit to videos under 5 minutes to prevent rabbit holes
No,Permission Slips,Self-Authorization System,When guilt is preventing self-care or practical choices,"### 📝 Permission to Prioritize Self-Care

Write permission slips for activities that make you feel guilty, like resting or ordering takeout. These slips serve as reminders that taking care of yourself is important. Keep them visible to encourage self-kindness and remind yourself that it's okay to choose convenience when you need it.","- ### 📝 Example Scenario
- You feel guilty about ordering pizza instead of cooking a healthy meal after a long day. Here’s how to remind yourself it’s okay to prioritize your needs:
- - 🍕 Order Pizza: You deserve convenience!
- - 🥗 Healthy Meal: It can wait for another day.
- Remember:
- - 💡 ""Permission to choose convenience over perfection when exhausted.""
- - 🚀 Self-Care Reminder: Taking care of your basic needs is more important than being perfect.
- Keep this in mind when you feel that guilt creeping in! You’re doing great! 🌟","Task Initiation, Time Blindness",Ashamed,Guilty,Being Kinder to Myself,"Poor Time Estimation, Spiraling, Task Initiation","Externalizes Tasks, Provides External Structure",,"Burnout, Low Energy, Wired but Tired",,"Frozen, Overthinking",Visual,,,,,Checklist,target,,,,,Free,The Anti-Planner by Dani Donovan,Include common permission slip examples and guilt-reduction techniques
No,Personal Best Challenge,Self-Competition Game,When routine tasks feel boring,"### 🏆 Challenge Yourself

Make tedious tasks more enjoyable by timing how quickly you can finish them. This turns chores into challenges, helping you stay engaged and motivated. For example, try to fold laundry faster each time you do it. This approach makes routine tasks feel less overwhelming.","- ### 📅 Challenge Yourself: The Laundry Game
- - You've been putting off folding that mountain of laundry.
- Set a timer! ⏰
- - First Attempt:
- - Fold 12 items in 5 minutes.
- - Write it down on a small whiteboard in your bedroom. ✍️
- - Next Laundry Day Challenge:
- - Ask yourself: ""Can I fold 14 items in 5 minutes?""
- - Beat your previous score! 🥇
- ### 🎉 Why This Works:
- - Gamifies the Task: Makes folding laundry feel like a fun game!
- - Boosts Motivation: You’ll look forward to laundry day.
- - Accountability: Track your progress and celebrate small wins! 🎊","Inertia, Task Initiation, Time Blindness",Drained,Stuck,"Cleaning Up, Overcoming Procrastination, Quick Task Management","Avoidant, Can't Start","Breaks Down Complexity, Frees Up Working Memory, Gamifies Action",,"Low Energy, Wired but Tired",,"Avoidant, Frozen",Gamified,"Cleaning, Focus Enhancement, Task Initiation",,,,"Challenge, Gamified, Quick Fix",trophy,,,,,Free,The Anti-Planner by Dani Donovan,Include tracking sheets and suggested metrics for different tasks
No,Personal Burnout Radar,Early Warning System,When you want to prevent burnout before it hits,"### 🚨 Spot Burnout Early

Create a list of your personal burnout warning signs, such as irritability and forgetfulness. Recognizing these signs helps you take action before you feel overwhelmed. When you notice several signs, it's time to use your burnout prevention plan, like canceling plans or taking a break.","- ### 🚨 Personal Warning Signs
- - Skipped meals 🍽️
- - Have you missed lunch three days in a row?
- - Ignored messages 📱
- - Are you avoiding texts or calls from friends?
- - Irritability 😠
- - Are small noises starting to irritate you more than usual?
- ### Time to Take Action! 🚀
- When you notice two or more of these signs, it’s your cue to:
- - Cancel a commitment for the weekend 📅
- - Schedule a proper meal 🍲
- - Take a mental health afternoon ☕
- This proactive approach helps you manage your energy and avoid overwhelm!","Emotional Dysregulation, Task Structuring, Working Memory Engagement",Burned out,Defeated,Recovering from a crash,"Overcommitted, Sensory Overload","Externalizes Tasks, Frees Up Working Memory, Provides External Structure",,"Burnout, Crash Recovery, Overwhelmed",,"Discouraged, Frozen",Gamified,,,,,"Checklist, Gamified",list,,,,,Free,The Anti-Planner by Dani Donovan,Include common burnout signs checklist and prevention action plans
No,Personal Strategy Coach,Professional Brain Support,When you need professional guidance for ADHD management,"### 🤝 Personalized ADHD Coaching

Work with a specialized ADHD coach to create strategies that fit your unique challenges. You'll receive support to improve organization and time management, helping you stay accountable and focused on your goals.","- ### 🌟 ADHD Coaching Example
- - You've tried many self-help strategies but still struggle with:
- - 🗂️ Organization
- - ⏳ Time management
- - You start working with an ADHD coach who helps you:
- - 🕵️‍♂️ Identify your specific patterns
- - 🛠️ Develop customized systems
- - 📅 Receive weekly accountability
- - Why this matters:
- - 🌈 Having professional support tailored to ADHD makes a significant difference in your daily life!
- - 💪 Feel empowered to tackle challenges and achieve your goals!","Executive Dysfunction, Time Blindness, Working Memory Engagement",Frustrated,Defeated,"Starting Something Hard, Staying focused","Cannot Finish, Disorganized, Task Initiation","Externalizes Tasks, Frees Up Working Memory, Gamifies Action",,"Crash Recovery, Low Energy, Wired but Tired",,Disorganized,Gamified,"Task Initiation Support, Time Planning, Work",,,Working Professional,"Accountability, Gamified",handshake,,,,,$$$$,,Include how to find qualified coaches and what to expect from coaching
No,Phone a Friend,Social Support System,When you need external perspective or emotional support,"### 📞 Call for Support

Reach out to a friend who understands your challenges when you're feeling stuck or overwhelmed. This strategy helps you break tasks into smaller steps and creates accountability, making it easier to move forward. Use this free resource to strengthen your support network!","- ### Example Scenario
- You've been staring at a work project for an hour, feeling completely blocked. Instead of continuing to struggle alone, try this:
- - 📞 Call Your ADHD-aware Friend
- - Explain the Situation: Share what you're feeling stuck on.
- - Break It Down Together:
- - Identify smaller steps to tackle the project.
- - Get reminders of your past successes.
- After just 10 minutes, you might feel:
- - 💪 More ready to try again
- - ✨ Empowered by support
- Remember, you’re not alone in this! Reach out and let someone help you move forward.","Decision Fatigue, Emotional Dysregulation, Task Initiation",Stuck,Overwhelmed,"Focus Enhancement, Overcoming Procrastination, Task Initiation","Anxious, Can't Start","Externalizes Tasks, Gamifies Action, Reduces Decision Fatigue",,"Burnout, Low Energy, Restless",,"Avoidant, Disorganized, Frozen",Gamified,"Emotional Regulation, Focus Enhancement, Task Initiation",,,,"Gamification, Quick Fix",phone,,,,,Free,The Anti-Planner by Dani Donovan,Include conversation starters and how to build an ADHD support network
No,Physical Movement Reset,Body-Based Reset Strategy,When mental fog or stuckness needs a physical reset,"### ⚡ Quick Body Reset

Get your body moving for 2-10 minutes with activities like jumping jacks, walking, or dancing. This quick burst of movement helps clear mental fog and makes it easier to start tasks and stay focused. Even small actions can lead to significant improvements in your energy and engagement.","- ### 🚀 Quick Reset Steps
- When you're feeling stuck or drained, try this fun physical reset! Just a few minutes can make a big difference:
- - Stand Up! 🕺
- - Do 20 Jumping Jacks! 🎉
- - Walk Around the House for 3 minutes! 🚶‍♀️
- - Dance to Your Favorite Song! 💃
- ### Why This Works:
- - Clear Mental Fog ☁️
- - Boost Focus 🎯
- - Energize Your Mind ⚡
- Even small actions can create significant shifts in your mental state! Remember to keep it light and fun! 🌟","Inertia, Task Initiation, Working Memory Engagement",Drained,Stuck,"Starting Something Hard, Staying focused",Can't Start,"Breaks Down Complexity, Minimizes Friction",,"Low Energy, Wired but Tired",,"Discouraged, Frozen","Embodied, Interactive","Focus Enhancement, Task Initiation Support",,,,Environmental Hack,bolt,,,,,Free,The Anti-Planner by Dani Donovan,Include movement options for different energy levels and spaces
No,Plan B Safety Net,Contingency Victory System,When unexpected problems create disproportionate stress,"### 🗺️ Backup Planning Made Easy
Always have a backup plan for key situations like traffic or childcare. This strategy helps reduce anxiety by ensuring you have alternate solutions ready. Research multiple routes or create templates for common challenges, so you can switch plans effortlessly when unexpected issues arise.","- ### 🚦 Backup Route Planning
- - Feeling stressed about being late? 😩
- - Scenario: You're caught in traffic, and panic starts to set in. 🚗💨
- Instead of panicking, try this:
- - Research 3 different routes to your office ahead of time. 🗺️
- - Save them on your phone for easy access. 📱
- When your usual route is blocked:
- - Stay calm! 😌
- - Switch to Backup Route #2 without stress. 🌈
- Why this helps:
- - Reduces anxiety when unexpected issues arise. ✨
- - Prepares you to handle changes smoothly! 💪","Executive Dysfunction, Task Structuring, Time Blindness",Frustrated,Defeated,"Managing my schedule, Planning my time, Task Initiation Support","Anxiety Management, Can't Finish, Poor Time Estimation","Breaks Down Complexity, Externalizes Tasks, Starts Small",,Crash Recovery,,Time Blind,"Incremental Engagement, Task Simplification, Visual","Planning, Work",,,"Parent, Working Professional","Checklist, Routine",map,,,,,Free,,Include backup planning templates for common ADHD challenges
No,Playlist for Every Mood,Curated Music Collection,When you need mood regulation through music,"### 🎶 Energizing Playlists

Create playlists that match your mood and tasks. Use lively music to help you get motivated for chores, making it easier to start and finish tasks without feeling stressed.","- ### 🎧 Cleaning Energy Playlist
- Feeling sluggish and unmotivated to clean your kitchen? Try this approach:
- - 🎶 Put on your 'Cleaning Energy' playlist with upbeat songs!
- - 💃 Dance while you clean!
- - ✨ Feel the energy shift as you get into the groove!
- Instead of dragging through the task, let the music transform your cleaning routine into a fun activity!","Emotional Dysregulation, Task Initiation, Working Memory Engagement",Drained,Stuck,"Cleaning Up, Overcoming Procrastination, Resetting My Space","Can't Start, Poor Time Estimation","Dopamine Activation, Emotional Regulation, Externalizes Tasks",,"Low Energy, Overwhelmed, Wired but Tired",Recently Moved,Discouraged,"Interactive, Sensory","Cleaning, Emotional Regulation",,,,"Accountability, Challenge, Mindset Shift",list,,,,,Free,The Anti-Planner by Dani Donovan,Include playlist suggestions for different moods and activities
No,Podcast Buddy System,Audio Companionship Strategy,When you need company to start boring tasks,"### 🎧 Podcast Power-Up

Listen to a podcast while doing dull tasks to make them feel easier. This strategy helps you get started by providing audio companionship, making chores less daunting and more enjoyable.","- ### Example Scenario
- - You're staring at a mountain of dishes 🍽️
- - Feeling stuck and overwhelmed 😩
- But then you decide to:
- - Put on your favorite interview podcast 🎙️
- - Suddenly, you're scrubbing away with friends chatting nearby! 🤗
- As time passes quickly:
- - You find yourself getting through the whole sink without even realizing it ⏳
- - The dishes are done, and you feel accomplished! 🙌",Task Initiation,Drained,Stuck,"Cleaning Up, Overcoming Procrastination, Task Initiation Support","Avoidant, Can't Start","Externalizes Tasks, Frees Up Working Memory",,"Low Energy, Overwhelmed, Wired but Tired",,"Avoidant, Overthinking","Gamified, Interactive, Sensory","Cleaning, Focus Enhancement, Task Initiation Support",,,,Gamification,phone,,,,,Free,Reddit /r/ADHDWomen,Create curated podcast recommendations for different task types
No,Pomodoro Technique,Time-Boxed Focus Method,When you need structured focus time with built-in breaks,"### ⏳ Focused Work Bursts

Utilize the Pomodoro Technique by working in 25-minute focused bursts followed by 5-minute breaks. This structured approach helps you start tasks easily and stay engaged, while the breaks help refresh your mind and prevent burnout.","- ### 🎯 Scattered Focus? Try This!
- - Set a Timer ⏲️
- - Choose 25 minutes to work on your task.
- - Commit to One Thing ✍️
- - Focus solely on your report (or whatever task you have).
- - Break Time! 🧘‍♂️
- - When the timer rings, take a 5-minute break to stretch or grab a snack.
- - Repeat 🔄
- - After your break, set the timer again and dive back in!
- ### Why This Works:
- - Manageable Time ⏳
- - Just 25 minutes feels doable, right?
- - Pressure Helps 🔔
- - The ticking timer adds a little motivation to keep you on track!
- - Refresh Your Mind 🌿
- - Those breaks help you recharge and prevent burnout.
- Remember, you got this! 💪","Task Initiation, Time Blindness, Working Memory Failures",Scattered,Overwhelmed,"Staying focused, Task Initiation Support","Can't Focus, Can't Start, Poor Time Estimation","Gamifies Action, Provides External Structure",,"Burnout, Low Energy",,"Avoidant, Overthinking","Interactive, Task Simplification, Time Management","Focus Enhancement, Task Initiation Support, Time Planning",,,,"Accountability, Checklist, Routine",timer,,,,,Free,Francesco Cirillo,Include timer app recommendations and break activity suggestions
No,Priority Decision Matrix,Task Urgency Grid,When everything feels equally urgent,"### 🎯 Prioritize Tasks Effectively

Use a simple 2×2 grid to sort your tasks by urgency and importance. This visual tool helps you quickly see what needs your attention most, making it easier to tackle your to-do list without feeling overwhelmed.","- ### 📋 Task Urgency Grid Example
- Feeling overwhelmed by your to-do list? Here's a quick and easy way to break it down!
- 1. Draw a Cross ✖️
- - Create a simple 2×2 grid on paper.
- 2. Label the Quadrants 🗂️
- - Top Left: Important + Urgent
- - Top Right: Important + Not Urgent
- - Bottom Left: Urgent + Not Important
- - Bottom Right: Not Urgent + Not Important
- 3. Sort Your Tasks 📝
- - Important + Urgent: 🔥
- - Example: Finish client presentation
- - Important + Not Urgent: 📅
- - Example: Research new software
- - Urgent + Not Important: 📧
- - Example: Reply to marketing email
- - Not Urgent + Not Important: 😌
- - Example: Organize desk
- ### 🌟 Benefits
- - Visual Clarity: See what really needs your attention today!
- - Reduced Overwhelm: Focus on just a few critical tasks instead of feeling paralyzed by your entire list.
- - Enhanced Focus: Make task initiation easier without the stress of decision fatigue!
- You got this! 💪","Decision Fatigue, Task Structuring, Working Memory Engagement",Stuck,Overwhelmed,"Focus Enhancement, Staying focused, Task Initiation","Can't Decide, Can't Start","Minimizes Friction, Reduces Decision Fatigue",,Burnout,,"Frozen, Overthinking","Task Simplification, Time Management, Visual","Planning, Time Planning",,,,Checklist,target,,,,,Free,The Anti-Planner by Dani Donovan,Include decision criteria guides and digital template options
No,Procrastination Surfing,Productive Procrastination,When procrastination energy can be redirected productively,"### 💡 Productive Procrastination

Redirect your procrastination energy toward a different productive task. Instead of forcing yourself to start a task, use that energy to do something else useful, like organizing your workspace or notes. These small wins can help you feel accomplished and improve your focus for later tasks.","- ### ✨ Creative Procrastination Example
- - Task: Writing a report 📄
- - Instead of: Forcing yourself and feeling guilty 😩
- Try this:
- 1. Notice your energy! ⚡
- - Are you feeling restless?
- 2. Redirect it:
- - Grab a few minutes to organize your desk 🧹
- - Spend 20 minutes decluttering your workspace 🗂️
- 3. Feel accomplished! 🎉
- - Enjoy the satisfaction of a tidy space, which can help you focus better when you return to your report.
- Remember: Small wins can boost your mood and motivation! 🌈","Emotional Dysregulation, Task Initiation, Working Memory Engagement",Anxious,Ashamed,"Overcoming Procrastination, Staying focused, Task Initiation","Avoidant, Can't Start","Dopamine Activation, Emotional Regulation, Frees Up Working Memory",,,,"Avoidant, Discouraged, Overthinking","Gamified, Sensory","Cleaning, Focus Enhancement, Task Initiation",,,,Gamification,lightbulb,,,,,Free,The Anti-Planner by Dani Donovan,Include task-switching strategies and energy-matching techniques
No,Progress Over Perfect,Anti-Perfectionism Mindset,When perfectionism prevents any action,"### 🧠 Progress Over Perfection

Replace ""all or nothing"" thinking with ""all or something."" Focus on taking small actions instead of aiming for perfection. When you feel overwhelmed, remember that any effort—like 20 minutes of exercise—is a win. This mindset helps you get started and keeps you moving forward.","- ### 🏋️‍♂️ Quick Exercise Motivation
- - Scenario: You planned to exercise for 1 hour.
- - Reality Check: You only have 20 minutes.Instead of:
- - Feeling like you can't do the full workout and skipping it entirely...
- Try this instead:
- - 🌟 All or Something!
- - 💪 Do what you can!
- - 🕒 20 minutes is still a win!Why it works:
- - Doing something imperfectly can boost your mood and motivation!
- - Every little bit counts—progress is progress!Remember:
- - Even a short workout is better than none!
- - Celebrate those small victories! 🎉","Emotional Dysregulation, Perfectionism, Task Initiation",Stuck,Overwhelmed,"Maintaining Focus, Overcoming Procrastination, Starting Something Hard","Can't Decide, Can't Start","Breaks Down Complexity, Starts Small",,"Crash Recovery, Low Energy, Wired but Tired",,"Frozen, Overthinking",Gamified,,,,,"Engaging Gamification, Gamification",brain,,,,,Free,The Anti-Planner by Dani Donovan,"Include ""something"" alternatives for common perfectionism traps"
No,Progress Photos,Visual Motivation,When progress feels invisible or insufficient,"### 📸 Capture Your Progress

Take photos of your projects and goals to document your progress visually. This helps you see how far you've come, making it easier to stay motivated and focused on your tasks.","- ### ✨ Visualize Your Progress
- - Feeling stuck? 😩
- - You're organizing your home office 🏠
- - Take weekly photos 📸
- - Look back at your photos 📅
- - See your clear improvements over time ⏳
- - Feel motivated to keep going! 🚀
- - Celebrate those small wins! 🎉
- - Remember, every step counts! ✔️","Emotional Dysregulation, Time Blindness, Working Memory Engagement",Hopeless,Defeated,"Being Kinder to Myself, Finding motivation","Emotional Regulation, Poor Time Estimation","Dopamine Activation, Emotional Regulation",Work From Home,Crash Recovery,,"Discouraged, Overthinking","Incremental Motivation, Visual","Emotional Regulation, Self-Compassion",,,Working Professional,Checklist,camera,,,,,Free,,Include photo documentation strategies and progress celebration ideas
No,Protein-Rich Breakfast,Stable Energy Foundation,When morning energy crashes affect focus,"### 🍳 Protein-Powered Morning Boost
Start your day with a protein-rich breakfast like eggs or Greek yogurt with nuts. This helps maintain steady energy levels and improves focus, making it easier to start your day right.","- ### Easy Breakfast Ideas for Steady Energy 🌟
- - Feeling shaky and unfocused by mid-morning? 😩
- - Switch to:
- - 🥚 Eggs and Toast
- - 🥣 Greek Yogurt with Nuts
- ### Why It Works:
- - Protein = Steady Energy! ⚡
- - Reduces feelings of shakiness
- - Improves focus throughout the morning 🧠
- ### Benefits:
- - Helps maintain steady blood sugar levels 🔄
- - Enhances task initiation 🎯
- - Fights time blindness ⏰
- Make your mornings smoother and more productive! 🚀",Working Memory Failures,Forgetful,Stuck,"Maintaining Focus, Overcoming Procrastination, Task Initiation Support","Can't Focus, Can't Start, Forgetful","Breaks Down Complexity, Dopamine Activation, Externalizes Tasks",,"Crash Recovery, Low Energy, Wired but Tired",,Frozen,Sensory,Emotional Regulation,,,,Quick Fix,layout,,,,,$,,Include quick protein breakfast ideas and meal prep strategies
No,Prove-Me-Wrong Task Board,Reverse Psychology Board,When reverse psychology might motivate you,"### 🎯 Challenge Yourself

Create a challenge board with tasks framed as bets against yourself, such as ""Bet you can't clean the bathroom today."" This playful approach helps you tackle tasks by turning them into fun challenges, making them feel more achievable and reducing anxiety. Keep your statements specific to enhance motivation.","- ### 🎉 Prove Yourself Wrong!
- When you're facing tasks you've been avoiding, try using these playful challenge statements to motivate yourself:
- - 🤔 ""Bet you can't reply to those 3 emails before lunch!""
- - 🧹 ""Bet you can't organize your desk for just 10 minutes!""
- - 🚿 ""Bet you can't clean the bathroom today!""
- - 📚 ""Bet you can't read 5 pages of that book before dinner!""
- By framing tasks as fun bets against yourself, you'll turn avoidance into a motivating game. Your brain will want to prove these statements wrong, making even the toughest tasks feel more achievable. Let's make it a challenge! 💪","Emotional Dysregulation, Task Initiation, Working Memory Engagement",Anxious,Ashamed,"Cleaning Up, Overcoming Procrastination, Resetting My Space","Avoidant, Can't Start",Gamifies Action,,"Overwhelmed, Restless, Wired but Tired",,"Avoidant, Discouraged, Overthinking","Action-Oriented, Gamified, Incremental Motivation","Cleaning, Emotional Regulation, Task Initiation",,,,"Challenge, Gamification",check-square,,,,,Free,The Anti-Planner by Dani Donovan,Provide template boards and example challenge statements
No,Quick Capture System,Thought Collection Method,When important thoughts pop up at inconvenient times,"### 🚀 Quick Thought Capture

Capture your thoughts quickly in a notes app or notebook. This method helps you remember important tasks without losing focus. When distractions come up, jot down reminders to stay on track without feeling overwhelmed.","- ### 🌟 Quick Capture Example
- - Scenario: You're in the middle of cooking dinner 🍳
- - Thought: ""Oh no! I need to schedule a dentist appointment!"" 🦷
- Instead of trying to remember it:
- - Open your phone's notes app 📱
- - Type: ""Dentist appt."" 📝
- Benefits:
- - Focus back on cooking without stress! 🍽️
- - No more worrying about forgetting important tasks! ✅",Working Memory Failures,Forgetful,Ashamed,"Starting Something Hard, Staying focused","Avoidant, Forgetful, Poor Time Estimation","Breaks Down Complexity, Externalizes Tasks, Starts Small",,"Overwhelmed, Restless, Wired but Tired",,"Avoidant, Disorganized, Frozen",Interactive,"Time Planning, Work",,,,"Accountability, Checklist, Routine",rocket,,,,,Free,The Anti-Planner by Dani Donovan,Include capture method comparisons and review system suggestions
No,Quiet Quitting Your To-Do List,Priority Simplification,When perfectionism is wasting energy on unimportant tasks,"### 🚀 Simplify Your Priorities

Focus on what truly matters by eliminating non-essential tasks. This helps reduce overwhelm and allows you to redirect your energy toward impactful activities, enhancing your productivity.","- ### 🌟 Relatable Scenario
- - You realize:
- You've been spending hours each week on tasks that don’t actually matter.
- Examples include:
- - 📧 Perfectly organizing your email folders
- - 🎨 Color-coding your calendar
- - You decide to:""Quiet quit"" these perfectionist tasks!
- - Redirect your energy towards:
- - 🍽️ Meal planning
- - 🏋️‍♂️ Exercise
- ### 💡 Why This Works
- By letting go of non-essential tasks, you can focus on what truly matters.
- This shift reduces overwhelm and enhances your overall productivity!","Decision Fatigue, Perfectionism, Time Blindness",Anxious,Stuck,"Managing my schedule, Planning my time, Quick Task Management",Can't Decide,"Emotional Regulation, Externalizes Tasks, Gamifies Action",,"Burnout, Low Energy, Overwhelmed",,Overthinking,"Gamified, Visual","Planning, Time Planning",,,,Gamification,list,,,,,Free,The Anti-Planner by Dani Donovan,Include task evaluation criteria and permission-giving frameworks
No,Race the Takeout Timer,Delivery Deadline Sprint,When you need external deadlines to motivate action,"### 🍕 Delivery Deadline Sprint

Order your food and use the waiting time to tackle small tasks. Set a timer for 30 minutes to quickly tidy up your space or complete a few chores. This helps you stay focused and makes the most of your waiting period.","- ### 📦 Delivery Deadline Sprint Example
- When you order your favorite Thai food with a 40-minute delivery estimate, instead of scrolling through your phone, try this:
- - ⏲️ Set a timer for 30 minutes
- - 🧹 Quickly tidy your living space by:
- - Gathering trash 🗑️
- - Putting away 5 items 📦
- - Wiping down one surface 🧼
- When your food arrives, you'll get to enjoy it in a cleaner space and feel accomplished! 🎉","Task Initiation, Task Structuring, Time Blindness",Stuck,Overwhelmed,"Cleaning Up, Quick Task Management, Resetting My Space","Avoidant, Can't Start","Externalizes Tasks, Gamifies Action, Provides External Structure",,"Low Energy, Overwhelmed, Wired but Tired",,"Avoidant, Frozen","Gamified, Interactive, Time Management","Cleaning, Task Initiation Support, Time Planning",,,Working Professional,"Challenge, Quick Fix",pizza,,,,,$$,How to Keep House While Drowning by KC Davis,Add a list of 15-30 minute tasks perfect for delivery windows
No,Radical Acceptance,Emotional Processing Technique,When fighting emotions is making them worse,"### 🌈 Embrace Your Emotions

Accept difficult emotions without the need to fix them immediately. For example, when you feel anxious, simply say, ""I'm feeling anxious, and that's okay."" This helps you manage your feelings and stay focused on what matters.","- ### 🌟 Feeling Anxious About a Presentation Tomorrow?
- - Notice Your Feelings:
- - 😟 ""I'm feeling anxious about tomorrow's presentation.""
- - Acknowledge It:
- - 🤔 ""This is a normal response to something important.""
- - Give Yourself a Break:
- - 🛑 ""I don't have to fix this feeling right now.""
- - Breathe:
- - 🌬️ Take a deep breath and let it out slowly.
- - Focus on What Matters:
- - ✅ Redirect your attention to your preparation or positive affirmations!
- ### Remember:
- Emotions are valid! Accepting them can help you manage stress better. You got this! 💪","Decision Fatigue, Emotional Dysregulation, Working Memory Failures",Overstimulated,Overwhelmed,"Being Kinder to Myself, Calming Down",Anxiety Management,"Cognitive Load Management, Emotional Regulation, Executive Function Support",,Overstimulated,,"Avoidant, Frozen","Interactive, Reflective Practice","Emotional Regulation, Self-Compassion",,,,Quick Fix,refresh-cw,,,,,Free,The Anti-Planner by Dani Donovan,Include acceptance phrases and mindfulness techniques for different emotions
No,Random Reward Generator,Motivation Surprise System,When predictable rewards lose their motivational power,"### 🎁 Surprise Rewards Boost

Make a list of fun, small rewards and use a random generator to choose one after finishing tasks. This adds excitement and helps you stay motivated, especially for tasks that feel boring or overwhelming. Enjoy the surprise and make completing tasks more fun!

# 🎯 Focus Enhancement Tips

Break tasks into smaller, manageable chunks and set short timers to keep your attention on track. Use a reward system to celebrate completing each chunk, making the work feel easier and more rewarding.

# 🛠️ Task Initiation Strategies

Start with a simple, less daunting task to build momentum. Use a timer for short work sessions, followed by a quick break. This approach helps overcome procrastination and makes starting easier.","- ### Example Scenario
- 🎯 Task: Organizing your desk drawer (a task you've been avoiding)
- 🔄 Action: Spin your reward wheel app! 🎡
- ✨ Reward Outcome:
- - Lands on: 20 minutes of guilt-free phone scrolling! 📱
- 💡 Why This Works:
- - The surprise element makes the reward feel special! 🎉
- - You look forward to the next spin and the next surprise! 🎁
- 🌟 Relatable Feel:
- - Turning a chore into a fun challenge keeps motivation high! 🙌
- - Who knew organizing could lead to unexpected treats? 🍬","Decision Fatigue, Task Initiation, Time Blindness",Drained,Stuck,"Staying focused, Task Initiation","Cannot Finish, Task Initiation","Activates Dopamine, Externalizes Tasks, Gamifies Action",,"Burnout, Crash Recovery, Wired but Tired",,"Disorganized, Overthinking","Gamified, Interactive, Sensory","Decision Making, Focus Enhancement, Task Initiation",,,,"Challenge, Checklist, Gamification",gift,,,,,Free,The Anti-Planner by Dani Donovan,Include reward categories and generator setup instructions
No,Randomizer Apps,Decision-Making Tools,When decision fatigue is blocking action,"### 🎲 Random Decision Maker

Use randomizer apps or websites to help you make choices when you're feeling overwhelmed. Just enter your tasks, and the app will pick one for you. This takes the pressure off, making it easier to get started without feeling stuck.","- ### 🎲 Random Decision Maker in Action
- If you ever find yourself staring at a long to-do list, feeling paralyzed by choices, here’s how a randomizer app can help:
- - You have 8 tasks on your list:
- - 📧 Organize email inbox
- - 🛒 Grocery shopping
- - 🧹 Clean the living room
- - 📚 Read a book
- - 🚶‍♂️ Go for a walk
- - 💻 Work on a project
- - 🍽️ Meal prep
- - 📞 Call a friend
- - Feeling stuck? 😩
- - Open a randomizer app and input your tasks.
- - Let it choose for you! 🎉
- - Result: ""Organize email inbox.""
- This way, you can bypass decision paralysis and get moving immediately! 🚀✨","Decision Fatigue, Task Initiation, Working Memory Engagement",Stuck,Overwhelmed,"Maintaining Focus, Overcoming Procrastination, Task Initiation","Can't Decide, Can't Start","Minimizes Friction, Reduces Decision Fatigue",,"Burnout, Low Energy",,Frozen,"Gamified, Interactive","Decision Making, Task Initiation Support",,,,Gamification,graduation-cap,,,,,Free,,Include app recommendations and decision category suggestions
No,Reduce Friction,Task Simplification Strategy,When too many steps are preventing task completion,"### 🏃‍♂️ Simplify Your Tasks

Make your tasks easier by removing extra steps. For example, lay out your workout clothes the night before to eliminate barriers that might stop you from starting. This way, when you're motivated, you can jump right into action without feeling overwhelmed.","- ### 🏋️‍♂️ Get Ready to Move!
- - Step 1: 🧺 Lay out your workout clothes the night before.
- - Step 2: 🧘‍♀️ Keep your yoga mat unrolled in the living room.
- - Step 3: ⏰ Set a reminder on your phone to encourage you to start.
- ✨ Why This Works:
- - You’ll eliminate those annoying barriers that make you hesitate.
- - When motivation strikes, you can jump right in! No setup required!
- 💪 Feel the difference: With everything ready to go, you can focus on enjoying your workout, rather than feeling overwhelmed by the preparation!","Environmental Cues, Task Initiation, Time Blindness",Drained,Stuck,"Focus Enhancement, Overcoming Procrastination, Task Initiation Support","Avoidant, Can't Start, Poor Time Estimation","Breaks Down Complexity, Minimizes Friction",,"Burnout, Low Energy",,Avoidant,Gamified,"Focus Enhancement, Task Initiation Support",,,,"Environmental Hack, Gamification",grid,,,,,Free,The Anti-Planner by Dani Donovan,Include friction analysis worksheets and setup suggestions for common goals
No,Regular Exercise,Symptom Management Tool,When ADHD symptoms need natural management support,"### 🏃‍♂️ Move Your Body Daily

Engage in daily physical activity to manage your symptoms. Simple routines, like a 20-minute walk each morning, can help you feel more focused and calm throughout the day.","- ### 🌟 Your Daily Movement Routine
- - Notice Your Feelings:
- - You might feel drained on days you don’t move your body.
- - You may feel stuck when ADHD symptoms kick in.
- - Start Small:
- - Try a 20-minute walk every morning. 🚶‍♂️
- - Feel the Benefits:
- - After your walk, notice how you feel more focused and calm throughout the day. 🌈
- - Make it a Habit:
- - Incorporate movement into your daily routine.
- - Movement can be a fun and essential part of managing your ADHD! 🎉
- - Remember:
- - Regular movement isn’t just exercise; it’s a strategy for a better day! 💪","Emotional Dysregulation, Task Initiation, Working Memory Failures",Drained,Stuck,"Starting Something Hard, Staying focused","Can't Focus, Task Initiation","Dopamine Activation, Frees Up Working Memory",,"Crash Recovery, Low Energy, Wired but Tired",Recently Moved,"Avoidant, Discouraged, Frozen","Action-Oriented, Embodied, Interactive",Work,,,,"Accountability, Challenge, Routine",activity,,,,,Free,,Include exercise types that work well for ADHD and scheduling strategies
No,Rejection Sensitivity Dysphoria (RSD) Toolkit,Emotional Regulation Strategies,When criticism or perceived rejection triggers intense emotions,"### ⚡️ Manage RSD with Actionable Steps

Implement simple strategies to navigate Rejection Sensitivity Dysphoria (RSD) episodes. Use deep breathing to calm yourself and reality-check your thoughts with a trusted friend. This will help you manage overwhelming emotions effectively. Keep your support network close to remind yourself that feedback is not a rejection.","- ### Example Scenario
- - Situation: Your boss gives you minor feedback on a project.
- - Immediate Thought:
- 😱 ""They hate my work, I'm going to get fired!""
- - Instead of spiraling, try this:
- 1. Take 5 Deep Breaths 🌬️
- - Inhale… 1, 2, 3, 4, 5
- - Exhale… 1, 2, 3, 4, 5
- 2. Reality-Check:
- - Remind yourself: ""Feedback isn't rejection!"" 🤔
- 3. Reach Out:
- - Text a trusted friend for support 📱
- - Get a reality check on your thoughts 🧠
- ### Remember:
- You're not alone! Use your RSD toolkit to navigate these feelings and stay grounded. 🌈","Decision Fatigue, Emotional Dysregulation, Working Memory Engagement",Ashamed,Guilty,"Being Kinder to Myself, Calming Down","Anxious, Poor Time Estimation","Emotional Regulation, Executive Function Support, Gamifies Action",,,,"Avoidant, Frozen","Gamified, Visual","Emotional Regulation, Self-Compassion",,,,Gamification,lightning,,,,,Free,The Anti-Planner by Dani Donovan,Include RSD recognition signs and multiple coping strategy options
No,Rescue Time,Digital Activity Tracking,When you want to understand your actual time usage,"### ⏳ Time Tracking Awareness

Use automatic time-tracking software to see where your time goes. This helps you spot distractions and understand your habits. With this insight, you can make better choices about how to spend your time, helping you focus and start tasks more easily.","- ### Example
- - 📅 Always Busy?
- You feel like you're juggling a million things but never really accomplishing much.
- - ⏰ After a Week of Tracking:
- You discover that you spend 3 hours daily on social media without even realizing it!
- - 💡 No Shame, Just Insight:
- It's not about feeling bad; it’s about gathering information.
- - 🔍 Understand Your Patterns:
- This awareness helps you recognize why you feel scattered.
- - 🎯 Make Conscious Choices:
- With this knowledge, you can decide how to manage your time better!","Decision Fatigue, Task Initiation, Time Blindness",Scattered,Overwhelmed,"Staying focused, Task Initiation","Can't Focus, Task Initiation, Time Blindness","Minimizes Friction, Reduces Decision Fatigue",,"Crash Recovery, Low Energy, Wired but Tired",,"Disorganized, Overthinking, Time Blind","Gamified, Visual","Focus Enhancement, Task Initiation, Time Planning",,,,Gamification,compass,,,,,$,RescueTime app,Include privacy considerations and data interpretation guides
No,Reverse Pomodoro,Break-First Productivity,When traditional productivity methods feel too rigid,"### 🚶‍♂️ Break-First Approach

Begin your work session with a short, enjoyable break. This can be a quick walk or another relaxing activity. By easing into productivity, you reduce feelings of being overwhelmed and make it easier to focus when you start working.","- ### 🌟 Example Scenario
- - Situation: You’ve been avoiding starting a report all morning and feeling guilty about it. 😩
- - Instead of: Forcing yourself to work right away. ❌
- - Try This Instead:
- - Take a Break: Go for a 20-minute walk 🚶‍♂️
- - Tell Yourself: “After this walk, I’ll sit down and write for 25 minutes.” 🕒
- - Why It Helps:
- - Clears your head 🧠
- - Makes starting feel less overwhelming 🌈
- This simple act can really boost your readiness to engage with tasks! 💪","Emotional Dysregulation, Task Initiation, Working Memory Engagement",Drained,Stuck,"Focus Enhancement, Overcoming Procrastination, Task Initiation Support","Avoidant, Can't Start","Frees Up Working Memory, Minimizes Friction, Starts Small",,"Low Energy, Overwhelmed, Wired but Tired",,"Avoidant, Overthinking","Mindful Awareness, Sensory","Focus Enhancement, Task Initiation Support, Work",,,,"Checklist, Routine",timer,,,,,Free,The Anti-Planner by Dani Donovan,Include break activity suggestions and transition techniques
No,Reward Yourself for Doing Hard Things,Achievement Celebration System,When you need motivation to tackle difficult tasks,"### 🎉 Reward Yourself to Stay Motivated

Create a list of fun rewards for completing tough tasks. This helps make hard work feel more rewarding and encourages you to start tasks you might usually avoid. Stick to your promises about rewards to build good habits and keep your motivation high. Tailor your rewards based on how challenging the task is and your budget to stay engaged.","- ### 📞 Call Your Insurance Company
- You've been putting off this task for weeks! Let's make it more manageable:
- - Reward Yourself! 🎉
- - After making the call, treat yourself to:
- - ☕ An expensive coffee you've been craving
- - 🎮 30 minutes of guilt-free video game time
- ### Why This Works:
- - Instant Gratification: Knowing there's a reward waiting helps make the task feel worth it!
- - Positive Associations: Each time you complete a tough task and reward yourself, you're building a habit of tackling challenges.
- ### Remember:
- - Break it down. The call is just one step!
- - Celebrate every small victory! 🥳","Decision Fatigue, Emotional Dysregulation, Task Initiation",Drained,Stuck,"Overcoming Procrastination, Starting Something Hard, Staying focused","Avoidant, Can't Start","Gamifies Action, Provides Instant Rewards",,"Burnout, Low Energy, Wired but Tired",,"Avoidant, Frozen","Action-Oriented, Gamified, Incremental Motivation","Decision Making, Focus Enhancement, Task Initiation Support",,,,"Engaging Gamification, Gamification",gift,,,,,$,The Anti-Planner by Dani Donovan,Include reward ideas for different budgets and task difficulty levels
No,Roadblock Detective,Problem Detective Method,When you're stuck and don't know why,"### 🕵️‍♂️ Identify Your Roadblocks

When you feel stuck, take a moment to identify what's blocking you. Write down the specific reasons—like unclear steps or missing information. This will help you understand your barriers and make it easier to tackle tasks. Break overwhelming tasks into smaller, manageable pieces to regain your focus and confidence.","- ### 🚫 Common Roadblock: Avoiding Important Emails
- When you're stuck, here's a strategy to break it down:
- - Identify the Task:
- You've been avoiding an important email for three days.
- - Acknowledge Your Feelings:
- Instead of feeling guilty or stressed, take a moment to reflect.
- - Clarify the Block:
- Write down what's stopping you:
- - 🤔 ""I'm not sure how to phrase the budget request.""
- - 😟 ""I don't want to come off as demanding.""
- - Ask for Help:
- Now that you see the specific barriers, feel free to:
- - 💬 Reach out to a colleague for advice!
- - 📋 Draft a quick outline before sending.
- ### 🎉 Celebrate Small Wins!
- Remember, it's okay to take small steps. Each time you identify a block, you're moving closer to getting unstuck!",Task Initiation,Stuck,Overwhelmed,"Focus Enhancement, Task Initiation","Anxious, Can't Start","Breaks Down Complexity, Externalizes Tasks",,"Crash Recovery, Overwhelmed, Restless",,"Frozen, Overthinking","Reflective Practice, Visual","Emotional Regulation, Focus Enhancement, Task Initiation",,,Working Professional,Quick Fix,book,,,,,Free,The Anti-Planner by Dani Donovan,"Create a ""detective questions"" template to guide the investigation"
No,Rotation Cleaning,Zone-Based Cleaning System,When house cleaning feels overwhelming,"### 🗂️ Manageable Cleaning Schedule

Create a simple weekly cleaning plan by assigning specific days for each area of your home. For example, dedicate Monday to the kitchen and Tuesday to the bathroom. This way, you only focus on one area at a time for 10-15 minutes, making it easier to keep your space clean without feeling overwhelmed.","- ### 🌟 Simple Rotation Cleaning Schedule
- - Monday: 🥘 Kitchen Day
- - Wipe down counters
- - Load the dishwasher
- - Tuesday: 🚽 Bathroom Day
- - Quick toilet and sink wipe
- - Wednesday: 🛋️ Living Room Day
- - Tidy up surfaces
- ### 🕒 Just 10-15 Minutes a Day!
- - Focus on one area to keep it manageable
- - No need to tackle everything at once!
- ### ✨ Keep Your Home Feeling Fresh!
- - Enjoy a clean space without feeling overwhelmed
- - Create a routine that fits your lifestyle!
- Remember, small steps lead to big changes! 🌈",Task Initiation,Drained,Stuck,"Cleaning Up, Resetting My Space, Task Initiation","Can't Start, Task Initiation","Breaks Down Complexity, Externalizes Tasks, Minimizes Friction",,"Burnout, Low Energy, Restless",,"Disorganized, Frozen","Task Simplification, Time Management","Cleaning, Task Initiation",,,,"Challenge, Checklist, Routine",folder,,,,,Free,The Anti-Planner by Dani Donovan,Include rotation schedules for different home sizes and cleaning preferences
No,Rubber Duck Debugging,Problem-Solving Conversation,When you're stuck and need to think through problems,"### 🦆 Talk It Out

When you're feeling stuck or overwhelmed, explain your problem to an inanimate object like a rubber duck or a plant. This helps you organize your thoughts and find solutions more easily.","- ### 🦆 Problem-Solving Example
- When you're stuck on a work project and can't figure out the next step, try this:
- - Grab your desk plant or a rubber duck. 🪴🦆
- - Start explaining your problem out loud:
- - ""So the issue is that the client wants the report to include sales data, but...""
- - As you talk through it:
- - You might suddenly realize, ""Wait! I can pull the data from a different source I hadn't considered!"" 💡
- Talking it out can help you see things from a new perspective! 🎉",Working Memory Failures,Stuck,Overwhelmed,"Starting Something Hard, Staying focused","Can't Start, Forgetful","Externalizes Tasks, Frees Up Working Memory, Starts Small",,"Crash Recovery, Low Energy, Overwhelmed",,Frozen,"Interactive, Visual","Planning, Work",,,,"Accountability, Gamification, Mindset Shift",zap,,,,,Free,The Anti-Planner by Dani Donovan,"Include conversation starter prompts and different ""listener"" options"
No,Rule of Two/Never Leave a Room Empty Handed,Continuous Tidying System,When you want to maintain tidiness without formal cleaning sessions,"### 🌅 Tidy as You Go

Take at least two items with you whenever you move from one room to another. This simple habit helps keep your space organized by reducing clutter over time, making it easier to maintain a tidy environment without feeling overwhelmed.","- ### Example of the Rule of Two
- When you're getting up from the couch to head to the kitchen, try this:
- - 🌟 Grab two items before you go:
- - ☕ Coffee mug from the coffee table
- - 📖 Magazine that’s lying around
- Once you’re in the kitchen:
- - 🧼 Put the mug in the dishwasher
- - ♻️ Toss the magazine in the recycling bin
- By making these tiny actions part of your day, you'll keep your space tidy without feeling like you're doing a big cleaning session. It's all about those little wins! ✨","Task Initiation, Task Structuring, Working Memory Engagement",Scattered,Stuck,"Cleaning Up, Resetting My Space","Disorganized, Task Initiation","Breaks Down Complexity, Externalizes Tasks",,Overwhelmed,Recently Moved,"Disorganized, Frozen","Incremental Engagement, Task Simplification","Cleaning, Emotional Regulation, Task Initiation",,,,"Checklist, Routine",sunrise,,,,,Free,The Anti-Planner by Dani Donovan,Include room-to-room item suggestions and habit-building tips
No,Scared and Still Doing It ,Courage Over Confidence,When fear is preventing you from taking important actions,"### 🌱 Act Despite Fear

Take action even when you're scared or unsure. This helps you overcome the tendency to wait for confidence, which can lead to inaction. By telling yourself, “I’ll do it scared,” you can gradually build your confidence and tackle important tasks. Remember, taking that first step is crucial for managing your emotions and making progress.","- ### 🌟 Example Scenario
- You want to apply for a promotion, but you're feeling unsure and not quite ""ready."" Here’s how you can tackle it:
- - 💭 Acknowledge Your Feelings: It's okay to feel scared! Remember, many people feel this way.
- - 🗣️ Positive Self-Talk: Remind yourself: ""I'll do it scared!"" This mantra can empower you to take the leap.
- - 📝 Break It Down:
- - Step 1: Update your resume.
- - Step 2: Write a draft for your application.
- - Step 3: Ask a friend for feedback.
- - 🚀 Take Action: Submit the application, even if you're feeling anxious.
- - 🌱 Reflect: Afterward, think about what went well and how you managed your fear.
- Taking action while feeling afraid is how confidence gets built, step by step!","Emotional Dysregulation, Task Initiation",Stuck,Overwhelmed,"Overcoming Procrastination, Overcoming Resistance, Starting Something Hard","Anxious, Can't Start, Poor Time Estimation","Breaking Down Complexity, Emotional Regulation, Starts Small",,Shutdown,,"Avoidant, Frozen","Reflective Practice, Sensory","Emotional Regulation, Self-Compassion",,,,Mindset Shift,shield-check,,,,,Free,,Include fear-management techniques and action-despite-anxiety strategies
No,Scent Support System,Aromatherapy Toolkit,When scent can support mood and focus regulation,"### 🌸 Aromatherapy for Focus

Use essential oils like peppermint to help you feel more alert and improve your mood. Having an essential oil roller at your desk allows you to quickly apply it when you need to regain focus throughout the day.","- ### ✨ Quick Alertness Boost
- Feeling sluggish in the afternoon? Here’s a fun, ADHD-friendly way to refocus:
- - Grab your peppermint essential oil roller! 🌿
- - Apply it to your wrists for a refreshing burst of scent. 💨
- - Take a deep breath in and feel the alertness kick in! 💪
- - Get back to what you were doing and tackle that task with renewed energy! 🚀
- Keep it handy on your desk for those moments when you need a little extra support! 😊","Emotional Dysregulation, Working Memory Engagement",Drained,Stuck,"Starting Something Hard, Staying focused","Can't Focus, Poor Time Estimation","Dopamine Activation, Emotional Regulation, Frees Up Working Memory",,"Crash Recovery, Low Energy, Wired but Tired",,"Avoidant, Frozen","Interactive, Sensory",Emotional Regulation,,,,Quick Fix,life-buoy,,,,,$,,Include oil recommendations for different needs and safe usage guidelines
No,Scheduled Guilt-Free Breaks,Intentional Rest Breaks,When you need permission to rest,"### 🧠 Schedule Intentional Breaks

Plan your breaks like meetings to avoid burnout. After about two hours of work, set a 15-minute timer for a break. Step outside for fresh air or do a quick activity. This short pause helps you recharge and improves focus when you return to your tasks.","- ### Example of a Guilt-Free Break
- - You've been working on a project for 2 hours straight.
- - You notice your focus slipping... 😩
- Instead of pushing through, try this:
- 1. Set a timer for 15 minutes. ⏲️
- 2. Step outside for fresh air. 🌬️
- 3. Take a few deep breaths. 🌿
- 4. Stretch your body. 🙆‍♀️
- 5. Enjoy a quick snack. 🍎
- Return to your work genuinely refreshed! 🌟
- Remember, this break is a planned part of your productivity, not a failure! 💪","Emotional Dysregulation, Task Initiation, Working Memory Engagement",Burned out,Defeated,"Calming Down, Maintaining Focus, Task Initiation","Can't Focus, Sensory Overload","Emotional Regulation, Frees Up Working Memory, Minimizes Friction",,Burnout,,"Avoidant, Frozen","Gamified, Sensory",Time Planning,,,,Gamification,calendar,,,,,Free,The Anti-Planner by Dani Donovan,Include break activity suggestions and optimal timing guidelines
No,See-It-Grab-It Storage,Visual Organization System,When storage systems are too complicated to maintain,"### 🗂️ Visual Organization Made Easy

Store frequently used items in clear containers at eye level. This makes them easy to find and put away, helping you keep your space tidy and your essentials visible.","- ### ✂️ Finding Your Scissors Made Easy!
- - Problem: You keep losing your scissors! 😩
- - Solution:
- - Step 1: Find a clear container. 🗂️
- - Step 2: Place it on your desk where you can see it. 👀
- - Result:
- - Now your scissors are always visible and easy to access! ✨
- - When you finish using them, just put them back in the container. 👍
- - Why it Works:
- - Visual Cue: Seeing the scissors reminds you where they are! 🧠
- - Easy Return: It’s quick to put them back, keeping your space tidy! 🧹
- Keep your workspace organized and your essentials within reach! 🌈","Emotional Dysregulation, Task Structuring, Working Memory Failures",Forgetful,Scattered,"Managing Emotional Dysregulation, Quick Task Management, Task Initiation Support","Disorganized, Forgetful, Poor Time Estimation","Breaking Down Complexity, Externalizes Tasks, Freeing Up Working Memory",,,,Disorganized,"Sensory, Visual","Planning, Work",,,,Checklist,power,,,,,$,,Include accessibility guidelines and storage solutions for different items
No,See-Through Success,Visual Achievement System,When hidden storage leads to forgotten items,"### 🎨 Visual Organization Boost

Make your storage visually appealing and easy to access by using clear containers and colorful labels. This strategy helps you quickly see what's inside and keeps you organized. Use 'loading bars' to track how full your containers are and take before/after photos to celebrate your progress.","- ### 🗂️ ADHD-Friendly Organization Tips
- - Use Clear Containers:
- Choose transparent bins to easily see what’s inside. No more rummaging around!
- - Add Colorful Labels:
- Use fun, vibrant labels with pictures to make identifying items a breeze! 🎨
- - Create a 'Loading Bar' Sticker:
- Make a visual progress tracker! For example, if your container is 80% full, stick on a loading bar to celebrate your accomplishment! 🚀
- - Capture the Transformation:
- Take before and after photos when you organize. Share your success to motivate yourself and others! 📸","Task Structuring, Time Blindness, Working Memory Failures",Forgetful,Scattered,"Managing my schedule, Planning my time, Task Initiation Support","Disorganized, Forgetful, Poor Time Estimation","Externalizes Tasks, Gamifies Action",,,,Disorganized,"Gamified, Visual","Planning, Time Planning",,,,Gamification,eye,,,,,$,,Adds gamification with loading bars and achievement photos
No,Seeing the Real You,Self-Perception Exercise,When negative self-perception is overwhelming your identity,"### 📝 Compassionate Self-Reflection

Write a kind description of yourself as if you're an outside observer. This exercise helps reduce negative self-talk by highlighting your strengths. When overwhelmed, this reminder of your true qualities boosts your confidence and helps you remember your achievements.","- ### 🌟 Kind Self-Description
- - Creative 🎨
- - Caring ❤️
- - Hardworking 💪
- Even when things get tough, you keep pushing through! 🌈
- - You’re navigating a brain that works differently, but that doesn't define you.
- - Remember all the things you've accomplished! 🏆
- You deserve the same kindness you show to others. 💖
- When you're feeling down, read this reminder of who you really are! 📖✨","Emotional Dysregulation, Working Memory Engagement",Ashamed,Guilty,"Being Kinder to Myself, Finding motivation","Poor Time Estimation, Spiraling","Externalizes Tasks, Gamifies Action",,"Crash Recovery, Overwhelmed, Wired but Tired",,"Discouraged, Overthinking",Gamified,"Emotional Regulation, Self-Compassion",,,,"Challenge, Engaging Gamification, Gamification",notebook,,,,,Free,The Anti-Planner by Dani Donovan,Include prompts for identifying strengths and writing compassionate self-descriptions
No,Self-Care Checklist,Basic Needs Tracker,When you need reminders to take care of basic needs,"### 📝 Self-Care Made Simple

Create a simple self-care checklist to help you remember essential daily tasks like taking medication, drinking water, and showering. This makes it easier to stay on track and recognize your accomplishments, boosting your motivation and confidence. Customize your checklist to suit your unique needs and daily situations.","- ### 🌟 Self-Care Accomplishments
- When you're having a rough day, it can feel like you haven't done anything at all. But let's take a moment to celebrate the little victories! Check out this list of self-care tasks you might have completed:
- - ✅ Took my meds
- - 💧 Drank 3 glasses of water
- - 🍽️ Ate breakfast and lunch
- - 🚿 Showered
- - 🚶‍♂️ Went for a 10-minute walk
- Remember, every small step counts! You’re doing great by taking care of yourself, and that’s absolutely worth acknowledging! 🎉","Emotional Dysregulation, Inertia, Time Blindness",Drained,Stuck,"Being Kinder to Myself, Finding motivation",Spiraling,"Externalizes Tasks, Gamifies Action",,Low Energy,,"Avoidant, Frozen",Gamified,"Emotional Regulation, Self-Compassion",,,,"Checklist, Gamified",hand,,,,,Free,The Anti-Planner by Dani Donovan,Include customizable checklists for different life situations and needs
No,Self-Compassion Pep Talk (How You'd Talk to a Friend vs Yourself),Friend Perspective Technique,When self-criticism is harsh and unhelpful,"### 🤝 Comfort Yourself Like a Friend

Imagine a close friend facing your current challenge. Instead of criticizing yourself, offer the same kindness you would give them. This approach helps manage negative thoughts and feelings of shame, making it easier to tackle tasks and reduce guilt.","- ### ✨ Self-Compassion Example
- Imagine you're feeling down about a mistake at work. Instead of harsh self-talk, let's reframe that moment!
- - Feeling: 💔 Ashamed
- - Thought: ""I'm so stupid, I always mess things up.""
- Pause and Reflect: 🛑
- - What would I tell my best friend? 🤔
- - Supportive Response: 🌟
- - ""Hey, everyone makes mistakes! You're learning. One mistake doesn’t define you!""
- - ""You’re doing your best, and that’s enough! 💪""
- Now, say those kind words to yourself! 🗣️✨
- - ""I’m human, and I’m allowed to learn and grow."" 🌱
- This simple shift can help ease the burden of guilt and self-criticism, making it easier to move forward! 🚀","Decision Fatigue, Emotional Dysregulation, Working Memory Engagement",Ashamed,Guilty,"Being Kinder to Myself, Calming Down, Overcoming Resistance","Poor Time Estimation, Spiraling","Emotional Regulation, Externalizes Tasks",,"Burnout, Shutdown, Wired but Tired",,"Frozen, Overthinking","Gamified, Visual","Emotional Regulation, Self-Compassion",,,,Gamification,user-plus,,,,,Free,The Anti-Planner by Dani Donovan,Include common self-criticism scenarios and friend-response examples
No,Self-Compassion Practice,Emotional Regulation Strategy,When self-criticism is making struggles worse,"### 🌟 Be Your Own Best Friend

Treat yourself kindly when mistakes happen. This strategy helps reduce self-criticism. When negative thoughts arise, pause and consider what you would say to a friend. This shift encourages accountability and helps you focus on finding solutions instead of feeling ashamed.","- ### 🌈 Self-Compassion Reminder
- - Situation: You forgot an important deadline 😱
- - Feelings: Spiraling into self-criticism 🌀
- #### Pause and Reflect:
- - Ask Yourself: 🤔""What would I say to a friend in this situation?""
- #### Respond with Kindness:
- - Kind Response: 💖""This was a mistake, not a character flaw.""
- #### Focus on Solutions:
- - Next Steps: 🛠️""Let me figure out how to handle it and prevent it next time.""
- ### 🌟 Remember:
- - You're human, and mistakes happen!
- - Treat yourself with the same kindness you would offer a friend. 💕","Emotional Dysregulation, Task Initiation, Time Blindness",Ashamed,Guilty,"Being Kinder to Myself, Calming Down, Managing Emotional Dysregulation","Avoidant, Poor Time Estimation, Spiraling","Creates Accountability, Emotional Regulation",,"Crash Recovery, Overstimulated, Wired but Tired",,"Avoidant, Overthinking","Gamified, Sensory","Emotional Regulation, Self-Compassion",,,Working Professional,Gamification,flag,,,,,Free,,Include self-compassion exercises and inner dialogue reframing
No,Self-Forgiveness Reset,Compassionate Reset Ritual,When shame is paralyzing you after a mistake,"### 🌅 Self-Forgiveness Boost

Practice self-forgiveness by saying, ""I'm human and I forgive myself for this."" This strategy helps you move past mistakes and reduces the emotional burden, making it easier to start tasks again. Acknowledge your feelings and take a step forward.","- ### 🌟 Self-Forgiveness Action Plan
- - Situation: You missed an important deadline yesterday. 😟
- - Feelings: Ashamed and guilty. 💔
- Instead of hiding:
- 1. Pause for a moment. Take a deep breath. 🌬️
- 2. Say it out loud:
- - “I’m human, and I forgive myself for missing this deadline.” 🙌
- - “My ADHD made this harder, but beating myself up won’t fix it.” 💪
- 3. Take Action:
- - Write a brief email acknowledging the missed deadline. 📧
- - Keep it simple and honest!
- Remember: You’re not alone! Everyone makes mistakes. Let’s turn this into a learning opportunity! 🌈","Emotional Dysregulation, Task Initiation, Working Memory Failures",Ashamed,Guilty,"Being Kinder to Myself, Starting Something Hard","Can't Start, Poor Time Estimation, Spiraling","Emotional Regulation, Gamifies Action",,"Crash Recovery, Overwhelmed, Wired but Tired",Recently Moved,"Discouraged, Overthinking","Gamified, Sensory",Self-Compassion,,,Working Professional,"Accountability, Gamification, Mindset Shift",sunrise,,,,,Free,The Anti-Planner by Dani Donovan,Include self-forgiveness scripts for common ADHD challenges
No,Semi-Related Environment,Context Pairing Strategy,When tasks feel unpleasant and you need positive associations,"### ☕️ Make Tasks Enjoyable

Combine tedious tasks with enjoyable settings to make them easier to tackle. For example, do your monthly budget at a favorite coffee shop to create a positive vibe. Associating dull tasks with nice environments can help boost motivation and make them feel less intimidating.","- ### 📝 Here's How to Make Budgeting Enjoyable!
- - Location: Your favorite coffee shop ☕️
- - Special Treat: Order that delicious drink you love! 🍰
- Why This Works:
- - Positive Association: Connecting budgeting with a cozy atmosphere makes it something to look forward to! 🎉
- Tip:
- - Set a Fun Goal: Treat yourself to a small reward after finishing your budget. Maybe a walk in the park or a new playlist! 🎶
- Remember:
- - You’re not just doing your budget; you’re creating a positive experience! 🌟","Emotional Dysregulation, Environmental Cues, Task Initiation",Drained,Stuck,"Overcoming Procrastination, Starting Something Hard, Staying focused","Avoidant, Can't Start","Emotional Regulation, Gamifies Action, Starts Small",,"Crash Recovery, Low Energy, Wired but Tired",,"Avoidant, Frozen","Gamified, Interactive","Emotional Regulation, Focus Enhancement, Work",,,,Gamification,settings,,,,,$,The Anti-Planner by Dani Donovan,Include pairing suggestions for common dreaded tasks and different environments
No,Sensory Breaks,Regulation Support,When sensory input becomes overwhelming,"### 🌟 Regular Sensory Breaks

Take short breaks every 2 hours to step outside or listen to calming music. These 5-minute pauses help reduce overwhelm and improve focus, making it easier to manage tasks in a busy environment.","- ### 🌟 Sensory Break Ideas
- Feeling agitated during the workday? Try these quick sensory break ideas to reset and recharge:
- - 🌳 Step Outside:
- - Take a 5-minute walk in nature.
- - Breathe in the fresh air and enjoy the surroundings.
- - 🎧 Listen to Music:
- - Put on your favorite calming playlist.
- - Use headphones to block out distractions.
- - ☕ Drink a Warm Beverage:
- - Enjoy a cup of tea or coffee.
- - Focus on the warmth and aroma for a moment.
- - 🧘 Practice Deep Breathing:
- - Inhale deeply for 4 counts, hold for 4, exhale for 4.
- - Repeat a few times to calm your mind.
- - 🎨 Engage in a Quick Creative Activity:
- - Doodle or sketch something simple.
- - Let your mind wander and relax.
- Remember, taking these small breaks every couple of hours can help keep overwhelm at bay and boost your focus! 🌈","Emotional Dysregulation, Task Initiation, Working Memory Failures",Overstimulated,Overwhelmed,"Calming Down, Recovering from a crash","Anxiety Management, Sensory Overload","Breaks Down Complexity, Externalizes Tasks, Reduces Decision Fatigue",,"Overstimulated, Overwhelmed",,"Avoidant, Frozen, Overthinking",Sensory Engagement,"Cleaning, Sensory Management",,,Working Professional,"Checklist, Routine",lightning,,,,,Free,,Include sensory break ideas for different environments
No,Set Realistic Expectations at Work,Workplace Boundary Management,When work expectations are consistently unrealistic,"### ⏰ Manage Your Workload

Clearly communicate your workload limits to prevent feeling overwhelmed. Set realistic deadlines with some buffer time for tasks to avoid stress. This helps you keep track of multiple commitments without feeling defeated when plans change.","- ### Example Scenario 🌟
- Your boss asks when you can finish a report.
- 🧠 Your ADHD Brain Says:
- - ""Tomorrow!"" (Just to please them) 😅
- 💭 But Wait! Let's Think Realistically:
- - Research 📚
- - Writing ✍️
- - Revisions 🔍
- - Other Commitments 📅
- 🗣️ Your Response:
- ""I can have it to you by Thursday afternoon.""
- (Instead of promising Tuesday and stressing when you can't deliver!) 😌","Executive Dysfunction, Time Blindness, Working Memory Engagement",Frustrated,Defeated,"Starting Something Hard, Staying focused","Anxious, Can't Finish","Breaks Down Complexity, Externalizes Tasks, Frees Up Working Memory",,"Burnout, Crash Recovery, Overwhelmed",,Overthinking,Visual,"Emotional Regulation, Time Planning",,,,Checklist,target,,,,,Free,The Anti-Planner by Dani Donovan,Include communication scripts and deadline calculation methods
No,Setting Goals That Don't Suck,ADHD-Friendly Goal Framework,When you want to set goals that you'll actually achieve,"### Setting Goals That Don't Suck

### 🎯 S.M.A.R.T. Goals Made Easy

Break your goals into clear, actionable steps with specific deadlines. For example, instead of ""get organized,"" say ""organize my desk drawer by Friday, spending 15 minutes each day."" This helps you stay focused and motivated.","- ### ✨ Example Goal Breakdown
- - Goal: Organize my desk drawer 🗄️
- - Deadline: By Friday ⏰
- - Daily Plan:
- - Day 1: Spend 15 minutes sorting pens and pencils ✏️
- - Day 2: Spend 15 minutes clearing out old papers 📄
- - Day 3: Spend 15 minutes organizing sticky notes and supplies 📎
- - Day 4: Spend 15 minutes deciding what to keep or toss 🗑️
- - Day 5: Finalize organization and tidy up 🧹
- - Reward: Treat myself to a coffee shop treat ☕ after finishing! 🎉
- This breakdown makes it simple to tackle one small task at a time, helping to reduce overwhelm and keep motivation high!","Executive Dysfunction, Task Initiation, Time Blindness",Frustrated,Defeated,"Managing my schedule, Planning my time, Task Initiation Support","Cannot Finish, Task Initiation","Breaks Down Complexity, Externalizes Tasks, Provides Instant Rewards",,"Low Energy, Wired but Tired",,"Avoidant, Discouraged","Incremental Engagement, Task Simplification, Time Management","Planning, Time Planning",,,,"Accountability, Checklist, Routine",target,,,,,Free,The Anti-Planner by Dani Donovan,Include goal-setting templates and ADHD-specific considerations
No,Shower Toothbrush,Habit Bundling Hack,When you consistently forget daily hygiene tasks,"### 🚿 Brush While You Shower

Keep your toothbrush and toothpaste in the shower. This makes it easy to brush your teeth while you’re already there, helping you build a consistent hygiene routine without extra effort.","- ### 🛁 Easy Toothbrush Access in the Shower
- - Keep a small plastic basket in the shower with:
- - 🪥 Toothbrush
- - 🦷 Toothpaste
- - Why this works:
- - 🌊 Warm water makes it easy to grab your brush!
- - 🚀 No more forgetting daily hygiene tasks!
- - Quick Tip:
- - Use suction cups to mount the basket on the shower wall for easy access.
- - Feel good about it:
- - 🥳 You're taking care of yourself without extra effort!
- Transform your shower time into a mini self-care moment! 🎉","Environmental Cues, Task Initiation, Working Memory Failures",Forgetful,Ashamed,"Maintaining Focus, Overcoming Procrastination, Task Initiation Support","Avoidant, Forgetful","Externalizes Tasks, Frees Up Working Memory",,"Crash Recovery, Low Energy, Restless",,"Avoidant, Frozen","Incremental Engagement, Task Simplification, Visual","Planning, Time Planning",,,,Routine,sparkles,,,,,$,Reddit /r/ADHDWomen,Include other habit bundling examples and waterproof storage solutions
No,Shutting Up the Scumbag Brain,Negative Voice Management,When negative self-talk is sabotaging your efforts,"### 🎤 Taming Your Inner Critic
Name your negative voice (e.g., ""Scumbag Brain"") and treat it as a heckler. When it undermines you, tell it to quiet down while you focus on proving it wrong. Even committing to just 10 minutes of work can help shift your mindset and overcome barriers to getting started.","- ### 🌟 Scumbag Brain: A Quick Comeback Guide
- When your inner critic starts to chime in, remember these strategies:
- - 🗣️ Name It: Call your negative voice something funny, like ""Scumbag Brain"".
- - 💪 Push Back:
- - Instead of: ""You're never going to finish this project.""
- - Try: ""There goes Scumbag Brain again! Nice try, but I'm proving you wrong.""
- - ⏰ Take Action:
- - Commit to just 10 minutes of work.
- - Break tasks down into tiny steps.
- - 🎉 Celebrate Small Wins: Every minute counts! Acknowledge your progress.
- Using these playful and relatable strategies can help you combat that pesky negative self-talk and keep moving forward!","Emotional Dysregulation, Task Initiation, Working Memory Engagement",Ashamed,Guilty,"Being Kinder to Myself, Calming Down","Anxious, Poor Time Estimation, Spiraling","Emotional Regulation, Externalizes Tasks",,"Crash Recovery, Low Energy, Wired but Tired",,Overthinking,"Gamified, Interactive","Decision Making, Emotional Regulation",,,,Gamification,volume-x,,,,,Free,The Anti-Planner by Dani Donovan,Include naming strategies and comeback phrases for common negative thoughts
No,Sleep Tracking Apps,Rest Optimization Tools,When sleep quality needs monitoring and improvement,"### 🌙 Sleep Pattern Insights

Use a sleep tracking app to monitor your sleep stages and patterns. This helps you see how much quality sleep you're getting, so you can make changes to improve your routine. By understanding when you're missing deep sleep, you can adjust your bedtime to feel more rested and focused during the day.","- ### 🌟 Feeling Tired? You're Not Alone!
- - 😴 You feel tired all the time but don’t know why.
- - 🛏️ Start using a sleep tracking app to:
- - 🔍 Discover your sleep stages
- - 📊 Identify patterns in your sleep
- - 💡 Here’s how it helps:
- - 📉 You find out you’re not getting enough deep sleep
- - ⏰ Adjust your bedtime routine accordingly for better rest!
- - ✨ The result?
- - 🚀 Improved focus
- - 🌈 Reduced fatigue throughout the day!","Executive Dysfunction, Time Blindness, Working Memory Engagement",Stuck,Overwhelmed,Starting Something Hard,"Can't Start, Cannot Finish","Breaks Down Complexity, Frees Up Working Memory, Starts Small",,"Crash Recovery, Low Energy, Shutdown",,"Avoidant, Frozen, Overthinking",Gamified,,,,Parent,"Checklist, Gamified",moon,,,,,$,,Include sleep hygiene tips and pattern recognition strategies
No,Small Wins Trophy Shelf,Achievement Display System,When you need visual proof of progress,"### 🏆 Visualize Small Wins

Create a dedicated space to showcase your achievements, like marbles for workouts or sticky notes for completed tasks. This visual representation helps you see progress, boosts motivation, and makes it easier to tackle new challenges.","- ### 🌟 Build Your Workout Habit!
- - Visual Tracker: Place a clear jar on your kitchen counter.
- - Marble Motivation:
- - Add one marble each time you exercise, even if it’s just for 10 minutes.
- - Weekly Reflection:
- - After two weeks, check out the growing collection of marbles!
- ### 🎉 Feel Proud!
- - Each marble represents your consistency and hard work!
- - Let this visual reminder motivate you to keep going!
- ### 🚀 Start Small, Stay Focused!
- - Celebrate every little win!
- - Remember: Every marble counts and adds up to your success!","Environmental Cues, Task Structuring, Working Memory Engagement",Drained,Stuck,"Starting Something Hard, Staying focused","Can't Focus, Task Initiation","Activates Dopamine, Breaks Down Complexity, Gamifies Action",,"Crash Recovery, Overwhelmed, Wired but Tired",,Discouraged,"Gamified, Incremental Motivation, Visual",Work,,,,"Accountability, Gamification, Mindset Shift",trophy,,,,,$,The Anti-Planner by Dani Donovan,Include different trophy ideas for various goals and achievement tracking methods
No,Smart Alarm Labels,Context-Rich Reminders,When you forget why you set alarms,"### ⏰ Action-Packed Alarms

Label your alarms with specific actions instead of just times. For example, instead of “8:00 AM,” use “8:00 AM - Take meds.” This clarity helps you remember what to do when the alarm rings, making it easier to take action.","- ### 📅 Alarm Labels Made Easy
- When your alarm goes off, remember these simple labels to take action:
- - 🦷 3pm - Call dentist
- - 🍽️ 6pm - Start dinner
- - 💊 9pm - Take evening meds
- These clear and fun reminders help you know exactly what to do when the alarm rings, making it easier to stay on track and reducing confusion!","Decision Fatigue, Task Initiation, Working Memory Failures",Forgetful,Ashamed,"Managing my schedule, Planning my time, Task Initiation Support","Disorganized, Poor Time Estimation, Task Initiation","Externalizes Tasks, Frees Up Working Memory",,"Low Energy, Shutdown",,Avoidant,"Gamified, Interactive","Planning, Work",,,,Gamification,alarm-clock,,,,,Free,,Include alarm labeling strategies and timing optimization
No,Smart Calendar System,Digital Schedule Manager,When basic calendars aren't providing enough support,"### 📅 Color-Coded Calendar

Use calendar apps that allow color coding, multiple reminders, and time blocking. These features provide clear visual cues to help you manage appointments and deadlines effectively, reducing overwhelm and enhancing organization.","- ### Example of Using a Smart Calendar System
- - 📅 Struggling with Appointments?
- You often forget important meetings and deadlines.
- - 🔄 Switch to a Smart Calendar App!
- Features to consider:
- - 🎨 Color Coding: Assign colors to different categories (e.g., work, personal, appointments) for quick reference.
- - ⏰ Multiple Reminders: Set reminders for a week, day, or hour before the appointment.
- - 🗓️ Time Blocking: Allocate specific time slots for tasks to visualize your day better.
- - 🌟 How It Helps:
- - External Structure: Keeps your tasks organized and reduces the mental load.
- - Visual Cues: Helps combat time blindness with color coding and reminders.
- - Less Overwhelm: Breaks down your schedule into manageable chunks, making it easier to initiate tasks.
- - ✅ Outcome:
- You feel more organized, on time, and less stressed about forgetting important commitments.","Decision Fatigue, Task Structuring, Working Memory Failures",Forgetful,Ashamed,"Managing my schedule, Planning my time","Forgetful, Missed Appointments, Poor Time Estimation","Externalizes Tasks, Provides External Structure, Reduces Decision Fatigue",,"Overwhelmed, Wired but Tired",,Overthinking,"Time Management, Visual","Planning, Time Planning",,,,"Checklist, Routine",calendar,,,,,$,,Include calendar features that support ADHD needs and organization strategies
No,Smart Email Templates,Communication Speed System,,"### 📧 Quick Email Responses
Create simple email templates for common messages. This helps you respond faster and reduces the stress of starting from scratch. With templates, you spend less time deciding what to say and can get back to what’s important more quickly.","- ### ✉️ Quick Email Response Template
- - Subject: [Insert Subject Here]
- - Greeting: Hi [Name],
- - Body:
- - I'm available at: [Insert Availability]
- - Let me know if that works for you!
- - Closing: Thanks!
- - Signature: [Your Name]
- ### 🎯 Key Benefits:
- - Saves Time: No need to start from scratch!
- - Reduces Overwhelm: Just fill in the blanks!
- - Boosts Focus: Get straight to the point and move on!
- Using this template helps you tackle emails without feeling stuck, making communication faster and easier! 🚀","Decision Fatigue, Emotional Dysregulation, Task Initiation",Stuck,Overwhelmed,"Staying focused, Task Initiation","Can't Start, Task Initiation","Externalizes Tasks, Frees Up Working Memory, Minimizes Friction",,"Crash Recovery, Low Energy, Overwhelmed",,"Frozen, Overthinking","Gamified, Interactive","Emails, Work",,,Working Professional,Gamification,mail,,,,,,,
No,Social Support System,Comprehensive Accountability Network,When you need company to focus,"### 🤝 Virtual Body Doubling

Work with a friend over video chat to boost your focus and productivity. This strategy helps you start tasks by providing a supportive environment where you both work on your own projects. Just having someone else present can motivate you to overcome feelings of being stuck or drained.","- ### 🌟 Example Scenario
- - Feeling stuck? You're not alone!
- - Imagine this:
- - 📅 You have a report to write.
- - 🧑‍🤝‍🧑 You reach out to a friend.
- - 💻 You both hop on a video chat.
- - 🗣️ You don’t even need to talk much—just knowing they’re there helps.
- ### Why This Works:
- - Gentle Pressure: Their presence keeps you accountable.
- - Social Connection: Working together, even in silence, can boost motivation.
- ### Pro Tip:
- - Set a Timer: Work for 25 minutes, then take a 5-minute break together! 🍵",Task Initiation,Drained,Stuck,"Focus Enhancement, Focused Task Execution, Task Initiation Support","Can't Focus, Can't Start","Executive Function Support, Externalizes Tasks",,Low Energy,,"Avoidant, Frozen",Interactive,"Focus Enhancement, Task Initiation Support",,,,Accountability,users,,,,,Free,The Anti-Planner by Dani Donovan,Include virtual body doubling platform recommendations and etiquette tips
No,Speed Run - countdown timer,Task Racing Game,When routine tasks feel boring and you need energy,"### ⏳ Speed-Running Tasks

Set a timer for 5-10 minutes to tackle chores. This creates urgency and makes tasks feel like a fun challenge. Race against the clock to boost motivation and make cleaning or organizing more engaging.","- ### 🏃‍♂️ Speed-Run Cleaning Challenge!
- - Task: Tidy up your living room
- - Timer: Set it for 10 minutes ⏰
- - Imagine: You're in a speed-running competition! 🏁
- - Goal: How much can you clean before the timer goes off? 🧹✨
- ### Tips to Make It Fun:
- - 🎵 Play some upbeat music to get energized!
- - 🏆 Challenge yourself: Can you beat your last score?
- - 🥳 Celebrate your wins: Even a little progress is a big deal!
- - 🤔 Visualize: Picture how great it feels to have a clean space!
- ### Remember:
- - Urgency = Motivation!
- - Make it a game! Turn chores into a fun challenge! 🎮","Emotional Dysregulation, Task Initiation, Time Blindness",Drained,Stuck,"Cleaning Up, Resetting My Space, Task Initiation Support","Avoidant, Can't Start","Dopamine Activation, Gamifies Action, Starts Small",,"Low Energy, Restless, Wired but Tired",,Avoidant,"Action-Oriented, Gamified, Time-Limited Challenge","Cleaning, Focus Enhancement, Task Initiation Support",,,,"Engaging Gamification, Gamification",timer,,,,,Free,The Anti-Planner by Dani Donovan,Include optimal timer lengths for different tasks and scoring systems
No,Sprint Box,Random Task Selection,When you have multiple tasks and can't choose where to start,"### 🎲 Task Lottery for Focus

Write down your tasks on slips of paper and put them in a box. When it's time to work, draw one slip and set a timer for 15-20 minutes to focus solely on that task. This technique helps you start working without feeling overwhelmed by choices.","- ### 🎲 Task Lottery Example
- - Feeling stuck? You have 10 different work tasks to tackle, but can't decide where to start.
- - Here’s a fun way to choose!
- - ✍️ Write each task on a slip of paper.
- - 📦 Place the slips in a box.
- - 🎉 When it’s work time, draw one slip from the box.
- - ⏰ Set a timer for 20 minutes.
- - 💪 Focus solely on that task!
- Why this works:
- - 🌈 The randomness removes decision fatigue.
- - ⏳ The timer makes it feel manageable.
- - 🚀 You get started without feeling overwhelmed!
- Let the Task Lottery help you break free from paralysis and spark your productivity!","Decision Fatigue, Inertia, Task Initiation",Stuck,Overwhelmed,"Focus Enhancement, Focused Task Execution, Task Initiation Support","Can't Decide, Can't Start","Breaks Down Complexity, Externalizes Tasks, Minimizes Friction",,"Crash Recovery, Low Energy, Shutdown",,"Avoidant, Frozen","Gamified, Interactive","Decision Making, Focus Enhancement, Task Initiation Support",,,,Gamification,dice,,,,,Free,The Anti-Planner by Dani Donovan,Include sprint timing suggestions and task categorization methods
No,Stealth Cleaning System,Continuous Maintenance Strategy,When messes accumulate into overwhelming situations,"### 🧹 Clean as You Go

Wipe surfaces while waiting for your coffee and load the dishwasher after meals. This approach simplifies cleaning into small actions, helping to keep your space tidy with less effort.","- ### 🧼 Clean as You Go: A Fun Approach!
- - Kitchen Cleaning Tips:
- - 🚫 Avoid Overwhelm! Start with small tasks to keep things tidy.
- - ☕ While your coffee brews:
- - Wipe down surfaces with a cloth.
- - 🍽️ After meals:
- - Load the dishwasher immediately!
- - Put away ingredients as you cook to keep the counters clear.
- - Benefits:
- - 🌟 Keeps your kitchen looking neat!
- - 🧘‍♂️ Reduces stress by managing messes as they happen.
- - 🚀 Makes cleaning feel less daunting and more doable!
- Remember, every little action counts! You got this! 🎉",Task Initiation,Scattered,Stuck,"Cleaning Up, Resetting My Space","Can't Start, Disorganized","Breaks Down Complexity, Externalizes Tasks, Starts Small",,Frozen/Shut Down,,"Disorganized, Frozen","Gamified, Task Simplification","Cleaning, Task Initiation",,,,Gamification,broom,,,,,Free,,Include clean-as-you-go strategies for different areas and situations
No,Sticky Notes Everywhere,Ubiquitous Reminder System,When thoughts and reminders pop up at inconvenient times,"### 📝 Instant Reminder System

Place sticky notes and pens in strategic locations around your home, bag, or car. This helps you quickly jot down thoughts and reminders, ensuring you don’t forget important tasks. Visual cues in your environment support task initiation and help maintain focus.","- ### 🌟 Quick Reminder Strategy
- - Scenario: You're in the kitchen making coffee ☕️
- - Thoughts Pop Up: ""I need to call my doctor!"" 📞
- Instead of:
- - Relying on memory 🤔
- Do This:
- - Grab a sticky note 📝
- - Write down: ""Call Dr. Smith""
- - Stick it on your laptop 💻 so you see it when you sit down to work!
- ### Why This Works:
- - Externalizes Tasks: Offload your thoughts onto sticky notes, freeing up mental space! 🧠
- - Visual Cues: The bright colors and words catch your eye, reminding you of important tasks! 🌈
- - Immediate Action: Jotting things down right away helps you remember and prioritize! ✅","Environmental Cues, Task Initiation, Working Memory Failures",Forgetful,Ashamed,"Staying focused, Task Initiation","Disorganized, Poor Time Estimation, Task Initiation","Externalizes Tasks, Frees Up Working Memory, Provides External Structure",,"Burnout, Low Energy, Overstimulated",,"Avoidant, Disorganized","Sensory, Visual","Focus Enhancement, Task Initiation, Work",,,,Quick Fix,sticky-note,,,,,$,Reddit /r/ADHDWomen,Include strategic placement guides and color-coding systems
No,Stop Should-ing All Over Yourself,Language Reframing,"When ""should"" thoughts are creating guilt and pressure","### 👁️ Reframe Your ""Shoulds""

When you catch yourself saying “I should do ___,” pause and consider if it’s a real priority. If it is, rephrase it to “I will.” If not, let it go. This simple shift makes tasks feel like choices, reducing guilt and pressure. By reframing your thoughts, you can make it easier to start tasks and lessen the shame from unmet expectations.","- ### ✨ Reframing Your ""Shoulds""
- - Catch yourself thinking: ""I should clean the garage this weekend.""
- - 😔 Feeling: Guilt creeping in?
- - Pause and ask yourself:
- - 🤔 ""Do I actually want or need to clean the garage right now?""
- - Realize:
- - ⏳ It's not urgent!
- - Reframe it:
- - 🌟 ""I could clean the garage someday when I feel like it, but I don't have to.""
- - Result:
- - 😌 Guilt disappears, and you feel lighter!","Decision Fatigue, Emotional Dysregulation, Task Initiation",Ashamed,Guilty,"Being Kinder to Myself, Maintaining Focus","Anxiety Management, Can't Start, Emotional Regulation","Emotional Regulation, Externalizes Tasks",,"Overwhelmed, Restless, Wired but Tired",,"Discouraged, Overthinking","Gamified, Interactive","Decision Making, Self-Compassion",,,,"Gamification, Mindset Shift",eye,,,,,Free,The Anti-Planner by Dani Donovan,"Include common ""should"" statements and reframing alternatives"
No,Strategic Brain Spending,Smart Investment Strategy,When frugality is working against your ADHD needs,"### 🍽️ Smart Grocery Choices

Opt for pre-cut vegetables to simplify healthy eating and cut down on food waste. This option minimizes meal prep stress, making it easier to eat well without feeling overwhelmed.","- ### 🥦 Healthy Eating Made Easy!
- - Struggling with meal prep? 😩
- - Overwhelmed by chopping veggies? 🥕🔪
- - Don’t worry! Here’s a solution:
- - Buy pre-cut vegetables! 🥗
- - They might cost a bit more 💵, but:
- - Less food waste! 🚫🥴
- - You actually eat them! 🍽️
- - Saves money on takeout! 💰
- ### Remember:
- Investing in convenience can lead to better health and less stress! 🌟","Decision Fatigue, Task Initiation, Working Memory Engagement",Anxious,Ashamed,Starting Something Hard,"Avoidant, Can't Start","Emotional Regulation, Freeing Up Working Memory, Minimizes Friction",,"Burnout, Crash Recovery, Wired but Tired",,"Avoidant, Frozen",Sensory,Cleaning,,,,Mindset Shift,brain,,,,,$$,,Include cost-benefit analysis frameworks and strategic spending guidelines
No,Strategic Caffeine System,Smart Stimulant Strategy,When caffeine can support focus without negative effects,"### ☕ Caffeine for Focus

Use caffeine wisely to boost your focus. Have one cup of coffee at 9am and avoid caffeine after 2pm. This way, you can start tasks more easily without affecting your sleep later on.","- ### Example Strategy for Caffeine Use
- - ☕ Morning Boost: Have one cup of coffee at 9 AM to kickstart your day.
- - ⏰ Time Management: Set a reminder to finish your caffeine intake by 2 PM to avoid sleep disruptions.
- - ✨ Focus Benefits: Enjoy enhanced focus during your peak productivity hours.
- - 💤 Sleep Quality: Avoid caffeine late in the day to maintain a good night's sleep.
- Why This Works:
- - Breaks down your day into manageable chunks.
- - Provides a clear structure to help you focus without feeling scattered or overwhelmed.
- - Reduces the chance of feeling jittery by timing your intake right!
- Remember, it's about finding what works best for you! 🎯","Task Initiation, Time Blindness, Working Memory Failures",Scattered,Overwhelmed,"Focus Enhancement, Staying focused, Task Initiation Support","Can't Focus, Can't Start, Poor Time Estimation","Breaks Down Complexity, Externalizes Tasks, Frees Up Working Memory",,Wired but Tired,,"Avoidant, Overthinking",Gamified,"Focus Enhancement, Task Initiation Support, Time Planning",,,,Gamification,coffee,,,,,$,,Include timing guidelines and interaction considerations with ADHD medication
No,Strategic Help Requests,Smart Support Seeking,When struggling alone is less effective than seeking support,"### 💪 Ask for Help

Reach out for support when you feel stuck or overwhelmed. Instead of struggling alone, ask a colleague or friend for assistance. Use simple scripts to clearly state your needs, which can help you regain focus and reduce anxiety.","- ### Example Scenario 🌟
- - Feeling Stuck? 😩
- You've been struggling with a work project for days and feeling increasingly frustrated.
- - Instead of Suffering in Silence:
- 📧 Reach Out!
- Email your colleague with a friendly message:""Hey [Colleague's Name], I'm stuck on the data analysis section. Could we schedule 15 minutes to go over it?""
- - Why This Works:
- ✅ Saves Time: Getting help saves you hours of frustration.
- 💬 Builds Connections: Strengthens your support network.
- 🧠 Clears Your Mind: Frees up working memory so you can focus on what matters!","Emotional Dysregulation, Task Initiation, Working Memory Engagement",Stuck,Overwhelmed,"Staying focused, Task Initiation","Anxious, Can't Start","Creates Accountability, Frees Up Working Memory, Minimizes Friction",,"Burnout, Crash Recovery, Overwhelmed",,"Avoidant, Frozen","Interactive, Reflective Practice",Emotional Regulation,,,Working Professional,"Accountability, Checklist",help-circle,,,,,Free,,Include help-asking scripts and how to build a support network
No,Strategic Music System,Comprehensive Playlist Strategy,When silence is too distracting but regular music is too stimulating,"### 🎶 Focus with Music

Create playlists designed for specific tasks or moods to enhance your focus and motivation. Use instrumental music or lo-fi beats to help reduce distractions and make it easier to start working without losing concentration.","- ### 🎧 Focus Playlist Example
- - Situation: You want to concentrate but keep getting distracted by lyrics.
- - Solution: Create a 'Focus' playlist with the following:
- - 🎵 Instrumental Music: Helps keep your brain engaged without distractions.
- - 🎶 Lo-fi Beats: Perfect for maintaining a steady rhythm while you work.
- ### ✨ Why This Works
- - Externalizes Tasks: Your brain knows it's time to focus when you put on your playlist.
- - Minimizes Distractions: Instrumental tracks help avoid lyrical interruptions.
- ### 🚀 Tips for Success
- - Experiment with different genres to find what works best for you!
- - Keep your playlist updated to maintain freshness and motivation.
- Now, when you need to concentrate, just hit play on your 'Focus' playlist and get to work! 🧠💪","Emotional Dysregulation, Task Structuring, Working Memory Failures",Scattered,Overwhelmed,"Starting Something Hard, Staying focused","Can't Focus, Forgetful","Externalizes Tasks, Frees Up Working Memory, Gamifies Action",,"Overwhelmed, Wired but Tired",,"Discouraged, Overthinking","Interactive, Sensory","Emotional Regulation, Work",,,,"Gamification, Mindset Shift, Routine",music,,,,,Free,,Include music genre recommendations and volume guidelines for focus
No,Strategic Outsourcing,Energy Investment Strategy,When certain tasks consistently drain your energy,"### ☀️ Buy Back Your Time

Outsource tasks like cleaning or meal prep that drain your energy. This helps you focus on what you enjoy, improving your mood and energy. Consider using services like wash-and-fold laundry to lighten your load and make space for more important activities.","- ### 🌟 Weekend Mood Boost
- - Problem: Spending Sundays dreading the laundry pile 😩
- - Solution: Use a wash-and-fold service twice a month 🧺✨
- - Cost: $30 each time 💵
- - Outcome:
- - Removes the laundry task from your weekend 🗑️
- - Improves your mood 🎉
- - Frees up energy for activities you enjoy 🌈
- Remember: Investing in tasks that drain your energy can lead to more enjoyable weekends!",Executive Dysfunction,Burned out,Defeated,"Cleaning Up, Resetting My Space","Avoidant, Cant Finish","Dopamine Activation, Emotional Regulation, Frees Up Working Memory",,"Burnout, Crash Recovery, Wired but Tired",,"Avoidant, Frozen","Gamified, Sensory","Cleaning, Work",,,,Gamification,sunrise,,,,,$$,ADDitude Magazine,Include cost-benefit calculators and service comparison guides
No,Strategic Saying No,Boundary Protection,When overcommitment is creating overwhelm,"### 🚫 Mastering the Art of No

Learn to say no to tasks that don't fit your priorities. This helps you manage your time and energy better. By protecting your schedule, you can focus on what's truly important and reduce feelings of overwhelm.","- ### 🌟 Practice Saying No: A Guide
- - Feeling Overcommitted? 🤯
- - You're saying ""yes"" to everything and feeling stressed!
- - Try This Instead! 🙅‍♂️
- - Use a Script:
- - ""That sounds interesting, but I’m not available that week.""
- - Remember:
- - It's okay to prioritize your well-being!
- - Benefits of Saying No: 🎉
- - Protect Your Time:
- - Focus on what truly matters.
- - Reduce Stress:
- - Less overwhelm = more energy for your priorities!
- - Enhance Focus:
- - Improve your working memory by avoiding distractions.
- - Be Kind to Yourself: 💖
- - Saying no is a skill that takes practice. Start small and build your confidence!","Decision Fatigue, Executive Dysfunction, Time Blindness",Frustrated,Defeated,"Managing my schedule, Planning my time","Poor Time Estimation, Task Initiation","Dopamine Activation, Executive Function Support",,"Burnout, Low Energy, Overstimulated",,"Avoidant, Frozen","Reflective Practice, Time Management","Planning, Time Planning",,,,"Checklist, Routine",x-circle,,,,,Free,,Include saying no scripts and priority alignment strategies
No,Strategic Task Elimination,Permission to Quit,When you're spending energy on things that don't matter,"### ✂️ Cut Out the Clutter

Eliminate tasks that drain your energy. Ask yourself if you can completely remove a task. For instance, if you dislike meal prep, opt for pre-chopped vegetables to simplify cooking. Focus on activities that matter to you, reducing overwhelm and making it easier to manage your time and energy.","- ### 💡 Quick Tip: Meal Prep Made Easy
- - Feeling overwhelmed with chopping veggies? 🥕
- - Solution: Give yourself permission to buy pre-chopped vegetables! 🥗
- #### Why This Works:
- - Cost: Yes, they might be a bit pricier 💵
- - Relief: The time and energy saved is worth it! 🙌
- #### Benefits:
- - Cook healthy meals without the hassle! 🍽️
- - Focus on enjoying the cooking process rather than dreading it! 🎉
- ### Remember:
- - It's okay to take shortcuts that support your well-being! 🌟",Executive Dysfunction,Burned out,Defeated,,"Avoidant, Can't Finish","Dopamine Activation, Minimizes Friction",,"Burnout, Crash Recovery, Overwhelmed",,"Avoidant, Frozen","Gamified, Interactive",Work,,,Working Professional,Gamification,check-square,,,,,$,The Anti-Planner by Dani Donovan,Include cost-benefit analysis templates for common elimination decisions
No,Stress Action Plan - Why? What? When? (Be Realistic),Crisis Management Framework,When high stress is making everything feel impossible,"### 📝 Stress Action Plan

Create a simple written plan during stressful times to clarify what matters most. Break tasks into small, manageable steps to help you focus better. Don't forget to add self-care actions to recharge and maintain your well-being while facing challenges.","- ### 📝 Stress Action Plan Example
- - Situation: Family crisis + Work deadlines
- - Why?
- - 💼 I need to keep my job to support my family.
- - What?
- - 📊 Finish:
- - Client presentation
- - Weekly report
- - 🛑 Everything else waits until next week.
- - When?
- - ⏳ Focus on these tasks now, prioritize others later.
- - Self-Care Options:
- - 🚶‍♂️ Take a 10-minute walk
- - 🍔 Order takeout
- - 📞 Ask a friend to check in
- Remember, it's okay to take a breather and prioritize your well-being! 🌟","Emotional Dysregulation, Executive Dysfunction, Time Blindness",Burned out,Defeated,"Starting Something Hard, Staying focused","Avoidant, Can't Start","Breaks Down Complexity, Dopamine Activation, Externalizes Tasks, Frees Up Working Memory",,"Burnout, Crash Recovery, Low Energy, Overstimulated",,"Avoidant, Frozen","Interactive, Visual","Emotional Regulation, Planning",,,,Checklist,target,,,,,Free,The Anti-Planner by Dani Donovan,Include template frameworks and self-care menu options
No,Stuck-Buster Action List,Paralysis Breaking Toolkit,When you're completely stuck and can't start anything,"### 🚀 Quick Action Breakers

Keep a simple list of actions to help you when you're feeling stuck or overwhelmed. If you can't start a task, pick an action like ""step outside"" or ""do jumping jacks."" These quick changes can help refresh your mind and get you back to work with renewed focus.","- ### Example of a Paralysis Breaker
- 🌟 Scenario: You're sitting at your desk, feeling completely paralyzed and unable to start any task.
- 🔍 Quick Steps:
- - Breathe: Take a deep breath in... and out.
- - Change of Scenery:
- - 🏃‍♂️ Step outside for 2 minutes
- - 🌳 Enjoy the fresh air and let your mind wander
- - Physical Movement:
- - 🤸‍♀️ Do 5 jumping jacks
- - 💪 Feel your energy boost!
- ✅ Outcome: The brief change of environment and a little movement helps reset your brain, allowing you to return to work with renewed energy and focus!",Task Initiation,Stuck,Overwhelmed,"Focus Enhancement, Task Initiation",Can't Start,"Breaks Down Complexity, Externalizes Tasks, Minimizes Friction",,"Overwhelmed, Shutdown, Wired but Tired",,"Frozen, Overthinking","Action-Oriented, Visual","Decision Making, Focus Enhancement, Task Initiation Support",,,,Checklist,list,,,,,Free,,Include paralysis breaker options for different settings and energy levels
No,Suit Up Card Game,Task Selection Game,When decision paralysis is preventing task selection,"### 🎲 Gamify Your Tasks

Turn your tasks into a fun card game! Write each task on an index card, shuffle them, and draw one to see what to tackle next. This approach helps you overcome decision paralysis by making task selection enjoyable. You can also assign point values to tasks to boost motivation and encourage starting without feeling overwhelmed.","- ### 🎉 Task Selection Made Fun!
- Feeling stuck? Here’s a creative way to tackle your tasks with a game-like twist! 🎲
- - Step 1: Write down your tasks on index cards. 📝
- - Step 2: Shuffle the deck! 🔄
- - Step 3: Draw one card. 🎴
- #### Example:
- - Task: Organize bathroom cabinet 🚪🧼
- - Points:
- - 1 point for easy tasks ⭐
- - 3 points for hard ones 🌟
- #### Why it Works:
- - Eliminates decision fatigue: No more paralyzed by choices! 🙅‍♂️
- - Makes it fun: Turn chores into a game! 🎮
- - Motivation boost: Aim for a daily score! 🏆
- This method helps you break through the overwhelm and get started on those tasks! 💪","Decision Fatigue, Executive Dysfunction, Task Initiation",Stuck,Overwhelmed,"Cleaning Up, Overcoming Procrastination, Task Initiation Support","Can't Decide, Can't Start","Externalizes Tasks, Gamifies Action",,Shutdown,,"Avoidant, Frozen",Gamified,"Cleaning, Emotional Regulation, Task Initiation Support",,,,"Engaging Gamification, Gamification",gamepad,,,,,Free,The Anti-Planner by Dani Donovan,"Include card templates, scoring systems, and category suggestions"
No,Sunlight Exposure,Natural Mood Regulation,When mood and energy need natural regulation,"### 🌞 Morning Sunlight Boost

Spend 10-15 minutes outside in the morning to soak up natural sunlight. This quick routine can lift your mood and boost your energy, making it easier to focus and get started on tasks for the day.","- ### 🌞 Morning Sunlight Boost
- Feeling sluggish? Try this!
- - Take a 10-minute walk outside every morning. 🌅
- - Breathe in the fresh air and soak up that natural sunlight! ☀️
- - Notice how you feel after your walk:
- - More alert! 💡
- - Improved mood! 😊
- Why it works:
- - Regulates your circadian rhythm ⏰
- - Boosts dopamine for a happier you! 🎉
- Remember: Just a little sunlight can make a BIG difference in your day! ✨","Emotional Dysregulation, Task Initiation, Time Blindness",Drained,Stuck,"Finding motivation, Overcoming Procrastination, Starting Something Hard","Can't Focus, Can't Start","Dopamine Activation, Emotional Regulation, Frees Up Working Memory",,Low Energy,,"Discouraged, Overthinking","Gamified, Interactive","Emotional Regulation, Task Initiation, Time Planning",,,,Gamification,sliders,,,,,Free,,Include timing recommendations and seasonal considerations
No,Survival Mode Productivity,Crisis Management Framework,When life crisis is affecting your ability to function,"### 🌪️ Survive the Storm

Focus only on essential tasks and inform your team that you will be working at a reduced capacity. Break your work into 15-minute sprints followed by short breaks. This approach helps you manage your workload effectively during tough times without the pressure of maintaining regular productivity.","- ### 📧 Communicate Openly
- - Email your boss:
- - ""I'm dealing with a personal situation and will be operating at reduced capacity this week.""
- ### 🏃‍♂️ Set Mini Goals
- - Focus on just two key tasks:
- - Client proposal
- - Weekly report
- ### ⏲️ Work in Short Bursts
- - 15-minute work sprints followed by:
- - 5-minute breaks to recharge
- ### 💪 Prioritize Self-Care
- - Remember, it's okay to take a step back and manage your energy during tough times!
- ### 🌟 Stay Flexible
- - Adjust your plans as needed and be kind to yourself.","Emotional Dysregulation, Task Initiation, Working Memory Engagement",Burned out,Defeated,"Staying focused, Task Initiation","Avoidant, Task Initiation","Breaks Down Complexity, Externalizes Tasks, Provides External Structure",,"Burnout, Crash Recovery, Overwhelmed",,"Avoidant, Disorganized, Frozen",Interactive,"Emails, Task Initiation, Time Planning",,,,"Checklist, Routine",shield,,,,,Free,The Anti-Planner by Dani Donovan,Include crisis communication templates and essential task identification guides
No,Switch it Up - Change Environment,Environment Reset Strategy,When you're stuck and need a mental reset,"### 🌍 Change Your Scenery

Switching up your environment can help you regain focus and creativity. If you're feeling stuck, try moving to a different location or rearranging your workspace. For example, work from the kitchen table with a new playlist to refresh your mind and break the cycle of inertia.","- ### 🌟 Quick Environment Change Ideas
- - Feeling Stuck? Try This:
- - 🌿 Move to a new spot: Grab your laptop and head to the kitchen table or a cozy chair.
- - 🎶 Switch up your playlist: Find a different vibe that gets you energized.
- - ☕ Refresh your drink: Pour yourself a favorite beverage to sip while you work.
- - Why It Works:
- - 🧠 Reset your brain: A change of scenery can help clear mental blocks.
- - 🔄 Engage your senses: New sights and sounds can spark creativity.
- - 🚀 Overcome inertia: Breaking routine can help kickstart productivity.
- Experiment with these changes to find what helps you focus and feel more creative!","Environmental Cues, Inertia, Working Memory Engagement",Stuck,Overwhelmed,"Focus Enhancement, Overcoming Resistance, Resetting My Space",Can't Start,"Breaks Down Complexity, Externalizes Tasks, Sensory Engagement",,"Burnout, Overwhelmed, Shutdown",Recently Moved,Frozen,"Interactive, Sensory, Visual",Focus Enhancement,,,,Environmental Hack,shuffle,,,,,Free,The Anti-Planner by Dani Donovan,Include environment change ideas for different situations and spaces
No,System Clone Strategy,Proven Model Adoption,When you need a proven system to start with,"### 📋 Copy Proven Systems

Find a planning system used by someone you admire and adapt it to suit your needs. This approach saves you time and reduces frustration by providing a clear structure for your planning process. Look for methods that align with your workflow and seek help in setting them up if needed.","- ### 🌟 Finding Your Planning System
- - Struggling? 😩 You can't seem to find a planning method that clicks for you.
- - Look Around! 👀 Notice how your organized friend manages their tasks with ease.
- - Ask for Help! 🤝 Don't hesitate to approach them and say:
- - ""Hey, I’ve been feeling lost with my planning. Can you show me how you do it?""
- - Get Inspired! ✨ They show you their bullet journal setup:
- - Simple layouts
- - Color-coded sections
- - Fun doodles
- - Adapt It! 🛠️ Take their system and tweak it to fit your needs:
- - Add your favorite colors
- - Use symbols that make sense to you
- - Save Time! ⏰ By doing this, you avoid the long trial-and-error phase and feel more in control!
- - Celebrate Your Progress! 🎉 Each time you use your adapted system, you're building confidence and clarity!","Executive Dysfunction, Task Structuring, Time Blindness",Frustrated,Defeated,"Managing my schedule, Planning my time",Cannot Finish,"Breaks Down Complexity, Executive Function Support, Externalizes Tasks",,"Overwhelmed, Wired but Tired",,"Disorganized, Frozen",Sensory,"Planning, Time Planning",,,,"Checklist, Mindset Shift, Routine",layout,,,,,Free,,Include system adaptation strategies and where to find good models
No,Ta-Da List (Everything You've Already Done Today),Accomplishment Documentation,When you feel unproductive despite doing things,"### 🎉 Celebrate Your Wins

Keep a daily ""ta-da"" list of your accomplishments, no matter how small. This helps you see your progress and boosts motivation when you feel unproductive. Writing down completed tasks breaks negative feelings and helps you gain momentum for future tasks.","- ### 🌟 Today's Accomplishments 🌟
- - ☕ Made coffee
- - 📱 Responded to 2 texts
- - 🚿 Took a shower
- - 🐱 Fed the cat
- - 💡 Paid the electric bill
- - 🗂️ Organized the desk drawer
- ---
- Seeing this list reminds me that I've actually been quite productive today! 🎉","Emotional Dysregulation, Time Blindness, Working Memory Engagement",Ashamed,Guilty,"Being Kinder to Myself, Finding motivation","Poor Time Estimation, Task Initiation","Breaking Down Complexity, Externalizes Tasks, Provides Instant Rewards, Starts Small",,"Restless, Wired but Tired",,"Discouraged, Overthinking","Incremental Motivation, Visual",Emails,,,,Checklist,check-circle,,,,,Free,The Anti-Planner by Dani Donovan,Include prompts for different types of accomplishments and daily/weekly formats
No,Task Avoidance BINGO,Avoidance Task Game,When you have many small tasks you're avoiding,"### 🎉 Task Avoidance BINGO

Transform your chores into a fun game! Create a 5x5 bingo card filled with small tasks you've been putting off. This approach helps you tackle daunting tasks by breaking them into simple actions, offering immediate satisfaction as you mark off completed tasks. Enjoy a visual challenge that motivates you to conquer your to-do list.","- ### 🎯 Example Tasks for Your BINGO Card
- - 📧 Reply to 3 emails
- - 🗑️ Take out the trash
- - 📁 File 5 documents
- - 🦷 Make a dentist appointment
- - 🛍️ Order groceries online
- - 📅 Plan a fun activity for the weekend
- - 📚 Read a chapter of a book
- - 🧹 Clean a small area of your room
- - 💻 Organize your desktop files
- - ☕ Make a cup of your favorite drink
- Each time you complete a task, mark it off! 🎉 Getting a line feels like winning, and suddenly you’re motivated to tackle even more tasks!",Task Initiation,Drained,Stuck,"Focus Enhancement, Task Initiation","Avoidant, Can't Start","Activates Dopamine, Breaks Down Complexity, Gamifies Action",,"Low Energy, Wired but Tired",,"Avoidant, Frozen","Gamified, Interactive","Focus Enhancement, Task Initiation, Time Planning",,,,Gamification,grid,,,,,Free,The Anti-Planner by Dani Donovan,Provide printable BINGO templates and task suggestion lists
No,Task Avoidance Bingo,Gamified Procrastination Buster,When accumulated avoided tasks need gamification motivation,"### 🎯 Bingo for Task Completion

Create a 5x5 bingo card with small tasks you’ve been avoiding. This fun game makes starting tasks easier and helps you stay engaged by rewarding you for each completed task.","- ### 🎉 Task Avoidance Bingo Example
- You've been putting off a bunch of small tasks, but now it's time to tackle them! Here's how you can make it fun:
- - 🗂 Organize your desk drawer
- (Out with the clutter, in with the calm!)
- - 📞 Call the dentist
- (A quick chat for a healthier smile!)
- - 🚗 Wash your car
- (Shiny car, shiny mood!)
- - 📝 Update your resume
- (Time to shine your skills!)
- - 📧 Clean out your email inbox
- (Less clutter = more clarity!)
- ### 🎯 How It Works
- - Create your bingo card with these tasks.
- - Each task you complete brings you closer to winning!
- - Celebrate each line you complete—it's a mini victory! 🎊
- This gamified approach turns overwhelming chores into a fun game, activating dopamine rewards with each completed task. Let's get going!",Task Initiation,Anxious,Ashamed,"Cleaning Up, Overcoming Procrastination, Task Initiation","Avoidant, Can't Start, Poor Time Estimation","Activates Dopamine, Breaks Down Complexity, Gamifies Action",,"Low Energy, Overwhelmed, Wired but Tired",Job Search,"Avoidant, Discouraged, Overthinking",Gamified,"Cleaning, Planning, Task Initiation",,,,"Challenge, Engaging Gamification, Gamification",map-pin,,,,,Free,The Anti-Planner by Dani Donovan,"Include bingo card templates, task suggestion lists, and reward ideas for completed lines"
No,Task Batching Power-Hour,Efficiency Grouping System,When context switching is draining your energy,"### ⏳ Batch Your Tasks

Group similar tasks together and complete them in one go. This reduces the need to switch contexts, making it easier to start and finish tasks. Set aside a specific time to tackle these tasks, allowing for a more organized and manageable approach.","- ### Example of Batching Tasks
- When you have multiple phone calls to make, instead of spreading them throughout the week, try this:
- - 📅 Block Out Time: Set aside one hour on a specific day (like Tuesday afternoon).
- - 📞 Make the Calls: Tackle all your calls back-to-back during that hour.
- - ✅ Feel Accomplished: Completing them in one go makes the task feel more manageable!
- By batching similar tasks together, you reduce the overwhelm and make it easier to stay focused!","Executive Dysfunction, Task Structuring, Time Blindness",Frustrated,Defeated,"Focus Enhancement, Focused Task Execution, Task Initiation Support","Can't Finish, Task Initiation","Breaks Down Complexity, Externalizes Tasks",,"Overwhelmed, Restless",,"Avoidant, Disorganized",Gamified,"Focus Enhancement, Planning, Task Initiation Support",,,,Gamification,check-square,,,,,Free,,Include batching strategies for different types of tasks
No,Task Battle,Competitive Task Challenge,When you need social motivation for boring tasks,"### 🏁 Task Battle Challenge

Challenge a friend or family member to a “task battle.” Choose a chore and race against each other to complete it in a set time. This makes starting tasks more fun and engaging. Set a timer, play music, and see who can make the most progress!","- ### 🚀 Task Battle Example
- - You and your roommate both have messy bedrooms you've been avoiding.
- - You challenge each other:
- - ""Who can declutter their room more in 30 minutes?""
- - Set a timer ⏰
- - Put on some music 🎶
- - RACE 🏁 to see who can make the most progress!
- This friendly competition makes it fun, and you both get more done than you would have alone! 💪✨","Emotional Dysregulation, Inertia, Task Initiation",Drained,Stuck,"Cleaning Up, Overcoming Procrastination, Task Initiation","Can't Start, Poor Time Estimation",Gamifies Action,,"Burnout, Low Energy, Wired but Tired",,"Avoidant, Frozen",Gamified,Cleaning,,,,"Challenge, Gamified",check-square,,,,,Free,The Anti-Planner by Dani Donovan,Include task pairing suggestions and virtual competition options
No,Task Bracelet,Physical Progress Tracker,When you need tangible progress tracking,"### 🎽 Visual Task Tracker

Wear a colorful bracelet or hair tie for each task. When you complete a task, remove the bracelet and place it in a bowl. This helps you see your progress and motivates you to keep going. By the end of the day, you'll have a visible reminder of all you accomplished.","- ### 🌈 Daily Task Tracker
- - Start your day with 4 colorful hair ties:
- - 🔵 Blue: Emails
- - 🔴 Red: Laundry
- - 🟢 Green: Grocery Shopping
- - 🟡 Yellow: Call the Dentist
- - As you complete each task:
- - 🎉 Move the corresponding hair tie to a small bowl on your desk.
- - At the end of the day:
- - 👀 Enjoy seeing all the hair ties in the bowl!
- - 💪 Feel a sense of accomplishment as you visualize everything you achieved!",Task Initiation,Drained,Stuck,"Focus Enhancement, Overcoming Procrastination, Task Initiation Support","Can't Finish, Can't Start","Dopamine Activation, Gamifies Action, Starts Small",,"Crash Recovery, Low Energy, Wired but Tired",Recently Moved,"Avoidant, Disorganized, Frozen","Sensory, Visual","Focus Enhancement, Task Initiation Support, Time Planning",,,,"Checklist, Gamification",check-square,,,,,$,Reddit /r/ADHD,Include bracelet alternatives and task categorization by colors
No,Task Complaint Form,Frustration Processing Tool,When frustration is blocking you from starting,"### 📝 Venting to Move Forward

Use a mock complaint form to express your frustrations about a task. This helps you externalize feelings of anxiety and makes it easier to get started. By writing down your grievances, you can clear your mind and reduce overwhelm, making tasks feel more manageable. Templates can provide additional structure and help you stay on track.","- ### 🎯 Example of Using a Complaint Form
- - Task: Tax paperwork
- - Complaints:
- - 😩 It's boring
- - 🤔 It's confusing
- - 😠 It makes me feel stupid
- - 😤 I hate how the forms are designed
- #### Why This Works:
- By writing down your frustrations:
- - You feel heard and validated.
- - The task becomes less intimidating.
- - You can shift your mindset and reduce low motivation.
- #### Quick Tips:
- - Use emojis to express feelings.
- - Break down complaints into bullet points for easy scanning.
- - Make it a fun activity—use colorful pens or stickers!
- This approach helps you tackle tasks with less anxiety and more clarity. You've got this! 💪","Emotional Dysregulation, Task Initiation, Working Memory Engagement",Anxious,Ashamed,"Maintaining Focus, Overcoming Procrastination, Starting Something Hard","Avoidant, Can't Start","Emotional Regulation, Externalizes Tasks, Frees Up Working Memory",,"Low Energy, Overwhelmed, Wired but Tired",Recently Moved,"Avoidant, Overthinking","Gamified, Visual","Emotional Regulation, Task Initiation Support",,,,Gamification,check-square,,,,,Free,The Anti-Planner by Dani Donovan,Include complaint form templates and follow-up action suggestions
No,Task Context Grouping,Context-Based Task Lists,When your to-do list feels random and overwhelming,"### 📋 Context-Based Task Grouping
Group your tasks by context, like ""Calls,"" ""Computer,"" and ""Errands."" This method helps you manage your to-do list more effectively, making it easier to get started. Use colors to categorize tasks, so you can quickly identify what to tackle based on your current focus and energy level.","- ### Example of Context-Based Task Grouping
- You're staring at your list of 20 random tasks, feeling completely stuck. Instead of forcing yourself to tackle them in order, try this:
- - 🎨 Grab some colored markers!
- - 📋 Group your tasks by context:
- - 📞 Phone (Blue): For all your calls
- - 💻 Computer (Green): For online tasks
- - 🛒 Errands (Red): For going out
- - 🏠 Home (Orange): For household tasks
- Now, when you're ready to make calls, just pick all the blue tasks! This way, you can tackle what feels right in the moment and reduce that overwhelming feeling. You've got this! 🌟",Executive Dysfunction,Frustrated,Defeated,"Focus Enhancement, Focused Task Execution, Task Initiation Support","Can't Finish, Task Initiation","Externalizes Tasks, Frees Up Working Memory",,Wired but Tired,,Disorganized,"Sensory, Task Simplification, Visual",,,,,Checklist,flower,,,,,Free,The Anti-Planner by Dani Donovan,Include context category templates and color-coding suggestions
No,Task Dice Decision,Random Selection System,When you have multiple tasks and can't choose,"### 🎲 Roll the Dice to Decide

Assign a number to each task and roll a die to choose which one to start. This fun method helps you take action when you're feeling stuck or overwhelmed by providing a simple way to decide what to do next.","- ### 🎲 How to Use the Task Dice Decision
- When you're feeling stuck, follow these simple steps:
- 1. List Your Tasks: Write down your tasks and assign each one a number.
- - Example:
- - 1️⃣ Task A
- - 2️⃣ Task B
- - 3️⃣ Task C
- - 4️⃣ Task D
- - 5️⃣ Task E
- - 6️⃣ Task F
- 2. Grab a Die: Find a die from a board game or a random number generator on your phone.
- 3. Roll the Die: Give it a roll! 🎲
- 4. Start with the Number: Whatever number you roll, that’s the task you start with!
- - If you roll a 4, dive into Task D! 🚀
- 5. Take Action: Get going on the chosen task without overthinking it!
- This playful approach helps you break free from decision paralysis and get started! 💪✨","Decision Fatigue, Executive Dysfunction, Task Initiation",Stuck,Overwhelmed,"Focus Enhancement, Overcoming Procrastination, Task Initiation","Can't Decide, Can't Start","Externalizes Tasks, Frees Up Working Memory, Reduces Decision Fatigue",,"Crash Recovery, Low Energy, Overwhelmed",,"Frozen, Overthinking","Gamified, Interactive","Decision Making, Focus Enhancement, Task Initiation",,,,"Challenge, Checklist, Gamification",dice,,,,,Free,The Anti-Planner by Dani Donovan,Include templates for different numbers of tasks and decision scenarios
No,Task Management Apps,Digital Organization Tools,When traditional to-do lists aren't working,"### ☕️ Engage Your Tasks

Use task management apps tailored for ADHD to enhance your organization. Look for tools that offer gamification and visual tracking to simplify task initiation and completion. Choose apps that allow you to break down tasks into smaller steps, making it easier to maintain focus and reduce feelings of overwhelm.","- ### 🌟 Staying Organized with a Task Management App
- - Struggle: Keeping track of your to-do items and remembering important tasks can feel overwhelming. 😩
- - Solution: Try a task management app designed for ADHD! Here’s how it can help:
- - Visual Progress Bars: See your progress at a glance! 📊
- - Reward Systems: Earn rewards for completing tasks! 🎉
- - Smaller Steps: Break large tasks into bite-sized pieces for easier management! 📋
- - Outcome: With digital support, staying organized becomes more manageable, helping you feel more in control and less stressed! 🌈","Decision Fatigue, Executive Dysfunction, Working Memory Engagement",Frustrated,Defeated,"Starting Something Hard, Staying focused","Can't Finish, Task Initiation","Frees Up Working Memory, Gamifies Action, Reduces Decision Fatigue",,"Overwhelmed, Wired but Tired",,"Disorganized, Frozen","Gamified, Interactive, Visual","Task Initiation Support, Time Planning",,,,"Checklist, Engaging Gamification, Gamification",coffee,,,,,$,,Include key features to look for and setup strategies for ADHD needs
No,Task-Specific Playlists,Task Playlists,When you need motivation to start dreaded tasks,"### 🎶 Energizing Task Playlists

Create fun playlists that match the tasks you need to do. Use upbeat music to get energized and make chores feel less overwhelming. For tasks like cleaning, choose high-energy songs that motivate you to get moving and finish quickly.","- ### 🎉 Transform Your Cleaning Routine!
- - Feeling: 🎶 Energized and ready to move!
- - Task: 🧼 Cleaning the bathroom
- How to Make It Fun:
- - Create a Playlist:
- - 🎵 Choose your favorite high-energy songs!
- - ⏳ Set it for 20 minutes.
- Challenge Yourself:
- - Start the playlist and race against the clock! 🕒
- - Try to finish cleaning before the last song ends. 🏃‍♂️💨
- Why This Works:
- - 🎈 Makes cleaning feel like a mini dance party!
- - Boosts your mood and helps you get it done!
- Ready to groove while you clean? Let the music motivate you! 🎉","Emotional Dysregulation, Task Initiation, Working Memory Engagement",Drained,Stuck,"Cleaning Up, Overcoming Procrastination, Resetting My Space","Can't Start, Poor Time Estimation","Dopamine Activation, Externalizes Tasks",,"Overwhelmed, Wired but Tired",Recently Moved,"Avoidant, Frozen","Gamified, Interactive","Cleaning, Emotional Regulation",,,,"Challenge, Gamification, Mindset Shift",headphones,,,,,Free,The Anti-Planner by Dani Donovan,Include suggested song types and BPM ranges for different activities
No,The 1% Rule,Incremental Improvement,When big changes feel overwhelming,"### 🔄 Small Steps, Big Changes

Focus on improving just 1% each day. This makes tasks feel less overwhelming. Start with small actions, like doing 5 jumping jacks, and gradually increase. These tiny steps help you stay engaged and build momentum without feeling stressed.","- ### 🌟 Small Steps to Get Fit
- - Start with just 1% better each day!
- - Day 1: 🤸‍♂️ Do 5 jumping jacks
- - Day 2: 🏃‍♀️ Add 1 more jumping jack (now you’re at 6!)
- - Week 1: 🚶‍♂️ Introduce a 2-minute walk
- - Keep adding a little each day! 🌈
- These tiny improvements feel manageable and help you build momentum without feeling overwhelmed! 🚀","Decision Fatigue, Perfectionism, Task Initiation",Drained,Stuck,"Starting Something Hard, Staying focused","Can't Decide, Task Initiation","Breaks Down Complexity, Frees Up Working Memory, Starts Small",,"Burnout, Low Energy, Wired but Tired",,"Avoidant, Discouraged, Frozen","Action-Oriented, Incremental Engagement, Sensory",,,,,Gamification,refresh-cw,,,,,Free,,Include 1% improvement examples for different life areas
No,The 2-Minute Rule,Immediate Action Principle,When small tasks accumulate into big problems,"### ⚡ Quick Task Action

Complete tasks that take less than 2 minutes right away to avoid them building up. This approach encourages you to start small, making it easier to handle quick tasks like replying to emails promptly. By doing this, you maintain your momentum and reduce the feeling of being overwhelmed.","- ### ✨ Quick Example of the 2-Minute Rule
- - Email Response ✉️
- - You receive an email that needs a quick yes/no response.
- - Instead of letting it sit and become overwhelming:
- - Take 30 seconds to type your reply! 🕒
- - Hit send and breathe a sigh of relief! 😌
- - Why This Works:
- - Keeps your inbox tidy! 📫
- - Reduces anxiety about piling tasks! 🚫
- - Helps you keep your momentum going! 🚀
- - Remember:
- - Tackle tasks under 2 minutes right away!
- - It’s about making small wins! 🎉","Decision Fatigue, Task Initiation",Anxious,Ashamed,"Staying focused, Task Initiation","Avoidant, Can't Start","Breaks Down Complexity, Externalizes Tasks, Reduces Decision Fatigue, Starts Small",,"Crash Recovery, Low Energy, Wired but Tired",,"Avoidant, Frozen","Interactive, Task Simplification, Time Management","Emails, Focus Enhancement, Task Initiation",,,,Quick Fix,zap,,,,,Free,,Include 2-minute task examples and decision-making guidelines
No,The 3-Spot Victory Game,Item Location Victory System,When you frequently lose important items,"### 🎮 Victory Game for Lost Items
Transform the way you organize by turning it into a fun game. Choose 3 items you often misplace and assign each a bright, easy-to-find spot. Use a timer to challenge yourself to return these items to their homes as quickly as possible. This gamified approach makes it easier to remember where things belong, reducing the stress of searching.","- ### 🗝️ Morning Item Challenge
- You're tired of hunting for your essentials every morning? Let's make it fun! Here’s how to tackle it:
- - Choose 3 items you always misplace (e.g., keys, phone, sunglasses).
- - Get 3 bright bowls and place them by the door. 🌈
- - Set a timer on your phone. ⏳
- - Race against the clock to put all 3 items 'home' when you return! 🏃‍♂️💨
- - Snap a victory photo of your setup! 📸
- - Share it with a friend for extra motivation and accountability! 🤝
- This way, you'll create a fun routine that helps you remember where things belong! 🎉","Decision Fatigue, Task Initiation, Working Memory Failures",Forgetful,Ashamed,"Focus Enhancement, Quick Task Management, Task Initiation Support","Disorganized, Poor Time Estimation, Task Initiation","Dopamine Activation, Externalizes Tasks, Gamifies Action",,Wired but Tired,,Avoidant,Gamified,"Planning, Time Planning",,,,Gamification,gamepad,,,,,Free,,Uses timer races and victory photos for dopamine hits
No,The 5-Minute Rule,Momentum Building,When starting feels impossible,"### ⚡ Just 5 Minutes

Commit to working on a task for just 5 minutes to break the barrier of starting. This approach helps you build momentum by tackling tasks in short bursts, making it easier to manage feelings of overwhelm and improve focus without the pressure of a long commitment.","- ### ✨ Example: Tackling That Important Email
- - You've been avoiding this email for days... 😩
- - Here’s your plan:
- - Set a Timer: ⏰ Just 5 minutes!
- - Open Your Laptop: 💻 Take a deep breath.
- - Start Typing: 📝 Don't worry about perfection, just get words on the screen!
- - After 5 minutes...
- - You might find yourself in the flow! 🌊
- - Decide to finish it up! 🚀
- - Remember: Starting is the hardest part! You’ve got this! 💪",Task Initiation,Stuck,Overwhelmed,"Focus Enhancement, Overcoming Procrastination, Task Initiation","Can't Start, Task Initiation","Dopamine Activation, Gamifies Action, Starts Small",,"Low Energy, Overwhelmed, Wired but Tired",,"Avoidant, Frozen","Gamified, Interactive","Emails, Focus Enhancement, Task Initiation",,,,Gamification,zap,,,,,Free,The Anti-Planner by Dani Donovan,Include 5-minute task examples and momentum strategies
No,The 80/20 Rule,Priority Focus Strategy,When busy work is crowding out important tasks,"### 🍽️ Focus on High-Impact Tasks

Concentrate your efforts on the 20% of tasks that yield the most significant results. This strategy helps you stay focused on what truly matters, avoiding overwhelm from low-value tasks while achieving a sense of accomplishment.","- ### 🚀 Focus on What Matters Most!
- - Feeling busy but unproductive? 😩
- - Identify the 20% that matters:
- - What tasks give you the biggest results? ✨
- - Focus your energy here! 💪
- - Action Steps:
- 1. List your tasks 📝
- 2. Highlight the top 20% that drive results 🌟
- 3. Set a timer for these tasks ⏰
- 4. Enjoy the sense of accomplishment! 🎉
- - Avoid the trap of busy work!
- - Say goodbye to overwhelm! 🚫
- - Embrace focus and clarity! 🔍","Executive Dysfunction, Task Initiation, Time Blindness",Frustrated,Defeated,"Staying focused, Task Initiation","Cannot Finish, Task Initiation","Breaks Down Complexity, Dopamine Activation, Executive Function Support",,"Overstimulated, Wired but Tired",,"Frozen, Overthinking",Sensory,Work,,,,Checklist,cooking-pot,,,,,Free,Pareto Principle,Include impact assessment strategies and priority identification methods
No,The Anchor Habit,Routine Building Strategy,When you want to build new habits consistently,"### 🔗 Anchor Your Habits

Connect new habits to existing routines to make them easier to remember. For example, take your vitamins right after brushing your teeth. This way, your established routine serves as a reminder, helping you stay consistent and reduce forgetfulness.","- ### Example: 🌟 Daily Vitamin Reminder
- - Challenge: Forgetting to take vitamins daily
- - Solution: Use an existing habit as an anchor!Steps to Follow:
- 1. Identify Your Anchor Habit:
- 🪥 Brushing your teeth in the morning
- 2. Link Your New Habit:
- 💊 Take your vitamins right after brushing your teeth
- 3. Visualize Your Routine:
- - Morning Routine:
- - Wake up 🌅
- - Brush teeth 🪥
- - Take vitamins 💊
- 4. Celebrate Small Wins:
- 🎉 Feel good about building this new habit every day!
- By anchoring your vitamin routine to a consistent habit, you create a fun and easy way to remember!","Task Initiation, Time Blindness, Working Memory Failures",Forgetful,Ashamed,"Managing my schedule, Planning my time, Task Initiation Support","Disorganized, Poor Time Estimation, Task Initiation","Breaking Down Complexity, Externalizes Tasks, Starts Small",,"Low Energy, Wired but Tired",,Avoidant,Gamified,"Planning, Time Planning",,,,"Gamification, Routine",repeat,,,,,Free,,Include anchor habit examples and chain-building strategies
No,The Backup Plan,Contingency Preparation,When unexpected problems create disproportionate stress,"### 💡 Always Have a Backup Plan

Prepare alternative routes and extra supplies to help you stay calm when things don’t go as planned. This strategy gives you options to switch gears easily, reducing stress and anxiety about timing.","- ### 🚦 Backup Route Planning
- When you're feeling stressed about being late due to traffic, try these steps:
- - 🌐 Research Alternatives: Look up three different routes to work and save them on your phone.
- - 🗺️ Quick Access: Have them ready to switch to in case of unexpected delays.
- - 🧘‍♂️ Stay Calm: Instead of panicking, you'll know exactly what to do when things go wrong.
- - 💪 Feel Empowered: You’re in control of your time and can handle surprises without stress!
- By preparing in advance, you can reduce anxiety and keep your day on track!","Emotional Dysregulation, Executive Dysfunction, Time Blindness",Frustrated,Defeated,"Managing my schedule, Planning my time, Task Initiation Support","Anxiety Management, Poor Time Estimation, Task Initiation","Breaks Down Complexity, Starts Small",,"Crash Recovery, Low Energy, Overwhelmed",,"Disorganized, Time Blind","Gamified, Sensory","Planning, Time Planning",,,Parent,Gamification,hard-drive,,,,,Free,,Include backup planning templates for common ADHD challenges
No,The Buddy System,Social Accountability,When you need external support and accountability,"### 🤝 Buddy Up for Accountability

Partner with a friend to work on your goals together. This system provides mutual support and makes it easier to start tasks and stay motivated. Daily check-ins help celebrate small victories and keep you focused.","- ### 🏋️‍♂️ Workout Buddy System
- - Find a Friend: Partner up with someone who shares your fitness goals! 🤝
- - Check-In Daily: Set a time each day to check in with each other. 📅
- - Celebrate Small Wins: Acknowledge each step you take towards your goals! 🎉
- - Share Struggles: Talk openly about the challenges you face with exercise. 🗣️
- - Keep It Fun: Add some friendly competition or fun challenges to stay motivated! 🏆
- - Stay Accountable: Remind each other why you started and keep pushing forward! 💪
- This buddy system is not just about working out; it's about building a supportive network to help you thrive! 🌟","Emotional Dysregulation, Inertia, Task Initiation",Drained,Stuck,"Staying focused, Task Initiation","Can't Start, Poor Time Estimation","Creates Accountability, Gamifies Action, Provides External Structure",,"Crash Recovery, Low Energy, Wired but Tired",,"Avoidant, Discouraged, Frozen",Interactive,"Emotional Regulation, Task Initiation Support, Work",,,,Accountability,handshake,,,,,Free,,Include buddy system setup and communication strategies
No,The Capture & Conquer System,Gamified External Memory,When important thoughts and ideas get lost,"### 🗺️ Treasure Hunt for Thoughts

Capture your ideas with voice notes during the week, then spend 20 minutes sorting them into categories. This fun weekly challenge helps you organize your thoughts and boosts your focus.","- ### 📅 Weekly Treasure Hunt
- - Capture Ideas:
- - Throughout the week, voice-record random thoughts. 🎤
- - Set the Scene:
- - On Friday evening, set a timer for 20 minutes. ⏰
- - Listen & Sort:
- - Listen to your captures and sort into three piles:
- - 🥇 Brilliant Ideas
- - 🥈 Needs More Thought
- - 🥉 Trash
- - Discover Your Treasure:
- - Uncover gems for your projects and celebrate your finds! 🎉
- - Make It Fun:
- - Turn it into a game! How many treasures can you find this week? 💎","Emotional Dysregulation, Task Structuring, Working Memory Failures",Forgetful,Ashamed,"Starting Something Hard, Staying focused","Avoidant, Forgetful, Poor Time Estimation","Externalizes Tasks, Frees Up Working Memory, Gamifies Action",,"Crash Recovery, Low Energy, Wired but Tired",,"Avoidant, Overthinking","Action-Oriented, Gamified, Interactive","Emails, Planning",,,,"Challenge, Checklist, Gamification",star,,,,,Free,,Adds gamification with treasure hunts and timer challenges
No,The Closing Ritual,Transition Support,When work thoughts intrude on personal time,"### 🧘‍♂️ End-of-Day Closure

Establish a routine to mark the end of your workday. This ritual helps you transition into personal time by reviewing your accomplishments and setting priorities for the next day. Close your laptop to signal that work is finished, making it easier to relax and enjoy your evening.","- ### 🌟 Closing Ritual Steps
- - Reflect on Your Day 📝
- Take a moment to think about what you accomplished. Celebrate your wins, no matter how small!
- - Plan for Tomorrow 📅
- Jot down your top priorities for the next day. This helps clear your mind and sets you up for success.
- - Physical Closure 💻
- Close your laptop with intention. This simple act signals to your brain that work time is officially over.
- - Change Your Clothes 👕
- Shift into something comfortable. This physical change helps mark the transition from work to personal time.
- ### 🧘‍♂️ Transition into Relaxation
- Creating this ritual can help you unwind and enjoy your evenings without the nagging thoughts of unfinished tasks. It’s a gentle reminder that your time is valuable, and it's okay to switch gears!","Executive Dysfunction, Task Initiation, Time Blindness",Frustrated,Defeated,"Maintaining Focus, Task Initiation Support","Can't Finish, Task Initiation","Breaks Down Complexity, Creates Accountability, Freeing Up Working Memory",,"Overwhelmed, Wired but Tired",,"Avoidant, Frozen, Overthinking",Gamified,"Focus Enhancement, Task Initiation Support, Work",,,,"Engaging Gamification, Gamification, Gamified",power,,,,,Free,,Include ritual ideas for different work situations and transition activities
No,The Dopamine Dive,Energy-Building Start Strategy,When dreaded tasks create all-day anxiety,"### 🚀 Quick Energy Boost

Start with a quick 5-minute task you enjoy, like organizing your desk or listening to your favorite song. This helps you build momentum and makes it easier to transition into tougher tasks, such as writing a report. Use that initial burst of energy to tackle projects and reduce anxiety.","- ### 🌟 Quick Start Strategy
- - Feeling Stuck? 😩
- - You're dreading writing that report.
- - Try This Fun Mini-Task! 🎶
- - Set a Timer for 5 Minutes! ⏰
- - Choose an Enjoyable Task:
- - Organize your desk 🗂️
- - Play your favorite song 🎧
- - Feel the Energy Boost! ⚡
- - Celebrate that small win! 🎉
- - Now, Tackle the Bigger Task! 📝
- - Open the document.
- - Write just one paragraph.
- - Remember: You’ve got this! 💪",Task Initiation,Anxious,Ashamed,Task Initiation,"Anxious, Can't Start, Poor Time Estimation","Dopamine Activation, Gamifies Action, Starts Small",,"Crash Recovery, Low Energy, Wired but Tired",,"Avoidant, Frozen","Gamified, Interactive","Focus Enhancement, Task Initiation, Time Planning",,,,"Challenge, Gamification, Quick Fix",fast-forward,,,,,Free,,Builds energy through dopamine before tackling hard tasks
No,The Dopamine Menu,Mood Regulation Toolkit,When you need reliable mood and motivation boosters,"### 🎉 Quick Mood Boosters

Create a ""dopamine menu"" of quick and enjoyable activities based on your time and energy levels. When feeling low on motivation, simply select an activity like listening to an upbeat song or organizing your space. This helps you regain focus and avoid aimless scrolling.","- ### 🎶 Quick Pick-Me-Up Idea
- When you're feeling unmotivated and about to dive into a social media scroll hole, try this instead:
- - Choose a 10-minute activity:
- - 🎵 Listen to your favorite upbeat song
- - 🧹 Organize your desk
- ✨ This simple activity will not only boost your mood but also help you regain focus and clarity!","Decision Fatigue, Emotional Dysregulation, Task Initiation",Drained,Stuck,"Focus Enhancement, Task Initiation","Can't Decide, Poor Time Estimation","Cognitive Load Management, Dopamine Activation, Executive Function Support",,"Burnout, Crash Recovery, Low Energy",,"Avoidant, Frozen, Overthinking",Gamified,"Cleaning, Decision Making, Focus Enhancement",,,,Gamification,check-circle,,,,,Free,,Include dopamine activity suggestions categorized by time and energy requirements
No,The Energy Audit,Personal Energy Management,When you're working against your natural energy rhythms,"### ⚡ Energy Tracking for Productivity

Track your energy levels throughout the day. Identify when you are most alert and focused, and schedule important tasks during those times. This approach helps you stay productive and manage your time effectively.","- ### 🌟 Finding Your Energy Sweet Spots
- - Struggle: You often feel like you're battling your energy levels.
- - Solution: Spend a week tracking your energy patterns! 📅
- - What to do:
- - 🕘 Morning Magic: Notice when you feel most alert:
- - 9 AM - 11 AM: Your peak focus time! 🧠✨
- - ☕ Afternoon Boost: Identify another high-energy window:
- - 2 PM - 4 PM: Time to tackle important tasks! 💪
- - Result: By scheduling your big projects during these times, you’ll find that you can work more efficiently and feel more accomplished! 🎉","Executive Dysfunction, Task Initiation, Time Blindness",Frustrated,Defeated,"Managing Emotional Dysregulation, Quick Task Management, Task Initiation Support","Can't Finish, Task Initiation","Dopamine Activation, Executive Function Support",,"Crash Recovery, Low Energy",,"Overthinking, Time Blind",Sensory,"Planning, Time Planning",,,,Checklist,battery,,,,,Free,,Include energy tracking methods and schedule optimization strategies
No,The Goldilocks Zone,Optimal Challenge Finding,When tasks are either too boring or too overwhelming,"### 🌟 Find Your Challenge Sweet Spot
Adjust your tasks to find the right level of challenge—neither too boring nor too overwhelming. Break larger projects into smaller, manageable parts and add fun elements to mundane tasks. This approach helps you get started and stay focused.","- ### 🌟 Finding Your Challenge Sweet Spot
- When you notice procrastination, it might be due to tasks that feel:
- - 😴 Too Boring
- - Try adding interesting elements!
- - Listen to music or podcasts while working.
- - Make it a game—set timers and reward yourself!
- - 😟 Too Overwhelming
- - Break it down into smaller pieces!
- - Focus on one step at a time.
- - Use checklists to track your progress.
- ### 💡 Tips to Stay Engaged
- - Adjust Task Difficulty: Find that ""just right"" challenge level!
- - Gamify Your Tasks: Turn boring tasks into fun challenges.
- - Stay Positive: Celebrate small wins to keep motivation high!","Emotional Dysregulation, Task Initiation, Working Memory Engagement",Stuck,Overwhelmed,"Starting Something Hard, Staying focused","Can't Start, Poor Time Estimation","Frees Up Working Memory, Gamifies Action, Minimizes Friction",,"Low Energy, Overwhelmed, Wired but Tired",,"Frozen, Overthinking","Gamified, Interactive","Task Initiation Support, Work",,,,"Challenge, Gamification, Mindset Shift",sunrise,,,,,Free,,Include challenge adjustment strategies and engagement optimization
No,The Minimum Viable Day,Low-Energy Planning,When low energy days lead to complete shutdown,"### ⚡ Minimum Viable Day

Create a simple plan for low-energy days. Define the essential tasks you can accomplish, like taking medication, eating, or working for just 10 minutes. This helps you avoid feeling overwhelmed and keeps you moving forward, even when motivation is low.","- ### Your Minimum Viable Day Plan
- When you're feeling low-energy, try breaking it down into these simple tasks:
- - 💊 Take Your Medication
- Start your day off right by taking your meds.
- - 🍽️ Eat One Decent Meal
- Nourish yourself with something healthy. It doesn’t have to be fancy!
- - ⏳ Do 10 Minutes of Work
- Just 10 minutes! Set a timer and tackle a small task.
- - 🛏️ Go to Bed on Time
- Prioritize rest. A good night’s sleep can make a big difference!
- Meeting these minimums can help you feel accomplished, even on tough days. Remember, every little step counts! 🌟","Emotional Dysregulation, Inertia, Task Initiation",Drained,Stuck,"Managing Emotional Dysregulation, Overcoming Procrastination, Task Initiation Support","Can't Finish, Task Initiation","Breaks Down Complexity, Gamifies Action, Starts Small",,"Crash Recovery, Low Energy, Shutdown",,"Avoidant, Discouraged, Frozen","Gamified, Sensory","Planning, Task Initiation Support, Time Planning",,,Working Professional,"Gamification, Mindset Shift, Routine",refresh-cw,,,,,Free,The Anti-Planner by Dani Donovan,Include minimum viable day planning and self-compassion strategies
No,The Next Right Thing,Decision Simplification,When big decisions or changes feel overwhelming,"### 🌟 Just Focus on One Step

When faced with overwhelming decisions, concentrate on the next action you can take. This approach simplifies complex tasks into smaller, manageable steps, making it easier to get started. By focusing on just one step, you reduce the burden on your mind and can move forward without feeling stuck.","- ### 🌈 Feeling Overwhelmed? Let's Simplify!
- When you're facing a major life transition, it can be tough to know where to start. Here’s a fun way to tackle it:
- - ✨ Breathe: Take a deep breath and relax. You got this!
- - 🤔 Ask Yourself: ""What's the next right thing I can do?""
- - 📝 Write It Down: Jot down that one small step!
- - 🎯 Focus: Concentrate on just that action.
- Remember, it’s all about taking baby steps! By focusing on one thing at a time, you'll feel less paralyzed and more empowered to move forward.","Decision Fatigue, Inertia, Working Memory Failures",Stuck,Overwhelmed,"Starting Something Hard, Staying focused","Can't Decide, Can't Start","Breaks Down Complexity, Gamifies Action, Reduces Decision Fatigue",,"Crash Recovery, Low Energy, Shutdown",Recently Moved,"Frozen, Overthinking","Gamified, Interactive","Decision Making, Focus Enhancement, Task Initiation",,,,"Checklist, Gamification, Mindset Shift",sunrise,,,,,Free,,Include decision-breaking strategies and momentum-building techniques
No,The Victory Trio,Priority Victory System,When long to-do lists create overwhelm,"### 🎯 Gamified Daily Planning

Make your daily tasks engaging by writing them on sticky notes. Highlight the most urgent ones and select your top three, called the Victory Trio, to concentrate on. As you finish each task, cross it off and take a photo for your 'Victory Wall' to celebrate your progress. This method turns planning into a fun game, helping you focus and feel accomplished, especially when faced with overwhelming to-do lists.","- ### 🎉 Your Victory Trio Routine
- 1. 🧠 Brain Dump:
- - Write down 15 tasks on sticky notes.
- - No task is too small—get everything out of your head!
- 2. 🔍 Circle Urgent Tasks:
- - Go through your sticky notes and circle 6 urgent ones.
- - These are your top priorities!
- 3. 🏆 Choose Your Victory Trio:
- - From your circled tasks, pick 3 to focus on today.
- - These are your Victory Trio!
- 4. ✅ Complete & Celebrate:
- - Finish one task from your Victory Trio.
- - Cross it off your sticky note and take a photo! 📸
- - Stick that photo on your 'Victory Wall' to celebrate your win! 🎊
- ### 🌟 Remember:
- - This method helps narrow your focus and celebrate your achievements, making daily planning fun and engaging!
- - Every little victory counts! 💪","Executive Dysfunction, Task Structuring, Time Blindness",Frustrated,Defeated,"Focus Enhancement, Quick Task Management, Task Initiation Support","Can't Finish, Task Initiation","Externalizes Tasks, Freeing Up Working Memory, Gamifies Action",,"Burnout, Overwhelmed, Restless",,"Avoidant, Frozen","Action-Oriented, Gamified, Incremental Motivation","Planning, Time Planning",,,,"Engaging Gamification, Gamification",target,,,,,Free,,Adds gamification with sticky notes and victory photos
No,Theme Days,Weekly Organization Strategy,When daily decisions feel overwhelming,"### 🗓️ Theme Days for Focus

Assign specific themes to each day to simplify decision-making and enhance focus. For instance, use Monday for meal prep and Tuesday for errands. This clear structure helps you manage tasks without feeling overwhelmed.","- ### 🎉 Theme Days Made Easy
- - Monday: Meal Prep Day 🍽️
- - Plan your meals for the week
- - Chop veggies and pre-cook proteins
- - Tuesday: Errands Day 🛒
- - Make a list of everything you need to do
- - Hit the grocery store, post office, and other spots
- - Wednesday: Deep Work Day 💻
- - Focus on big projects or tasks that need concentration
- - Limit distractions and set timers to stay on track
- - Thursday: Meetings Day 📅
- - Schedule all your meetings and check-ins
- - Prepare notes and questions in advance
- - Friday: Planning Day 📝
- - Reflect on the week’s accomplishments
- - Set goals for next week and outline tasks
- Having themed days helps you stay organized and reduces the mental load of deciding what to do each day! 🌟","Decision Fatigue, Task Structuring, Time Blindness",Stuck,Overwhelmed,"Managing my schedule, Planning my time","Can't Decide, Task Initiation","Externalizes Tasks, Provides External Structure, Reduces Decision Fatigue",,"Frozen/Shut Down, Overwhelmed",,"Discouraged, Frozen","Time Management, Visual",Planning,,,,"Checklist, Routine",compass,,,,,Free,The Anti-Planner by Dani Donovan,Include theme day examples and weekly planning strategies
No,Theme Weeks,Weekly Focus System,When similar tasks keep getting scattered throughout your schedule,"### 📅 Themed Focus Days

Assign a specific theme to each day of the week to help organize your tasks. For example, make Tuesdays ""Phone Day"" to handle all your calls at once. This method reduces the stress of scattered tasks and makes it easier to start difficult ones without procrastination.","- ### ✨ Example Scenario
- - Problem: 📞 You notice you always put off making phone calls, and they pile up.
- - Solution:
- - Designate Tuesdays as ""Phone Day""! 📅
- - Batch all your calls together into one focused session.
- - Benefits:
- - Instead of dreading individual calls throughout the week, you know Tuesday is Phone Day. 🗓️
- - Mentally prepare for it on Monday—set reminders, and get in the zone! 🎯
- - Tackle all your calls in one go—feel accomplished after completing 5 calls in just one session! ✅
- ### 🎉 Remember:
- - This method reduces the overwhelm of scattered tasks and helps kick procrastination to the curb! 🚀","Executive Dysfunction, Task Structuring, Time Blindness",Frustrated,Defeated,"Staying focused, Task Initiation","Cannot Finish, Disorganized, Task Initiation","Breaks Down Complexity, Externalizes Tasks",,"Low Energy, Overwhelmed, Wired but Tired",,"Avoidant, Time Blind","Task Simplification, Time Management","Focus Enhancement, Planning, Task Initiation",,,,"Checklist, Routine",check-circle,,,,,Free,The Anti-Planner by Dani Donovan,Include theme suggestions for different life areas and scheduling templates
No,Thought Capture Pad,Brain Parking Lot,When random thoughts derail your focus,"### 📝 Instant Thought Capture
Keep a notepad nearby to quickly jot down any distracting thoughts, like reminders or tasks. This allows you to stay focused on your main work without losing track of important things you need to do. Choose a notepad size that fits your space and keep it within easy reach for quick note-taking.","- ### 💡 Quick Thought Capture
- - 🚀 Stay in the Flow!
- You're deep into your project, and suddenly you remember:
- - 📅 Pay phone bill
- - 🐱 Buy cat food!
- - 📱 Text mom back!
- Instead of switching tasks and losing focus, simply jot it down on your notepad!
- ### ✍️ Why This Works:
- - Externalizes Tasks: Get those thoughts out of your head and onto paper!
- - Breaks Down Complexity: Tackles overwhelm by simplifying tasks.
- - Starts Small: Focus on one thing at a time to maintain your flow.
- ### 🌟 Pro Tip:
- Keep your notepad within easy reach. 📝 You’ll be ready to note down those thoughts in a flash, helping you stay focused and productive!","Task Initiation, Working Memory Failures",Scattered,Overwhelmed,"Staying focused, Task Initiation","Can't Focus, Forgetful","Breaks Down Complexity, Externalizes Tasks, Starts Small",,"Overwhelmed, Wired but Tired",,"Avoidant, Overthinking","Gamified, Interactive, Task Simplification","Focus Enhancement, Task Initiation, Work",,Women,Parent,"Gamification, Quick Fix",edit-3,,,,,Free,The Anti-Planner by Dani Donovan,Suggest specific notepad sizes and placement strategies
No,Thought Download,Brain Dump Technique,When mental clutter is overwhelming,"### 🧠 Clear the Clutter

Write down everything on your mind to reduce overwhelm and improve focus. Spend a few minutes jotting down tasks and thoughts, clearing mental clutter and making it easier to start your next task.","- ### Example
- When your mind feels like a whirlwind of thoughts 🌪️, take a moment to pause and write it all down! Here’s how you can do it:
- - Grab a piece of paper 📝 or your favorite note-taking app.
- - Set a timer for 5 minutes ⏰.
- - Jot down everything that comes to mind:
- - Work deadlines 📅
- - Grocery items 🥦🛒
- - Random thoughts 💭
- - Worries or tasks that are nagging at you 😟
- Once you've emptied your brain, take a deep breath 🌬️. Feel that clarity wash over you? Now you can focus on one thing at a time with a clear mind! 🧠✨","Decision Fatigue, Task Initiation, Working Memory Failures",Scattered,Overwhelmed,"Focus Enhancement, Task Initiation","Can't Focus, Task Initiation","Externalizes Tasks, Frees Up Working Memory, Reduces Decision Fatigue",,"Frozen/Shut Down, Overwhelmed",,"Disorganized, Frozen, Overthinking",,"Cleaning, Focus Enhancement, Task Initiation",,,,"Checklist, Mindset Shift",book,,,,,Free,I Have ADHD podcast,Include different brain dump formats and follow-up organization methods
No,Thought Reframing Challenge,Balanced Thinking Practice,When self-criticism is taking over,"### 🎯 Challenge Negative Thoughts

Write down the critical thoughts you often have and counter them with balanced truths. This helps clear your mind and reduces anxiety. For example, if you think, ""I'm lazy,"" remind yourself, ""I worked hard on my project last week."" This practice can help you manage emotions and start tasks more easily.","- ### 🌟 Example of Thought Reframing
- - Situation: Reviewing feedback on a project
- - Negative Thought: ""I'm terrible at my job.""Let's reframe that!
- - ✅ Pause and Reflect
- - 📝 Write it down: ""I'm terrible at my job.""
- - 💡 Counter Thought:
- - ""The feedback included 3 positive points!""
- - ""The suggestions for improvement are things I can easily fix!""
- ### 🎉 Remember:
- - You're doing better than you think!
- - Focus on the positives and what you can improve!
- - Each step forward counts!","Emotional Dysregulation, Task Structuring, Working Memory Engagement",Ashamed,Guilty,"Being Kinder to Myself, Calming Down","Anxiety Management, Emotional Regulation, Spiraling","Freeing Up Working Memory, Gamifies Action",,Burnout,,Overthinking,"Gamified, Interactive, Reflective Practice","Emotional Regulation, Work",,,,"Gamified, Quick Fix",trophy,,,,,Free,The Anti-Planner by Dani Donovan,Create thought record templates with common negative thoughts and balanced alternatives
No,TickTick,ADHD-Friendly Task App,When you need integrated productivity tools,"### ⏰ Integrated Productivity Hub

Combine tasks, timers, and calendars in one app to simplify your planning. This all-in-one tool helps you focus and manage your time effectively. With built-in Pomodoro timers, you can start tasks easily and minimize distractions, ensuring you stay on track without juggling multiple apps.","- ### 🎯 ADHD-Friendly Example
- - You're tired of juggling:
- - Multiple apps for tasks 🗂️
- - Timers ⏳
- - Calendar 📅
- - Solution:
- - Download TickTick! 🚀
- - Set up your projects:
- - Use built-in Pomodoro timers 🍅
- - When you start a task:
- - Immediately start a focus timer ⏰
- - No need to switch apps! 🙌
- - Bonus:
- - Completed tasks sync automatically with your calendar for easy time tracking! 📊
- Stay focused and organized with TickTick! 🌟","Decision Fatigue, Executive Dysfunction, Time Blindness",Frustrated,Defeated,"Staying focused, Task Initiation","Cannot Finish, Disorganized, Task Initiation","Externalizes Tasks, Gamifies Action, Reduces Decision Fatigue",,"Low Energy, Restless, Wired but Tired",,"Disorganized, Time Blind","Gamified, Interactive","Planning, Time Planning",,,,"Checklist, Gamification, Routine",check-square,,,,,$,Zapier review,Include setup guides and feature recommendations specific to ADHD needs
No,Time Blocking,Schedule Structure Strategy,When tasks expand to fill all available time,"### ⏰ Time Blocking for Focus

Use your calendar to assign specific time slots for each activity, like fixed appointments. This helps you stay organized and focused by creating clear boundaries for your tasks.","- ### Example of Time Blocking in Action
- - 🚀 Start Your Day Right!
- - 9:00 AM - 10:00 AM: 📧 Emails
- - Clear your inbox and respond to urgent messages.
- - 💼 Dive into the Project!
- - 10:00 AM - 12:00 PM: 📊 Project Work
- - Focus deeply on your main tasks without distractions.
- - 🗂️ Handle Admin Tasks!
- - 1:00 PM - 2:00 PM: 📝 Administrative Duties
- - Update documents, schedule meetings, and other necessary tasks.
- ### Why It Works:
- - 🧩 Provides Structure: Helps you see your day clearly.
- - ⏳ Sets Boundaries: Prevents tasks from spilling over into each other.
- - 🎯 Increases Focus: Keeps you on track and reduces overwhelm.","Executive Dysfunction, Task Structuring, Time Blindness",Frustrated,Defeated,"Managing my schedule, Planning my time, Task Initiation Support","Can't Finish, Task Initiation","Externalizes Tasks, Provides External Structure",,"Frozen/Shut Down, Overstimulated",,"Avoidant, Frozen","Interactive, Task Simplification, Time Management","Planning, Time Planning",,,,"Checklist, Routine",compass,,,,,Free,,Include time blocking templates and boundary-setting strategies
No,Time Containers,Time Blocking System,When your schedule feels chaotic and overbooked,"### ⏰ Structured Time Blocks

Break your day into set time blocks to handle tasks better. Designate specific times for activities like 'Deep Work' or 'Emails' to create a clear structure. This helps reduce distractions, making your schedule more manageable and focused.

# 📅 Incremental Engagement

Tackle tasks a little at a time. Instead of trying to complete a whole project in one go, break it into smaller steps. This makes starting less overwhelming and helps you build momentum.

# ✅ Task Simplification

Simplify tasks by breaking them down into smaller, more manageable actions. Instead of ""clean the house,"" think ""clean the kitchen"" or ""vacuum the living room."" This makes it easier to start and complete tasks.

# ⏱️ Time Management

Plan your time wisely. Use tools like timers or planners to allocate specific time slots for tasks. This helps keep you on track and makes it easier to see how much time you have for each activity.","- ### 🗂️ Time Blocking Made Easy
- - 9:00 AM - 11:00 AM: 🧠 Deep Work
- - Focus on high-priority tasks
- - No distractions!
- - 11:00 AM - 12:00 PM: 📧 Emails
- - Clear out your inbox
- - Respond to urgent messages
- - 1:00 PM - 3:00 PM: 🤝 Meetings
- - Collaborate with your team
- - Keep it productive!
- - 3:00 PM - 4:00 PM: 📋 Admin Tasks
- - Wrap up loose ends
- - Organize your workspace
- Pro Tip: When someone asks for a meeting at 10 AM, you can confidently say, “I have deep work time then, but I’m free at 1 PM!” This way, you'll maintain control over your schedule and reduce that scattered feeling.","Executive Dysfunction, Task Structuring, Time Blindness",Frustrated,Defeated,"Managing my schedule, Planning my time, Task Initiation Support","Poor Time Estimation, Task Initiation","Externalizes Tasks, Minimizes Friction, Provides External Structure",,"Low Energy, Overstimulated, Wired but Tired",,"Avoidant, Disorganized, Frozen","Incremental Engagement, Task Simplification, Time Management","Planning, Time Planning",,,Working Professional,"Checklist, Routine",clock,,,,,Free,I'm Busy Being Awesome podcast,Include template schedules for different work styles and life situations
No,Time Estimation Challenge,Time Awareness Building,When you want to improve time awareness,"### ⏳ Time Estimation Challenge

Improve your time awareness by predicting how long tasks take and tracking the actual time spent. This practice helps you manage your schedule better and reduces forgetfulness by gamifying your progress.","- ### Example Scenario
- Imagine this common morning routine:
- - 🚿 Shower Time: You guess it will take 10 minutes.
- - ⏳ Reality Check: You time it and realize it actually takes 18 minutes!
- Here's how it goes:
- - 🕒 Day 1: You think, ""This will be quick!"" and set a timer.
- - 📅 After a Week: You track your time for each task, like getting dressed and making breakfast.
- - 🌟 Improvement: By the end of the week, you notice you're more accurate with your estimates!
- With this challenge, you turn daily tasks into a fun game. The more you practice, the better you get!","Task Structuring, Time Blindness, Working Memory Engagement",Forgetful,,"Focus Enhancement, Managing my schedule, Planning my time","Can't Focus, Forgetful, Poor Time Estimation",Gamifies Action,,"Low Energy, Shutdown",,"Avoidant, Frozen, Time Blind","Gamified, Incremental Motivation, Time Management","Planning, Time Planning",,,,"Challenge, Gamification",trophy,,,,,Free,The Anti-Planner by Dani Donovan,Include tracking sheets and calibration exercises for common tasks
No,Time Shield Blocking,Calendar Protection System,When important activities get squeezed out by other commitments,"### 🗓️ Protect Your Time

Schedule your important activities, like exercise or writing, in your calendar. This keeps them visible and reminds you to prioritize them, helping you stay on track and follow through.","- ### 🚀 Make Time for Exercise!
- - You keep meaning to:
- - 🏋️‍♂️ Exercise
- - ✍️ Write
- - But it never happens because:
- - ⏰ Other things take priority!
- Solution:
- - Block out 'Gym: 6-7pm' in your calendar 📅
- - Treat it like a work meeting! 🗓️
- Why it works:
- - Seeing it scheduled makes you more likely to protect that time and actually go! ✔️
- Remember:
- - Prioritize your health and creativity just like you would with any important commitment! 💪✨","Executive Dysfunction, Task Initiation, Time Blindness",Frustrated,Defeated,"Planning my time, Task Initiation Support","Can't Finish, Task Initiation","Externalizes Tasks, Provides External Structure",,"Burnout, Crash Recovery, Low Energy",,"Frozen, Overthinking",Gamified,"Planning, Time Planning",,,Working Professional,"Engaging Gamification, Gamification",calendar,,,,,Free,,Include time blocking strategies for different life areas
No,Time Sink Awareness,Distraction Awareness List,When you lose time to unconscious habits,"### 📝 Time Sink Awareness

Identify your top 3 time drains—like TikTok or Reddit—and write them down. This helps you become aware of your distractions. Keep the list visible, so when you catch yourself getting off track, it reminds you to refocus your time.","- ### 📅 Recognizing Time Sinks
- When you find yourself drifting away from your tasks, try this:
- - 🎥 YouTube Shorts:
- - It starts with one video...
- - Next thing you know, you've spent 30 minutes watching funny clips!
- - 📚 Reorganizing Notes:
- - Instead of using your notes for studying...
- - You end up color-coding them instead of actually reviewing the material.
- - 💬 Texting Conversations:
- - Just a quick chat with a friend...
- - But before you know it, you've spiraled into a 20-minute back-and-forth!
- 📝 Tip: Write these down on a sticky note and place it by your monitor. When you catch yourself getting sidetracked, this list will remind you to refocus and make better choices!","Decision Fatigue, Time Blindness, Working Memory Failures",Scattered,Overwhelmed,"Maintaining Focus, Overcoming Procrastination, Task Initiation","Can't Focus, Forgetful, Poor Time Estimation","Externalizes Tasks, Reduces Decision Fatigue",,"Overwhelmed, Restless, Wired but Tired",,Overthinking,"Task Simplification, Time Management, Visual","Emotional Regulation, Self-Compassion",,,,Checklist,refresh-cw,,,,,Free,The Anti-Planner by Dani Donovan,Add time-tracking suggestions and replacement activity ideas
No,Time Timer,Visual Countdown Clock,When time blindness makes it hard to stay on track,"### ⏳ Visual Time Management

Use a visual countdown timer like the Time Timer to help manage your tasks. Set the timer for the duration of your task and place it where you can see it. As the timer counts down, the shrinking colored section gives you a clear sense of how much time is left, which helps you stay focused and on track.","- ### 📅 Example Scenario
- - Task: Working on a report for 30 minutes
- - Challenge: Losing track of time
- - Solution: Use the Time Timer ⏳
- How It Works:
- - Set the Timer:
- - 🕒 Set your Time Timer to 30 minutes.
- - Placement:
- - 📍 Place it where you can easily see it (e.g., on your desk).
- - Visual Cue:
- - 👀 As you work, glance over at the timer.
- - 🟥 Watch the red section shrink as time passes.
- Benefits:
- - ⏰ Provides a clear sense of how much time is left.
- - ❌ Reduces the surprise of a sudden alarm.
- - 💪 Helps you stay focused and on track!","Task Initiation, Time Blindness, Working Memory Engagement",Forgetful,,"Staying focused, Task Initiation Support","Can't Focus, Task Initiation, Time Blindness","Frees Up Working Memory, Gamifies Action",,Wired but Tired,,"Frozen, Time Blind","Interactive, Visual","Task Initiation Support, Time Planning",,,,"Challenge, Gamification, Mindset Shift",timer,,,,,$$,ADDitude,Include size options and placement strategies for different work environments
No,Time Travel Visualization,Future Self Visualization,When you need motivation to start something you're avoiding,"### 🕒 Visualize Your Future Self

Imagine completing a task in three steps: 1) Picture yourself doing it; 2) Visualize the satisfaction after finishing; 3) Contrast this with how you'd feel if you procrastinated. This helps make starting easier and more achievable.","- ### 🌟 Visualizing Your Future Self: A Step-by-Step Guide
- When you're avoiding cleaning your home, try this simple visualization:
- - 🧹 Picture the Process:
- - Imagine yourself picking up items.
- - Visualize wiping surfaces clean.
- - 🏆 Feel the Accomplishment:
- - Picture tomorrow, enjoying your tidy space.
- - Feel the satisfaction of a job well done!
- - 😟 Contrast with Procrastination:
- - Think about how stressful it will be with a growing mess.
- - Recognize the feelings of being overwhelmed.
- This approach breaks down the task into manageable parts and helps you engage your working memory, making it easier to start!","Emotional Dysregulation, Task Initiation, Working Memory Engagement",Anxious,Ashamed,"Cleaning Up, Resetting My Space, Task Initiation","Avoidant, Can't Start","Breaks Down Complexity, Frees Up Working Memory",,"Restless, Wired but Tired",,"Avoidant, Discouraged","Gamified, Visual",Cleaning,,,,Gamification,map,,,,,Free,The Anti-Planner by Dani Donovan,Create guided visualization scripts for common avoided tasks
No,Timer Apps,Focus Support Tools,When time awareness and focus need digital support,"### ⏳ Visual Timer for Focus

Use timer apps that feature visual countdowns and adjustable work/break intervals. These tools help you keep track of time visually, making it easier to stay focused on tasks. Set specific times for work and breaks to maintain your momentum throughout the day.","- ### Example
- - 🕒 Time Blindness Struggles: You often lose track of how long you've been working.
- - 📱 Download a Timer App: Choose one with:
- - Visual Countdown Features: See time slipping away!
- - Customizable Work/Break Intervals: Tailor it to your needs.
- - 🎯 Stay Aware & Focused:
- - Having a visual representation of time helps you:
- - Stay aware of your progress
- - Keep motivation high
- - 🚀 Boost Your Productivity:
- - Set specific work periods
- - Enjoy scheduled breaks to recharge!
- By incorporating these features, you can enhance your focus and keep momentum throughout the day!","Task Initiation, Time Blindness, Working Memory Engagement",Scattered,Overwhelmed,"Staying focused, Task Initiation Support","Can't Focus, Forgetful, Poor Time Estimation","Creates Accountability, Gamifies Action, Meets You Where You Are",,"Overwhelmed, Wired but Tired",,Time Blind,"Gamified, Interactive","Focus Enhancement, Task Initiation Support, Time Planning",,,,Gamification,timer,,,,,$,,Include timer features that work well for ADHD and usage strategies
No,Timer Cube Game,Physical Timer Challenge,When you need urgency and gamification to start tasks,"### ⏳ Beat the Clock Challenge

Use a timer cube to make tackling tasks fun! Challenge yourself to complete as much as you can before the timer goes off. This visual countdown helps you focus and boosts your motivation to get started.","- ### 📄 Filing Challenge Example
- - Task: Filing documents
- - Set Timer: ⏳ Flip the cube to the 15-minute side
- - Challenge Yourself:
- - ""How many documents can I file before the timer goes off?""
- ### 🚀 Why This Works:
- - Visual Countdown: The timer cube gives you a clear view of time passing.
- - Creates Urgency: The ticking timer encourages you to move faster!
- - Makes it Fun: Turning a mundane task into a game can help overcome procrastination.
- ### 🎯 Tips:
- - Start Small: Aim for just a few documents at first!
- - Celebrate Wins: Give yourself a little reward for completing the challenge!","Task Initiation, Time Blindness",Drained,Stuck,"Cleaning Up, Overcoming Procrastination, Task Initiation","Can't Start, Poor Time Estimation","Frees Up Working Memory, Gamifies Action",,"Low Energy, Wired but Tired",,"Avoidant, Frozen","Gamified, Time-Limited Challenge",Cleaning,,,,"Challenge, Gamification, Time-Limited Challenge",timer,,,,,$,Reddit /r/ADHDWomen,Include timer cube recommendations and task suggestions for different time intervals
No,Tomorrow's Victory Setup,Evening Care Package Ritual,When mornings feel chaotic and rushed,"### 🎁 Evening Care Package Ritual

Transform your evening routine into a simple gift for tomorrow! Spend 10 minutes preparing for the next day by laying out your clothes and packing your bag with essentials and a small treat. This helps create a smoother morning by organizing your tasks in advance. Don’t forget to leave a motivational note on your items to encourage yourself!","- ### 🌟 Evening Care Package Ritual
- Transform your evening prep into a gift-giving ritual! Spend 10 minutes creating care packages for tomorrow-you by:
- - 👕 Laying out your clothes
- - 🎒 Packing your bag with everything needed
- - 🍬 Including a small treat for motivation
- This strategy helps combat time blindness and task initiation challenges by externalizing your tasks and gamifying the process, making mornings feel less chaotic. Plus, don’t forget to:
- - 📝 Leave encouraging sticky notes on items to boost motivation
- - 📸 Take a photo of your setup to inspire you in the morning!","Executive Dysfunction, Task Initiation, Time Blindness",Stuck,Overwhelmed,"Managing my schedule, Planning my time, Task Initiation Support","Anxious, Can't Finish, Can't Start","Externalizes Tasks, Gamifies Action",,"Low Energy, Overwhelmed, Wired but Tired",,"Disorganized, Overthinking","Gamified, Incremental Motivation, Sensory","Planning, Time Planning",,,,"Challenge, Gamification, Mindset Shift",rotate-cw,,,,,Free,Reddit /r/ADHDWomen,Creates gift-giving ritual with encouraging notes and photos
No,Towel Warmer Treat,Sensory Comfort Reward,When sensory transitions make self-care difficult,"### 🛁 Cozy Towel Reward

Warm your towel in the dryer for a few minutes before showering. This small change makes the transition from warm water to cold air much more enjoyable, helping you feel more motivated to shower and take care of yourself.","- ### ✨ Transform Your Shower Experience!
- - Struggling with showers? 😟
- - The cold transition from warm water to chilly air can be tough.
- #### Here's a simple idea to make it better! 🌟
- 1. Warm Up Your Towel 🔥
- - Put your towel in the dryer for 5 minutes before your shower.
- 2. Look Forward to It! 🎉
- - Imagine wrapping yourself in a warm, fluffy towel after your shower.
- - It turns an unpleasant moment into a luxurious treat! 🛁
- 3. Feel the Difference 💖
- - This small step helps fight off time blindness and makes self-care easier.
- - Enjoy the comforting sensory reward that encourages you to start your day!
- ### Remember: You deserve cozy moments! 🌈","Emotional Dysregulation, Time Blindness, Working Memory Engagement",Anxious,Ashamed,"Calming Down, Overcoming Procrastination, Starting Something Hard","Avoidant, Sensory Overload","Gamifies Action, Provides Instant Rewards, Sensory Engagement",,"Crash Recovery, Low Energy, Overwhelmed",,"Avoidant, Frozen","Gamified, Sensory","Planning, Time Planning",,,,"Checklist, Gamification, Immediate Cleanup Solution",thermometer,,,,,$,Reddit /r/ADHDWomen,Include alternatives like heated towel racks and timing suggestions
No,Transition Rituals,Mental Switching Support,When switching between activities feels jarring,"### 🎶 Transition Time Rituals

Create simple rituals to help your brain switch between activities. For example, make tea before starting work or play a specific song when finishing your day. These rituals signal it's time to change gears, making transitions smoother and helping you stay focused.","- ### 🌅 Transition Ritual Example
- When you find it hard to switch from work mode to relaxation mode at the end of the day, try this fun transition ritual:
- - 💻 Close your laptop: Physically shutting down your work helps signal the end of the day.
- - 🎶 Play your favorite song: Choose one specific song that you associate with winding down. Let the music set the mood!
- - 🧹 Tidy your desk: Take a few minutes to organize your workspace. It clears your mind and sets a fresh start for tomorrow.
- - 👕 Change into comfy clothes: Put on something cozy to signal to your brain that it’s time to relax.
- This simple routine not only helps you shift gears but also makes the transition enjoyable and less jarring! 🌟","Inertia, Task Initiation, Time Blindness",Forgetful,,"Focus Enhancement, Maintaining Focus, Task Initiation Support","Can't Focus, Poor Time Estimation, Task Initiation","Breaks Down Complexity, Frees Up Working Memory, Starts Small",,Shutdown,,Time Blind,"Interactive, Mindful Awareness","Focus Enhancement, Task Initiation, Work",,,,"Checklist, Routine",check-circle,,,,,Free,,Include transition ritual ideas for different activity switches
No,Transportation Apps,Travel Efficiency Tools,When travel timing creates anxiety and planning challenges,"### 🚗 Real-Time Travel Management

Use transportation apps to get real-time updates and accurate route planning for your travels. This helps you know exactly when to leave, reducing anxiety about being late and allowing for better schedule planning.","- ### ✨ Travel Anxiety Relief Tips
- - 🚦 Use Real-Time Traffic Updates
- Get alerts on traffic conditions and delays.
- - 🗺️ Accurate Travel Estimates
- Know how long your trip will take, so you can plan better.
- - 📅 Schedule Buffer Time
- Always add a little extra time to your plans for unexpected delays.
- - 📲 Transportation Apps
- Find apps that suit your needs for seamless travel management.
- - 😊 Stay Relaxed
- Remember, having reliable timing information can ease your anxiety about being late!
- By following these tips, you can transform your travel experience from stressful to smooth. 🚗💨","Emotional Dysregulation, Time Blindness, Working Memory Engagement",Anxious,Stressed,"Managing my schedule, Planning my time","Anxiety Management, Can't Start, Poor Time Estimation","Frees Up Working Memory, Gamifies Action, Minimizes Friction",,,,"Overthinking, Time Blind",Gamified,"Planning, Time Planning",,,,Gamification,feather,,,,,Free,,Include route planning strategies and backup option preparation
No,Treasure Hunt Cleaning,Gamified Organization Quest,When cleaning feels overwhelming and you don't know where to start,"### 🗺️ Gamified Cleaning Adventure

Transform cleaning into a fun treasure hunt by making a list of specific items to find. This method breaks down overwhelming tasks into smaller, manageable searches. Set a timer for 15 minutes to focus on just a few items, making cleaning feel achievable and enjoyable.","- ### 🧹 Quick Cleaning Quest
- Feeling overwhelmed? Let's make it fun! Here’s how to tackle that messy living room:
- - Set a Timer: ⏰ Give yourself just 15 minutes to focus.
- - Make Your List: 📝 Jot down specific items to find:
- - In the Kitchen: 🍽️
- - 5 items that belong here
- - Mail Sorting: 📬
- - 3 pieces of mail to sort
- - Random Objects: 🎲
- - 7 things to put away
- ### Let's Go! 🚀
- Now, get moving! You’ll be surprised how much you can accomplish in just a short burst of focused energy. Cleaning doesn’t have to be a chore; it can be an adventure!",Task Initiation,Drained,Stuck,"Cleaning Up, Overcoming Procrastination, Resetting My Space","Can't Start, Disorganized","Breaks Down Complexity, Externalizes Tasks, Gamifies Action",,"Burnout, Low Energy, Shutdown",,"Avoidant, Frozen",Gamified,"Cleaning, Focus Enhancement, Task Initiation",,,,"Checklist, Gamified",broom,,,,,Free,The Anti-Planner by Dani Donovan,Include scavenger hunt lists for different rooms and mess types
No,Treat Yo Self - After doing something you really don't want to,Task Reward System,When you need motivation to do dreaded tasks,"### 🎉 Reward Yourself for Dreaded Tasks

Plan a special treat for yourself right after finishing a task you dislike, like making a phone call or dealing with emails. This approach helps you get started by offering an immediate reward. Choose something you enjoy—like a delicious coffee or some game time—to keep you motivated and focused on completing the task.","- ### 📞 Calling Your Insurance Company
- You've been putting off this task for weeks because you really dislike phone calls. Here’s how to make it easier:
- - Set a Reward 🎁: Treat yourself to that expensive coffee you've been craving right after the call.
- - Visualize the Outcome 🌟: Imagine how relieved and accomplished you'll feel once it's done.
- - Prepare ✍️: Jot down any questions or notes beforehand so you feel more confident.
- - Take a Deep Breath 😌: Calm your nerves before dialing; remember, it’s just a call!
- Knowing that tasty treat is waiting for you makes it easier to pick up the phone. Plus, you can actually look forward to that post-call reward!","Emotional Dysregulation, Inertia, Task Initiation",Drained,Stuck,"Overcoming Procrastination, Starting Something Hard, Staying focused","Avoidant, Can't Start","Gamifies Action, Provides External Structure, Provides Instant Rewards",,"Burnout, Low Energy, Wired but Tired",,Avoidant,"Action-Oriented, Gamified, Incremental Motivation","Emails, Focus Enhancement, Task Initiation Support",,,,Gamification,gift,,,,,$,The Anti-Planner by Dani Donovan,Include reward ideas for different budgets and time constraints
No,Velcroed Supply Stations,Stick-On Organization,When you need visual reminders for important items,"### 🌿 Stick-On Organization

Use Velcro to attach small containers or shelves in visible locations to make important items easy to access. This method keeps essentials in sight, helping you remember and stay organized. For example, place a clear bin by the door to ensure you always have your necessities ready to go.","- ### 🌟 Example Scenario
- - You keep forgetting to take your vitamins because they’re hidden in a cabinet.
- - Solution:
- - 🗂️ Velcro a small clear container to the inside of your bathroom mirror at eye level.
- - 💊 Put your daily pills there.
- - Result:
- - 🙌 Now you see them every morning while brushing your teeth.
- - ✔️ Taking them becomes automatic!",Working Memory Failures,Forgetful,Ashamed,"Managing my schedule, Planning my time, Task Initiation Support","Forgetful, Poor Time Estimation, Task Initiation","Breaks Down Complexity, Frees Up Working Memory, Starts Small",,"Burnout, Crash Recovery, Wired but Tired",,"Avoidant, Overthinking",Visual,"Cleaning, Planning",,,,"Checklist, Routine",package,,,,,$,Reddit /r/ADHDWomen,Include Velcro strength guides and container recommendations for different items
No,Vent Space,Safe Emotional Release,When emotions need a safe outlet,"### 📝 Vent Your Frustrations

Create a safe outlet for your feelings, like a private journal or voice memo app. Use this space to freely express your thoughts when emotions build up. This helps clear your mind and enhances focus by letting go of overwhelming feelings.","- ### ✨ Let It Out!
- Feeling overwhelmed? Here’s how to vent your frustrations in a fun and ADHD-friendly way:
- - 💬 Use Your Voice:
- - Grab your voice memo app
- - Speak your feelings out loud!
- - Let your emotions flow without holding back.
- - 📝 Write It Down:
- - Open a private journal or a note-taking app
- - Jot down your thoughts, no matter how messy or chaotic.
- - Use bullet points to organize your feelings.
- - 🎨 Get Creative:
- - Use colors, doodles, or any drawings that express your mood.
- - Make it visually appealing to keep your attention engaged.
- - 🚀 Quick Releases:
- - Set a timer for 5-10 minutes and vent as much as you can!
- - Once the timer goes off, take a deep breath and see how you feel.
- This practice helps clear your mind and makes it easier to focus on what’s next!","Emotional Dysregulation, Task Structuring, Working Memory Engagement",Overwhelmed,Frustrated,"Being Kinder to Myself, Calming Down","Anxiety Management, Poor Time Estimation","Emotional Regulation, Externalizes Tasks, Frees Up Working Memory",,"Burnout, Crash Recovery, Low Energy",,"Discouraged, Overthinking",Gamified,"Emotional Regulation, Focus Enhancement, Self-Compassion",,,,Gamification,wind,,,,,Free,The Anti-Planner by Dani Donovan,Include different venting methods and emotional processing techniques
No,Verbal Processor,Think-Out-Loud Strategy,When you're stuck and need to think through problems,"### ⚡ Talk It Out

Use verbalizing as a tool to clarify your thoughts when feeling stuck or overwhelmed. Explain the problem out loud—whether to yourself, a pet, or a friend. This helps you engage your working memory and can lead to discovering solutions simply by hearing your own reasoning.","- ### 🌟 Creative Problem Solving
- When you're feeling stuck or overwhelmed, try this out:
- - Talk It Out 🗣️
- - Grab a comfy spot (maybe with your pet 🐾).
- - Start explaining the problem:
- - What’s the issue? 🤔
- - What are the constraints? ⏳
- - What do I need to consider? 📝
- - Use Your Imagination 🌈
- - Picture the problem as a puzzle 🧩.
- - Describe each piece and how it fits together.
- - Engage Your Senses 👂👀
- - Hear your thoughts aloud.
- - Visualize solutions as you speak.
- ### 🚀 Why This Works:
- - Breaks Down Complexity: Simplifies big problems into bite-sized pieces.
- - Freeds Up Working Memory: Offloads thoughts so you can think more clearly.
- - Starts Small: Focus on one aspect at a time to build momentum.
- Give it a try next time you feel stuck! You might just find the solution you've been looking for. ✨","Emotional Dysregulation, Task Initiation, Working Memory Engagement",Stuck,Overwhelmed,"Staying focused, Task Initiation",Can't Start,"Breaks Down Complexity, Frees Up Working Memory, Starts Small",,"Low Energy, Overwhelmed",,"Frozen, Overthinking","Gamified, Sensory","Emotional Regulation, Task Initiation Support",,,Working Professional,Gamification,message-circle,,,,,Free,The Anti-Planner by Dani Donovan,Include conversation starters and self-talk frameworks
No,Victory List Tracker,Accomplishment Celebration System,When you feel unproductive despite being busy,"### 🎉 Celebrate Your Wins

Keep a ""done list"" next to your to-do list to track every task you complete, no matter how small. This helps you see your achievements clearly and boosts motivation, making it easier to tackle future tasks.","- ### ✨ Look at What You Accomplished!
- Feeling unproductive? Check out your done list! Here’s what you might see:
- - 📧 Responded to 5 emails
- - 🦷 Made dentist appointment
- - 🗂️ Organized desk drawer
- - 📞 Called mom back
- - 💡 Paid electric bill
- Seeing your achievements can remind you that you’ve done more than you think! Celebrate every small win and keep that motivation going! 🎉","Emotional Dysregulation, Inertia, Time Blindness",Ashamed,Guilty,"Being Kinder to Myself, Finding motivation, Overcoming Procrastination",Anxiety Management,"Breaks Down Complexity, Dopamine Activation, Gamifies Action",,"Crash Recovery, Low Energy, Restless",,"Avoidant, Disorganized, Frozen","Action-Oriented, Incremental Motivation, Visual","Emotional Regulation, Self-Compassion",,Women,Parent,"Accountability, Checklist, Gamification",list,,,,,Free,The Anti-Planner by Dani Donovan,Include done list formats and accomplishment celebration ideas
No,Victory Stakes Challenge,Motivational Betting System,When you need external motivation to follow through,"### 🎯 Mini Bets for Motivation

Create small bets with yourself or others to motivate task completion. For example, add $5 to your vacation fund for every study session completed, or face a fun consequence if you don’t. This strategy simplifies tasks and keeps you engaged.","- ### 🎉 Creative Betting Example
- - Scenario: You're struggling to finish your portfolio.
- - Bet: You challenge your roommate to a friendly wager of $10.
- - Goal: Complete one section of your portfolio each day for a week.
- - Strategy:
- - Put the $10 in an envelope on the fridge.
- - If you miss a day, your roommate keeps whatever amount is left in the envelope.
- - Outcome:
- - You might end up completing 6 out of 7 sections and only lose $10—still a win! 🎊
- - Why It Works:
- - Keeps you motivated and adds a fun twist to your tasks! 💪","Emotional Dysregulation, Inertia, Task Initiation",Drained,Stuck,"Staying focused, Task Initiation","Avoidant, Can't Finish, Can't Start","Activates Dopamine, Breaks Down Complexity, Gamifies Action",,"Low Energy, Wired but Tired",,"Avoidant, Frozen","Gamified, Interactive",Time Planning,,,Student,Gamification,trophy,,,,,$,The Anti-Planner by Dani Donovan,Add guidelines for appropriate bet amounts and consequences
No,Visual Schedules,Time Structure Support,When text-based schedules aren't engaging enough,"### 📅 Visual Schedules

Create visual schedules with icons or pictures to outline your daily tasks. This approach helps you stay organized and makes it easier to follow your routine without feeling overwhelmed. Turn your checklist into a fun and engaging format to enhance task initiation and reduce forgetfulness.","- ### Example of a Visual Schedule
- 🌅 Morning Routine:
- - 🚿 Shower
- - 🍳 Breakfast
- - 💊 Take Medication
- - 📅 Plan Your Day
- Using a visual schedule with fun icons for each step makes it more engaging and helps you stay on track! No more boring checklists—just a colorful, easy-to-follow guide to kickstart your day! 🌈✨","Task Initiation, Time Blindness, Working Memory Failures",Forgetful,Stuck,"Managing my schedule, Planning my time, Task Initiation Support","Disorganized, Task Initiation","Externalizes Tasks, Frees Up Working Memory, Gamifies Action",,Crash Recovery,,"Avoidant, Disorganized, Frozen",Visual,"Planning, Task Initiation Support",,,,Routine,calendar,,,,,Free,,Include visual schedule creation and customization ideas
No,Visual Task Board,Kanban Task Flow,When you need visual progress tracking,"### 🗂️ Visual Task Management

Organize your tasks with a three-column layout (To-Do, Doing, Done). This visual method helps you focus on one task at a time. Move tasks across the board to see your progress clearly, making it easier to start and stay on track.","- ### 🌟 Example Scenario: Overcoming Task Overwhelm
- You're staring at 15 different tasks and feeling stuck. Here's a simple way to tackle it:
- - 📝 Grab some sticky notes and write one task per note.
- - 📋 Arrange them in your three columns:
- - To-Do: Tasks you want to tackle
- - Doing: The task you're currently focused on
- - Done: Tasks you've completed! 🎉
- - ➡️ Move one task from To-Do into Doing.
- The physical act of moving tasks across the board gives your brain concrete evidence of progress. It’s like a mini celebration every time you complete a task! 🎊","Executive Dysfunction, Task Initiation, Working Memory Engagement",Frustrated,Defeated,"Focus Enhancement, Focused Task Execution, Task Initiation Support","Can't Finish, Task Initiation","Externalizes Tasks, Frees Up Working Memory, Gamifies Action",,"Low Energy, Wired but Tired",Recently Moved,"Disorganized, Overthinking","Interactive, Visual","Focus Enhancement, Task Initiation Support, Work",,,,Environmental Hack,kanban-square,,,,,Free,The Anti-Planner by Dani Donovan,Include digital tool recommendations and board setup guides
No,Visual Timers,Time Awareness Tools,When time blindness makes it hard to track time,"### ⏳ Visual Countdown Timers

Visual countdown timers help you understand how much time you have left by showing time in a clear and engaging way. Use tools like shrinking pie charts or colored bars to make time visible. This can help you start tasks more easily and stay on track by reducing distractions and forgetfulness.","- ### 🌟 Example of Using a Visual Timer
- - Struggle: You often lose track of time and feel overwhelmed. 😟
- - Solution: You get a visual timer that shows a red circle shrinking as time passes. ⏲️
- - How it Helps:
- - Visual Awareness: Seeing time visually keeps you aware of how much time is left for your task. 👀
- - Focus: It helps you stay on track and not get lost in your thoughts. 🎯
- - Action Gamification: Watching the timer shrink turns completing tasks into a game! 🎮
- - Feel: You feel more in control and less forgetful. 🙌","Task Initiation, Time Blindness, Working Memory Engagement",Forgetful,,"Starting Something Hard, Staying focused","Can't Focus, Poor Time Estimation, Task Initiation","Freeing Up Working Memory, Gamifies Action",,,,"Avoidant, Frozen, Time Blind","Gamified, Visual","Focus Enhancement, Task Initiation Support",,,,Gamification,timer,,,,,$$,,Include visual timer recommendations and placement strategies
No,Vitamin D Supplements,Mood Support Supplement,When mood and energy may be affected by vitamin D deficiency,"### 🌞 Boost Your Mood with Vitamin D

If you're feeling low on energy or experiencing mood swings, especially in winter, vitamin D supplements might help. They can improve your mood and motivation. Remember to check with your healthcare provider for the right dosage and testing recommendations to get the best results.","- ### 🌟 Feeling Down in the Winter?
- - Do you feel more:
- - 😞 Depressed
- - 💤 Sluggish
- - Wondering why?
- - ☀️ Less sunlight can lead to low vitamin D levels!
- ### 🩺 Here's What You Can Do:
- - Get Tested:
- - 🧪 Check your vitamin D levels with your doctor.
- - Start Supplementing:
- - 💊 Follow your healthcare provider's guidance on dosage.
- ### 🎉 The Result?
- - Notice a Boost!
- - 🌈 Improved mood
- - ⚡ Increased energy
- Remember, taking care of your vitamin D can make a big difference in how you feel!","Emotional Dysregulation, Task Initiation, Time Blindness",Drained,Stuck,"Focus Enhancement, Managing Emotional Dysregulation, Task Initiation Support","Poor Time Estimation, Task Initiation","Dopamine Activation, Gamifies Action",,Low Energy,,"Discouraged, Frozen","Gamified, Interactive","Planning, Time Planning",,,,Gamification,sun,,,,,$,,Include testing recommendations and dosage guidance from healthcare providers
No,Voice Memos,Audio Capture System,When thoughts come faster than you can write,"### 🎤 Capture Ideas Quickly

Use voice memos to quickly record your thoughts and ideas when writing feels overwhelming. This strategy helps you keep track of your ideas without losing them. You can listen back to your memos later or transcribe them to capture the key points, making it easier to get started on tasks.","- ### 🌟 Quick Idea Capture
- - 🚗 You're driving:
- - Got a brilliant idea for your project?
- - 🎤 Voice Memo:
- - Quickly record your thoughts on your phone!
- - 🔑 Later:
- - Listen back to your memo and capture the key points in writing.
- ### 💡 Why It Works:
- - 🗣️ Externalizes Tasks:
- - Free up your working memory.
- - 🌈 No More Lost Thoughts:
- - Keep track of your ideas without stress!
- ### 😊 Remember:
- - Voice memos are a fantastic way to keep your creativity flowing, especially when writing feels overwhelming.","Emotional Dysregulation, Task Initiation, Working Memory Failures",Forgetful,Ashamed,"Starting Something Hard, Staying focused","Avoidant, Can't Start, Poor Time Estimation","Externalizes Tasks, Frees Up Working Memory",,"Burnout, Crash Recovery, Low Energy",,"Avoidant, Overthinking",,"Focus Enhancement, Task Initiation, Work",,,,Checklist,mic,,,,,Free,,Include voice memo organization and transcription strategies
No,Voice-to-Victory Workflow,Complete Voice-to-Text System,When writing tasks feel slow or overwhelming,"### 🎤 Voice-to-Text Gamification

Quickly capture your thoughts by recording them with a timer. Break down writing tasks into smaller segments and reward yourself for completing each part. This approach turns overwhelming projects into manageable tasks, helping you stay focused and motivated.","- ### 📝 Quick Idea Capture and Editing Workflow
- - ⏰ Set a 10-Minute Timer
- Quickly voice-record all your thoughts about the project. Let the ideas flow without worrying about perfection!
- - 🍫 Take a 5-Minute Break
- Enjoy a favorite snack or do a quick stretch to recharge. You deserve a moment to relax!
- - ⏳ Set Another 15-Minute Timer
- Edit the transcript you just created. Turn rough ideas into polished sentences without pressure.
- - 🎉 Celebrate Both Phases
- Reward yourself for completing the recording and editing tasks. Every step is a victory!","Emotional Dysregulation, Executive Dysfunction, Task Initiation",Stuck,Overwhelmed,"Staying focused, Task Initiation","Avoidant, Can't Start, Task Initiation","Dopamine Activation, Executive Function Support, Gamifies Action",,"Crash Recovery, Low Energy, Wired but Tired",,"Avoidant, Frozen","Gamified, Incremental Motivation, Interactive","Focus Enhancement, Task Initiation, Work",,,,Gamification,briefcase,,,,,$,,Adds complete workflow with dopamine hits at each stage
No,Walking Meetings,Movement Integration,When sitting still makes it hard to focus,"### 🚶‍♂️ Walk While You Talk

Take your calls or meetings while walking! This can help improve focus and engagement by incorporating movement into your routine. Choose safe paths and stay aware of your surroundings for an effective walking meeting.","- ### Example Scenario: Walking While You Talk 🚶‍♂️📞
- - Weekly Check-In Call with your manager
- - Setting: Your neighborhood 🌳
- - Why It Works:
- - Movement boosts dopamine levels 🧠
- - Helps you think more clearly 💡
- - Keeps you engaged in the conversation 🎤
- - Tips for Success:
- - Choose safe routes 🛤️
- - Stay mindful of your surroundings 👀
- - Outcome:
- - You feel more focused and involved in the discussion!","Emotional Dysregulation, Time Blindness, Working Memory Failures",Scattered,Overwhelmed,"Starting Something Hard, Staying focused","Can't Focus, Disorganized, Poor Time Estimation","Dopamine Activation, Frees Up Working Memory",Suburban,"Overwhelmed, Wired but Tired",,"Avoidant, Disorganized","Embodied, Interactive, Sensory Engagement",Work,,,,"Checklist, Routine",footprints,,,,,Free,,Include walking meeting guidelines and safety considerations
No,Weather Apps,Planning Support Tools,When weather affects your ADHD symptoms and planning,"### ☀️ Weather-Based Planning

Check the weather every day to plan your tasks based on your energy levels. Schedule lighter tasks for cloudy or low-energy days, and save more demanding work for sunny days when you feel more energized. This simple strategy helps you manage your time better and stay on track.","- ### 🌤️ Weather-Based Planning Tips
- - Check the weather daily! ☁️🌞
- - This helps you understand what to expect and how to plan your day.
- - Cloudy Days:
- - Feeling sluggish? 😴
- - Schedule easier tasks:
- - Reading 📖
- - Organizing your space 🗂️
- - Sunny Days:
- - Feeling energetic? 🚀
- - Plan for more demanding work:
- - Important meetings 📅
- - Creative projects 🎨
- - Remember:
- - Align tasks with your energy levels!
- - Create a clear plan to combat time blindness and boost task initiation. ✅","Emotional Dysregulation, Executive Dysfunction, Time Blindness",Frustrated,Defeated,"Managing my schedule, Planning my time, Task Initiation Support","Can't Finish, Task Initiation","Executive Function Support, Gamifies Action",,"Low Energy, Overwhelmed, Wired but Tired",,"Overthinking, Time Blind","Gamified, Interactive","Planning, Time Planning",,,,Checklist,umbrella,,,,,Free,,Include weather pattern awareness and energy planning strategies
No,Weekly Review,Planning Reflection,When you want to improve your systems and strategies,"### 🗓️ Weekly Reflection

Spend 15-30 minutes each week reviewing your accomplishments and challenges. This helps you adjust your plans for the upcoming week. Choose a consistent time, like Sunday evenings, to reflect on your productivity and organize your tasks for better results.","- ### 🌟 Example of a Weekly Review
- - When: Every Sunday evening ⏰
- - Time: Spend about 20 minutes 🕒
- #### Steps to Follow:
- 1. Reflect on the Past Week:
- - What tasks did you complete? ✅
- - Which tasks did you avoid? ❌
- - Why did you avoid them? 🤔
- 2. Identify Patterns:
- - Notice when you feel most productive 💪
- - Tip: If mornings are your best time, schedule important tasks for earlier in the day! 🌅
- 3. Plan for the Upcoming Week:
- - Adjust your strategies based on your reflections 🔄
- - Set realistic goals and timelines 📅
- #### Remember:
- This practice is designed to make planning fun and engaging! 🎉","Executive Dysfunction, Task Initiation, Time Blindness",Frustrated,Defeated,"Managing Emotional Dysregulation, Planning my time, Task Initiation Support","Can't Finish, Task Initiation",Gamifies Action,,"Low Energy, Restless, Wired but Tired",,"Disorganized, Frozen","Gamified, Interactive","Planning, Time Planning",,,,Gamification,mail,,,,,Free,,Include weekly review templates and reflection questions
No,Weighted Blanket & White Noise,Sleep Optimization Combo,When sleep is disrupted by anxiety or overstimulation,"### 🛌 Calming Sleep Combo

Combine a weighted blanket with white noise to improve sleep. The blanket provides soothing pressure to ease anxiety, while white noise masks disruptive sounds. This simple strategy helps create a peaceful environment, making it easier to fall asleep and stay calm.","- ### 🌙 Sleep Optimizing Steps
- - Feeling Overwhelmed? 😰
- You’ve been lying awake for an hour, mind racing about tomorrow’s presentation.
- - Grab Your Weighted Blanket! 🛌
- Pull it up to your shoulders for that gentle, calming pressure.
- - Turn On Your White Noise App! 🎶
- Create a soothing atmosphere with steady sound masking.
- - Feel the Calm Set In! 🌌
- The combination of physical comfort and sound helps your brain finally settle into sleep mode.
- - Remember:
- You deserve a restful night and the tools to manage anxiety effectively!","Emotional Dysregulation, Time Blindness",Overstimulated,Overwhelmed,Calming Down,"Anxiety Management, Sensory Overload","Emotional Regulation, Sensory Engagement, Starts Small",Urban,"Overstimulated, Overwhelmed",,"Frozen, Time Blind","Gamified, Sensory Engagement",Emotional Regulation,,,,Gamification,sliders,,,,,$$,Reddit /r/ADHDWomen,Include weight guidelines and sound type recommendations
No,Weighted Blankets,Sensory Regulation Tool,When sensory input can support calm and sleep,"### 🛌 Weighted Blanket for Calm

A weighted blanket provides soothing pressure to help you relax when feeling overwhelmed. Use it during rest to improve sleep quality and create a calming environment. Make sure the blanket's weight is suitable for you and use it consistently when you feel anxious or overstimulated.","- ### 🌙 Struggling to Sleep?
- - Feeling Restless? 😩
- - Your mind races and your body feels uneasy.
- - Try This:
- - Weighted Blanket 🛌
- - Provides gentle, even pressure across your body.
- - Helps calm your nervous system.
- - Result:
- - Fall asleep more easily and enjoy a restful night! 🌟","Decision Fatigue, Emotional Dysregulation, Time Blindness",Overstimulated,Overwhelmed,"Calming Down, Recovering from a crash","Anxiety Management, Sensory Overload","Breaking Down Complexity, Emotional Regulation, Frees Up Working Memory",,"Crash Recovery, Low Energy, Overstimulated",,"Overthinking, Time Blind","Interactive, Mindful Awareness, Sensory",Emotional Regulation,,,,"Gamification, Mindset Shift, Routine",cloud,,,,,$$,,Include weight guidelines and usage recommendations
No,Work Mode Activation Ritual,Work Mode Ritual,When you need to transition into work mode,"### ☕ Work Mode Activation

Create a simple routine that signals it's time to focus. Brew a special coffee or wear your work sweater to establish cues that help you start and stay engaged. Even small actions can shift your mindset and ease feelings of anxiety or overwhelm.","- ### Example Ritual
- - 🚨 You've been staring at your laptop for 20 minutes...
- - 😩 Scrolling between tabs instead of starting that report?
- - ✨ Step Away for a Moment:
- - 🥛 Make your special ""work chai"" using that favorite mug.
- - 🎶 Put on your focus playlist to set the mood.
- - 🕯️ Light that one candle you only use during deep work.
- - ⏳ This 3-minute ritual creates a mental shift:
- - Makes starting feel less impossible!
- - Establishes consistent cues that help you focus.
- - 💡 Remember: Even small actions can help overcome anxiety or overwhelm!",Task Initiation,Anxious,Ashamed,"Staying focused, Task Initiation","Avoidant, Can't Start","Dopamine Activation, Externalizes Tasks, Frees Up Working Memory, Gamifies Action",,"Low Energy, Wired but Tired",,"Avoidant, Frozen, Overthinking","Interactive, Sensory, Visual","Task Initiation Support, Work",,,,Routine,briefcase,,,,,Free,The Anti-Planner by Dani Donovan,"Create a ritual builder with sensory options (smell, sound, touch, taste)"
No,Work Sprint & Reward Rhythm,Sustainable Energy Cycling,When you need sustainable focus for longer tasks,"### ⏰ Focus Boost with Breaks

Work for 20 minutes, then take a 10-minute break. This approach helps you manage your time better by creating clear intervals. Regular breaks prevent burnout and keep your mind refreshed, making it easier to stay engaged and finish tasks.","- ### 🌟 Staying Focused with the 20/10 Method
- Struggling to focus on that boring report? Try this!
- - 🕒 Work for 20 minutes – Dive into your task!
- - 🚶‍♂️ Take a 10-minute break – Stretch, walk around, or check your phone!
- Why it works:
- - 🔄 Regular breaks refresh your mind – Prevents burnout!
- - 🎉 Makes tasks feel manageable – Breaks down the workload into bite-sized pieces.
- - 💪 Keeps you engaged longer – Especially helpful for challenging tasks!
- Get ready to boost your productivity and tackle that report like a pro! 🚀","Task Structuring, Time Blindness, Working Memory Failures",Scattered,Overwhelmed,"Starting Something Hard, Staying focused","Can't Finish, Can't Start, Poor Time Estimation","Breaks Down Complexity, Dopamine Activation, Frees Up Working Memory",,Wired but Tired,,,"Gamified, Interactive","Focus Enhancement, Time Planning, Work",,,,Gamification,gift,,,,,Free,,Include break activity suggestions and timing variations
No,Workspace Lighting,Environmental Optimization,When poor lighting is affecting focus and mood,"### 💡 Brighten Your Workspace

Enhance your workspace with better lighting to boost focus and reduce eye strain. Use a bright desk lamp that minimizes glare, especially on cloudy days, to help you stay alert and maintain concentration.","- ### 🌥️ Feeling Sluggish?
- When you're at your desk and the weather's gloomy, it can be tough to stay focused. Here are some simple tips to brighten up your workspace:
- - Add a Bright Desk Lamp 💡
- Position it to reduce glare on your computer screen for better visibility.
- - Choose the Right Bulb 🔆
- Look for daylight bulbs that mimic natural light to keep you alert.
- - Adjust Your Setup 🖥️
- Experiment with the lamp's position until you find what works best for you.
- ### ✨ Watch the Transformation!
- With these changes, you might notice:
- - Increased alertness 🚀
- - Improved focus 🎯
- - Less eye strain 👀
- Make your workspace a place that energizes and motivates you!","Environmental Cues, Working Memory Failures",Scattered,Overwhelmed,"Focus Enhancement, Starting Something Hard, Staying focused","Can't Focus, Forgetful, Poor Time Estimation","Dopamine Activation, Executive Function Support, Frees Up Working Memory",,"Low Energy, Wired but Tired",,"Overthinking, Time Blind",Sensory,"Emotional Regulation, Work",,,,Environmental Hack,lightbulb,,,,,$$,,Include lighting recommendations and setup guidelines
No,Yoga or Stretching,Movement-Based Regulation,When body tension is affecting mental state,"### 🧘‍♀️ Gentle Movement Breaks

Incorporate short sessions of gentle yoga or stretching during your day. These quick breaks help relieve physical tension and improve focus, making it easier to get back to tasks without feeling overwhelmed.","- ### 🌟 Quick Movement Break
- Feeling tense and scattered after sitting at your computer for hours? Try this:
- - 🧘‍♀️ Gentle Stretches: Take 10 minutes to do some simple stretches.
- - 📹 Follow a Yoga Video: Find a short yoga routine online.
- - 🌈 Breathe Deeply: Focus on your breath as you move.
- Benefits:
- - 😌 Feel more relaxed and centered
- - 🎯 Return to work with better focus and clarity","Emotional Dysregulation, Environmental Cues, Working Memory Engagement",Overstimulated,Overwhelmed,"Calming Down, Staying focused","Anxious, Sensory Overload","Frees Up Working Memory, Meets You Where You Are, Provides External Structure",,"Low Energy, Overstimulated, Overwhelmed",,"Frozen, Overthinking, Time Blind",Embodied,Self-Compassion,,,,"Environmental Hack, Routine",lotus,,,,,Free,,Include beginner-friendly routines and timing suggestions
No,You Can Do 5 (Minutes),Micro-Commitment Strategy,When starting feels impossible,"### ⏩ Start with Just 5 Minutes

Commit to working on a task for just 5 minutes. This helps reduce pressure and guilt, making it easier to start. After 5 minutes, you might feel motivated to continue or can stop knowing you've made progress. This approach breaks tasks into smaller pieces, making larger projects more manageable.","- ### 🌟 Just 5 Minutes to Start!
- - Feeling stuck? 😩 You're not alone!
- - Here's the plan:
- - Set a timer for 5 minutes ⏰
- - Choose a task you've been avoiding 🧹
- - Remember:
- - No pressure! You can stop after 5 minutes. ✋
- - You’ve got full permission to walk away guilt-free! 🚪
- - What happens next?
- - You might feel ready to keep going! 🚀
- - Or you can proudly say, “I made progress today!” 🎉
- - Why it works:
- - Break the cycle of avoidance: Starting is the hardest part! 🔄
- - Build momentum: Small steps lead to big changes! 🏗️
- Let’s tackle that task together! 💪","Emotional Dysregulation, Task Initiation, Working Memory Engagement",Stuck,Overwhelmed,"Cleaning Up, Overcoming Procrastination, Task Initiation","Can't Start, Poor Time Estimation","Breaking Down Complexity, Gamifies Action, Starts Small",,"Burnout, Overwhelmed",,"Avoidant, Frozen","Gamified, Incremental Engagement, Interactive","Cleaning, Emotional Regulation, Task Initiation",,,,"Gamification, Incremental Progress, Mindset Shift",fast-forward,,,,,Free,"Acceptance and Commitment Therapy, Cognitive Behavioral Therapy, The Anti-Planner by Dani Donovan",Include 5-minute task examples and momentum strategies
No,Z- Brain-Friendly Tech Tools,Digital Support Arsenal,When you need digital tools designed for ADHD,"### 🧠 ADHD-Friendly Apps

Use ADHD-specific apps to improve your daily routine and motivation. These tools, like gamified task managers and focus timers, help you manage time and tasks effectively. For example, an app can remind you to take medication and visually track your progress, making it easier to stay on task.","- ### 📝 Example Scenario
- You often find it hard to remember important tasks, like taking your medication. Here’s how ADHD-friendly technology can help:
- - 💊 Medication Reminders: Set up alerts to remind you when it's time to take your meds.
- - ⏳ Pomodoro Timer: Use a timer to break your work into manageable chunks, with short breaks in between.
- - 📊 Visual Progress Tracking: See your accomplishments in real-time, which can motivate you to keep going!
- With these tools, managing your daily tasks becomes easier and more engaging!","Task Structuring, Time Blindness, Working Memory Failures",Forgetful,Ashamed,"Starting Something Hard, Staying focused","Disorganized, Poor Time Estimation, Task Initiation","Executive Function Support, Frees Up Working Memory, Gamifies Action",,"Overwhelmed, Wired but Tired",,Overthinking,Gamified,Work,,,,Gamification,brain,,,,,$,,Include app recommendations and feature comparisons
No,Z- Crisis Support Network,Emergency Contact System,When ADHD overwhelm creates crisis moments,"### 📇 Emergency Contact List

Create a simple list of trusted contacts, including ADHD-aware friends and mental health professionals. This makes it easier to reach out for help during overwhelming moments, reducing the stress of needing to find support when you need it most.","- ### 🌪️ Overwhelming Day?
- When you're feeling like you're spiraling, here's a simple way to reach out for support:
- - Take a Deep Breath 🌬️
- - Check Your Emergency Contact List 📋
- - Who Can You Call? 🤔
- - A friend who understands
- - A mental health professional
- - Reach Out! 📞
- - Text or Call: ""Hey, I'm having a tough time today.""
- - Reality-Check Your Thoughts 🧠
- - Remember: You're not alone! 🤗
- Having that list ready makes it easier to take action when you need it most! 💪",Emotional Dysregulation,Burned out,Defeated,"Asking for Help, Calming Down, Overcoming Resistance","Anxious, Can't Finish","Externalizes Tasks, Frees Up Working Memory, Provides External Structure",,"Burnout, Frozen/Shut Down, Overwhelmed",,"Frozen, Overthinking",Gamified,Emotional Regulation,,,,"Checklist, Gamified",briefcase,,,,,Free,,Include contact categories and crisis response planning
No,Z- Forest App,Gamified Focus Tool,When phone distractions are breaking your focus,"### 🌳 Grow Your Focus Forest

Stay focused by planting virtual trees that grow while you work! If you get distracted, your tree wilts. This fun approach helps you visualize your productivity, making it easier to stay on task and rewarding you for your focus.","- ### 📱 How to Stay Focused with Forest
- - Set a Timer: ⏰
- - Open the Forest app and set a 25-minute timer.
- - Plant Your Tree: 🌳
- - As you start working, visualize planting a virtual tree that will grow while you stay focused.
- - Avoid Distractions: 🚫📱
- - Remember, checking social media will kill your tree! This little reminder gives you the motivation to resist distractions.
- - Watch Your Forest Grow: 🌲🌲🌲
- - After a week, see the beautiful forest you've nurtured with your focus sessions. Each tree represents your hard work!
- - Feel Proud: 🎉
- - Celebrate your achievements by looking at your growing forest and feeling proud of your commitment to staying focused!","Emotional Dysregulation, Task Initiation, Working Memory Failures",Scattered,Overwhelmed,"Starting Something Hard, Staying focused","Can't Focus, Disorganized, Poor Time Estimation","Breaks Down Complexity, Gamifies Action, Provides Instant Rewards",,Wired but Tired,,"Disorganized, Overthinking","Gamified, Interactive","Focus Enhancement, Task Initiation Support, Work",,,,"Accountability, Checklist, Gamified",smartphone,,,,,$,Forest app,Include focus session strategies and reward system setup
No,z-Decision Fortune Game,Choice-Making Origami Tool,When decision paralysis is blocking action,"### 🎲 Playful Decision-Making Tool

Use a paper fortune teller to help you choose between tasks. This fun tool makes it easier to overcome feeling stuck by suggesting small, manageable actions. When you're feeling overwhelmed, let the fortune teller guide you to get started with a simple task.","- ### 🎯 Quick Wins for Decision-Making
- When you're feeling overwhelmed, here's a playful way to get started:
- - 🌟 Grab your pre-made fortune teller!
- - 🎲 Fold it and let it guide you to your next task!
- - ✨ Choose from 8 familiar tasks written inside.
- Example Tasks:
- - 📝 Write a quick email
- - ☕ Make a cup of coffee
- - 📅 Organize your desk
- 💡 Remember:
- Starting small can help you break through the paralysis. Each little win adds up and gets you moving!","Decision Fatigue, Executive Dysfunction, Task Initiation",Stuck,Overwhelmed,"Focus Enhancement, Overcoming Procrastination, Task Initiation","Can't Decide, Can't Start","Gamifies Action, Reduces Decision Fatigue",,"Shutdown, Wired but Tired",,"Avoidant, Frozen",Gamified,"Decision Making, Work",,,,Gamification,gamepad,,,,,Free,The Anti-Planner by Dani Donovan,Include video tutorial link and printable templates
No,z-Digital Declutter System,Technology Simplification Strategy,When digital clutter is creating overwhelm,"### 🧹 Digital Declutter Made Easy
Simplify your digital life by unsubscribing from unwanted emails, deleting apps you don’t use, and organizing files. Dedicate one hour to this task to reduce distractions and create a clearer, more manageable digital space.","- ### 🌟 Digital Declutter Example
- - 📱 Realization: You discover your phone has 200+ apps and your email inbox receives 50+ messages daily. Most of them? Not needed!
- - 🕐 Take Action:
- - Unsubscribe from newsletters you never read.
- - Delete apps you haven’t used in ages.
- - Organize your remaining apps into folders by category.
- - ✨ Result: After just 1 hour of decluttering, your phone and email feel calm and less overwhelming. You can finally focus on what truly matters!","Decision Fatigue, Emotional Dysregulation, Time Blindness",Overstimulated,Overwhelmed,"Cleaning Up, Focus Enhancement, Overcoming Procrastination","Disorganized, Sensory Overload","Executive Function Support, Externalizes Tasks, Minimizes Friction",,"Frozen/Shut Down, Overstimulated, Overwhelmed",,"Frozen, Overthinking, Time Blind","Interactive, Task Simplification, Visual","Cleaning, Focus Enhancement",,,,"Checklist, Environmental Hack, Routine",package-x,,,,,Free,,Include decluttering checklists and maintenance strategies
No,Zero-Based Scheduling,Fresh Start Planning,When automatic overcommitment is creating overwhelm,"### 🗓️ Intentional Time Management

Start your week with a blank schedule. Add only the commitments that matter to you, helping you stay focused on your priorities and avoid overwhelm.

# Frustration Management

Implement priority assessments and commitment evaluations to help manage your feelings of frustration and stay on track with your goals.

# Gamified Task Management

Use gamification techniques to make task initiation more engaging. Break tasks into smaller steps and reward yourself for completing them to improve motivation.

# Overcommitment Control

Learn to say no to non-essential commitments. This will help you protect your time and energy, reducing feelings of defeat and allowing you to focus on what truly matters.","- ### 🌟 Creative Scheduling Tips
- - Overcommitted? 🤯
- - You often say ""yes"" to everything, feeling overwhelmed.
- - Fresh Start! 🌱
- - Begin each week with a blank calendar.
- - Prioritize! 🎯
- - Only add commitments that align with your goals and values.
- - Protect Your Time! ⏳
- - Focus on what truly matters and avoid distractions.
- - Feel Energized! ⚡
- - This method helps you regain control, making it easier to tackle your week!
- ### Remember:
- - It’s okay to say “no” to protect your energy! 💪
- - This approach is about you and your priorities! ❤️","Emotional Dysregulation, Executive Dysfunction, Task Initiation",Frustrated,Defeated,"Managing Emotional Dysregulation, Planning my time, Task Initiation Support","Can't Finish, Task Initiation","Breaks Down Complexity, Minimizes Friction, Starts Small",,"Burnout, Crash Recovery",,Frozen,"Gamified, Visual","Planning, Time Planning",,,,Gamification,map,,,,,Free,,Include priority assessment and commitment evaluation strategies
No,Zig-Zag Productivity,Non-Linear Work Style,When forcing linear productivity creates frustration,"### ⚡️ Embrace Zig-Zag Productivity

Switch tasks as your interest and energy change throughout the day. This flexible approach can help you get more done by aligning with your natural rhythms. Remember, it's okay to take breaks and change your focus; this can help ease feelings of frustration and overwhelm that come from trying to be linear in your productivity.","- ### 🌟 Zig-Zag Productivity in Action!
- - Feeling Frustrated? 😩
- - You find it hard to focus on one task for hours like others do.
- - Embrace the Zig-Zag! 🔄
- - Work on your report for 30 minutes 📄
- - Switch to emails for 15 minutes ✉️
- - Then back to the report! 🎯
- ### Why It Works:
- - Aligns with your natural attention shifts 🌊
- - Helps you accomplish more by working with your energy levels ⚡️
- - Reduces feelings of frustration and overwhelm 🙌
- ### Remember:
- - It's okay to take breaks! 🛑
- - Shifting focus is part of the process! 🌈","Task Initiation, Time Blindness, Working Memory Failures",Scattered,Overwhelmed,"Starting Something Hard, Staying focused","Can't Focus, Task Initiation","Dopamine Activation, Emotional Regulation",,"Overwhelmed, Restless",,"Avoidant, Overthinking","Gamified, Sensory","Emotional Regulation, Task Initiation Support, Work",,,,Gamification,trending-up,,,,,Free,,Include task-switching strategies and energy management
No,Zone Blitz Challenge,High-Energy Zone Challenge,When whole-house cleaning feels overwhelming,"### 🕒 Blitz Cleaning Challenge
Make cleaning fun! Set a timer for 15 minutes and play your favorite upbeat song. Race against the clock to tidy up your space. Take before-and-after photos to celebrate your progress!

# 🕒 Zone Blitz Challenge
Transform cleaning into a game! Use a timer and energetic music to boost your motivation. Challenge yourself to complete tasks in a set time, making cleaning feel less overwhelming. Enjoy the thrill of racing against the clock!","- ### 🚀 Blitz Cleaning Example
- - When: Tuesday evening
- - Set a timer for: ⏰ 15 minutes
- - Blast your favorite high-energy song: 🎶
- Your Mission:
- - Race to clear counters 🧼
- - Load the dishwasher 🍽️
- - Wipe down surfaces 🧽
- Celebrate Your Victory:
- - 📸 Take a before/after photo
- - 🎉 Celebrate your success!
- Let the music pump you up and make cleaning feel like a fun challenge!",Task Initiation,Drained,Stuck,"Cleaning Up, Resetting My Space, Task Initiation","Can't Start, Task Initiation","Dopamine Activation, Gamifies Action",,"Low Energy, Overwhelmed, Wired but Tired",,"Avoidant, Frozen","Gamified, Time-Limited Challenge","Cleaning, Focus Enhancement, Task Initiation",,,,"Challenge, Gamification, Time-Limited Challenge",trophy,,,,,Free,,Adds timer challenges and high-energy music for dopamine
No,Zoning Out Breaks,Intentional Mental Rest,When mental rest is needed but feels guilty,"### 🌅 Intentional Mind Wandering

Schedule short ""zoning out"" breaks to let your mind wander without guilt. Allowing yourself 10-minute mental breaks can help you recharge and improve focus when you return to tasks.","- ### 🌈 Mental Breaks: A Quick Guide
- - Feeling Guilty? 😕
- It's okay to need a break!
- - Schedule It! ⏰
- Set aside 10 minutes for a mental break.
- - Give Yourself Permission! ✔️
- Let your mind wander freely.
- - What to Do? 🤔
- - Stare out the window 🌅
- - Daydream about your favorite place 🏖️
- - Think of a fun memory 🎉
- - Why It Helps:
- - Reduces feelings of shame 🙌
- - Boosts focus when you return to tasks 🚀
- - Remember:
- Mental rest is essential for keeping your brain happy and healthy! 💖","Emotional Dysregulation, Working Memory Engagement",Ashamed,Guilty,"Calming Down, Finding motivation","Anxiety Management, Poor Time Estimation","Emotional Regulation, Externalizes Tasks, Frees Up Working Memory",,"Burnout, Low Energy, Overstimulated",,,Reflective Practice,"Emotional Regulation, Time Planning",,,,"Checklist, Routine",sunrise,,,,,Free,,Include mental rest activities and guilt-reduction strategies
