Name,Reviewed?,description,adhd_friendly_improvement,barrier,cultural_context_tags,energy_state_tags,example,feeling_1,feeling_2,further_reading_text,further_reading_url,help_task,icon_file,identity_tags,image,image_source,issues,life_role_tags,life_transition_tags,mental_state_tags,price,solution_type_tags,source,strategy_style_tags,subtitle,task_context_tags,treatment_context_tags,use_case,why_does_this_work_AI
1% Better,Yes,"# 🌱 Small Steps, Big Gains
**Make tiny improvements every day instead of trying to do everything at once.**

• Pick one small thing to improve (1% better)
• Do it consistently 
• Build momentum over time
• Focus on progress, not perfection",Include 1% improvement examples for different life areas,"Decision Fatigue, Perfectionism, Task Initiation",,"Burnout, Low Energy, Overwhelmed","### 🎯 1% Daily Wins

#### Purpose:
- Focus on small, manageable improvements
- Break down larger goals into bite-sized actions
- Make progress feel achievable daily

#### How to Implement:
- Choose one small area to improve each day
- Set aside 10 minutes for a quick task
- Celebrate every little victory!

#### Examples of 1% Improvements:
- Drink an extra glass of water 💧
- Read one page of a book 📖
- Organize a single drawer 📦

#### Why It Works:
- Builds momentum through small successes 🚀
- Reduces feelings of overwhelm with big changes
- Encourages consistency over perfection 🌱",Drained,Stuck,Continuous Improvement: How It Works and How to Master It,https://jamesclear.com/continuous-improvement,"Starting Something Hard, Staying focused",footprints,,tiny-gains-graph.jpg,https://jamesclear.com/continuous-improvement,"Can't Decide, Can't Start",,,Discouraged,Free,"Gamified, Incremental Progress, Mindset Shift",Atomic Habits by James Clear,"Gamified, Incremental Motivation, Task Simplification",Incremental Improvement,"Incremental Progress, Time Planning, Work",,When big changes feel overwhelming,"Breaks Down Complexity, Frees Up Working Memory, Starts Small"
2-Minute Rule,Yes,"# ⏰ Do It Now: 2-Minute Rule
**If a task takes less than 2 minutes, do it right now.**

• See a quick task? Do it immediately
• Don't add it to your to-do list
• Prevents small tasks from piling up
• Examples: Reply to a text, file a document, wash a dish",Include 2-minute task examples and decision-making guidelines,"Decision Fatigue, Perfectionism, Task Initiation",,"Burnout, Low Energy, Overwhelmed","### 💡 Quick Wins to Beat Procrastination

#### When to Use:
- When small tasks start piling up
- During moments of decision fatigue
- When feeling overwhelmed by larger projects

#### How It Works:
- Break tasks down into 2-minute actions
- Focus on immediate, small wins
- Set a timer for 2 minutes to get started

#### Examples:
- Respond to a quick email 📧
- Put away one item instead of the whole room 🧹
- Make a single phone call 📞

#### Why It Works:
- Reduces the mental barrier to starting tasks
- Frees up mental space for more complex decisions
- Creates a sense of accomplishment and momentum 🚀",Anxious,Ashamed,How to Stop Procrastinating by Using the “2-Minute Rule”,https://jamesclear.com/how-to-stop-procrastinating,"Overcoming Procrastination, Quick Task Management, Task Initiation Support",zap,,2minrule.jpg,https://srishtisuratkal.medium.com/two-2-minute-rules-to-beat-procrastination-in-2-minutes-f8fe7db99321,"Avoidant, Can't Decide, Can't Start",,,"Avoidant, Frozen",Free,"Checklist, Quick Fix",Getting Things Done by David Allen,"Sensory, Task Simplification, Time Management",Immediate Action Principle,"Emails, Time Planning",,When small tasks accumulate into big problems,"Breaks Down Complexity, Frees Up Working Memory, Minimizes Friction"
5-4-3-2-1 Launch ,Yes,"🚀 Quick Countdown Action
**Count down from 5 to 1, then immediately start your task.**

• Count: 5-4-3-2-1
• Move your body on ""1"" 
• Start the task before your brain can resist
• Works great for getting out of bed, starting work, or cleaning",Include countdown variations and immediate action strategies,Task Initiation,,"Shutdown, Wired but Tired","### 🚀 Quick Start Activation

#### When to Use:
- When facing mental resistance
- During tasks requiring immediate action
- In moments of procrastination

#### How It Works:
- Use a countdown to trigger action
- Shift focus from hesitation to execution
- Create a gamified experience to boost motivation

#### Examples:
- ""5-4-3-2-1, go!"" for starting a task
- Setting a timer for 5 minutes to get started on cleaning
- Using a visual countdown app to gamify task initiation

#### Why It Works:
- Breaks down complexity into manageable steps
- Frees up working memory by reducing overthinking
- Creates a sense of urgency that encourages action",Numb,Stuck,How the Five-Second Rule changed my ADHD life,https://www.understood.org/en/articles/how-the-five-second-rule-changed-my-adhd-life,"Overcoming Resistance, Starting Something Hard, Task Initiation",fast-forward,,5secrule.png,https://readingraphics.com/book-summary-the-5-second-rule/,"Can't Start, Task Initiation",Student,,"Avoidant, Frozen",Free,"Challenge, Gamification, Quick Fix","The 5 Second Rule by Mel Robbins, The Anti-Planner by Dani Donovan",Interactive,Countdown Activation,"Cleaning, Decision Making, Work",,When you need to bypass mental resistance,"Breaks Down Complexity, Frees Up Working Memory, Gamifies Action"
5-4-3-2-1 Sensory Grounding,Yes,"# 🧘‍♀️ 5-4-3-2-1 Grounding Technique
**Use your senses to calm down when feeling overwhelmed.**

• **5 things** you can see
• **4 things** you can touch  
• **3 things** you can hear
• **2 things** you can smell
• **1 thing** you can taste",Create pocket cards with the technique and practice scenarios,"Emotional Dysregulation, Time Blindness, Working Memory Engagement",,"Overstimulated, Overwhelmed","### 🌟 5-4-3-2-1 Grounding Technique

#### When to Use:
- When feeling overstimulated 😰
- During moments of anxiety or overwhelm 😟
- To help regain focus in chaotic environments 🌪️

#### How It Works:
- Engage your senses by identifying:
- 5 things you can see 👀
- 4 things you can touch ✋
- 3 things you can hear 👂
- 2 things you can smell 👃
- 1 thing you can taste 👅

#### Examples:
- In a crowded space, look for familiar objects 🏢
- Use a stress ball to focus on the texture 🌟
- Listen for the hum of air conditioning as a calming sound 🎶

#### Why It Helps:
- Reduces feelings of being overwhelmed 🌈
- Engages your mind in the present moment 🕒
- Aids in emotional regulation by grounding you in reality 🌍",Overstimulated,Overwhelmed,5-4-3-2-1 Coping Technique for Anxiety,https://www.urmc.rochester.edu/behavioral-health-partners/bhp-blog/april-2018/5-4-3-2-1-coping-technique-for-anxiety,"Being Kinder to Myself, Calming Down",anchor,,5grounding.jpg,https://www.youtube.com/watch?v=30VMIEmA114&ab_channel=ThePartnershipInEducation,Anxiety Management,,,"Frozen, Overthinking",Free,"Gamification, Quick Fix","Cognitive Behavioral Therapy, The Anti-Planner by Dani Donovan",Sensory,Sensory Anchor Technique,"Emotional Regulation, Self-Compassion",,When anxiety or overwhelm is taking over,"Emotional Regulation, Sensory Engagement, Starts Small"
10-Minute Pickup,Yes,"# ⏱️ Quick 10-Minute Reset
**Set a 10-minute timer and clean up as much as possible.**

• Start timer for exactly 10 minutes
• Pick up, organize, or clean anything you see
• Stop when timer goes off
• Celebrate what you accomplished",Include pickup strategies for different rooms and clutter types,"Decision Fatigue, Emotional Dysregulation, Task Initiation",,"Crash Recovery, Low Energy, Wired but Tired","### 💡 10-Minute Space Reset

#### Use This Strategy When:
- Your space feels cluttered
- You have low energy for deep cleaning
- You need a quick reset amidst distractions

#### How It Works:
- Set a timer for 10 minutes ⏰
- Focus on one area or type of clutter at a time
- Make it a game—try to pick up as much as possible

#### Additional Tips:
- Tackle different rooms on different days 🏠
- Use a basket to collect items that belong elsewhere
- Invite a friend to join for added motivation 🤝

#### Why It Works:
- Breaks the task into manageable chunks
- Reduces decision fatigue by simplifying choices
- Gamifies the cleaning process, making it more engaging",Drained,Stuck,,,"Cleaning Up, Resetting My Space",hand,,,,"Can't Start, Disorganized, FrozenShutDown",,,"Disorganized, Frozen",Free,"Challenge, Gamification, Quick Fix","Reddit /r/ADHD, The Anti-Planner by Dani Donovan","Incremental Motivation, Task Simplification, Time-Limited Challenge",Quick Reset Strategy,"Cleaning, Focus Enhancement, Task Initiation",,When spaces are messy but you don't have energy for deep cleaning,"Gamifies Action, Minimizes Friction, Starts Small"
15-Minute Fridge Rescue ,Yes,"# 🧊 Quick Fridge Reset
**Set a 15-minute timer to clean out your fridge.**

• Remove expired items first
• Wipe down shelves quickly  
• Organize what's left
• Stop when timer goes off",Include fridge organization tips and maintenance schedules,"Decision Fatigue, Task Initiation, Working Memory Engagement",,"Low Energy, Restless, Wired but Tired","### 🍽️ 15-Minute Fridge Rescue

#### When to Use:
- When your fridge is a disaster but you need it functional
- During moments of overwhelm with cleaning tasks
- When preparing for guests or meal prep

#### How It Works:
- Set a 10-minute timer ⏱️
- Clean up as much as possible in that time
- Celebrate your accomplishments once the timer goes off 🎉

#### What to Do:
- Pick up items and organize the fridge
- Wipe down surfaces and remove expired food
- Create a simple maintenance schedule for regular upkeep 📅

#### Why It Works:
- Breaks down complexity into manageable tasks
- Frees up working memory by simplifying the process
- Gamifies action, making cleaning feel less daunting",Drained,Stuck,,,"Cleaning Up, Overcoming Procrastination, Resetting My Space",refrigerator,,,,"Can't Start, Task Initiation",,,"Disorganized, Frozen",Free,"Checklist, Gamified","How to Keep House While Drowning by KC Davis, The Anti-Planner by Dani Donovan","Gamified, Time-Limited Challenge",Reset Game,"Cleaning, Emotional Regulation, Task Initiation",,When your fridge is a disaster but you need it functional,"Breaks Down Complexity, Frees Up Working Memory, Gamifies Action"
15-Minute Speed Clean,Yes,"# ⏱️ Quick 15-Minute Reset
**Set a timer for 15 minutes and clean only what you can see.**

• Focus on counters, tables, floors
• Don't open drawers or cabinets
• Put things back where they belong
• Celebrate what you accomplished",Include 15-minute task lists for different rooms and situations,"Emotional Dysregulation, Perfectionism, Task Initiation",,"Crash Recovery, Low Energy, Wired but Tired","### 🎯 Quick Fridge Reset

#### The Problem:
- Fridge gets cluttered with expired items
- Cleaning can feel overwhelming and time-consuming
- Chaos often leads to avoidance of cleaning tasks

#### The Solution:
- Set a 15-minute timer to tackle the fridge
- Quickly remove expired items 🗑️
- Wipe down shelves fast 🧽
- Organize remaining items efficiently 🥦
- Stop when the timer rings ⏲️

#### When to Use:
- When your fridge feels chaotic
- Before preparing for guests
- During a quick cleaning session

#### Why It Works:
- Breaks the task into manageable chunks
- Gamifies the action with a timer ⏰
- Reduces feelings of overwhelm
- Encourages a quick reset without perfectionism",Drained,Stuck,,,"Cleaning Up, Resetting My Space",zap,,,,"Disorganized, Task Initiation",,Recently Moved,"Disorganized, Frozen",Free,"Challenge, Quick Fix",The Anti-Planner by Dani Donovan,"Embodied, Visual",Quick Reset Clean,"Cleaning, Emotional Regulation, Task Initiation",,When your space is chaotic but you don't have energy for deep cleaning,"Breaks Down Complexity, Gamifies Action"
Acceptance and Commitment,Yes,"# 💡 Values-Driven Action
**Take small actions that match your personal values.**

• Identify what matters most to you
• Choose one small action that fits those values
• Do it even if you don't feel like it
• Build on tiny wins",Include values clarification exercises and action commitment strategies,Emotional Dysregulation,,"Burnout, Overwhelmed","### 🎯 Quick 15-Minute Reset

#### When to Use:
- Feeling overwhelmed by a messy space
- In need of a fast clean-up
- Wanting to regain focus quickly

#### How It Works:
- Set a timer for 15 minutes
- Clean only what you can see
- Focus on counters, tables, and floors
- Return items to their places

#### What to Do:
- Celebrate your achievements! 🎉
- Toss trash directly into the bag 🗑️
- Quick vacuum or sweep visible areas 🧹

#### Why It Helps:
- Creates a sense of accomplishment 🚀
- Makes cleaning manageable in small bites
- Reduces feelings of chaos in your environment",Overwhelmed,Frustrated,Acceptance & Commitment Therapy (ACT),https://contextualscience.org/act,"Staying focused, Task Initiation",lightbulb,,act.png,https://www.ftpsych.ca/therapy-approaches/acceptance-commitment-therapy/,"Anxious, Can't Start",Working Professional,,"Avoidant, Frozen",Free,"Gamification, Mindset Shift","Acceptance & Commitment Therapy (ACT), The Happiness Trap by Russ Harris","Gamified, Incremental Motivation, Mindful Awareness",Values-Based Action,Emotional Regulation,,When emotions are blocking action on important values,"Dopamine Activation, Emotional Regulation, Starts Small"
ADHD Crisis Kit,Yes,"# 🧰 Emergency ADHD Kit
**Keep a kit with emergency items for tough ADHD days.**

• **Snacks** (protein bars, crackers)
• **Phone charger**
• **Calming items** (fidget toy, essential oil)
• **Medications** (if you take them)
• **Emergency contacts** written down",Include emergency kit contents and crisis response plans,"Emotional Dysregulation, Task Initiation, Working Memory Failures",,"Crash Recovery, Low Energy, Overwhelmed","### 💡 Taking Action When Overwhelmed

#### The Feeling of Burnout:
- You feel burned out and overwhelmed. 😩
- It's hard to take action when anxiety takes over.

#### Values-Driven Action Steps: 💪
- Identify what matters most to you.
- Choose one small action that aligns with those values.
- Commit to doing it, even when you don't feel like it.

#### Example Scenario: 📈
- You've been avoiding a work presentation for days.
- Acknowledge your feeling: ""I feel nervous about this presentation.""
- Connect it to your value of career growth.

#### Tiny Actions to Consider: 🌱
- Open the presentation file.
- Write down three bullet points for one slide.
- Practice just the introduction for 2 minutes.

#### Why This Strategy Works: 🧠
- Acknowledges feelings without letting them control you.
- Values provide direction in confusing times.
- Tiny wins build confidence and momentum.",Burned out,Defeated,,,"Calming Down, Recovering from a crash",shopping-bag,,,,"Avoidant, Can't Finish",,,"Avoidant, Frozen",$,"Checklist, Quick Fix",,"Embodied, Sensory",Emergency Support Arsenal,"Emotional Regulation, Task Initiation Support",,When ADHD symptoms create crisis situations,Externalizes Tasks
Auto-Pilot Life Systems,Yes,"# 🔁 Automate Your Tasks
**Set up automatic systems so you don't have to remember.**

• Auto-pay bills
• Grocery delivery subscriptions  
• Automatic savings transfers
• Recurring calendar reminders",Include automation ideas for different life areas and setup guides,"Emotional Dysregulation, Task Initiation, Working Memory Failures",,"Burnout, Low Energy, Overwhelmed","### 🎯 Emergency ADHD Kit

#### What to Include:
- Snacks:
- Quick, healthy options like protein bars and crackers to maintain energy. 🍎
- Phone Charger:
- Ensure you have a reliable charger to stay connected. 🔋
- Calming Items:
- Include fidget toys or essential oils to help soothe anxiety. 🌿
- Medications:
- Pack any necessary medications for easy access. 💊
- Emergency Contacts:
- Write down important phone numbers for quick reference. 📞

#### When to Use:
- During challenging ADHD moments
- When you feel overwhelmed or forgetful

#### Why It Works:
- Externalizes Tasks: Frees up working memory
- Minimizes Friction: Reduces barriers to task initiation
- Supports Quick Management: Helps with immediate needs during mental load

#### Implementation Tips:
- Regularly check the kit and replenish items as needed
- Keep it easily accessible in your bag or at home",Forgetful,Ashamed,,,"Quick Task Management, Task Initiation Support",credit-card,,,,"Avoidant, Forgetful, Poor Time Estimation",,,"Avoidant, Frozen",Free,"Checklist, Routine",,"Task Simplification, Time Management",Friction-Free Automation,Planning,,When recurring tasks create mental load,"Externalizes Tasks, Frees Up Working Memory, Minimizes Friction"
Avoidance Journal,Yes,"# 📝 Track Your Avoidance
**Write down tasks you keep avoiding and notice patterns.**

• List what you're avoiding
• Note why it feels hard  
• Look for patterns (time of day, type of task)
• Start with the easiest avoided task",Create tracking templates with common avoidance reasons pre-listed,"Emotional Dysregulation, Task Initiation, Working Memory Engagement",,"Burnout, Low Energy","### 💡 Understanding Your Avoidance Patterns

#### When to Use:
- Feeling overwhelmed by tasks
- Struggling to start projects
- Experiencing emotional dysregulation

#### How It Works:
- Identify triggers for avoidance
- Use automated systems to manage tasks
- Break tasks into smaller, manageable steps

#### Examples:
- Auto-pay bills to avoid late fees 💰
- Grocery delivery subscriptions for convenience 🛒
- Set recurring reminders to stay organized 📅

#### Why It Helps:
- Frees up working memory for important tasks 🧠
- Minimizes friction in daily responsibilities 🚦
- Supports emotional regulation by reducing stress",Anxious,Ashamed,,,"Maintaining Focus, Overcoming Procrastination, Starting Something Hard",book,,,,"Anxious, Avoidant, Can't Start",,,"Avoidant, Discouraged, Overthinking",Free,Gamification,The Anti-Planner by Dani Donovan,"Gamified, Interactive",Pattern Recognition Tracker,"Emotional Regulation, Task Initiation Support, Work",,When you want to understand your avoidance patterns,"Frees Up Working Memory, Minimizes Friction"
Body Check-In Scan,Yes,"#🧘‍♂️ Grounding Body Scan
**Quickly scan your body from toes to head to ground yourself.**

• Start at your toes
• Notice each body part for 10 seconds
• Work your way up to your head
• No need to fix anything, just notice",Include guided body scan scripts of different lengths,"Emotional Dysregulation, Task Structuring, Working Memory Engagement",,"Low Energy, Overstimulated, Overwhelmed","### 💡 Preliminary Body Check-In Strategies

#### Feeling Overstimulated? 🌪️
- Recognize when you're feeling overstimulated
- Acknowledge your emotional state
- Take a moment to breathe and ground yourself

#### Track Your Avoidance: 📝
- Write down tasks you keep avoiding
- Note why they feel hard
- Identify patterns (like time of day or task type)
- Start with the easiest task first

#### When to Use: ⏰
- When you feel overwhelmed or anxious
- During busy or chaotic times
- When tasks seem daunting

#### Why It Works: 🌈
- Encourages emotional regulation
- Frees up working memory
- Engages your senses to help focus

#### Additional Tips:
- Include guided body scan scripts of different lengths
- Focus on self-compassion while navigating tasks",Overstimulated,Overwhelmed,,,"Being Kinder to Myself, Calming Down",scan-face,,,,"Anxiety Management, Can't Focus, Emotional Regulation",Working Professional,,"Avoidant, Frozen",Free,Accountability,,Sensory,Physical Awareness Reset,"Emotional Regulation, Self-Compassion",,When anxiety or overwhelm is physical,"Emotional Regulation, Frees Up Working Memory, Sensory Engagement"
Brain Dump Blitz,Yes,"# 🧠 Clear Your Mind
**Write down everything in your head without stopping.**

• Get paper and pen
• Set a timer for 5-10 minutes  
• Write every thought, worry, or task
• Don't edit or organize - just dump it all out",Include brain dump formats and follow-up organization strategies,"Emotional Dysregulation, Inertia, Working Memory Failures",,"Overwhelmed, Wired but Tired","### 🎯 Grounding Body Scan: A Quick Reset

#### When to Use:
- Feeling scattered or disorganized
- Before stressful moments
- To enhance focus and clarity

#### How It Works:
- Check in with your body, starting at your toes
- Spend a few seconds noticing each part without judgment
- Move your attention gradually up to your head

#### Benefits:
- Calms the mind and body
- Reduces feelings of overwhelm
- Helps to ground yourself in the present moment

---

### 🛠️ Body Reset Check-In: Quick Calm

#### When to Use:
- Before entering a challenging situation
- During moments of emotional dysregulation
- When feeling overwhelmed or unfocused

#### How It Works:
- Begin with your toes and move your attention upwards
- Notice how each body part feels
- Use gentle touches to focus your awareness

#### Benefits:
- Helps to clear mental clutter
- Provides a structured way to regain calm
- Engages the body and mind together

---",Scattered,Overwhelmed,,,"Starting Something Hard, Staying focused",notebook-pen,,,,"Can't Focus, Forgetful",,,"Disorganized, Frozen, Overthinking",Free,"Checklist, Mindset Shift, Quick Fix",,"Mindful Awareness, Reflective Practice",Mental Decluttering Strategy,Cleaning,,When mental clutter is preventing focus,"Breaking Down Complexity, Externalizes Tasks, Freeing Up Working Memory"
Brain-Friendly Space Design,Yes,"# 🛋️ Optimize Your Space
**Arrange your space to work with your ADHD brain.**

• Keep frequently used items visible
• Reduce visual clutter
• Create designated spots for important things
• Use clear containers and labels",Include room-by-room optimization guides and visual design principles,"Environmental Cues, Executive Dysfunction, Working Memory Engagement",,,"### 🧠 Clearing Your Mind: A Quick Mental Reset

#### When to Use:
- When feeling scattered or overwhelmed
- Before starting a new task to gain clarity
- Anytime your mind feels cluttered

#### How It Works:
- Grab paper and a pen
- Set a timer for 5-10 minutes
- Write down every thought, worry, or task that comes to mind
- Don’t edit or organize; let it flow freely

#### Why It Helps:
- Frees up working memory for new tasks
- Externalizes mental clutter, reducing overwhelm
- Supports emotional regulation by acknowledging thoughts

#### Remember:
- It's a simple yet effective way to clear mental space and refocus your energy! 🌟",Scattered,Frustrated,,,"Cleaning Up, Focus Enhancement, Resetting My Space",layout-dashboard,,,,"Cannot Finish, Disorganized, Forgetful",,,"Disorganized, Frozen",$,Environmental Hack,"Atomic Habits by James Clear, The Anti-Planner by Dani Donovan",Visual,Environmental Success System,"Cleaning, Focus Enhancement",,When your environment is working against you,"Emotional Regulation, Externalizes Tasks, Freeing Up Working Memory"
Cleaning Bingo,Yes,"# 🎉 Gamify Your Cleaning
**Turn cleaning into a game with a bingo card.**

• Make a bingo card with cleaning tasks
• Cross off tasks as you do them
• Try to get a line or full card
• Reward yourself when you win",Include bingo card templates and task suggestions for different areas,"Inertia, Task Initiation, Time Blindness",,"Low Energy, Wired but Tired","### 🎯 🛋️ Optimize Your Space

#### The Problem:
- Feeling drained by cluttered environments
- Difficulty focusing due to distractions
- Overwhelmed by the thought of organizing

#### The Solution:
- Keep important items within reach
- Clear away distractions from your workspace
- Assign specific spots for essentials to minimize searching

#### When to Use:
- When starting a cleaning project
- Before focusing on a new task
- When feeling overwhelmed by clutter

#### Why It Works:
- Creates a more functional and efficient space
- Reduces anxiety associated with disorganization
- Encourages a proactive approach to maintaining order",Drained,Stuck,,,"Cleaning Up, Overcoming Procrastination, Resetting My Space",grid-3x3,,cleaning_bingo.png,https://myfreebingocards.com/,"Disorganized, Poor Time Estimation",,,"Discouraged, Overthinking",Free,Gamification,The Anti-Planner by Dani Donovan,"Action-Oriented, Gamified, Interactive",Gamified Organization System,"Cleaning, Focus Enhancement, Task Initiation",,When cleaning needs gamification to feel motivating,"Externalizes Tasks, Gamifies Action, Provides Instant Rewards"
Cleaning Partner Power,No,"### 🧽 Cleaning with Company

Clean alongside a friend or a robot to make chores less daunting and more engaging. This strategy leverages social accountability, which can enhance task initiation and combat feelings of loneliness that often accompany cleaning tasks. Consider scheduling a ""cleaning party"" via video call to boost motivation and turn a mundane chore into a shared experience that helps keep your focus on the task at hand. Having someone or something ""cleaning with you"" can make it easier to get started and stay on track.",Include virtual cleaning party setup and accountability partner strategies,"Emotional Dysregulation, Inertia, Task Initiation",,"Low Energy, Overwhelmed, Wired but Tired","### 🧽 Cleaning Together: A Motivational Strategy

#### When to Use:
- When cleaning feels lonely and unmotivating
- During a busy week when tasks pile up
- When you need an extra push to start cleaning

#### How It Works:
- Schedule a virtual cleaning party with a friend
- Both parties tackle their spaces together via video call
- Check in regularly for encouragement and accountability

#### Examples:
- Clean your living room while your friend cleans their kitchen
- Share your progress and motivate each other through the call

#### Why It Works:
- Makes cleaning more enjoyable and social 🎉
- Helps to stay focused and motivated together
- Reduces feelings of isolation when tackling chores",Drained,Stuck,,,"Cleaning Up, Resetting My Space, Task Initiation Support",broom,,,,"Disorganized, Task Initiation",,,"Avoidant, Disorganized",Free,"Accountability, Gamification",,Gamified,Social Accountability System,Cleaning,,When cleaning feels lonely and unmotivating,"Externalizes Tasks, Gamifies Action, Provides External Structure"
Comfort Cave Creation,No,"### 🛋️ Create Your Cozy Retreat

Set up a comforting space in your home with soft textures, warm lighting, and favorite items to help you regulate your emotions. This dedicated area allows for quick retreats when feeling overwhelmed, improving task initiation by providing a clear, calming spot to recharge. Aim for simplicity—just a few comforting elements can create an oasis that helps combat overstimulation and sensory overload, enhancing focus and well-being.",Include cozy corner setup ideas for different spaces and budgets,"Emotional Dysregulation, Environmental Cues, Task Initiation",,"Burnout, Overstimulated","### 🛋️ Creating Your Cozy Retreat

#### The Challenge:
- Feeling overstimulated and overwhelmed by your environment
- Difficulty initiating tasks due to emotional dysregulation
- Experiencing sensory overload in daily spaces

#### The Solution:
- Set up a calming space at home with soft textures and warm lighting
- Use items that bring you comfort, such as cushions or soft blankets
- Keep it simple—just a few comforting elements can make a big difference

#### When to Use:
- When you need a calming space for overwhelm
- During moments of emotional dysregulation
- To recharge and refocus after a busy day

#### Why It Works:
- Helps in emotional regulation and breaks down complexity
- Provides a quick retreat to manage sensory overload
- Externalizes tasks by creating a dedicated space for relaxation",Overstimulated,Overwhelmed,,,"Calming Down, Maintaining Focus, Overcoming Procrastination",lamp,,,,"Anxious, Sensory Overload",,,"Avoidant, Frozen, Time Blind",$,"Checklist, Routine",,"Reflective Practice, Sensory",Cozy Retreat System,"Emotional Regulation, Sensory Management",,When you need a calming space for overwhelm,"Breaks Down Complexity, Emotional Regulation, Externalizes Tasks"
Comfort Toolkit Items,No,"### 🧸 Comfort Items for Calm

Keep small comfort items nearby to help manage overwhelming feelings. These tactile tools enhance emotional regulation by providing a grounding focus, which is crucial for those facing time blindness or difficulties in task initiation. When anxiety arises, simply reach for a soothing object, like a smooth stone or soft keychain, to help bring clarity and calm to your mind.",Include comfort item ideas for different settings and sensory preferences,"Emotional Dysregulation, Task Initiation, Working Memory Engagement",,"Overstimulated, Overwhelmed","### 🧸 Comfort Items for Emotional Calm

#### When to Use:
- When feeling overstimulated
- In moments of emotional overwhelm
- During anxiety episodes

#### How It Works:
- Keep small comfort items within reach
- Use soothing objects to regain focus
- Grounding items help clarify feelings

#### Examples:
- Smooth stones for tactile comfort
- Soft keychains to squeeze during stress
- Fidget toys to engage your hands

#### Why It Helps:
- Provides a grounding focus 🌍
- Facilitates emotional regulation 🎯
- Frees up working memory for better thinking 🧠",Overstimulated,Overwhelmed,,,"Being Kinder to Myself, Calming Down, Managing Emotional Dysregulation",gem,,,,"Anxious, Emotional Regulation, FrozenShutDown",,,"Frozen, Overthinking",$,Quick Fix,,,Emotional Support System,"Emotional Regulation, Self-Compassion",,When emotional overwhelm needs tangible comfort,"Emotional Regulation, Frees Up Working Memory, Sensory Engagement"
Cook & Clean Combo,No,"### 🍽️ Clean as You Cook

Wash dishes while you cook to keep your workspace tidy and reduce overwhelm. This strategy directly addresses task initiation by breaking down cleaning into manageable moments throughout the cooking process. By challenging yourself to have everything cleaned up before the meal is ready, you mitigate time blindness and ensure that post-meal cleanup feels effortless.",Include timing strategies and multitasking safety tips,"Decision Fatigue, Task Initiation, Time Blindness",,"Overwhelmed, Wired but Tired","### 🍽️ Cooking and Cleaning Made Simple

#### The Challenge:
- Feeling overwhelmed by messy kitchens?
- Post-meal cleanup can feel like a daunting task.
- Small messes can quickly become overwhelming.

#### The Strategy:
- Clean as you cook to maintain a tidy space.
- Wash dishes while preparing meals to reduce the buildup.
- Challenge yourself to finish cleanup before enjoying your meal.

#### When to Use:
- During meal prep and cooking.
- When feeling overwhelmed by the thought of cleanup.
- After meals when the kitchen looks chaotic.

#### Why It Helps:
- Keeps your workspace organized and manageable.
- Minimizes post-meal task anxiety.
- Helps maintain a routine that fosters cleanliness.",Overwhelmed,Stressed,,,"Cleaning Up, Resetting My Space",chef-hat,,,,"Can't Start, Task Initiation",,,"Avoidant, Frozen",Free,"Accountability, Challenge, Routine",,"Action-Oriented, Interactive",Concurrent Kitchen Strategy,Cleaning,,When post-meal cleanup feels overwhelming,"Breaking Down Complexity, Frees Up Working Memory, Minimizes Friction"
Decision Coin Flip,No,"### 🪙 Quick Decision Maker

Flip a coin to break through decision paralysis when you're stuck between two choices. This simple strategy helps with task initiation by transforming indecision into action, allowing you to notice your feelings about the result and guiding you towards what you truly want. It's a fast and effective way to combat overwhelm and make choices in just seconds, rather than hours.",Include decision-making scripts for more complex choices,"Decision Fatigue, Executive Dysfunction, Task Initiation",,"Low Energy, Overwhelmed, Shutdown","### 🪙 Quick Decision Maker: Flip It!

#### When to Use:
- When you're caught between two choices
- During moments of indecision
- To break the cycle of overthinking

#### How It Works:
- Toss a coin to decide between options
- Let the result guide your choice
- Take action based on the outcome

#### Examples:
- Choosing between dinner options: Pizza or Sushi? 🍕🍣
- Deciding on a weekend activity: Movie or Hiking? 🎬🥾

#### Why It Works:
- Breaks down complexity and provides clarity
- Minimizes friction in decision-making
- Reduces decision fatigue and helps initiate action",Stuck,Overwhelmed,,,"Overcoming Procrastination, Staying focused, Task Initiation",hand-coins,,,,"Can't Decide, Can't Start",,,"Avoidant, Frozen",Free,Gamification,The Anti-Planner by Dani Donovan,"Gamified, Interactive",Instant Choice Maker,Decision Making,,When you're stuck between two options,"Breaks Down Complexity, Minimizes Friction, Reduces Decision Fatigue"
Decision Fortune Game,Yes,"### 👕 Simplified Daily Outfit

Create a go-to uniform to streamline your morning routine and reduce decision fatigue. By wearing similar outfits each day, you can eliminate the stress of choosing what to wear, which often overwhelms working memory and makes task initiation difficult. This simple strategy helps you start your day with less mental clutter, allowing for more focus and energy on important tasks ahead.",Include video tutorial link and printable templates,"Decision Fatigue, Executive Dysfunction, Task Initiation",,"Shutdown, Wired but Tired","### 🎲 Playful Decision-Making Game

#### Why Use This Game?
- Overcome decision paralysis
- Make tough choices fun
- Engage in playful action

#### How It Works:
- Write options on paper strips
- Fold them like fortune cookies
- Pick one randomly
- Commit to the choice for 24 hours

#### When to Play:
- When feeling stuck with choices
- During overwhelming decision-making moments
- As a fun group activity

#### Why It Works:
- Gamifies action to engage the mind
- Reduces decision fatigue
- Encourages commitment to a choice for a limited time",Stuck,Overwhelmed,,,"Focus Enhancement, Overcoming Procrastination, Task Initiation",gamepad,,,,"Can't Decide, Can't Start",,,"Avoidant, Frozen",Free,Gamification,The Anti-Planner by Dani Donovan,Gamified,Choice-Making Origami Tool,"Decision Making, Work",,When decision paralysis is blocking action,"Gamifies Action, Reduces Decision Fatigue"
Decision-Free Wardrobe,No,"### 🎮 Declutter Game Challenge
Turn decluttering into a fun game by setting specific challenges, like finding 10 items to donate or clearing surfaces in 15 minutes. This approach helps with task initiation by providing a structured and engaging way to tackle overwhelming tasks, making it easier to start. Use timers to add urgency, turning a daunting chore into an achievable goal, and keep the momentum going with playful tasks tailored to your space.",Include uniform ideas for different lifestyles and professional requirements,"Decision Fatigue, Executive Dysfunction, Working Memory Failures",,"Low Energy, Shutdown, Wired but Tired","### 👕 Simplified Daily Outfit

#### The Problem:
- Morning clothing decisions create stress
- Feeling stuck in decision fatigue
- Overwhelmed by too many choices

#### The Solution:
- Create a simple daily outfit
- Choose a uniform look to save time
- Focus on essential pieces for your wardrobe

#### When to Use:
- During busy mornings
- When preparing for work or events
- On days when decision fatigue is high

#### Why It Works:
- Reduces stress associated with getting dressed
- Saves time each morning
- Helps to maintain a consistent style

#### ADHD-Friendly Improvement:
- Include uniform ideas for different lifestyles and professional requirements",Stuck,Overwhelmed,,,"Focus Enhancement, Quick Task Management, Task Initiation Support",home,,,,"Can't Decide, Can't Start",,,Frozen,$$$,Routine,,"Sensory, Visual",Daily Uniform System,"Decision Making, Planning, Time Planning",,When morning clothing decisions create stress,"Breaks Down Complexity, Externalizes Tasks, Reduces Decision Fatigue"
Declutter Dash,No,"### 🧼 Dish Containment Made Easy

Store dirty dishes in a large bin when the sink is full or you're too drained to wash them. This simple strategy helps with task initiation by preventing dishes from spreading across your kitchen and minimizing visual clutter. By containing the mess, you reduce feelings of being overwhelmed, making it easier to tackle dishwashing when you're ready.",Include game variations for different spaces and clutter types,"Executive Dysfunction, Inertia, Task Initiation",,"Low Energy, Overwhelmed","### 🎮 Declutter Game Challenge

#### When to Use:
- When decluttering feels overwhelming
- During moments of low energy and motivation
- To make cleaning tasks more engaging

#### How It Works:
- Set clear challenges (e.g., find 10 items to donate)
- Time yourself for focused bursts (e.g., clear surfaces in 15 minutes)
- Turn the decluttering process into a game

#### Examples:
- Challenge yourself to declutter one room at a time
- Use a timer to create a race against the clock
- Reward yourself after completing each challenge

#### Why It Works:
- Simplifies starting overwhelming tasks
- Maintains momentum with fun activities
- Makes the process of decluttering approachable and less daunting",Drained,Stuck,,,"Cleaning Up, Resetting My Space, Task Initiation",timer,,,,"Can't Start, Disorganized",,,"Disorganized, Frozen",Free,"Engaging Gamification, Gamification",The Anti-Planner by Dani Donovan,Gamified,Gamified Organization System,"Cleaning, Task Initiation",,When decluttering feels overwhelming and boring,"Breaks Down Complexity, Externalizes Tasks, Gamifies Action"
Digital Declutter System,Yes,"### 🎨 Draw Your Feelings

Grab paper and draw your emotions when words feel overwhelming. This strategy allows you to bypass verbal processing, which can be challenging for individuals with ADHD due to difficulties with working memory and emotional regulation. By translating feelings into colors and shapes, you create a manageable visual representation that can help calm your mind and reduce anxiety in moments of emotional dysregulation.",Include decluttering checklists and maintenance strategies,"Decision Fatigue, Emotional Dysregulation, Time Blindness",,"Frozen/Shut Down, Overstimulated, Overwhelmed","### 🧹 Digital Declutter Made Simple

#### When to Use:
- When feeling overwhelmed by digital clutter
- During moments of decision fatigue
- When needing to enhance focus

#### How It Works:
- Organize your digital life in small, manageable chunks
- Pick one digital area per day
- Set a 15-minute timer to stay focused

#### Steps to Implement:
- Delete unnecessary files and emails
- Organize documents into folders
- Archive old projects to reduce clutter

#### Why It Helps:
- Creates mental clarity and reduces overwhelm
- Minimizes decision fatigue by focusing on one area at a time
- Supports executive function by externalizing tasks",Overstimulated,Overwhelmed,,,"Cleaning Up, Focus Enhancement, Overcoming Procrastination",package-x,,,,"Disorganized, Sensory Overload",,,"Frozen, Overthinking, Time Blind",Free,"Checklist, Environmental Hack, Routine",,"Interactive, Task Simplification, Visual",Technology Simplification Strategy,"Cleaning, Focus Enhancement",,When digital clutter is creating overwhelm,"Executive Function Support, Externalizes Tasks, Minimizes Friction"
Dirty Dish Containment,No,"### 🌞 Energy-Optimized Study Blocks
Track your energy levels throughout the day and schedule tasks accordingly to enhance productivity. By aligning your study sessions with your peak focus times, you can combat issues like time blindness and improve task initiation. For example, if your brain is sharpest in the morning, prioritize challenging assignments during that time to maximize efficiency and reduce mental fatigue.",Include bin selection tips and transition strategies for getting back to regular washing,"Decision Fatigue, Emotional Dysregulation, Task Initiation",,"Low Energy, Overwhelmed","### 🧼 Easy Dish Management

#### The Problem:
- Dishes piling up can feel overwhelming.
- It's hard to start when faced with a big mess.
- Emotional fatigue can block motivation.

#### The Solution:
- Store dirty dishes in a large bin.
- Keep the kitchen tidy while postponing the wash.
- Plan a time to wash dishes when feeling more energetic.

#### When to Use:
- When dishes accumulate faster than you can wash them.
- During low-energy days when cleaning feels too much.
- If you're feeling emotionally drained or overwhelmed.

#### Why It Works:
- Externalizes tasks, making them less intimidating.
- Reduces decision fatigue by simplifying the process.
- Helps maintain a cleaner space without the pressure to wash immediately.",Drained,Stuck,,,"Cleaning Up, Resetting My Space",package-2,,,,"Can't Start, Task Initiation",,,"Avoidant, Frozen",$,"Environmental Hack, Quick Fix",How to Keep House While Drowning by KC Davis,Task Simplification,Simplified Mess Management,"Cleaning, Emotional Regulation, Task Initiation",,When dishes accumulate faster than you can wash them,"Externalizes Tasks, Reduces Decision Fatigue"
Emotion Art Therapy,No,"### 📦 Batch Your Errands

Designate one day each week for all your errands and deliveries. This reduces decision fatigue by allowing you to group similar tasks together, helping you manage working memory more effectively. By choosing a specific day, like Saturday, you can tackle everything from grocery pickups to pharmacy runs, freeing up your week and boosting your sense of control. Remember, the goal is to minimize distractions and make task initiation simpler!",Include color emotion guides and simple drawing prompts,"Emotional Dysregulation, Task Structuring, Working Memory Failures",,"Low Energy, Overstimulated, Overwhelmed","### 🎨 Draw Your Feelings

#### When to Use:
- When words feel too heavy
- During moments of anxiety
- To process overwhelming emotions

#### How It Works:
- Take some paper and colors
- Draw your emotions using shapes and colors
- Allow yourself to express freely without judgment

#### Examples:
- Use a red scribble for anger 🔴
- Create a blue swirl for sadness 🔵
- Draw a sunny yellow sun for happiness 🌞

#### Why It Helps:
- Breaks down complex feelings into visual forms
- Aids in emotional regulation
- Frees up working memory by externalizing thoughts",Overstimulated,Overwhelmed,The Parents’ Guide to Art Therapy Techniques & Projects (applies to adults with ADHD too) ,https://www.additudemag.com/art-therapy-projects-activities-adhd-children/?srsltid=AfmBOop5-RiByg4QzbIYzyH3TQzmryyXbLY_xB54ajxL020-mZeys-IR,"Being Kinder to Myself, Calming Down",brush,,,,Anxiety Management,"Student, Working Professional",,"Avoidant, Frozen, Overthinking",Free,Mindset Shift,The Anti-Planner by Dani Donovan,"Reflective Practice, Visual",Feeling Expression System,Emotional Regulation,,When emotions are too big for words,"Breaks Down Complexity, Emotional Regulation, Frees Up Working Memory"
Energy Flow Mapping,No,"### 🌙 Evening Cleanup Checklist

Create a simple list of 2-3 essential tasks to complete each evening, like loading the dishwasher or laying out tomorrow's clothes. This strategy helps combat executive dysfunction by reducing the chaos of mornings and freeing up your working memory. By externalizing tasks, you create a clear endpoint for your day, making it easier to start fresh tomorrow.",Create energy tracking templates and task-matching guides,"Executive Dysfunction, Task Initiation, Time Blindness",,"Burnout, Low Energy, Wired but Tired","### 🌞 Energy-Optimized Study Blocks

#### When to Use:
- During study sessions
- When feeling fatigued
- To maximize productivity

#### How It Works:
- Track your energy levels throughout the day
- Schedule intense work during peak focus times
- Assign lighter tasks for afternoons

#### Examples:
- Use mornings for complex assignments 📚
- Save routine tasks for when energy dips 😴

#### Why It Works:
- Aligns tasks with natural energy patterns 🌀
- Reduces burnout by balancing workload ⚖️
- Enhances focus and completion rates 🎯",Burned out,Defeated,The Complete Guide to Deep Work,https://www.todoist.com/inspiration/deep-work,"Starting Something Hard, Staying focused",battery-full,,,,"Can't Focus, Cannot Finish",,,Frozen,Free,"Checklist, Routine, Tracking","Deep Work by Cal Newport, The Anti-Planner by Dani Donovan",Visual,Personal Rhythm Tracker,"Time Planning, Work",,When you're fighting your natural rhythms,"Emotional Regulation, Executive Function Support, Externalizes Tasks"
Errand Batch Day,No,"### 🚿 All-in-One Grooming

Batch your grooming tasks into an ""everything shower"" to tackle multiple self-care activities at once. This approach helps combat task initiation difficulties by reducing the number of decisions you need to make, making it feel more manageable. Designate a specific time, like Sunday evening, to wash, shave, exfoliate, and pamper yourself, transforming it into a rejuvenating experience rather than a chore.",Include errand batching strategies and route optimization tips,"Decision Fatigue, Executive Dysfunction, Working Memory Failures",,"Crash Recovery, Low Energy, Overstimulated","### 📦 Batch Your Errands Efficiently

#### When to Use:
- When errands feel scattered and time-consuming
- On a designated day each week
- When feeling overwhelmed by multiple tasks

#### How It Works:
- Set aside one day solely for errands
- Group similar tasks together
- Plan your route to save time

#### Examples:
- Grocery pickups on Saturday
- Pharmacy visits scheduled back-to-back
- Returns and exchanges in one trip

#### Why It Works:
- Helps manage your time effectively
- Reduces decision fatigue by planning ahead
- Increases your overall efficiency and organization",Frustrated,Defeated,,,"Managing my schedule, Quick Task Management, Task Initiation",package,,,,"Can't Finish, Disorganized",,,Disorganized,Free,Routine,,"Interactive, Task Simplification, Time Management",Weekly Efficiency System,"Decision Making, Time Planning",,When errands feel scattered and time-consuming,"Externalizes Tasks, Freeing Up Working Memory, Reduces Decision Fatigue"
Evening Reset Routine,No,"### 📝 Celebrate Your Wins

Document your achievements in a dedicated Evidence Journal, regardless of size. This practice helps combat self-doubt and reinforces your working memory by providing tangible proof of your capabilities. When moments of negative self-talk arise, revisit your journal to disrupt those thoughts and remind yourself of past successes, effectively improving your task initiation and motivation.",Create customizable closing duty checklists for different energy levels and executive function needs,"Executive Dysfunction, Task Structuring, Working Memory Engagement",,"Overwhelmed, Shutdown, Wired but Tired","### 🌙 Evening Cleanup Made Easy

#### The Challenge:
- Evening routines can feel chaotic and overwhelming.
- Important tasks often get forgotten in the rush to wind down.

#### The Solution:
- Create a quick list of 2-3 important tasks to tackle each evening:
- Load the dishwasher 🍽️
- Prepare tomorrow's clothes 👕
- Set out breakfast items 🥣

#### When to Use:
- Right before winding down for the night.
- When feeling disorganized at the end of the day.
- To ease into a smoother morning routine.

#### Why It Works:
- Simplifies your evening routine, reducing chaos.
- Frees up working memory by externalizing tasks.
- Helps you start the next day feeling more organized.",Stuck,Overwhelmed,,,"Cleaning Up, Resetting My Space",sunset,,,,"Can't Finish, Can't Start","Parent, Working Professional",,Disorganized,Free,"Checklist, Routine",How to Keep House While Drowning by KC Davis,Sensory,Closing Shift Routine,Cleaning,,When mornings consistently start chaotic,"Externalizes Tasks, Frees Up Working Memory, Minimizes Friction"
Everything Shower Ritual,No,"### 🗒️ Essential Exit Checklist

Create a checklist of your essentials like phone, wallet, and keys to hang by your front door. This simple visual system helps combat working memory failures by providing an external reminder, ensuring you don’t leave without what you need. By quickly scanning the list before you leave, you can prevent the frustration of forgetting items, making your departure smoother and more efficient.",Include everything shower checklists and timing suggestions,"Decision Fatigue, Executive Dysfunction, Task Initiation",,"Crash Recovery, Low Energy, Wired but Tired","### 🚿 The Ultimate Everything Shower

#### When to Use:
- On a Sunday evening
- When feeling overwhelmed by grooming tasks
- As part of a self-care ritual

#### How It Works:
- Combine washing, shaving, and exfoliating into one session
- Schedule your sessions to make them a routine
- Set a specific time to pamper yourself without distractions

#### Benefits:
- Makes self-care enjoyable 🎉
- Reduces feelings of being drained
- Helps you feel refreshed and rejuvenated after

#### Why It Works:
- Breaks down complex grooming tasks
- Manages cognitive load with a structured approach
- Supports executive function by establishing a routine",Drained,Stuck,,,"Being Kinder to Myself, Starting Something Hard",shower-head,,,,"Can't Start, Task Initiation","Student, Working Professional",,"Avoidant, Frozen",Free,"Environmental Hack, Routine",,Sensory,Comprehensive Self-Care Ritual,"Cleaning, Planning",,When individual grooming tasks feel overwhelming,"Breaks Down Complexity, Cognitive Load Management, Executive Function Support"
Evidence Journal,No,"### 📊 Simplified Spending Insights

Use expense tracking apps to automatically categorize your spending and generate visual reports. This approach helps reduce working memory demands by eliminating the need for manual tracking, making it easier to stay aware of your finances. By automating the process, you can focus on what matters instead of feeling overwhelmed, ultimately aiding in better task initiation and financial management.",Include prompts for different types of evidence and achievement categories,"Emotional Dysregulation, Executive Dysfunction, Working Memory Engagement",,"Crash Recovery, Overwhelmed, Wired but Tired","### 📖 Evidence Journal: A Tool for Confidence

#### When to Use:
- When self-doubt undermines your confidence
- During moments of emotional dysregulation
- After completing tasks or achievements

#### How It Works:
- Keep a record of all achievements, no matter how small
- Use the journal to revisit past successes
- Reflect on your progress to counter negative thoughts

#### Examples:
- Document a small win, like finishing a task at work
- Celebrate a personal achievement, such as sticking to a new routine
- Note any positive feedback received from others

#### Why It Works:
- Helps counter self-doubt by providing tangible evidence of your accomplishments
- Boosts confidence and motivation when negative thoughts arise
- Engages emotional regulation and self-compassion",Ashamed,Guilty,,,"Being Kinder to Myself, Finding motivation",book,,,,"Rejection Sensitive, Spiraling",Working Professional,,"Discouraged, Overthinking",Free,"Journal Prompt, Tracking",The Anti-Planner by Dani Donovan,"Interactive, Reflective Practice, Sensory Engagement",Success Documentation,"Decision Making, Emotional Regulation, Self-Compassion",,When self-doubt is undermining your confidence,"Breaks Down Complexity, Gamifies Action"
Exit Checklist Board,No,"### 🚀 Boost Your Accountability

Create external pressure by telling someone your deadlines or joining a work group. This strategy helps with task initiation and combats low motivation by leveraging social expectations. For example, you can text a friend, promising to send them your presentation slides by a certain time; knowing someone is keeping track of your progress can help you overcome resistance and stay focused.",Include customizable checklists for different types of outings,"Task Initiation, Task Structuring, Working Memory Failures",,"Low Energy, Wired but Tired","### 🗒️ Essential Exit Checklist

#### Why Use This:
- You often forget essentials when leaving home.
- It helps reduce anxiety about forgetting important items.
- A visual aid ensures a smoother departure.

#### How to Create It:
- List items like your phone, wallet, and keys.
- Hang the checklist by your door for easy access.
- Use checkboxes to mark items as you grab them.

#### When to Check:
- Before heading out for work or appointments.
- When preparing for a trip or gathering.
- Anytime you feel forgetful about essentials.

#### Why It Works:
- Externalizes tasks to reduce mental load.
- Frees up working memory for other important thoughts.
- Provides structure to your departure routine.",Forgetful,Stuck,,,"Overcoming Procrastination, Quick Task Management, Task Initiation",list,,,,"Can't Start, Forgetful, Poor Time Estimation",Working Professional,,,$,Checklist,Reddit /r/ADHDWomen,"Interactive, Task Simplification, Visual",Never-Forget Door System,"Emotional Regulation, Work",,When you consistently forget essentials when leaving,"Externalizes Tasks, Frees Up Working Memory, Provides External Structure"
Expense Tracking Apps,No,"### 🚀 Act Confidently, Build Skills

Act as if you already possess the confidence you seek. This strategy is particularly useful for tackling self-doubt, which can hinder task initiation and lead to time blindness. By envisioning how a confident person would behave in a situation, you can gradually build real skills and momentum, making challenging tasks more manageable. Remember to incorporate small confidence-building exercises into your routine for consistent progress.",Include automation features and visual reporting benefits,"Emotional Dysregulation, Executive Dysfunction, Working Memory Failures",,Overstimulated,"### 📊 Simplifying Your Spending: A Guide

#### When to Use:
- When you want to track your finances effortlessly 💰
- During budgeting sessions to visualize expenses 📈
- When preparing for monthly financial reviews 📅

#### How It Works:
- Automate your expense tracking with dedicated apps 📱
- Categorize spending into easy-to-understand visuals 📊
- Set reminders for reviewing your financial health ⏳

#### Examples:
- Use apps that automatically categorize purchases 🛍️
- Visual dashboards that highlight spending trends 📉
- Monthly summaries that show where your money went 📝

#### Why It Works:
- Frees up working memory, reducing stress 🧠
- Simplifies complex data into digestible insights 📊
- Helps maintain focus on financial goals 🎯",Frustrated,Defeated,,,"Managing Emotional Dysregulation, Quick Task Management, Task Initiation Support",smartphone,,,,"Avoidant, Cant Finish",,,"Avoidant, Frozen",$,Checklist,,"Interactive, Visual",Financial Management Tools,"Planning, Time Planning",,When financial tracking needs to be automated,Frees Up Working Memory
External Accountability Boosters,No,"### 🖐️ Fidget for Focus

Keep small fidget items like stress balls and fidget cubes handy to give your hands something to do while your mind engages. This strategy helps combat working memory failures, allowing you to concentrate better by providing the sensory input your brain craves. When you're feeling scattered or overwhelmed, a simple squeeze can help you stay present and focused, making it easier to tackle challenging tasks.",Include scripts for asking for accountability and app recommendations,"Emotional Dysregulation, Inertia, Task Initiation",,"Low Energy, Wired but Tired","### 🚀 Boost Your Accountability

#### Why Use This Strategy:
- When internal motivation isn't enough
- To enhance task initiation and focus
- To create a system of external accountability

#### How It Works:
- Share your deadlines with a friend
- Join a work group for social pressure
- Text someone your goals to track your progress

#### When to Use:
- When facing emotional dysregulation
- When feeling stuck or unable to start tasks
- During low-energy periods or when feeling overwhelmed

#### Example in Action:
- Tell a friend you'll send them your presentation slides by a specific time
- Schedule regular check-ins with a group to discuss progress

#### Why It Helps:
- Creates accountability through social connections
- Externalizes tasks, making them feel more manageable
- Gamifies your actions, adding an element of fun and competition",Drained,Stuck,,,"Staying focused, Task Initiation",trending-up,,,,"Can't Start, Poor Time Estimation",Working Professional,,"Avoidant, Frozen",Free,Accountability,The Anti-Planner by Dani Donovan,,Accountability Systems,"Time Planning, Work",,When internal motivation isn't enough,"Creates Accountability, Externalizes Tasks, Gamifies Action"
Fake It Till You Make It,No,"### 📂 Digital Decluttering Made Easy

Use file organization apps to automatically sort and clean up digital clutter on your devices. This strategy helps combat executive dysfunction by reducing decision fatigue, allowing you to find files quickly and efficiently. When your digital space is organized, it minimizes feelings of being scattered and frustrated, making it easier to focus on important tasks.","Include confidence-building exercises and ""as if"" behavior strategies","Emotional Dysregulation, Task Initiation, Time Blindness",,"Shutdown, Wired but Tired","### 🚀 Confidence in Action: Overcoming Self-Doubt

#### When to Use:
- When feeling unqualified for a task
- In high-pressure situations
- Before starting a new project

#### How It Works:
- Visualize a confident version of yourself
- Act as if you're already confident
- Engage in confidence-building exercises daily

#### Examples:
- Practice power poses before meetings 💪
- Use positive affirmations in the morning 🌅
- Role-play challenging scenarios with a friend 🎭

#### Why It Works:
- Tackles self-doubt head-on
- Makes tasks feel easier to start and complete
- Builds a habit of confidence over time",Ashamed,Guilty,,,"Starting Something Hard, Staying focused",refresh-cw,,,,"Anxiety Management, Poor Time Estimation, Task Initiation",Working Professional,,"Avoidant, Frozen",Free,"Engaging Gamification, Gamification",,Gamified,Confidence Building Strategy,"Emotional Regulation, Task Initiation, Work",,When self-doubt is undermining your performance,"Emotional Regulation, Executive Function Support"
Fidget Tools,No,"### 📱 Automated Money Management

Use finance apps to automatically categorize your spending and set alerts for budget limits. This strategy helps combat time blindness and working memory challenges by reducing the mental load of manual tracking. With automation, you gain financial awareness without feeling overwhelmed, making budgeting more manageable and accessible.",Include fidget tool recommendations for different settings and sensory needs,"Emotional Dysregulation, Task Structuring, Working Memory Failures",,"Overwhelmed, Wired but Tired","### 🖐️ Fidgeting for Focus

#### When to Use:
- Feeling scattered or overwhelmed
- Struggling to concentrate on tasks
- Needing movement or sensory input to focus

#### How It Works:
- Use small fidget items like stress balls or fidget cubes
- Keep your hands busy while your mind focuses
- Helps you stay present and tackle tasks effectively

#### Examples:
- Squeeze a stress ball during meetings
- Use a fidget cube while working on a project
- Keep a small fidget toy on your desk for quick breaks

#### Why It Helps:
- Breaks down complexity of tasks
- Frees up working memory by engaging your hands
- Encourages a sensory outlet that aids concentration",Scattered,Overwhelmed,,,"Starting Something Hard, Staying focused",settings,,,,"Can't Focus, Disorganized, Poor Time Estimation",Working Professional,Recently Moved,Overthinking,$,"Checklist, Routine",,"Action-Oriented, Interactive, Sensory",Sensory Regulation Aids,"Sensory Management, Work",,When you need movement or sensory input to focus,"Breaks Down Complexity, Frees Up Working Memory, Starts Small"
File Organization Apps,No,"### 🏃‍♂️ Quick Workouts for Focus

Use fitness apps that offer short, ADHD-friendly workouts to help manage feelings of overwhelm. These apps provide 10-15 minute sessions with a variety of exercises, making it easier to overcome task initiation barriers. By tracking your progress visually, you can stay motivated and engaged, effectively addressing issues like time blindness and sensory overload.",Include organization features and maintenance strategies,"Decision Fatigue, Executive Dysfunction, Working Memory Failures",,,"### 📂 Digital Decluttering Made Easy

#### The Problem:
- Digital clutter can feel overwhelming 😩
- Difficulty finding files leads to frustration 😠
- Disorganization hampers productivity 🚫

#### When to Use:
- When files are scattered across devices 📱
- During busy work periods when focus is crucial 💼
- When feeling stressed by digital chaos 🌪️

#### How It Works:
- Use file organization apps to sort files automatically 🗂️
- Set rules for file storage (e.g., by project or type) 📁
- Regularly review and clean up digital spaces 🧹

#### Examples:
- An app that arranges photos by date 📸
- A tool that organizes documents into folders by category 📄
- Integration with cloud storage for easy access ☁️

#### Why It Works:
- Reduces cognitive load by minimizing clutter 🧠
- Saves time when searching for important files ⏰
- Creates a more focused and productive work environment 🌟",Scattered,Frustrated,,,"Cleaning Up, Focus Enhancement, Overcoming Procrastination",smartphone,,,,"Cannot Finish, Disorganized",,,"Disorganized, Frozen",$,Checklist,,"Interactive, Task Simplification",Digital Decluttering Tools,"Cleaning, Focus Enhancement, Task Initiation Support",,When digital clutter creates overwhelm,"Cognitive Load Management, Executive Function Support, Minimizes Friction"
Finance Apps,No,"### ✨ Flexible Bullet Journal

Create a simple bullet journal using basic symbols to manage your tasks and notes. This method helps with time blindness by providing an external structure that keeps tasks visible and organized. Adapt the system to your changing needs, making it easy to start small and gradually build upon it as your executive function skills improve. Don't let rigid planners overwhelm you; this flexible approach empowers you to take control of your schedule.",Include budgeting features and spending awareness tools,"Executive Dysfunction, Time Blindness, Working Memory Failures",,"Shutdown, Wired but Tired","### 📱 Automated Money Management Made Easy

#### When to Use:
- When budgeting feels overwhelming
- During monthly financial reviews
- When tracking spending manually becomes stressful

#### How It Works:
- Use finance apps to track your spending automatically
- Set alerts for budget limits
- Review spending patterns regularly

#### Examples:
- Automated tracking of daily expenses
- Instant notifications when nearing budget limits
- Monthly summaries provided by the app

#### Why It Works:
- Reduces the stress of manual tracking
- Helps you stay on top of your finances effortlessly
- Frees up cognitive resources for other tasks",Frustrated,Defeated,,,"Managing my schedule, Planning my time",smartphone,,,,"Avoidant, Cannot Finish",,,"Avoidant, Discouraged, Frozen",$,"Engaging Gamification, Gamification",,Gamified,Money Management Tools,Planning,,When financial management needs automation,"Breaks Down Complexity, Frees Up Working Memory, Minimizes Friction"
Fitness Apps,No,"### 🧠 Optimize Your Work Environment

Stop forcing your brain to focus in environments that drain your energy. Instead, figure out what works best for you—like natural light, background noise, or a comfortable posture. By tailoring your space to suit your needs, you can free up working memory and improve task initiation, making it easier to dive into challenging projects without feeling overwhelmed. Remember, a simple shift in your environment can lead to significant boosts in focus and productivity.",Include workout variety and motivation features,"Emotional Dysregulation, Task Initiation, Time Blindness",,Low Energy,"### 🏃‍♂️ Quick Workouts for Focus

#### When to Use:
- When feeling overwhelmed and drained
- During moments of low energy
- When traditional exercise feels daunting

#### How It Works:
- Provides short, engaging workouts (10-15 minutes)
- Allows for easy integration into daily routines
- Visual progress tracking keeps you motivated

#### Examples:
- Quick HIIT sessions for a burst of energy
- Stretching routines to reset focus
- Short yoga flows for mental clarity

#### Why It Helps:
- Manages feelings of overwhelm effectively
- Addresses challenges like time blindness and sensory overload
- Encourages consistent physical activity without the pressure of lengthy workouts",Drained,Stuck,,,"Focus Enhancement, Focused Task Execution, Task Initiation Support",smartphone,,,,"Can't Start, Sensory Overload",,,"Avoidant, Frozen, Time Blind",$,"Accountability, Gamification, Quick Fix",,"Interactive, Visual",Exercise Support Tools,"Focus Enhancement, Task Initiation Support",,When traditional exercise routines feel overwhelming,"Creates Accountability, Gamifies Action"
Flexible Bullet Journal,No,"### 🧘‍♂️ Comfortable Workspace Setup

Adjust your workspace by making small ergonomic changes, like raising your monitor and adjusting your chair height. This helps combat physical discomfort that can hinder focus and working memory, allowing you to concentrate better on tasks. Incorporate movement-friendly tools, such as a standing desk or wobble stool, to keep your energy levels up and prevent distractions. A comfortable and supportive environment makes it easier to tackle your work without feeling overwhelmed or scattered.",Include setup instructions and ADHD-friendly adaptations,"Executive Dysfunction, Task Initiation, Time Blindness",,"Crash Recovery, Low Energy, Wired but Tired","### ✨ Flexible Planning with a Bullet Journal

#### When to Use:
- When traditional planners feel too rigid or complicated
- During busy periods where tasks can feel overwhelming
- When you need a system that adapts to your changing needs

#### How It Works:
- Create a straightforward bullet journal using simple symbols
- Start small with daily task lists and a monthly calendar
- Adjust your planning as your needs change

#### Examples:
- Daily task lists for quick reference 📅
- Monthly calendar for an overview of commitments 📆
- Use simple symbols to denote completed tasks, events, and notes ✔️

#### Why It Works:
- Empowers you to take control of your schedule 💪
- Minimizes feelings of overwhelm by keeping it simple
- Externalizes tasks and provides a visual structure for planning 🗂️",Frustrated,Defeated,,,"Managing my schedule, Planning my time, Task Initiation Support",book,,,,"Cannot Finish, Task Initiation",,,"Disorganized, Overthinking",$,Gamification,Bullet Journal method,"Gamified, Interactive",Adaptable Planning System,"Planning, Time Planning",,When traditional planners feel too rigid or complicated,"Externalizes Tasks, Minimizes Friction, Provides External Structure"
Focus Environment Blueprint,No,"### 🎧 Build Your Focus Fortress

Create a personalized soundscape by layering different audio elements to enhance your concentration. Start with a base sound like white noise, then add a focus layer like coffee shop sounds, and finally, a power-up layer of instrumental music. This strategy helps manage sensory overload and improves working memory by providing an external structure that activates dopamine, allowing you to stay focused and tackle challenging tasks more effectively.",Include an environment assessment worksheet,"Environmental Cues, Task Structuring, Working Memory Engagement",Urban,"Overstimulated, Restless, Wired but Tired","### 🧠 Environment Optimization Strategies

#### The Problem:
- Many struggle with focus due to their workspace.
- Distractions and discomfort can hinder productivity.
- Environmental factors play a crucial role in concentration.

#### How to Optimize Your Workspace:
- Use Natural Light ☀️
- Position your desk near windows to harness daylight.
- Improve mood and energy levels with more sunlight.

- Incorporate Background Noise 🎶
- Listen to calming music or ambient sounds.
- Use noise-canceling headphones to eliminate distractions.

- Choose Comfortable Seating 🪑
- Invest in an ergonomic chair to support your posture.
- Ensure your workspace is physically comfortable.

#### When to Use:
- When you notice a decline in focus.
- During periods of high stress or distraction.
- Before starting important tasks that require concentration.

#### Why It Works:
- Tailoring your environment can significantly enhance focus.
- A comfortable and well-lit workspace reduces fatigue.
- Managing sensory inputs minimizes distractions and promotes productivity.",Forgetful,Anxious,,,"Starting Something Hard, Staying focused",crosshair,,,,"Can't Focus, Forgetful, Sensory Overload",,Recently Moved,Overthinking,Free,Environmental Hack,The Anti-Planner by Dani Donovan,"Embodied, Sensory",Environment Optimization,"Focus Enhancement, Sensory Management, Work",,When your environment is sabotaging your focus,"Frees Up Working Memory, Minimizes Friction"
Focus Flow Setup ,No,"### 🌿 Calm Your Workspace

Rearrange your desk to face a wall instead of a busy hallway to minimize distractions. Incorporate a small plant and keep fidget tools like a stress ball within reach to create a calming environment. This setup helps combat time blindness and overstimulation, allowing for better focus and easier task initiation.",Include ergonomic setup guidelines and comfort optimization tips,"Environmental Cues, Working Memory Failures",Work From Home,"Low Energy, Overstimulated","### 🧘‍♂️ Creating Your Focus-Friendly Workspace

#### Why It Matters:
- A comfortable workspace enhances concentration
- Reduces feelings of overwhelm and distraction

#### Key Adjustments:
- Adjust chair height for proper posture
- Position your monitor at eye level
- Consider using a standing desk or wobble stool for movement

#### Environmental Enhancements:
- Add ergonomic accessories for comfort
- Create a clutter-free zone to minimize distractions
- Use calming colors to promote a peaceful atmosphere

#### When to Use:
- When feeling scattered or disorganized
- If physical discomfort is affecting your focus
- During work-from-home situations

#### Why It Works:
- Supports dopamine activation for motivation
- Externalizes tasks to free up working memory
- Creates a sensory-friendly environment to enhance focus",Scattered,Overwhelmed,,,"Resetting My Space, Starting Something Hard, Staying focused",briefcase,,,,"Avoidant, Can't Focus, Disorganized",,,"Avoidant, Disorganized",$$,Environmental Hack,,"Sensory, Visual",Workspace Customized for Your Brain ,"Focus Enhancement, Sensory Management, Work",,When physical discomfort is affecting focus,"Dopamine Activation, Externalizes Tasks, Frees Up Working Memory"
Focus Fortress Builder,No,"### 🍽️ Smart Food Ordering

Strategically use food delivery apps when the thought of cooking feels overwhelming. This approach helps combat decision fatigue and supports your working memory by providing immediate access to healthier meal options without the stress of meal prep. Budget for this as necessary support for managing ADHD, ensuring that it's a temporary solution rather than a fallback. Remember, it's okay to prioritize your mental well-being by choosing convenient meals during tough times.",Creates layered soundscape system with energy-level matching,"Emotional Dysregulation, Task Structuring, Working Memory Engagement",Urban,"Low Energy, Overstimulated, Restless","### 🎧 Create Your Focus Soundscape

#### When to Use:
- When feeling overstimulated
- During tasks that require deep focus
- In noisy environments

#### How It Works:
- Start with calming base sounds like white noise
- Add coffee shop sounds for a focus layer
- Finish with uplifting instrumental music

#### Examples:
- Layering soft rain sounds with café chatter ☕
- Combining ocean waves with classical music 🎶

#### Why It Works:
- Helps manage distractions 🎯
- Frees up working memory
- Creates an enjoyable auditory environment 🌊",Overstimulated,Overwhelmed,,,"Starting Something Hard, Staying focused",crosshair,,,,"Can't Focus, Forgetful, Sensory Overload",,,"Avoidant, Frozen",$,Playlist,,,Personalized Soundscape System,"Focus Enhancement, Sensory Management, Task Initiation Support",,When environmental noise disrupts focus,"Externalizes Tasks, Frees Up Working Memory, Gamifies Action"
Focus-Friendly Command Center,No,"### 🍱 Streamlined Meal Prep

Invest in high-quality, clear food storage containers to make meal prep and leftovers more appealing. This strategy helps combat time blindness by providing an organized visual structure, making it easier to see what you have prepared and encouraging you to eat healthier. Choose stackable containers with secure lids to minimize chaos in your fridge and enhance your working memory by creating a clear meal organization system.",Include workspace setup guides and accommodation strategies,"Environmental Cues, Task Initiation, Time Blindness",,Overstimulated,"### 🌿 Create a Calm Workspace

#### When to Use:
- Feeling overstimulated in a busy environment
- Struggling to start tasks due to distractions
- Needing a focus-friendly zone for work

#### How It Works:
- Rearrange your desk to face a wall for fewer distractions
- Add a small plant for a touch of nature 🌱
- Keep fidget tools like a stress ball nearby for tactile engagement 🎾

#### Why It Helps:
- Reduces sensory overload by minimizing visual cues
- Creates a soothing atmosphere conducive to focus
- Helps initiate tasks by providing a dedicated workspace

#### Examples:
- Transform a cluttered desk into a serene work area
- Use calming colors and minimalistic decor for clarity
- Incorporate personal items that inspire focus and motivation 🎨",Overstimulated,Overwhelmed,,,"Starting Something Hard, Staying focused",crosshair,,,,"Can't Focus, Forgetful, Sensory Overload",,,Time Blind,$$,Environmental Hack,,"Gamified, Interactive",Optimized Work Environment,"Cleaning, Focus Enhancement, Task Initiation Support",,When your workspace is working against your ADHD brain,"Gamifies Action, Minimizes Friction, Starts Small"
Food Delivery Apps,No,"### ✨ Fresh Starts Matter

Use natural fresh start moments like Mondays or the first of the month to initiate new habits or revive old ones. This strategy is particularly beneficial for those with ADHD, as it helps combat task initiation difficulties by making change feel more achievable and significant. By framing your goals around these landmarks, you can leverage your working memory to better plan and execute your intentions, leading to a greater sense of accomplishment.",Include healthy ordering strategies and budget planning tips,"Decision Fatigue, Emotional Dysregulation, Working Memory Engagement",,"Burnout, Low Energy, Overstimulated","### 🍽️ Quick Meal Solutions

#### When to Use:
- When cooking feels overwhelming
- During periods of burnout
- When time is limited and meals are needed fast

#### How It Works:
- Use food delivery apps to access quick meal options
- Set a budget for meals to ease financial stress
- Plan for these meals during tough times

#### Examples:
- Order from a local healthy restaurant for a quick lunch
- Use an app to find meals that fit dietary preferences
- Schedule delivery times that align with your busy days

#### Why It Works:
- Minimizes decision fatigue by providing instant choices
- Reduces the stress of meal prep and planning
- Supports emotional well-being by making meal times easier",Burned out,Defeated,,,"Managing Emotional Dysregulation, Overcoming Procrastination, Quick Task Management",smartphone,,,,"Poor Time Estimation, Sensory Overload",,,Overthinking,$$,Gamification,,"Gamified, Sensory",Convenience Nutrition Tools,Decision Making,,When cooking is temporarily impossible due to overwhelm,"Minimizes Friction, Reduces Decision Fatigue"
Food Prep Containers,No,"### 🕒 End-of-Week Wind Down

Create a consistent routine every Friday at 4pm to review your accomplishments and set priorities for the following week. This practice helps combat time blindness by externalizing tasks and freeing up your working memory, allowing you to shift into weekend mode without lingering work thoughts. Incorporate a symbolic action, like closing your laptop intentionally, to reinforce the transition and enhance focus during the week ahead.",Include container selection criteria and organization tips,"Executive Dysfunction, Time Blindness, Working Memory Engagement",,"Frozen/Shut Down, Overwhelmed, Wired but Tired","### 🍱 Streamlined Meal Prep Made Easy

#### When to Use:
- When food storage is disorganized and unappealing
- During busy weeks with meal planning
- To simplify meal selection and reduce fridge clutter

#### How It Works:
- Use clear, stackable food storage containers
- Ensure containers have secure lids to keep food fresh
- Organize containers for easy visibility and access

#### Benefits:
- Helps you see what you have ready to eat 🥗
- Reduces clutter in your fridge 🧊
- Supports healthier eating choices 🍏

#### Why It Works:
- Externalizes tasks, making planning easier
- Minimizes friction during meal selection
- Engages working memory by providing visual cues",Frustrated,Defeated,,,,settings,,,,"Can't Finish, Disorganized",,,"Avoidant, Frozen, Time Blind",$$,Gamification,,"Gamified, Visual",Meal Organization System,Planning,,When food storage is disorganized and unappealing,"Externalizes Tasks, Minimizes Friction"
Fresh Start Effect,No,"### 🥡 Fridge Inventory Made Easy

Stick a whiteboard on your freezer door to track what’s inside without the hassle of digging through frozen chaos. This visual tool helps overcome working memory failures by externalizing your inventory, making it easier to remember what you have and when to use it. As you add items, simply write them down and cross them off when used, ensuring nothing gets forgotten and helping combat time blindness.",Include fresh start timing strategies and habit restart techniques,"Emotional Dysregulation, Task Initiation, Working Memory Engagement",,"Low Energy, Wired but Tired","### ✨ Reviving Old Habits with Fresh Starts

#### When to Use:
- At the beginning of a new week 🌅
- On the first day of the month 📅
- After a significant life event 🎉

#### How It Works:
- Leverage natural fresh start moments
- Frame your goals around these times
- Use these moments to reset intentions

#### Examples:
- Start a new exercise routine on a Monday 🏋️
- Begin a new book on the first of the month 📖
- Restart a hobby after a break ✨

#### Why It Works:
- Provides a psychological boost 🚀
- Helps in setting clearer goals 🎯
- Creates a sense of renewal and motivation 🌈",Drained,Stuck,,,"Maintaining Focus, Task Initiation",brush,,,,"Can't Start, Poor Time Estimation",,,"Avoidant, Frozen",Free,"Gamified, Routine",,Gamified,Temporal Landmark Strategy,,,When you need motivation to restart good habits,"Breaks Down Complexity, Frees Up Working Memory, Starts Small"
Friday Afternoon Shutdown Ritual,No,"### 🥦 Quick Veggie Fix

Keep frozen vegetables on hand to add easy nutrition to your meals. This strategy minimizes task initiation barriers by providing pre-washed and pre-chopped options that can be microwaved in minutes. When feeling drained or stuck, simply grab a cup of frozen veggies to enhance your meal without the overwhelm of fresh produce preparation.",Include ritual ideas for different work situations and transition activities,"Executive Dysfunction, Task Initiation, Time Blindness",,"Crash Recovery, Low Energy, Shutdown","### 🕒 End-of-Week Wind Down

#### Why You Need This:
- Reflecting on your week helps solidify achievements.
- Outlining key tasks prepares you for the upcoming week.
- Clears your mind for a relaxing weekend.

#### How to Establish the Routine:
- Set aside time every Friday at 4 PM.
- Find a quiet space to reflect without distractions.
- Write down your accomplishments and upcoming tasks.

#### Symbolic Transition:
- End the session with a symbolic act, like closing your laptop.
- This marks the transition from work to personal time.

#### Why It Works:
- Externalizes tasks, helping manage working memory.
- Provides a structure that supports ADHD management.
- Frees up mental space for relaxation and personal interests.",Frustrated,Defeated,,,"Focus Enhancement, Maintaining Focus, Task Initiation Support",map,,,,"Can't Finish, Task Initiation",,,"Discouraged, Frozen",Free,Routine,,"Reflective Practice, Visual",Week Closure Routine,"Planning, Time Planning, Work",,When work thoughts intrude on personal time,"Externalizes Tasks, Frees Up Working Memory, Provides External Structure"
Fridge Door Inventory Tracker,No,"### 🕵️‍♂️ Perspective Shift

Take a deep breath and ask yourself, ""Will this matter in a week, month, or year?"" This quick reality check helps alleviate overwhelming feelings by breaking down complexity, essential for managing time blindness and emotional dysregulation. By focusing on what truly matters, you can free up your working memory and reduce anxiety over minor issues, allowing you to regain control and calm your thoughts.",Include template designs and magnetic whiteboard recommendations,"Time Blindness, Working Memory Failures",,"Burnout, Crash Recovery, Overwhelmed","### 🥡 Easy Fridge Inventory Management

#### What Is It?
- A method to keep track of food items in your fridge and freezer
- Helps prevent food waste and forgetfulness

#### When to Use:
- When adding new items to your fridge or freezer
- After using items to ensure accurate inventory

#### How It Works:
- Use a whiteboard on your freezer door
- Write down items as you add them
- Cross off items when used

#### Benefits:
- Reduces chaos in your fridge
- Prevents forgotten food
- Frees up mental space for other tasks

#### Why It Helps:
- Externalizes tasks for easier management
- Supports working memory by visualizing inventory
- Encourages self-compassion by minimizing waste",Forgetful,Hopeless,,,"Managing Emotional Dysregulation, Overcoming Procrastination, Quick Task Management",refrigerator,,,,"Forgetful, Time Blindness",,,Discouraged,$,Checklist,Reddit /r/ADHDWomen,Visual,Freezer Contents List,Self-Compassion,,When you forget what food you have stored,"Externalizes Tasks, Frees Up Working Memory"
Frozen Vegetables,No,"### 🎧 Focus with Gaming Headsets
Use gaming headsets with excellent sound isolation to create an immersive audio environment that helps block distractions. This strategy is particularly useful for individuals with ADHD who struggle with time blindness and task initiation, as it signals your brain that it's time to concentrate. By reducing environmental noise, you can free up your working memory to stay focused on challenging tasks.",Include cooking tips and nutritional comparisons with fresh vegetables,Task Initiation,,"Crash Recovery, Low Energy, Overwhelmed","### 🥦 Quick Veggie Fix: Effortless Nutrition

#### When to Use:
- Feeling drained or overwhelmed
- When fresh produce preparation feels daunting
- Need a quick nutritional boost for meals

#### How It Works:
- Keep frozen vegetables ready for easy access
- Microwave a cup when needed
- Enhance any dish without the hassle of chopping

#### Examples:
- Add frozen broccoli to pasta 🍝
- Mix frozen carrots into stir-fry 🍜
- Blend frozen spinach into smoothies 🥤

#### Why It Works:
- Minimizes friction in meal prep
- Offers nutrition without effort
- Supports quick meal solutions during low-energy moments",Drained,Stuck,,,"Quick Task Management, Starting Something Hard, Task Initiation Support",layout,,,,"Can't Start, Task Initiation",,,"Discouraged, Frozen, Time Blind",$,Checklist,,"Incremental Motivation, Task Simplification",Nutrition Without Effort,"Task Initiation, Task Initiation Support",,When fresh produce preparation feels overwhelming,"Minimizes Friction, Starts Small"
Future Self Check-In: Will This Matter?,No,"### ⏰ Gentle Morning Wake-Up

Use soft, gradually increasing alarm sounds to replace harsh beeps. This strategy can help reduce morning anxiety and improve task initiation for those with ADHD by allowing you to wake up more calmly. Consider incorporating wake-up light options for an even gentler transition to the day. By easing into your morning, you can feel more prepared and less overwhelmed right from the start.",Include perspective questions for different time frames and situations,"Emotional Dysregulation, Time Blindness, Working Memory Engagement",,"Burnout, Overwhelmed","### 🕵️‍♂️ Perspective Reality Check

#### When to Use:
- When feeling overwhelmed
- In moments of anxiety
- During decision-making processes

#### How It Works:
- Pause and ask, ""Will this matter in a week, month, or year?""
- Shift your focus to the bigger picture
- Recognize what truly matters

#### Examples:
- A work deadline that feels urgent but is actually manageable
- A minor disagreement with a friend that won't impact your relationship
- A cluttered desk that can be organized later

#### Why It Works:
- Eases anxiety by reducing the emotional weight of immediate concerns
- Helps prioritize tasks based on long-term significance
- Encourages a mindset shift towards self-compassion and clarity",Overwhelmed,Frustrated,,,"Being Kinder to Myself, Calming Down",eye,,,,"Anxiety Management, Can't Start",,,"Frozen, Overthinking",Free,"Accountability, Mindset Shift, Quick Fix",The Anti-Planner by Dani Donovan,"Reflective Practice, Visual",Perspective Reality Check,"Emotional Regulation, Self-Compassion",,When small problems feel catastrophic,"Breaks Down Complexity, Frees Up Working Memory, Starts Small"
Gaming Headsets,No,"### 👖 Get Dressed for Success

Change out of pajamas into real clothes to shift your mindset from “rest mode” to “action mode.” This simple act helps combat task initiation issues often faced by those with ADHD, making it easier to tackle daily activities. Even if you’re working from home, taking just 5 minutes to get dressed can make you feel more alert and ready to engage with your tasks.",Include headset features for focus and comfort considerations,"Task Initiation, Time Blindness, Working Memory Engagement","Rural, Urban","Overstimulated, Overwhelmed","### 🎧 Immersive Focus with Gaming Headsets

#### Use Case:
- When environmental noise severely disrupts focus
- Ideal for gaming or studying in noisy environments

#### Benefits of Gaming Headsets:
- Strong sound isolation minimizes distractions
- Creates an immersive audio experience
- Helps maintain concentration on tasks

#### Key Features to Consider:
- Comfort for extended wear
- Noise-cancellation capabilities
- Sound quality for an engaging experience

#### Why It Works:
- Frees up working memory by reducing external noise
- Encourages sustained focus and engagement
- Particularly useful for individuals feeling overstimulated or overwhelmed",Overstimulated,Overwhelmed,,,"Starting Something Hard, Staying focused",home,,,,"Can't Focus, Sensory Overload, Time Blind",,,"Avoidant, Frozen",$$,"Accountability, Gamification, Mindset Shift",,"Interactive, Sensory",Immersive Focus Tools,"Time Planning, Work",,When environmental noise severely disrupts focus,Frees Up Working Memory
Gentle Alarm Sounds,No,"### ⏰ Create Deadlines for Action

Set artificial deadlines for tasks that lack urgency. This strategy helps combat time blindness by creating external pressure that motivates you to start and complete tasks. For example, if you've delayed updating your resume, schedule a meeting with someone who expects it, thus activating your working memory and driving you to take action. Make sure to communicate your deadlines to others to boost accountability and enhance your motivation.",Include alarm sound recommendations and wake-up light options,"Decision Fatigue, Emotional Dysregulation, Task Initiation",,"Low Energy, Overwhelmed, Wired but Tired","### ⏰ Gentle Morning Wake-Up

#### When to Use:
- When you struggle to wake up in the morning
- If harsh alarms cause you anxiety
- During times of low energy or feeling overwhelmed

#### How It Works:
- Replace loud alarm sounds with soft, gradually increasing chimes
- Consider adding a wake-up light to simulate a natural sunrise
- Set your alarm to allow for a gentle wake-up process

#### Benefits:
- Promotes a calm start to the day
- Reduces feelings of anxiety upon waking
- Helps you transition more smoothly into your daily routine

#### Why It Works:
- Supports emotional regulation
- Minimizes friction in the morning routine
- Encourages a positive mindset as you start your day",Stuck,Overwhelmed,,,"Calming Down, Starting Something Hard",alarm-clock,,,,"Anxious, Can't Start, Sensory Overload",,,,Free,Gamification,,"Gamified, Sensory",Sensory-Friendly Wake-Up,"Emotional Regulation, Time Planning",,When harsh alarms create morning anxiety,"Emotional Regulation, Minimizes Friction"
Get Dressed,No,"### 🚀 Good Enough Wins

Choose ""good enough"" instead of perfect to help you overcome perfectionism. This strategy allows you to complete tasks without getting stuck in endless revisions, which can hinder task initiation and lead to feelings of being overwhelmed. By recognizing when something is ""good enough,"" you can maintain momentum and move forward, freeing up your working memory for other important tasks.",Include clothing suggestions for different work-from-home situations,"Emotional Dysregulation, Inertia, Task Initiation",Work From Home,"Crash Recovery, Low Energy, Wired but Tired","### 👖 Get Dressed for Success

#### When to Use:
- When feeling drained or stuck
- At the start of your workday
- Transitioning from rest to action mode

#### How It Works:
- Change out of pajamas into regular clothes
- Shift your mindset from “rest mode” to “action mode”
- Engage with your tasks more effectively

#### Examples:
- Putting on a shirt and pants instead of staying in pajamas
- Choosing an outfit that makes you feel confident for video calls
- Dressing in a way that suits your work-from-home situation

#### Why It Helps:
- Frees up working memory by reducing decision fatigue
- Minimizes friction in starting your day
- Enhances motivation and readiness to tackle tasks",Drained,Stuck,,,"Staying focused, Task Initiation",repeat,,,,"Can't Start, Poor Time Estimation",,,,Free,Gamification,,"Gamified, Interactive",Daily Activation Ritual,"Focus Enhancement, Task Initiation Support",,When staying in pajamas is affecting your motivation,"Frees Up Working Memory, Minimizes Friction"
Give Yourself a Deadline,No,"### 🗓️ Time Blocking for Focus

Block time in your calendar for specific activities, just like you would for meetings. This strategy externalizes tasks, making them visible and reducing time blindness, a common challenge for those with ADHD. By scheduling important tasks like ""Gym: 6-7pm,"" you create a structured plan that helps initiate tasks and prevents overbooking, making it easier to stick to your intentions.",Include deadline creation strategies and accountability methods,"Inertia, Time Blindness, Working Memory Engagement",,"Burnout, Low Energy, Wired but Tired","### ⏰ Setting Your Own Deadlines

#### Why It Matters:
- Helps overcome procrastination
- Creates a sense of urgency
- Boosts accountability through sharing

#### When to Use:
- When tasks feel unimportant
- During job search activities
- For projects that keep getting postponed

#### How to Implement:
- Set clear deadlines for tasks
- Arrange meetings to share your progress
- Use external deadlines to motivate yourself

#### Real-Life Example:
- Schedule a meeting to present your updated resume
- Create a deadline for completing a report with a colleague

#### Why It Works:
- Externalizes tasks, making them feel more pressing
- Gamifies the process by adding a challenge
- Encourages action and helps in task initiation",Drained,Stuck,,,"Overcoming Procrastination, Staying focused, Task Initiation",calendar-x,,,,"Can't Start, Poor Time Estimation",Working Professional,Job Search,,Free,"Accountability, Challenge, Gamification",The Anti-Planner by Dani Donovan,Gamified,Artificial Urgency Creation,"Time Planning, Work",,When tasks without deadlines keep getting postponed,"Externalizes Tasks, Gamifies Action"
Good Enough is Good Enough,No,"### 📱 Smart Travel Timing

Use GPS navigation apps for every trip, even on familiar routes, to receive real-time traffic updates and accurate arrival times. This strategy helps combat time blindness by providing reliable timing information, significantly reducing travel anxiety. Implementing this tool ensures you can plan your schedule more effectively and tackle the challenges of poor time estimation.","Include perfectionism recognition signs and ""good enough"" standards for different tasks","Decision Fatigue, Perfectionism, Working Memory Engagement",,"Burnout, Shutdown, Wired but Tired","### 🚀 Good Enough Wins

#### When to Use:
- When perfectionism is preventing task completion
- During projects with tight deadlines
- When feeling overwhelmed by choices

#### How It Works:
- Opt for ""good enough"" instead of perfect
- Focus on completing tasks to maintain momentum
- Set clear standards for what ""good enough"" looks like

#### Examples:
- Instead of perfecting a presentation, aim for clarity and key points
- Submit a draft for feedback rather than waiting for it to be flawless

#### Why It Helps:
- Frees up working memory by reducing the pressure to be perfect
- Gamifies action by allowing for progress over perfection
- Reduces decision fatigue by simplifying choices",Stuck,Overwhelmed,,,"Focus Enhancement, Overcoming Procrastination, Task Initiation",refresh-cw,,,,"Can't Decide, Can't Finish",,Recently Moved,,Free,Gamification,The Anti-Planner by Dani Donovan,"Gamified, Sensory",Perfectionism Release,"Decision Making, Focus Enhancement, Task Initiation",,When perfectionism is preventing task completion,"Frees Up Working Memory, Gamifies Action, Reduces Decision Fatigue"
Google Calendar Time Blocking,No,"### 🧹 Cleaning Adventure

Transform cleaning into a fun quest by imagining you're a hero tackling the villain 'Grime.' This strategy helps with task initiation by turning mundane chores into an engaging narrative, making it easier to get started. As you clean, envision yourself gathering evidence like a detective, which keeps your working memory engaged and helps you stay focused. Add character backstories or tracking sheets for evidence collection to further enhance motivation and organization.",Include time blocking strategies and calendar optimization tips,"Executive Dysfunction, Task Structuring, Time Blindness",,"Overstimulated, Wired but Tired","### 🗓️ Effective Time Management for Focus

#### When to Use:
- When you feel overwhelmed with tasks
- During busy workweeks
- When important activities are getting neglected

#### How It Works:
- Schedule specific tasks in your calendar as if they were meetings
- Block out time for essential activities to create a structured plan
- Set reminders for each time block to stay on track

#### Examples:
- Gym: 6-7pm 🏋️‍♂️
- Project work: 9-11am 💻
- Lunch break: 12-1pm 🍽️

#### Why It Works:
- Helps visualize your tasks clearly
- Prevents overbooking of your time
- Reduces anxiety by providing a clear plan to follow",Frustrated,Defeated,,,"Managing my schedule, Planning my time, Task Initiation Support",calendar,,,,"Can't Finish, Task Initiation",Working Professional,,,Free,Gamification,,"Gamified, Interactive",Visual Schedule Management,"Planning, Time Planning",,When important activities get squeezed out by other commitments,"Externalizes Tasks, Frees Up Working Memory"
GPS Navigation Apps,No,"### 🛒 Grocery Shopping Made Easy

Use grocery apps to create organized shopping lists and navigate stores efficiently. This strategy helps combat decision fatigue and improves task initiation, making grocery shopping less overwhelming. By integrating meal planning features, you can quickly decide what to buy, reducing stress and ensuring you don't forget essentials.",Include navigation features and backup route planning,Time Blindness,,"Crash Recovery, Low Energy, Wired but Tired","### 📱 Smart Travel Timing

#### When to Use:
- When feeling anxious about travel timing
- During trips, even to familiar places
- When planning multiple activities in a day

#### How It Works:
- Utilize GPS navigation apps for accurate routing
- Receive real-time traffic updates
- Get estimated arrival times to manage your schedule

#### Examples:
- Use an app to check traffic before leaving
- Plan your departure time based on ETA to reduce anxiety
- Reroute if traffic conditions change

#### Why It Works:
- Helps manage anxiety about being late
- Provides clarity on travel times
- Encourages proactive planning to minimize stress",Anxious,Stressed,,,"Managing my schedule, Planning my time, Task Initiation Support",smartphone,,,,"Anxiety Management, Can't Start, Poor Time Estimation",,,,Free,Gamification,,Gamified,Travel Support Tools,"Planning, Time Planning",,When travel timing creates anxiety and planning challenges,"Breaks Down Complexity, Creates Accountability, Gamifies Action"
Grime & Punishment,No,"### 🔗 Habit Stacking Made Easy

Attach new habits to those you already do well to boost your chances of sticking with them. By using existing routines as reminders, you can combat challenges like working memory failures that often hinder ADHD management. For example, take your vitamins right after brushing your teeth to create a seamless daily anchor and improve task initiation.","Add character backstories and ""evidence collection"" tracking sheets","Executive Dysfunction, Task Initiation, Working Memory Engagement",,Low Energy,"### 🧹 The Cleaning Adventure Challenge

#### When to Use:
- When cleaning feels boring and overwhelming
- During low-energy days
- To combat feelings of being stuck

#### How It Works:
- Transform cleaning into a quest against the villain 'Grime'
- Imagine yourself as a hero or detective
- Use character backstories to enhance the experience

#### Examples:
- Track your progress with character backstories
- Collect 'evidence' of your cleaning achievements
- Turn chores into a narrative

#### Why It Works:
- Breaks down cleaning tasks into engaging stories
- Frees up working memory by gamifying the action
- Helps maintain focus and organization while cleaning",Drained,Stuck,,,"Cleaning Up, Resetting My Space, Task Initiation",broom,,,,"Can't Start, Disorganized",,,,Free,"Challenge, Gamified, Mindset Shift",The Anti-Planner by Dani Donovan,"Gamified, Interactive",Cleaning Hero Game,"Cleaning, Emotional Regulation, Task Initiation",,When cleaning feels boring and overwhelming,"Breaks Down Complexity, Frees Up Working Memory, Gamifies Action"
Grocery Apps,No,"### 🔗 Link Your Routines

Attach new habits to existing ones by creating a chain, like saying, ""After I brush my teeth, I'll take my vitamins."" This strategy leverages working memory by linking new behaviors to established routines, making them easier to remember. By connecting a new task to something you already do consistently, you can overcome forgetfulness and improve your ability to stick to new habits.",Include shopping efficiency features and meal planning integration,"Decision Fatigue, Task Initiation, Working Memory Engagement",,"Low Energy, Overwhelmed, Wired but Tired","### 🛒 Simplifying Grocery Shopping

#### When to Use:
- When grocery shopping feels chaotic and overwhelming
- During meal planning sessions
- When creating a shopping list for the week

#### How It Works:
- Use grocery apps to create organized shopping lists
- Integrate meal planning to decide on meals ahead of time
- Allow the app to guide you through the store for efficiency

#### Examples:
- Create a shopping list based on your meal plan 📋
- Use a grocery app to find items quickly 🏃‍♂️
- Check off items as you shop to stay organized ✅

#### Why It Works:
- Reduces decision fatigue by having a clear plan 🧠
- Frees up working memory by externalizing tasks 📦
- Simplifies the shopping experience, making it less overwhelming 🎯",Stuck,Overwhelmed,,,"Focus Enhancement, Overcoming Procrastination, Quick Task Management",shopping-cart,,,,Avoidant,,,,$,"Checklist, Routine",,"Sensory, Task Simplification, Time Management",Shopping Support Tools,,,When grocery shopping feels chaotic and overwhelming,"Externalizes Tasks, Frees Up Working Memory, Reduces Decision Fatigue"
Habit Anchor System,No,"### 📊 Visual Habit Tracking

Use habit tracking apps to make building routines more engaging and rewarding. These tools help with working memory by providing visual streaks and instant rewards for consistency, making it easier to remember and maintain habits. Celebrate milestones within the app to boost motivation and accountability, ensuring you stay on track with your goals.",Include anchor habit examples and chain-building strategies,"Task Structuring, Working Memory Failures",,"Crash Recovery, Low Energy, Wired but Tired","### 🔗 Habit Stacking Made Easy

#### When to Use:
- When trying to remember new habits
- During daily routines
- After completing an existing habit

#### How It Works:
- Attach new habits to existing ones
- Use your daily routines as cues
- Create a clear reminder for task initiation

#### Examples:
- Take your vitamins right after brushing your teeth
- Do stretches immediately after waking up
- Write in your journal after your morning coffee

#### Why It Helps:
- Makes new habits easier to remember
- Reduces the cognitive load of starting tasks
- Builds a chain of positive routines",Forgetful,Ashamed,,,"Managing my schedule, Planning my time, Task Initiation Support",repeat,,,,"Avoidant, Forgetful, Poor Time Estimation",,,,Free,Routine,,"Incremental Engagement, Time Management",Routine Building Chain,"Planning, Time Planning",,When you want to build new habits consistently,"Breaking Down Complexity, Externalizes Tasks, Starts Small"
Habit Stacking,No,"### 🏖️ Quick Hammock Reset

Escape to a hammock for 15-30 minutes to help your brain reset when feeling overwhelmed. The gentle rocking motion not only frees up working memory but also creates a soothing environment that combats sensory overload. This brief retreat can drastically improve focus and clarity, allowing you to return to tasks with renewed energy and intention.",Include habit stacking examples and chain-building strategies,Working Memory Failures,,Wired but Tired,"### 💡 Linking Routines for Success

#### When to Use:
- After completing a daily activity
- When introducing a new habit
- During morning or evening routines

#### How It Works:
- Attach new habits to established routines
- For example, say, ""After I brush my teeth, I'll take my vitamins.""

#### Examples:
- After showering, meditate for 5 minutes 🧘
- Once I finish lunch, I will go for a 10-minute walk 🚶
- When I sit down to work, I'll write my to-do list for the day 📝

#### Why It Helps:
- Makes it easier to remember new tasks
- Connects new habits with familiar actions
- Reduces cognitive load by creating a seamless routine",Forgetful,Ashamed,,,"Managing my schedule, Planning my time, Task Initiation Support",repeat,,,,"Forgetful, Poor Time Estimation, Task Initiation",,,,Free,Routine,,"Interactive, Task Simplification, Time Management",Routine Linking Strategy,"Planning, Time Planning",,When you want to build new habits,"Breaks Down Complexity, Externalizes Tasks, Frees Up Working Memory"
Habit Tracking Apps,No,"### 🛁 Simplified Pants Storage

Use shower curtain rings to hang your pants in the closet instead of folding them. This method helps reduce task initiation barriers by making your pants easily visible and accessible, alleviating the overwhelm of traditional organization methods. In just five minutes, you can transform a daunting chore into a simple task, keeping your space tidy and your mind clear.",Include motivating features and habit selection strategies,Working Memory Failures,,Low Energy,"### 📊 Fun and Engaging Habit Building

#### When to Use:
- When struggling to remember daily routines
- During times of low motivation
- To reinforce positive behavior changes

#### How It Works:
- Use habit tracking apps to visualize progress
- Set reminders that pop up throughout the day
- Celebrate small victories within the app

#### Examples:
- Track water intake and receive rewards for consistency 💧🏆
- Log exercise sessions and unlock badges for milestones 🏅
- Create a visual calendar that shows daily accomplishments 📅

#### Why It Works:
- Provides visual reinforcement to aid memory 🧠
- Creates a sense of accountability with tracking 📈
- Boosts motivation through gamified elements 🎮",Forgetful,Ashamed,,,"Managing my schedule, Planning my time, Quick Task Management",info,,,,"Disorganized, Poor Time Estimation, Task Initiation",,,,$,"Gamified, Routine",,"Gamified, Incremental Motivation, Visual",Behavior Support Tools,"Planning, Time Planning",,When building habits needs visual reinforcement,"Creates Accountability, Dopamine Activation"
Hammock Reset,No,"### 🛠️ Track Your Health

Use health tracking apps to log your sleep, exercise, mood, and symptoms. This strategy helps you recognize patterns that may affect your ADHD symptoms, reducing decision fatigue by providing clear data. By identifying how these factors influence your focus and energy levels, you can prioritize activities that improve your executive function, such as prioritizing sleep and physical activity for better task initiation.",Suggest alternatives like rocking chairs or swings for those without hammocks,"Emotional Dysregulation, Time Blindness, Working Memory Engagement",,"Low Energy, Overstimulated, Overwhelmed","### 🏖️ Quick Hammock Reset for Overwhelm

#### When to Use:
- Feeling overstimulated
- When overwhelmed with tasks
- During moments of sensory overload

#### How It Works:
- Take a 15-30 minute break in a hammock
- Enjoy the gentle rocking to calm your mind
- Use this time to reset your focus and energy

#### Alternatives:
- If you don’t have a hammock
- Consider rocking chairs or swings
- Find a comfortable spot to relax

#### Why It Helps:
- Frees up working memory
- Meets you where you are emotionally
- Provides external structure to manage feelings",Overstimulated,Overwhelmed,,,"Calming Down, Overcoming Procrastination, Resetting My Space",settings,,,,"Avoidant, Sensory Overload",,,,$,Checklist,Reddit /r/ADHDWomen,"Embodied, Sensory",Nervous System Reset,"Emotional Regulation, Sensory Management",,When you're overstimulated and need a reset,"Frees Up Working Memory, Meets You Where You Are, Provides External Structure"
Hang Pants on Shower Rings,No,"### 🆘 Effective Help Requests

Write down who can help and what you need from them. This strategy transforms the daunting task of asking for help into manageable steps, addressing task initiation challenges. By having a clear mini-script ready, you lower the anxiety of reaching out, making it easier to overcome feelings of overwhelm and stuckness. This proactive approach can significantly boost your confidence and clarity when seeking support.",Include other unconventional organization hacks for different clothing types,Task Initiation,,"Crash Recovery, Low Energy, Wired but Tired","### 🛁 Simplified Pants Storage

#### When to Use:
- When traditional organization methods feel too complicated
- During moments of overwhelm with clothing clutter
- To quickly tidy up your space

#### How It Works:
- Use shower curtain rings to hang your pants
- Keep pants visible and accessible
- Make it easy to stay organized in just five minutes

#### Why It Works:
- Externalizes tasks, freeing up working memory
- Reduces the complexity of organizing clothing
- Helps overcome task initiation barriers

#### Additional Tips:
- Include other unconventional organization hacks for different clothing types
- Adapt the method based on your closet space and needs",Drained,Stuck,,,"Cleaning Up, Overcoming Procrastination, Resetting My Space",battery,,,,"Can't Start, Task Initiation",,,,$,Gamification,Reddit /r/ADHD,"Gamified, Sensory",Closet Hack System,"Cleaning, Task Initiation",,When traditional organization methods feel too complicated,"Externalizes Tasks, Frees Up Working Memory"
Health Tracking Apps,No,"### 🏠 Automate Daily Tasks

Set up smart home devices to manage routine activities like turning lights on/off and adjusting the thermostat. This strategy reduces decision fatigue by automating simple tasks, making it easier to stay organized and focused. By minimizing the mental load associated with small daily decisions, you can combat working memory failures and create a more structured environment at home.",Include tracking categories and pattern recognition strategies,"Decision Fatigue, Executive Dysfunction, Task Initiation",,"Low Energy, Wired but Tired","### 🛠️ Health Tracking for ADHD Management

#### When to Use:
- When you need to log daily activities
- During moments of low energy or focus
- To understand patterns related to mood and symptoms

#### How It Works:
- Use health tracking apps to easily log sleep, exercise, mood, and symptoms
- Spot patterns that influence your focus and energy levels
- Adjust daily activities based on insights from your logs

#### Examples:
- Track your sleep hours and note how you feel each morning 🌅
- Log exercise sessions to see their impact on your mood throughout the day 💪
- Record your mood swings and correlate them with sleep or diet changes 📊

#### Why It Works:
- Helps reduce decision fatigue by providing clear data 📉
- Supports executive function by organizing information visually 📋
- Aids in task initiation by making the process of tracking simple and engaging 🎯",Frustrated,Defeated,,,"Focus Enhancement, Managing Emotional Dysregulation, Task Initiation Support",footprints,,,,"Can't Finish, Task Initiation",,,,$,Checklist,,Visual,Wellness Monitoring Tools,Planning,,When you need data to understand your ADHD patterns,"Breaking Down Complexity, Cognitive Load Management, Executive Function Support"
Help-Asking Script,No,"### 🏠 Hooks for Easy Organization

Install hooks in strategic locations throughout your home for items you frequently misplace, like keys and bags. This simple action helps combat working memory failures by providing a designated spot, making it easier to put things away instead of dropping them randomly. For best results, place hooks at eye level and near entrances to encourage task initiation whenever you come home.",Include templates for different types of help requests,"Emotional Dysregulation, Task Initiation",,"Burnout, Low Energy","### 🆘 Effective Help Requests

#### When to Use:
- When you feel stuck
- During moments of overwhelm
- When you need help but don’t know how to ask

#### How It Works:
- List who can help you
- Specify what you need from them
- Simplifies the process into clear steps

#### Examples:
- Asking a colleague for project assistance
- Requesting feedback on a draft from a peer
- Reaching out to a mentor for guidance

#### Why It Works:
- Reduces feelings of overwhelm
- Boosts your confidence when reaching out for support
- Externalizes tasks, making them less daunting",Stuck,Overwhelmed,,,"Maintaining Focus, Overcoming Procrastination, Starting Something Hard",help-circle,,,,"Anxious, Can't Start",,,,Free,Checklist,The Anti-Planner by Dani Donovan,Visual,Request Help Template,"Emotional Regulation, Time Planning",,When you need help but don't know how to ask,"Externalizes Tasks, Starts Small"
Home Automation,No,"### 🥤 Hydration Adventure Game

Turn hydration into a daily quest! Place water bottles in strategic locations with different colored bands. Each time you finish a bottle, you unlock that spot, which helps combat time blindness and forgetfulness by providing a clear visual cue. Aim to unlock all locations daily to boost your hydration and keep your energy up for better focus!",Include automation ideas for different home areas and budget considerations,"Decision Fatigue, Task Structuring, Working Memory Failures",,,"### 🏠 Automating Your Daily Routines

#### Why Use Automation?
- Reduce decision fatigue 🤯
- Stay organized and focused 🗂️
- Minimize mental load throughout the day

#### How It Works:
- Utilize smart home devices for daily tasks
- Automate lighting and thermostat adjustments
- Set schedules for appliances to operate automatically

#### When to Implement:
- During morning routines 🌅
- Before bedtime 🌜
- When feeling overwhelmed with tasks

#### Examples:
- Set lights to turn on at sunset 🌇
- Program the thermostat to adjust before you arrive home 🏡
- Use smart plugs to automate small appliances like coffee makers ☕

#### Why It Works:
- Breaks down complexity of daily tasks 🔄
- Externalizes responsibilities to technology 🤖
- Reduces friction in your daily routine 🛠️",Forgetful,Scattered,,,"Managing my schedule, Planning my time, Task Initiation Support",home,,,,"Disorganized, Forgetful",,,,$$$,"Environmental Hack, Routine",,"Interactive, Task Simplification",Friction Reduction Technology,"Planning, Work",,When routine tasks create unnecessary mental load,"Breaks Down Complexity, Externalizes Tasks, Minimizes Friction"
Hooks Everywhere,No,"### 💧 Stay Hydrated, Stay Focused

Use hydration tracking apps to set reminders and visualize your water intake. Staying properly hydrated can combat dehydration-related cognitive issues, helping with executive functions like working memory and task initiation. Customize your hydration goals in the app to effectively manage your time and maintain optimal brain function.",Include hook placement strategies and item-specific recommendations,"Environmental Cues, Task Initiation, Working Memory Failures",,"Burnout, Crash Recovery, Low Energy","### 🏠 Easy Organization with Hooks

#### When to Use:
- When you frequently misplace items like keys and bags
- At home, especially near entrances
- To encourage putting things away immediately

#### How It Works:
- Install hooks in key locations around your home
- Place them at eye level
- Designate spots for different items

#### Examples:
- Hooks for keys near the front door 🔑
- Hooks for bags in the hallway 👜

#### Why It Works:
- Frees up working memory by designating spots for items
- Minimizes friction in returning items to their places
- Starts small, making it easy to maintain organization",Forgetful,Ashamed,,,"Cleaning Up, Quick Task Management, Task Initiation Support",home,,,,"Can't Focus, Disorganized, Task Initiation",,,,$,"Checklist, Gamified",,Gamified,Accessibility Organization,"Cleaning, Planning",,When frequently used items get misplaced,"Frees Up Working Memory, Minimizes Friction, Starts Small"
Hydration Hero Challenge,No,"### 🎯 Redirecting Hyperfocus

Channel your hyperfocus into productive tasks when it arises. Instead of resisting the urge to hyperfocus, redirect your attention to activities that are beneficial, such as organizing or project research. This strategy helps combat time blindness by transforming potential distractions into opportunities for achievement, allowing you to make the most of your focused energy.",Adds location-based unlocking game with colored bands,"Environmental Cues, Task Structuring, Working Memory Failures",,"Low Energy, Overwhelmed, Restless","### 🥤 Hydration Adventure Game

#### When to Use:
- When feeling forgetful about hydration
- During busy workdays
- While managing ADHD symptoms

#### How It Works:
- Place colored water bottles around your space
- Finish a bottle to unlock that spot
- Aim to unlock all spots each day for a hydration boost

#### Examples:
- Use a red bottle for your desk and a blue one for the kitchen
- Set reminders to drink from each bottle

#### Why It Works:
- Makes hydration fun and engaging
- Helps maintain focus and energy levels
- Breaks down the task of drinking water into manageable actions",Forgetful,Ashamed,,,"Focus Enhancement, Quick Task Management, Task Initiation Support",trophy,,,,"Disorganized, Poor Time Estimation, Task Initiation",,,,$,"Challenge, Engaging Gamification, Gamification",,Gamified,Gamified Hydration System,"Planning, Work",,When dehydration is worsening ADHD symptoms,"Breaks Down Complexity, Externalizes Tasks, Gamifies Action"
Hydration Tracking Apps,No,"### 🚀 Action Over Motivation

When you're feeling unmotivated, use the phrase, ""I don't want to, but I'm going to."" This strategy helps with task initiation, allowing you to acknowledge your feelings while committing to action. By verbalizing your intention, you activate your working memory, making it easier to push through the initial resistance and start tasks—like tackling that pile of dishes—despite low motivation.",Include hydration goal setting and reminder customization,"Decision Fatigue, Task Initiation, Working Memory Failures",,,"### 💧 Hydration Reminders for Better Focus

#### When to Use:
- When you feel forgetful about drinking water
- During busy work hours
- While managing multiple tasks

#### How It Works:
- Set reminders to drink water throughout the day
- Use an app to track your intake visually
- Customize your hydration goals to suit your needs

#### Examples:
- Receive a notification every hour to drink a glass of water ⏰
- Use a tracking app that shows progress towards your daily goal 📈

#### Why It Works:
- Helps maintain cognitive function by preventing dehydration 🧠
- Reduces decision fatigue by automating reminders 🔄
- Creates a gamified experience that encourages regular hydration 🎮",Forgetful,Ashamed,,,"Managing my schedule, Planning my time, Task Initiation Support",volume-2,,,,"Disorganized, Poor Time Estimation, Task Initiation",,,,$,Gamification,,"Gamified, Interactive",Health Monitoring Tools,"Planning, Time Planning",,When dehydration is affecting cognitive function,"Frees Up Working Memory, Gamifies Action"
Hyperfocus Surfing,No,"### 🧠 Quick If/Then Solutions

Create specific if/then plans for common ADHD challenges. For example, “If I feel overwhelmed, then I’ll take a 5-minute walk.” This strategy helps combat decision fatigue and automates helpful responses, making it easier to manage feelings of being stuck or anxious. By having predetermined actions, you can bypass executive function hurdles like task initiation and stay focused on what matters.",Include redirection strategies and productive hyperfocus targets,"Inertia, Time Blindness, Working Memory Engagement",,"Restless, Wired but Tired","### 🎯 Productive Hyperfocus Management

#### When to Use:
- When hyperfocus strikes unexpectedly
- During tasks that require intense concentration
- In moments of distraction that can be redirected

#### How It Works:
- Redirect hyperfocus towards productive tasks
- Quickly shift attention to useful activities
- Organize your space or research topics of interest

#### Examples:
- Organizing your desk while hyperfocused
- Researching a topic that excites you
- Completing a work project that requires deep concentration

#### Why It Works:
- Frees up working memory for essential tasks
- Gamifies the action of redirecting focus
- Starts with small, manageable tasks for success",Forgetful,Wired,,,"Starting Something Hard, Staying focused",crosshair,,,,"Can't Focus, Forgetful, Poor Time Estimation",,,,Free,Gamification,,"Gamified, Sensory",Productive Hyperfocus Management,"Focus Enhancement, Task Initiation Support",,When hyperfocus energy can be channeled productively,"Frees Up Working Memory, Gamifies Action, Starts Small"
"I Don't Want To, But I'm Going To",No,"### ✉️ Email Management Made Easy
Process emails immediately using the 4 D's: delete, delegate, do, or defer. This strategy helps with task initiation by providing a clear structure to tackle overwhelming inboxes and keeps your focus sharp. By implementing this simple system, you can reduce feelings of frustration and defeat, ultimately making email management less daunting and more efficient.",Include variations of the phrase and motivation-independent action strategies,"Inertia, Task Initiation, Working Memory Engagement",,Low Energy,"### 🚀 Overcoming the ""I Don't Want To"" Barrier

#### When to Use:
- Facing a task but feeling unmotivated
- Experiencing resistance to starting an activity
- Needing to clean or organize despite low energy

#### How It Works:
- Acknowledge your feelings: ""I don't want to, but I'm going to.""
- Commit to starting the task, even if just for a few minutes
- Activate your mind to push through the initial resistance

#### Examples:
- Washing dishes when you feel drained 🍽️
- Starting a workout despite feeling stuck 🏋️
- Organizing your desk when motivation is low 🗂️

#### Why It Works:
- Frees up working memory for action
- Minimizes friction in starting tasks
- Activates dopamine release, making it easier to engage",Drained,Stuck,,,"Cleaning Up, Overcoming Resistance, Task Initiation",refresh-cw,,,,"Avoidant, Can't Start",,,,Free,Gamification,The Anti-Planner by Dani Donovan,"Gamified, Interactive",Motivation Override Phrase,"Cleaning, Task Initiation",,When you need to act despite lacking motivation,"Dopamine Activation, Frees Up Working Memory, Minimizes Friction"
If/Then Planning,No,"### 🌬️ Instant Calm Techniques

Quickly regulate your anxiety with effective breathing methods. Use 4-7-8 breathing to inhale for 4 counts, hold for 7, and exhale for 8 to help clear your mind and improve working memory when feeling overwhelmed. This technique can be done anywhere, making it an ideal strategy for task initiation before meetings or other stressful situations. After just a few rounds, you'll find it easier to focus and manage your emotions.",Include if/then templates for common ADHD situations,"Decision Fatigue, Executive Dysfunction, Task Initiation",,"Burnout, Overstimulated","### 🧠 Quick If/Then Solutions for Tackling Challenges

#### When to Use:
- Feeling overwhelmed with tasks
- Struggling to initiate projects
- Facing decision fatigue

#### How It Works:
- Create if/then statements for common challenges
- Automate positive actions to reduce decision fatigue
- Use predetermined responses to manage anxiety

#### Examples:
- If I feel overwhelmed, then I’ll take a 5-minute walk 🚶
- If I can't start a task, then I’ll set a timer for 10 minutes ⏳
- If I'm feeling stuck, then I’ll switch to a different activity for a while 🔄

#### Why It Works:
- Minimizes the cognitive load of decision-making 🧠
- Frees up working memory for more important tasks 🗂️
- Helps to create a structured approach to emotional regulation 📊",Stuck,Overwhelmed,,,"Starting Something Hard, Staying focused",map,,,,"Anxiety Management, Cannot Finish",,,,Free,Gamification,,"Gamified, Visual",Conditional Action Planning,"Emotional Regulation, Task Initiation Support",,When you need predetermined responses to common challenges,"Breaking Down Complexity, Frees Up Working Memory, Minimizes Friction"
Inbox Zero,No,"### 🍽️ Hands-Off Meal Prep

Use a pressure cooker to simplify cooking by allowing you to dump ingredients in, set the timer, and walk away. This approach is especially beneficial for those with ADHD, as it reduces the demand on working memory and minimizes the risk of burning food due to distractions. To get started, look for beginner-friendly recipes and always keep safety tips in mind to make your cooking experience stress-free.",Include email organization tips and automation suggestions,Executive Dysfunction,,"Burnout, Crash Recovery, Overwhelmed","### ✉️ Email Management Made Easy

#### When to Use:
- When overwhelmed by email influx 📧
- When needing to prioritize tasks
- During busy work weeks

#### How It Works:
- Process emails with the 4 D's:
- Delete unwanted emails 🚫
- Delegate tasks to others 🤝
- Do quick tasks immediately ✅
- Defer emails that require more time ⏳

#### Examples:
- Delete promotional emails that clutter your inbox
- Delegate project updates to team members
- Do quick responses to simple inquiries
- Defer longer emails to read later when focused

#### Why It Works:
- Reduces stress from email overload 🌪️
- Increases productivity by addressing emails efficiently 📈
- Helps maintain a cleaner inbox and clearer mind 🧘‍♂️",Frustrated,Defeated,,,Quick Task Management,check-circle,,,,"Avoidant, Can't Finish",Working Professional,Recently Moved,,Free,"Gamification, Quick Fix",,Gamified,Email Management System,"Emails, Focus Enhancement, Task Initiation Support",,When email overwhelm is affecting productivity,"Externalizes Tasks, Minimizes Friction"
Instant Calm Breathing,No,"### 🧠 Distraction Management Cheat Sheet

Track your distractions and pair each one with a specific solution to enhance focus. For example, if phone notifications disrupt your concentration, use Focus Mode and keep your phone in another room. This strategy supports working memory by providing a clear plan to handle distractions, minimizing overwhelm, and helping you stay on task. Over time, your personalized list will serve as a quick reference for maintaining focus during challenging work sessions.",Include different breathing techniques and when to use each one,"Emotional Dysregulation, Task Initiation, Working Memory Engagement",,"Overstimulated, Overwhelmed","### 🌬️ Quick Anxiety Relief Techniques

#### When to Use:
- Before important meetings
- During stressful moments
- When feeling overstimulated or overwhelmed

#### How It Works:
- Use the 4-7-8 breathing technique
- Inhale for 4 counts
- Hold your breath for 7 counts
- Exhale slowly for 8 counts

#### Examples:
- Take a few rounds of this breathing technique to help you focus
- Use it during a break to regain composure

#### Why It Works:
- Helps calm your nervous system
- Frees up working memory
- Provides immediate relief from anxiety and overwhelm",Overstimulated,Overwhelmed,,,"Being Kinder to Myself, Calming Down",wind,,,,"Anxiety Management, Poor Time Estimation",Working Professional,,,Free,"Mindset Shift, Quick Fix, Routine",,"Mindful Awareness, Reflective Practice",Quick Regulation Technique,"Emails, Emotional Regulation",,When you need quick anxiety or overwhelm relief,"Emotional Regulation, Externalizes Tasks, Frees Up Working Memory"
Instant Pot,No,"### 🎯 Visualize Your Success

Imagine yourself completing the task and the relief that follows. This strategy helps combat low motivation and encourages task initiation by focusing on the positive feelings associated with finishing. By picturing the satisfaction of completion, you can overcome feelings of being stuck and make it easier to start challenging tasks, like those dreaded phone calls. Use this visualization to spark your motivation and push past time blindness.",Include beginner-friendly recipes and safety tips,Working Memory Failures,,"Burnout, Crash Recovery","### 🍽️ Hands-Off Meal Prep Magic

#### When to Use:
- When you're feeling forgetful or overwhelmed
- During busy days when cooking feels like a chore
- When traditional cooking requires too much attention

#### How It Works:
- Use a pressure cooker to simplify the cooking process
- Add ingredients, set the timer, and let it do the work
- Follow beginner-friendly recipes and safety tips

#### Examples:
- Try a one-pot pasta dish 🍝
- Make a hearty vegetable soup 🥕
- Prepare a tender roast with minimal effort 🍖

#### Why It Works:
- Frees up working memory by reducing task complexity
- Gamifies cooking by making it easier and more fun
- Allows you to focus on enjoying the meal rather than stressing over cooking",Forgetful,Stressed,,,,home,,,,"Forgetful, Poor Time Estimation",,,,$$,Gamification,,"Gamified, Sensory",One-Pot Cooking Solution,Work,,When traditional cooking requires too much attention,"Frees Up Working Memory, Gamifies Action, Starts Small"
Interruptions & Interventions,No,"### 🧠 It's Not That Deep

Pause and remind yourself that it's not a big deal. When anxiety spirals, this simple phrase helps interrupt catastrophic thinking. It’s crucial for managing overwhelming feelings and enhances your working memory by freeing up mental space to refocus on what truly matters. Use it when small problems loom large, and remember: everyone makes mistakes!",Provide common distraction categories and solution templates,"Decision Fatigue, Emotional Dysregulation, Working Memory Engagement",Work From Home,"Overstimulated, Wired but Tired","### 🧠 Distraction Management Cheat Sheet

#### The Problem:
- Feeling scattered due to distractions
- Phone notifications disrupting focus
- Overwhelm caused by multitasking

#### The Solution:
- Keep track of distractions
- Match each distraction with a solution
- Use Focus Mode on your phone
- Store your phone away during deep work

#### When to Use:
- During deep work sessions
- When you notice distractions derailing your focus
- In environments with potential interruptions

#### Why It Works:
- Simplifies tasks and reduces overwhelm
- Helps maintain concentration
- Provides a tailored guide for staying focused",Scattered,Overwhelmed,,,"Overcoming Procrastination, Staying focused, Task Initiation",sliders,,,,"Can't Focus, Forgetful, Sensory Overload",,,,Free,"Accountability, Journal Prompt",The Anti-Planner by Dani Donovan,Visual,Focus Protection Strategy,"Emotional Regulation, Focus Enhancement, Work",,When specific distractions keep derailing you,"Emotional Regulation, Externalizes Tasks, Minimizes Friction"
Invisible Finish Line,No,"### 🌟 Positive Reminder Jar
Create a physical jar where you drop in notes about your achievements, like compliments and completed tasks. This strategy helps combat time blindness by providing tangible reminders of your successes when you're feeling down. When you read these notes, you're activating your working memory to recall positive moments, which can shift your mindset and motivate you to keep going. Consider adding prompts for note-writing and decorating your jar to make it more engaging!",Include visualization techniques for different types of tasks,"Task Initiation, Time Blindness, Working Memory Engagement",,"Burnout, Low Energy","### 🎯 Visualizing Your Success in Action

#### When to Use:
- When feeling overwhelmed by tasks
- At the start of a new project
- Before tackling a challenging assignment

#### How It Works:
- Imagine finishing your task and feeling the relief that comes with it
- Visualize the positive emotions associated with completing your work
- Focus on the satisfaction of accomplishment

#### Examples:
- Picture yourself crossing off tasks on your to-do list ✅
- Envision the reward you'll give yourself after completion 🍀
- Imagine sharing your success with friends or family 🎉

#### Why It Helps:
- Frees up working memory for other tasks
- Gamifies the action of starting work
- Provides motivation by focusing on the end result",Drained,Stuck,,,"Focus Enhancement, Overcoming Procrastination, Task Initiation Support",refresh-cw,,,,"Can't Start, Poor Time Estimation",,,,Free,Gamification,The Anti-Planner by Dani Donovan,"Gamified, Interactive",Completion Visualization,"Focus Enhancement, Task Initiation Support, Time Planning",,When the end result is more motivating than the process,"Frees Up Working Memory, Gamifies Action, Starts Small"
It's Not That Deep,No,"### 📝 Guided Journaling Prompts

Use journaling apps with prompts to help process emotions and improve self-awareness. These apps provide structured support, making it easier to tackle feelings of being overwhelmed or frustrated. By offering daily questions like ""What went well today?"" they assist with task initiation, encouraging you to start writing instead of staring at a blank page.",Include perspective-checking questions and reality-testing techniques,"Decision Fatigue, Emotional Dysregulation, Working Memory Engagement",,"Burnout, Overwhelmed","### 🧠 It's Not That Deep: A Quick Perspective Shift

#### When to Use:
- When feeling overwhelmed by small issues
- During moments of anxiety or frustration
- When you need to regain focus on what truly matters

#### How It Works:
- Remind yourself that the issue at hand isn't as significant as it feels
- Use the phrase ""It's not that deep"" to break negative thought cycles
- Acknowledge that everyone makes mistakes and that this is part of life

#### Examples:
- When a minor mistake at work feels catastrophic
- If a disagreement with a friend seems larger than it really is
- When daily tasks feel like insurmountable challenges

#### Why It Helps:
- Frees up mental space for more important thoughts
- Helps in managing feelings and reducing anxiety
- Encourages self-compassion and emotional regulation",Overwhelmed,Frustrated,,,"Being Kinder to Myself, Calming Down",brain,,,,"Anxiety Management, Can't Decide, Emotional Regulation",,,,Free,Gamification,The Anti-Planner by Dani Donovan,"Gamified, Visual",Perspective Reminder,"Emotional Regulation, Self-Compassion",,When small problems feel catastrophically large,"Breaking Down Complexity, Emotional Regulation, Frees Up Working Memory"
Jar of Awesome,No,"### 🎧 Task Pairing for Joy

Pair tasks you dislike with enjoyable activities to make them less daunting. For instance, listen to your favorite podcast only while cleaning. This strategy addresses low motivation by activating dopamine, helping you overcome task initiation challenges and making mundane tasks more appealing. By associating chores with enjoyable experiences, you'll find it easier to start and maintain focus.",Include note-writing prompts and jar decoration ideas,"Emotional Dysregulation, Time Blindness, Working Memory Engagement",,Shutdown,"### 🌟 Positive Reminder Jar

#### When to Use:
- When feeling down or unmotivated
- During moments of self-doubt
- To celebrate achievements regularly

#### How It Works:
- Create a jar to store notes about achievements, compliments, and completed tasks
- Write down prompts for note-taking
- Decorate the jar to make it visually engaging

#### Examples:
- Notes from friends praising your work
- Acknowledgment of completing a challenging project
- Simple reminders of everyday successes

#### Why It Works:
- Provides a visual reminder of successes
- Helps combat feelings of emotional dysregulation
- Encourages self-compassion and reflection on positive moments",Ashamed,Guilty,,,"Being Kinder to Myself, Finding motivation",layout,,,,"Poor Time Estimation, Spiraling",Working Professional,,,$,Gamified,The Anti-Planner by Dani Donovan,Gamified,Achievement Collection System,Self-Compassion,,When you need reminders of your successes and positive moments,"Breaks Down Complexity, Externalizes Tasks, Gamifies Action"
Journaling Apps,No,"### 🗄️ Designated Junk Drawer

Designate one drawer as your official ""junk drawer"" where random items can temporarily live. This strategy helps combat disorganization by providing a specific place for miscellaneous items, reducing clutter in your space and aiding your working memory by preventing distractions. Periodically clean out the drawer to maintain organization and avoid overwhelm, making it easier to find what you need when you need it.",Include journaling prompt ideas and mood tracking benefits,"Emotional Dysregulation, Task Initiation, Working Memory Engagement",,Overstimulated,"### 📝 Guided Journaling for Emotional Clarity

#### When to Use:
- When feeling overwhelmed or frustrated
- During moments of emotional dysregulation
- To process daily events and emotions

#### How It Works:
- Use journaling apps that provide prompts
- Answer daily questions like ""What went well today?""
- Reflect on emotions with structured support

#### Examples:
- Record thoughts after a stressful event
- Track mood changes throughout the week
- Use prompts to explore feelings of anxiety

#### Why It Works:
- Enhances self-awareness and emotional processing
- Creates accountability through regular reflection
- Helps externalize feelings and reduce mental clutter",Overwhelmed,Frustrated,,,"Calming Down, Managing Emotional Dysregulation, Task Initiation Support",hand,,,,"Anxious, Task Initiation",,,,$,"Accountability, Checklist, Routine",,,Reflection Support Tools,"Emotional Regulation, Self-Compassion",,When emotional processing needs structured support,"Creates Accountability, Externalizes Tasks, Provides External Structure"
Joy-Pairing: Make Dreaded Tasks Enjoyable,No,"### ⚡ Start Small to Build Momentum

When you're feeling overwhelmed by a big task, like cleaning your messy bedroom, commit to doing just one tiny thing, such as putting away 5 items. This approach helps overcome task initiation challenges by breaking the inertia that can come with ADHD. By taking small actions, you activate motivation and gradually build momentum, making larger tasks feel more manageable.",Create pairing suggestion lists for common dreaded tasks,"Inertia, Task Initiation",,"Crash Recovery, Low Energy, Wired but Tired","### 🎧 Making Dreaded Tasks Fun

#### The Problem:
- Many tasks can feel overwhelming or boring.
- Starting them can lead to feelings of inertia and procrastination.

#### The Solution:
- Pair disliked tasks with enjoyable activities.
- Use techniques like listening to a favorite podcast while cleaning.
- Break larger tasks into smaller, manageable parts.

#### When to Use:
- When facing chores or tasks that feel unmotivating.
- During periods of low energy or focus.

#### Examples:
- Listen to an engaging audiobook while organizing your space 📚.
- Dance to your favorite music while doing household chores 🎶.
- Watch a fun show as a reward after completing a task 📺.

#### Why It Works:
- Creates positive associations with tasks, making them less daunting.
- Activates dopamine, boosting motivation and enjoyment.
- Helps to externalize tasks, freeing up mental space for focus.",Drained,Stuck,,,"Cleaning Up, Overcoming Procrastination, Resetting My Space",check-square,,,,"Avoidant, Can't Start",,,,Free,"Checklist, Gamification, Routine",The Anti-Planner by Dani Donovan,Gamified,Task Joy-Pairing,"Cleaning, Emotional Regulation, Task Initiation",,When tasks feel boring and unmotivating,"Dopamine Activation, Externalizes Tasks, Frees Up Working Memory"
Junk Drawer,No,"### 🏁 Start Anywhere

Give yourself permission to start anywhere, even if it feels like the wrong place. This approach tackles task initiation challenges by allowing you to bypass the pressure of perfectionism. When faced with an overwhelming task, like writing a report, jump to the section you feel most comfortable with; this can help build momentum and reduce the intimidation of starting from scratch.",Include junk drawer organization tips and periodic cleanout strategies,"Executive Dysfunction, Task Structuring, Working Memory Engagement",,Wired but Tired,"### 🗄️ Organizing Your Junk Drawer

#### The Problem:
- Junk drawers can become chaotic and overwhelming.
- Items get scattered and are hard to find.
- Clutter can lead to frustration and distraction.

#### The Solution:
- Designate one drawer as your official ""junk drawer.""
- Give miscellaneous items a specific home.
- Periodically clean it out to maintain organization.

#### When to Use:
- When you notice miscellaneous items piling up.
- During cleaning sessions.
- When feeling overwhelmed by clutter.

#### Why It Works:
- Frees up working memory by reducing visual clutter.
- Minimizes friction in finding items quickly.
- Encourages small, manageable cleaning tasks.",Scattered,Frustrated,,,"Cleaning Up, Resetting My Space",battery,,,,"Cannot Finish, Disorganized",,,,Free,Checklist,,Sensory,Designated Chaos Zone,"Cleaning, Task Initiation Support",,When miscellaneous items create clutter,"Frees Up Working Memory, Minimizes Friction, Starts Small"
Just Do Something,No,"### 🍏 Snack Stash Strategy
Store non-perishable snacks in various spots like your car, desk drawer, and bag. This approach helps combat time blindness; when you're absorbed in a task and forget to eat, having snacks on hand prevents you from skipping meals or making unhealthy choices. Keep your energy up and maintain focus by ensuring you always have immediate food options available, making it easier to tackle your day without interruption.",Include micro-action suggestions for common stuck situations,Task Initiation,,"Crash Recovery, Low Energy, Overwhelmed","### ⚡ Start Small to Build Momentum

#### The Problem:
- Feeling stuck when faced with big tasks
- Tasks like cleaning can feel overwhelming
- Initiating action is often the hardest part

#### The Solution:
- Commit to one small action
- Example: Put away just 5 items to start cleaning
- Break tasks into manageable micro-actions

#### When to Use:
- When you feel task paralysis or overwhelmed
- During moments of low energy or crash recovery
- For any situation where starting feels daunting

#### Why It Works:
- Helps build momentum through small victories
- Reduces anxiety by simplifying the task
- Makes larger tasks feel less intimidating",Stuck,Overwhelmed,,,"Cleaning Up, Resetting My Space, Task Initiation",fast-forward,,,,Can't Start,,,,Free,Gamification,The Anti-Planner by Dani Donovan,"Gamified, Interactive",Momentum Building Strategy,"Cleaning, Task Initiation",,When task paralysis is preventing any progress,"Gamifies Action, Starts Small"
Just Start Anywhere,No,"### 🔑 Never-Lose Keys

Attach your keys to a lanyard or wristlet that you wear or hang on your bag. This strategy helps combat working memory failures by ensuring your keys are always within reach, reducing the chances of misplacing them. When you're feeling forgetful or rushed, you'll remember that your keys are securely attached, making it easier to stay organized and focused.",Include starting strategies for different types of tasks,"Decision Fatigue, Perfectionism, Task Initiation",,"Burnout, Overwhelmed, Shutdown","### 🏁 Starting from Anywhere: Embrace Imperfection

#### The Problem:
- Feeling stuck and unable to start tasks.
- Overwhelmed by the pressure to perform perfectly.
- Difficulty deciding where to begin.

#### The Solution:
- Give yourself permission to start anywhere.
- Begin with the easiest section of a task.
- Focus on gaining momentum instead of perfection.

#### When to Use:
- When facing daunting tasks like writing reports.
- During moments of decision fatigue or procrastination.
- When perfectionism hinders your progress.

#### Why It Works:
- Reduces pressure and anxiety around starting.
- Activates dopamine, boosting motivation.
- Minimizes friction by allowing small, manageable steps.",Stuck,Overwhelmed,,,"Maintaining Focus, Overcoming Procrastination, Task Initiation",brush,,,,"Can't Decide, Can't Start",,,,Free,"Checklist, Gamified",The Anti-Planner by Dani Donovan,Gamified,Perfectionism Override,"Task Initiation, Work",,When perfectionism is preventing you from starting,"Dopamine Activation, Minimizes Friction, Starts Small"
Keep Snacks Everywhere,No,"### 🍳 Cooking with Entertainment

Watch cooking shows or food videos while you prepare meals to make the experience more engaging. This strategy helps combat low motivation and time blindness by providing a fun distraction, making it easier to start cooking rather than ordering takeout. To enhance the experience, consider adding show recommendations that align with your cooking goals and keep safety in mind while in the kitchen.",Include healthy snack suggestions and storage considerations,"Time Blindness, Working Memory Failures",,"Burnout, Low Energy, Wired but Tired","### 🍏 Quick Snack Access Strategy

#### When to Use:
- When you forget to eat during a busy day
- On days with unpredictable meal timing
- If you often find yourself feeling low on energy

#### How It Works:
- Store healthy, non-perishable snacks in various locations
- Keep snacks in your car, desk, and bag
- Have quick options available to maintain energy levels

#### Examples:
- Nuts or trail mix in your bag 🥜
- Granola bars in your desk drawer 🍫
- Dried fruit in your glove compartment 🍇

#### Why It Works:
- Frees up working memory by reducing planning needed for meals
- Minimizes friction by making snacks easily accessible
- Starts small, helping you to maintain energy without overthinking",Forgetful,Stuck,,,"Managing my schedule, Overcoming Procrastination, Starting Something Hard",grid,,,,"Can't Start, Forgetful, Poor Time Estimation",,,,$,Checklist,,"Interactive, Sensory Engagement",Distributed Food Strategy,Cleaning,,When meal timing is unpredictable or forgotten,"Frees Up Working Memory, Minimizes Friction, Starts Small"
Key Lanyard System,No,"### 🧺 Easy Clothes Collection

Place small laundry baskets or bags in each room where clothes tend to accumulate. This simple strategy helps with task initiation by reducing the effort needed to start collecting dirty clothes. Instead of feeling overwhelmed by a single laundry basket far away, you can easily toss clothes into the nearest basket, making laundry day less daunting. To enhance this system, consider developing a routine for collecting the baskets, which can help improve organization and reduce feelings of being overwhelmed.",Include lanyard style options and attachment methods for different bag types,Working Memory Failures,,"Low Energy, Wired but Tired","### 🔑 Never-Lose Keys

#### The Problem:
- Constantly losing your keys can lead to frustration and wasted time.
- Forgetting where you placed your keys can disrupt your daily routine.

#### The Solution:
- Attach your keys to a lanyard or wristlet.
- Wear the lanyard or hang it on your bag for easy access.
- This method keeps your keys organized and visible.

#### When to Use:
- When you frequently misplace your keys.
- During busy days when you're in and out of your home.

#### Why It Works:
- Externalizes the task of remembering where your keys are.
- Reduces friction by keeping your keys within reach.
- Helps enhance focus and minimize distractions.",Forgetful,Hopeless,,,"Focus Enhancement, Overcoming Procrastination, Quick Task Management",layout,,,,"Disorganized, Forgetful",,,,$,Checklist,Reddit /r/ADHDWomen,,Never-Lose-Keys Method,Focus Enhancement,,When you constantly lose your keys,"Externalizes Tasks, Minimizes Friction"
Kitchen Entertainment System,No,"### 🧺 Simplified Laundry Steps

Use pre-measured laundry pods instead of liquid detergent to make laundry feel less daunting. This strategy tackles task initiation by removing the need to measure, which can often lead to procrastination. By simplifying the process, you reduce decision fatigue and make it easier to start the task, helping to manage the overwhelm that comes with laundry.",Include show recommendations and safety considerations for kitchen entertainment,"Emotional Dysregulation, Inertia, Time Blindness",,"Crash Recovery, Low Energy, Wired but Tired","### 🍳 Cooking with a Twist

#### When to Use:
- When cooking feels boring and unmotivating
- During meal preparation
- To enhance your cooking experience

#### How It Works:
- Watch cooking shows or food videos while preparing meals
- Get inspired by different cooking styles and recipes
- Stay motivated with engaging content

#### Show Recommendations:
- Explore channels that match your cooking goals
- Look for series that emphasize safety and fun in the kitchen

#### Why It Works:
- Makes cooking more enjoyable and engaging
- Helps you stay motivated and focused
- Externalizes tasks and frees up working memory
- Gamifies the cooking process, making it a more dynamic experience",Drained,Stuck,,,Finding motivation,chef-hat,,,,"Avoidant, Poor Time Estimation, Task Initiation",,,,Free,"Checklist, Routine",The Anti-Planner by Dani Donovan,Interactive,Cooking Companion Strategy,"Emotional Regulation, Planning",,When cooking feels boring and unmotivating,"Externalizes Tasks, Frees Up Working Memory, Gamifies Action"
Laundry Basket in Every Room,No,"### 📝 Commitment Clarity Check

Create a list of your current commitments and ask yourself: 'Do I truly want or need this?' This strategy helps combat time blindness by visually clarifying what you can keep, delegate, or drop. Use a simple yes/no/maybe system to quickly identify commitments that weigh you down, making it easier to manage overwhelm and initiate tasks with a lighter load.",Include basket placement strategies and collection routine suggestions,"Task Initiation, Task Structuring, Working Memory Engagement",,"Low Energy, Overwhelmed, Wired but Tired","### 🧺 Simplified Laundry Collection

#### The Challenge:
- Clothes tend to accumulate in multiple rooms
- Walking to a distant laundry basket can feel like a hassle
- Overwhelming to tackle all the laundry at once

#### The Solution:
- Place small laundry baskets in each room
- Set a routine for regularly collecting the baskets
- Keep the collection process simple and efficient

#### When to Use:
- When you notice clothes piling up in various locations
- During daily tidying sessions
- As part of your laundry day preparations

#### Why It Works:
- Makes it easier to toss in dirty clothes without extra effort
- Reduces the feeling of being overwhelmed by laundry
- Helps maintain a cleaner and more organized space",Drained,Stuck,,,"Cleaning Up, Resetting My Space, Task Initiation",washing-machine,,,,"Can't Start, Task Initiation",,,,$,"Checklist, Routine",,Sensory,Distributed Laundry System,"Cleaning, Task Initiation",,When dirty clothes accumulate in multiple locations,"Breaks Down Complexity, Externalizes Tasks, Starts Small"
Laundry Pods,No,"### 💡 Bright Light Boost

Use bright light therapy for about 20 minutes each morning to help regulate your circadian rhythm and improve your mood, especially during the winter months when natural sunlight is scarce. This strategy can combat time blindness and task initiation difficulties often experienced by individuals with ADHD. By incorporating this into your morning routine, you can enhance motivation and energy levels, making it easier to tackle daily tasks.",Include cost comparison and environmental considerations,"Decision Fatigue, Task Initiation",,"Low Energy, Overwhelmed, Wired but Tired","### 🧺 Effortless Laundry Experience

#### The Problem:
- Laundry feels unnecessarily complicated
- Overwhelmed by measuring detergent

#### The Solution:
- Use laundry pods for a simplified process
- Just toss in a pod and go!

#### When to Use:
- When feeling drained and task initiation is tough
- During busy days when you need an easy solution

#### Why It Works:
- Breaks down complexity
- Reduces decision fatigue
- Makes starting laundry easier and less daunting",Drained,Stuck,,,"Cleaning Up, Resetting My Space, Task Initiation Support",washing-machine,,,,"Can't Start, Task Initiation",,,,$,"Gamification, Gamified",,Gamified,Simplified Laundry Process,"Cleaning, Task Initiation, Task Initiation Support",,When laundry feels unnecessarily complicated,"Breaks Down Complexity, Reduces Decision Fatigue"
Life Priority Audit,No,"### 📍 Location-Based Reminders

Set reminders based on your location to help you remember tasks like buying groceries or making calls when you arrive home. This strategy combats time blindness by creating a more relevant prompt that aligns with your actual opportunities to act. By using location triggers, you can enhance your working memory and reduce forgetfulness, ensuring you take action at the right place and time.",Provide commitment evaluation worksheets and graceful exit scripts,"Executive Dysfunction, Task Structuring, Time Blindness",,Overstimulated,"### 📝 Commitment Clarity Check

#### When to Use:
- When feeling overwhelmed with commitments
- Before starting a new project
- During regular planning sessions

#### How It Works:
- Create a simple list of your commitments
- Ask yourself if you really want or need each one
- Use a yes/no/maybe system to quickly decide what to keep, delegate, or drop

#### Why It Helps:
- Reduces feelings of overwhelm
- Provides clarity on priorities
- Makes it easier to get started on tasks

#### ADHD-Friendly Improvements:
- Provide commitment evaluation worksheets 📄
- Include graceful exit scripts for declining commitments ✋",Frustrated,Defeated,,,"Managing my schedule, Planning my time",map,,,,Cannot Finish,,,,Free,Checklist,The Anti-Planner by Dani Donovan,"Task Simplification, Time Management, Visual",Commitment Reality Check,"Planning, Time Planning",,When you're overcommitted and overwhelmed,"Externalizes Tasks, Minimizes Friction, Provides External Structure"
Light Therapy,No,"### ⚡️ Low Energy Survival Kit

Create a pre-made plan for those days when your brain feels offline. This kit helps with task initiation by offering a simple list of just three must-do tasks, along with easy snacks and uplifting music. By minimizing friction and allowing for comfortable choices, it activates dopamine and frees up your working memory, making it easier to start your day without feeling overwhelmed.",Include light therapy timing and safety guidelines,"Emotional Dysregulation, Task Initiation, Time Blindness",,"Crash Recovery, Low Energy, Wired but Tired","### 💡 Bright Light Boost for a Better Day

#### When to Use:
- Feeling drained in the morning ☀️
- During winter when sunlight is limited ❄️
- When motivation is low and tasks seem daunting

#### How It Works:
- Use a light therapy lamp for 20 minutes each morning
- Start your day with a boost in mood and energy
- Helps to tackle tasks more easily and feel motivated

#### Examples:
- Setting the lamp on your desk while working 🖥️
- Using it during breakfast to maximize light exposure 🍽️

#### Why It Works:
- Bright light helps regulate mood and energy levels
- Frees up working memory for better focus
- Gamifies the action of starting your day positively",Drained,Stuck,,,"Finding motivation, Overcoming Procrastination, Starting Something Hard",home,,,,"Can't Start, Poor Time Estimation",,,,$$,Gamification,,"Gamified, Interactive",Seasonal Mood Support,Emotional Regulation,,When seasonal changes worsen ADHD symptoms,"Frees Up Working Memory, Gamifies Action"
Location-Based Reminders,No,"### 🍽️ Quick Meal Solutions

Keep a list of meals that require minimal effort and ingredients for when your energy is low. This strategy helps combat decision fatigue, making it easier to initiate tasks when you're feeling drained or stuck. By having quick meal options ready, you can overcome time blindness and avoid the overwhelm of cooking, ensuring you nourish yourself even on tough days.",Include location reminder setup and practical use cases,"Time Blindness, Working Memory Engagement, Working Memory Failures",,"Burnout, Crash Recovery, Low Energy","### 📍 Location-Based Reminders

#### What It Is:
- Set reminders that activate when you're near specific locations.
- Helps remember tasks like picking up groceries or making calls upon arriving at home.

#### When to Use:
- When you’re near your grocery store.
- As you approach home after a long day.
- Before leaving for an appointment.

#### How It Works:
- Links reminders to your location.
- Activates at the right moment.
- Reduces forgetfulness by prompting action based on proximity.

#### Why It Works:
- Externalizes tasks, relieving working memory.
- Frees up mental space for other tasks.
- Provides context-aware memory support.

#### ADHD-Friendly Improvements:
- Include setup instructions for location reminders.
- Provide practical use cases for better understanding.",Forgetful,Stuck,,,"Overcoming Procrastination, Quick Task Management, Task Initiation",bell,,,,"Can't Start, Forgetful, Poor Time Estimation",,,,Free,Gamification,,"Gamified, Sensory",Context-Aware Memory Support,Work,,When timing-based reminders don't match your actual opportunities,"Externalizes Tasks, Frees Up Working Memory"
Low Energy Emergency Kit,No,"### 🌙 Easy Lunch Prep

Pack your lunch the night before to take advantage of calmer evening moments. This strategy helps combat decision fatigue in the morning, allowing you to bypass chaotic routines. By preparing a simple lunch—like a sandwich, fruit, and crackers—you free up your working memory for more pressing tasks in the morning. Plus, it makes it easier to initiate your day without feeling overwhelmed.",Include different kit options for work days vs. rest days,"Emotional Dysregulation, Task Initiation, Working Memory Engagement",,"Crash Recovery, Low Energy, Wired but Tired","### ⚡️ Low Energy Survival Plan

#### When to Use:
- On days when you feel drained
- When you're struggling with emotional dysregulation
- During times of low energy or fatigue

#### How It Works:
- Create a simple plan to manage low-energy days
- Include three easy tasks to accomplish
- Prepare snacks that can boost your energy
- Curate uplifting music to elevate your mood

#### Examples:
- Task 1: Take a short walk outside 🚶‍♂️
- Task 2: Drink a refreshing glass of water 💧
- Task 3: Listen to your favorite upbeat song 🎶

#### Why It Works:
- Provides a structured approach to navigate low energy
- Gamifies action to make tasks feel less daunting
- Minimizes friction in initiating tasks, helping you stay focused",Drained,Stuck,,,"Staying focused, Task Initiation",battery,,,,"Can't Start, Poor Time Estimation",,,,Free,Gamification,The Anti-Planner by Dani Donovan,"Gamified, Interactive",Zombie Day Survival Kit,"Planning, Task Initiation Support, Time Planning",,When you're having a low-energy day,"Gamifies Action, Minimizes Friction"
Low-Effort Meals,No,"### ✨ Effortless Dish Cleaning

Spray on dish soap to eliminate scrubbing and soaking, transforming dishwashing into a quick spray-and-rinse process. This strategy helps with task initiation, making it easier to tackle the overwhelming chore of cleaning dishes by providing immediate visual feedback as food dissolves. Use this approach when you're feeling drained or stuck, allowing you to reset your space without the usual hassle.",Include nutrition tips and ingredient staples for low-effort meals,"Decision Fatigue, Emotional Dysregulation, Time Blindness",,Low Energy,"### 🍽️ Quick Meal Solutions Made Easy

#### When to Use:
- When feeling drained and low on energy
- On busy days with little time to cook
- When decision fatigue makes meal planning tough

#### How It Works:
- Create a simple list of quick meals
- Use few ingredients to simplify cooking
- Keep meal options ready to reduce overwhelm

#### Examples:
- Easy pasta dishes with minimal ingredients 🍝
- One-pan stir-fries with vegetables and protein 🥦🍗
- Quick salads with pre-cut veggies and dressing 🥗

#### Why It Works:
- Reduces the burden of meal planning
- Ensures you stay nourished even on tough days
- Helps in maintaining a routine without added stress",Drained,Stuck,,,Finding motivation,utensils,,,,Time Blind,,,,Free,"Checklist, Gamified",The Anti-Planner by Dani Donovan,Gamified,Minimal Energy Cooking,Decision Making,,When cooking energy is very low,"Externalizes Tasks, Gamifies Action, Reduces Decision Fatigue"
Lunch Prep the Night Before,No,"### ✨ Effortless Cleaning Magic

Grab a Magic Eraser and wet it to effortlessly remove scuff marks and stains. This simple tool helps bypass task initiation hurdles by making cleaning feel less daunting, encouraging you to tackle small tasks more frequently. Remember to check surface safety guidelines and consider bulk purchasing to keep your cleaning supplies ready at hand.",Include make-ahead lunch ideas and storage tips,"Decision Fatigue, Executive Dysfunction, Working Memory Engagement",,"Crash Recovery, Low Energy, Shutdown","### 🌙 Easy Lunch Prep for Busy Mornings

#### Why It’s Important:
- Simplifies mornings by preparing lunch the night before
- Reduces stress and decision fatigue during busy mornings
- Saves time, allowing for a smoother start to the day

#### What to Prepare:
- Quick meals like:
- Sandwiches 🥪
- Fresh fruit 🍎
- Crackers 🥨

#### When to Do It:
- The evening before a busy day
- During a calm moment when you have time to focus

#### Tips for Success:
- Use containers that are easy to grab and go
- Include a variety of foods to keep lunches interesting
- Consider adding a treat for motivation 🍪

#### Why It Works:
- Frees up mental space in the morning
- Creates a routine that can be easily followed
- Helps prevent last-minute unhealthy food choices",Stuck,Overwhelmed,,,"Starting Something Hard, Task Initiation Support",moon,,,,"Can't Finish, Can't Start",,,,Free,Gamification,,"Gamified, Sensory",Evening Food Preparation,"Time Planning, Work",,When morning routines are too rushed for meal prep,"Externalizes Tasks, Frees Up Working Memory, Reduces Decision Fatigue"
Magic Dish Spray System,No,"### 🛏️ Start Your Day Right

Make your bed each morning for an easy win that sets a positive tone for the day. This quick task helps with task initiation, a common challenge for those with ADHD, by providing a simple, actionable step to jumpstart your morning routine. By creating a tidy space, you foster a sense of accomplishment and reduce distractions, making it easier to tackle other tasks ahead.",Include application tips and cost comparison with traditional dish soap,Task Initiation,,"Low Energy, Overwhelmed, Wired but Tired","### ✨ Effortless Dish Cleaning Made Easy

#### The Problem:
- Dishwashing can feel overwhelming 😩
- Traditional methods require scrubbing and soaking
- Getting started feels like a daunting task

#### The Solution:
- Transform dishwashing into a quick spray-and-rinse process
- Use dish soap spray to eliminate scrubbing
- Reset your space without hassle

#### When to Use:
- When traditional dishwashing feels too overwhelming
- During busy days when time is limited
- To simplify the cleaning process after meals

#### Why It Works:
- Breaks down complexity of cleaning tasks 🧩
- Externalizes tasks, making them easier to approach
- Minimizes friction to get started 🚀
- Ideal for low-energy states where motivation is lacking",Drained,Stuck,,,"Cleaning Up, Resetting My Space, Task Initiation",trash-2,,,,"Can't Start, Task Initiation",,,,$,Quick Fix,,"Interactive, Task Simplification, Visual",Effortless Cleaning Solution,"Cleaning, Task Initiation",,When traditional dishwashing feels too overwhelming,"Breaks Down Complexity, Externalizes Tasks, Minimizes Friction"
Magic Eraser,No,"### 🍱 Streamlined Food Storage

Buy identical food storage containers to ensure that all lids and bottoms are interchangeable. This strategy simplifies meal prep and reduces the frustration of searching for matching lids, addressing issues like time blindness and executive dysfunction. By creating an organized system, you can quickly store leftovers without the mental load of mismatched containers, making it easier to initiate tasks and follow through with meal planning.",Include surface safety guidelines and bulk purchasing tips,Task Initiation,,Low Energy,"### ✨ Effortless Cleaning Magic

#### Use Case:
- When cleaning feels too difficult or time-consuming
- Ideal for tackling small messes that accumulate

#### How It Works:
- Use a Magic Eraser to easily remove scuff marks and stains
- Makes cleaning feel manageable and encourages regular upkeep

#### Tips for Success:
- Check surface safety guidelines before use 🛡️
- Consider buying in bulk to always be prepared 🛒

#### Why It Works:
- Breaks down the complexity of cleaning tasks
- Helps initiate action on cleaning when feeling stuck
- Supports emotional regulation by making cleaning feel less daunting",Drained,Stuck,,,"Cleaning Up, Overcoming Procrastination, Resetting My Space",broom,,,,"Can't Start, Disorganized",,,,$,Gamification,,Gamified,Effortless Cleaning Tool,"Cleaning, Emotional Regulation, Task Initiation",,When cleaning feels too difficult or time-consuming,"Breaks Down Complexity, Starts Small"
Make Your Bed,No,"### 🍽️ Batch Cooking Made Easy
Prepare large quantities of simple foods like rice, pasta, and roasted vegetables to mix and match throughout the week. This strategy helps combat decision fatigue and time blindness by having ready-to-use components, allowing you to quickly assemble meals without starting from scratch each day. By streamlining your meal prep, you can overcome executive dysfunction and feel more accomplished in your daily cooking routine.",Include bed-making techniques for different bed types and time constraints,Task Initiation,,"Burnout, Low Energy","### 🛏️ Morning Win: Make Your Bed

#### Why It Matters:
- Start your day with a simple accomplishment
- Creates a tidy space that promotes a positive mindset
- Easy step to kickstart your morning routine

#### When to Use:
- Every morning as part of your daily routine
- When feeling overwhelmed or unmotivated

#### How It Works:
- Make your bed as soon as you wake up
- Take a few moments to arrange pillows and blankets
- Enjoy the visual satisfaction of a neat space

#### Tips for Success:
- Set a timer for 5 minutes to keep it quick
- Include techniques for different bed types (e.g., fitted sheets, comforters)
- Adapt the process based on your time constraints

#### Why It Works:
- Provides instant rewards for completing a task
- Minimizes friction by making the task quick and simple
- Gamifies the action, turning a chore into a win",Drained,Stuck,,,"Cleaning Up, Resetting My Space, Task Initiation",calendar,,,,"Can't Start, Task Initiation",,,,Free,"Accountability, Quick Fix, Routine",,Gamified,Morning Accomplishment Ritual,"Cleaning, Task Initiation",,When you need an easy morning win,"Gamifies Action, Minimizes Friction, Provides Instant Rewards"
Matching Tupperware,No,"### 🍽️ Smart Meal Ordering

Order meals strategically when cooking feels overwhelming, especially during high-stress times. By budgeting for food delivery as “crisis food,” you can alleviate the pressure of meal prep and combat time blindness. This approach allows you to focus on other priorities without the guilt of skipping meals, ensuring you maintain your energy and nutrition when it matters most.",Include container recommendations and transition strategies,"Executive Dysfunction, Time Blindness, Working Memory Engagement",,"Burnout, Low Energy, Overstimulated","### 🍱 Simplified Food Storage Solutions

#### The Challenge:
- Tired of mismatched lids and containers? 😩
- Meal prep feels chaotic and disorganized.
- Searching for the right container wastes valuable time.

#### When to Use:
- During busy meal prep times.
- When leftovers accumulate in the fridge.
- If you find food storage frustrating and time-consuming.

#### The Strategy:
- Use matching food storage containers.
- Ensure all lids fit all bottoms, making it easy to grab what you need.
- Organize containers by size or type for quick access.

#### Why It Works:
- Streamlines your cooking routine, saving time.
- Reduces decision fatigue when storing leftovers.
- Creates a visually organized space that feels less overwhelming.",Frustrated,Defeated,,,,settings,,,,"Can't Finish, Disorganized",,,,$$,Gamification,,"Gamified, Interactive",Container Organization System,,,When food storage is frustrating and time-consuming,"Breaking Down Complexity, Externalizes Tasks, Frees Up Working Memory"
Meal Batch Cooking,No,"### 🍽️ Decision-Free Cooking

Subscribe to a meal kit delivery service to simplify your cooking routine. This strategy helps alleviate decision fatigue by providing all necessary ingredients and instructions, allowing you to focus on the cooking process without the stress of planning meals. By reducing the mental load involved in meal planning, you enhance your working memory and improve task initiation, making it easier to enjoy healthy meals at home.",Include batch cooking recipes and storage guidelines,"Decision Fatigue, Executive Dysfunction, Time Blindness",,"Burnout, Frozen/Shut Down, Overstimulated","### 🍽️ Batch Cooking Made Easy

#### When to Use:
- When daily cooking feels too time-consuming
- During busy weeks with little time for meal prep
- When looking to minimize decision fatigue

#### How It Works:
- Prepare large amounts of easy-to-cook foods (rice, pasta, roasted vegetables)
- Store cooked items in portions for easy access
- Mix and match components throughout the week for quick meal assembly

#### Examples:
- Combine roasted vegetables with rice for a simple bowl
- Pair pasta with different sauces for variety
- Create wraps using various proteins and veggies

#### Why It Works:
- Minimizes friction in meal preparation
- Reduces decision fatigue when choosing meals
- Makes healthy eating more manageable during busy weeks",Frustrated,Defeated,,,"Quick Task Management, Task Initiation Support",utensils,,,,"Can't Finish, Task Initiation",,,,Free,"Gamification, Gamified",,Gamified,Large Quantity Preparation,Planning,,When daily cooking feels too time-consuming,"Minimizes Friction, Reduces Decision Fatigue"
Meal Delivery Apps,No,"### 🍽️ Simplified Meal Planning

Use meal planning apps to streamline your cooking process. These apps suggest recipes based on your preferences and automatically generate shopping lists, reducing the cognitive load associated with meal prep. By externalizing these tasks, you can combat decision fatigue and improve your working memory, ensuring you have everything you need without feeling overwhelmed.",Include healthy ordering strategies and budget planning tips,"Emotional Dysregulation, Inertia, Time Blindness",,Burnout,"### 🍽️ Smart Meal Ordering Made Easy

#### When to Use:
- When cooking feels overwhelming
- During busy work weeks
- When you need a quick solution to hunger

#### How It Works:
- Order meals strategically to ease stress
- Budget for food delivery as “crisis food”
- Focus on important tasks without guilt

#### Examples:
- Use meal delivery services for busy days
- Plan ahead and choose nutritious options
- Set a weekly budget for meal delivery

#### Why It Works:
- Helps maintain energy and nourishment
- Reduces the pressure of meal prep
- Supports emotional well-being during tough times",Burned out,Defeated,,,Being Kinder to Myself,utensils,,,,"Poor Time Estimation, Sensory Overload",Working Professional,,"Avoidant, Frozen",$$,Checklist,,Interactive,Convenience Eating Solution,Decision Making,,When cooking is temporarily impossible due to overwhelm,"Emotional Regulation, Minimizes Friction"
Meal Kit Delivery,No,"### 🍱 Meal Prep Made Easy
Invest in quality, clear meal prep containers to simplify your cooking routine. This strategy helps with task initiation by making healthy meals visible and ready to go, reducing the overwhelm of meal preparation. By preparing grab-and-go meals on a designated day, you can combat time blindness and ensure nutritious options are always at hand, making healthy eating easier and less stressful.",Include service comparisons and cost-benefit analysis,"Decision Fatigue, Task Initiation, Working Memory Engagement",,"Low Energy, Overwhelmed, Shutdown","### 🍽️ Meal Kit Magic

#### When to Use:
- When meal planning feels overwhelming
- If you want to cook without the stress of shopping
- During busy weeks when time is limited

#### How It Works:
- Subscribe to a meal kit delivery service
- Receive all ingredients and easy-to-follow instructions
- Cook 3 meals each week without the hassle

#### Why It Helps:
- Reduces decision fatigue by providing ready-to-cook options
- Helps maintain healthy eating habits at home
- Saves time and mental energy on grocery shopping

#### Additional Tips:
- Compare different meal kit services for best fit 🍽️
- Look for cost-benefit analysis to ensure value 💰",Stuck,Overwhelmed,,,"Managing Emotional Dysregulation, Quick Task Management, Task Initiation Support",utensils,,,,"Can't Decide, Poor Time Estimation",,,"Avoidant, Frozen",$$$,Gamification,,"Gamified, Sensory",Decision-Free Cooking,Self-Compassion,,When meal planning feels overwhelming but you want to cook,Reduces Decision Fatigue
Meal Planning Apps,No,"### 🍽️ Easy Meal Prep

Dedicate a few hours on Sunday to prepare meals for the week by washing and chopping vegetables, cooking grains, and grilling proteins. This strategy helps mitigate decision fatigue, a common challenge for those with ADHD, by having meal components ready to go. When the busy week arrives, you can quickly assemble meals without the stress of planning, improving your task initiation and overall efficiency.",Include meal planning features and grocery integration benefits,Decision Fatigue,,"Low Energy, Overwhelmed, Shutdown","### 🍽️ Simplified Meal Planning Made Easy

#### When to Use:
- When feeling overwhelmed by meal decisions
- During busy weeks when time is limited
- When trying to simplify grocery shopping

#### How It Works:
- Organizes meals by suggesting recipes based on your tastes
- Automatically creates shopping lists
- Reduces the need for daily decision-making

#### Benefits of Using Meal Planning Apps:
- Saves time and reduces stress ⏰
- Helps maintain a balanced diet with diverse recipes 🥗
- Allows for better grocery budgeting 💰

#### Why It Helps:
- Externalizes tasks, making meal planning less daunting
- Reduces decision fatigue by providing clear options
- Supports healthier eating habits by planning in advance",Stuck,Overwhelmed,,,"Managing my schedule, Quick Task Management",utensils,,,,"Can't Decide, Poor Time Estimation",,,"Frozen, Overthinking",$,Checklist,,Interactive,Food Organization Tools,Planning,,When meal planning decisions feel overwhelming,"Externalizes Tasks, Reduces Decision Fatigue"
Meal Prep Containers,No,"### ⏰ Medication Alerts

Set up medication reminder apps with customizable alerts to improve your medication adherence. These tools help combat working memory failures by providing timely notifications, ensuring you take your ADHD medication consistently. By tracking your medication and any side effects, you can enhance your focus and daily functioning, ultimately supporting better time management and planning.",Include container selection criteria and meal prep efficiency tips,"Task Initiation, Time Blindness",,"Burnout, Frozen/Shut Down, Low Energy","### 🍱 Meal Prep Made Simple

#### When to Use:
- When you want to reduce daily cooking stress
- To ensure healthy meals are always on hand
- During busy workweeks

#### How It Works:
- Invest in clear meal prep containers
- Prepare meals in advance on a specific day
- Keep meals visible to encourage healthy eating

#### Tips for Success:
- Choose containers that are easy to stack and store
- Label containers with meal names for quick reference
- Plan meals based on your week's schedule

#### Why It Works:
- Reduces task initiation barriers
- Minimizes friction by having meals ready to go
- Helps maintain healthy eating habits throughout the week",Anxious,Ashamed,,,"Starting Something Hard, Task Initiation",utensils,,,,"Avoidant, Can't Start",,,"Avoidant, Frozen, Time Blind",$$,"Checklist, Routine",,Visual,Food Organization System,,,When food preparation needs to be simplified,"Externalizes Tasks, Minimizes Friction"
Meal Prep Sundays,No,"### ⏰ Optimize Your Medication Timing

Collaborate with your doctor to find the best medication schedule that fits your daily routine. Adjusting the timing or dosage can significantly improve your focus and energy, especially if you struggle with time blindness. This tailored approach helps manage your ADHD symptoms more effectively, allowing you to perform better throughout the day.",Include beginner-friendly prep ideas and storage solutions,"Decision Fatigue, Executive Dysfunction, Task Initiation",,"Crash Recovery, Low Energy, Wired but Tired","### 🍽️ Stress-Free Meal Prep

#### When to Use:
- When busy weekdays are approaching
- To avoid last-minute meal decisions
- To streamline your cooking process

#### How It Works:
- Spend a few hours on Sunday preparing meals
- Wash and chop vegetables ahead of time
- Cook grains and grill proteins to save time

#### Benefits:
- Quick assembly of meals during the week
- Reduces stress related to meal planning
- Ensures you have healthy options available

#### ADHD-Friendly Tips:
- Include beginner-friendly prep ideas
- Use clear storage solutions for easy access
- Label containers for quick identification",Frustrated,Defeated,,,"Quick Task Management, Task Initiation Support",utensils,,,,"Can't Finish, Task Initiation",,,Time Blind,Free,"Checklist, Gamified",,Gamified,Batch Cooking Strategy,Planning,,When weekday meal decisions feel overwhelming,"Cognitive Load Management, Executive Function Support, Minimizes Friction"
Medication Reminder Apps,No,"### 🧘‍♂️ Quick Meditation Sessions

Try meditation apps that offer short, ADHD-friendly sessions ranging from 2 to 10 minutes. These apps feature guided breathing, body scans, and movement-based mindfulness, making them ideal when traditional long sessions feel overwhelming. By breaking down meditation into manageable chunks, you can improve task initiation and stay engaged without feeling frozen or shut down.",Include reminder customization and tracking features,"Emotional Dysregulation, Task Initiation, Working Memory Failures",,"Crash Recovery, Low Energy, Wired but Tired","### ⏰ Medication Management Made Easy

#### Why Use Medication Reminder Apps:
- Helps maintain medication consistency
- Supports individuals needing digital assistance
- Alleviates forgetfulness and poor time estimation

#### Key Features:
- Personalized Alerts: Set reminders tailored to your schedule
- Tracking Capabilities: Monitor medication intake and side effects
- Customization Options: Adjust reminders based on personal preferences

#### When to Use:
- During times of emotional dysregulation
- When managing multiple medications
- For quick task management related to health

#### Why It Works:
- Frees up working memory by minimizing the mental load
- Reduces friction in daily routines
- Encourages small, manageable steps toward health management",Forgetful,Ashamed,,,"Managing Emotional Dysregulation, Quick Task Management, Task Initiation Support",camera,,,,"Forgetful, Poor Time Estimation, Task Initiation",,,Avoidant,$,Gamification,,"Gamified, Sensory",Health Management Tools,"Planning, Time Planning",,When medication consistency needs digital support,"Frees Up Working Memory, Minimizes Friction, Starts Small"
Medication Timing Optimizer,No,"### 🧘‍♂️ Mindful Timer Support

Use meditation timer apps with gentle sounds to enhance your mindfulness practice. These apps help combat time blindness by providing structured intervals, making it easier to initiate and maintain focus during meditation. By creating a calming routine, they support emotional regulation and promote a more intentional practice, keeping you grounded and less overwhelmed.",Include questions to ask your doctor and timing considerations,"Executive Dysfunction, Time Blindness, Working Memory Failures",,"Burnout, Low Energy, Wired but Tired","### ⏰ Medication Timing Made Easy

#### Why It Matters:
- Finding the right medication timing can enhance focus and energy.
- A personalized schedule helps manage ADHD symptoms effectively.

#### When to Consult Your Doctor:
- Discuss your daily routine and specific challenges you face.
- Ask about adjusting dosage times to better suit your lifestyle.

#### Tips for Creating Your Schedule:
- Start with small adjustments and monitor changes.
- Consider your peak performance times when scheduling doses.

#### Example Questions to Ask:
- “What time of day do you recommend taking this medication?”
- “Can I take my medication with meals, or should I wait?”
- “How long before I can expect to feel the effects?”

#### Why This Approach Works:
- Tailoring medication timing can help improve adherence.
- Aligning doses with daily rhythms boosts effectiveness.
- Reduces feelings of overwhelm by simplifying your routine.",Scattered,Overwhelmed,,,"Starting Something Hard, Staying focused",grid,,,,"Can't Focus, Forgetful, Poor Time Estimation",,,"Avoidant, Discouraged, Overthinking",$$$,Checklist,,Interactive,Peak Performance Scheduling,Time Planning,,When medication timing isn't matching your needs,Starts Small
Meditation Apps,No,"### 🌬️ Quick Breath Reset

Take 2-5 minutes to focus on your breath whenever you feel overstimulated or overwhelmed. This strategy helps with working memory by providing a quick mental reset, allowing you to regain clarity and calmness. Simply count your breaths—in for 4, out for 6—to ground yourself before tackling challenging tasks or phone calls.",Include features to look for and session length recommendations,Emotional Dysregulation,,"Crash Recovery, Low Energy, Overstimulated","### 🧘‍♂️ Quick Meditation Made Easy

#### When to Use:
- When feeling overstimulated or overwhelmed
- During moments of emotional dysregulation
- When traditional meditation seems daunting

#### How It Works:
- Short sessions of 2 to 10 minutes
- Guided breathing, body scans, and movement-based mindfulness
- Structured sessions to ease into meditation without pressure

#### Examples:
- Use a meditation app with quick sessions
- Try a body scan for relaxation
- Engage in mindful movement exercises

#### Why It Works:
- Makes meditation accessible for busy minds
- Reduces feelings of being overwhelmed
- Supports emotional regulation by starting small",Overstimulated,Overwhelmed,,,"Being Kinder to Myself, Calming Down",lotus,,,,Anxious,,,"Avoidant, Discouraged, Overthinking",$,Gamification,,,Mindfulness Support Tools,Emotional Regulation,,When traditional meditation feels too difficult,"Externalizes Tasks, Gamifies Action, Starts Small"
Meditation Timer Apps,No,"### 🧩 Break It Down

Transform overwhelming tasks into manageable pieces by focusing on micro-tasks. Instead of thinking about cleaning an entire room, start with something as simple as putting away one sock. This method helps overcome task initiation barriers by making tasks feel less intimidating, ultimately building momentum and reducing overwhelm. By tackling small actions, you can effectively engage your working memory without feeling frozen or shut down.",Include timer features that support mindfulness practice,"Emotional Dysregulation, Task Structuring, Time Blindness",,"Overstimulated, Overwhelmed","### 🧘‍♂️ Mindful Meditation Timer

#### Overview:
- Meditation timer apps help maintain focus during practice.
- They provide soothing sounds to calm the mind.
- Structure meditation time for better engagement.

#### Benefits:
- Reduces anxiety and supports emotional balance.
- Creates a peaceful routine for daily mindfulness.
- Encourages consistent practice through accountability.

#### When to Use:
- When feeling overstimulated or overwhelmed.
- To enhance your meditation experience with technology.
- During moments of anxiety or emotional dysregulation.

#### Why It Works:
- Helps manage emotional responses effectively.
- Structures time for mindfulness practice.
- Supports a calming environment to promote relaxation.",Overstimulated,Overwhelmed,,,"Being Kinder to Myself, Calming Down",lotus,,,,"Anxiety Management, Emotional Regulation",,,Overthinking,$,"Accountability, Gamification, Routine",,"Gamified, Mindful Awareness",Mindfulness Support Tools,"Emotional Regulation, Self-Compassion",,When meditation practice needs supportive technology,"Creates Accountability, Emotional Regulation, Gamifies Action"
Micro-Meditation,No,"### 💪 Quick Movement Boosts

Incorporate 2-5 minute ""exercise snacks"" into your day to combat the overwhelm of lengthy workouts. This strategy leverages task initiation by pairing movement with existing habits, like doing jumping jacks during commercial breaks or stretching between tasks. By breaking exercise into manageable bursts, you reduce barriers to starting and keep your energy up, helping to combat feelings of being drained or stuck.",Include specific breathing patterns and app recommendations for ADHD,"Emotional Dysregulation, Task Structuring, Working Memory Engagement",,"Overstimulated, Overwhelmed","### 🌬️ Quick Breath Reset: A Fast Way to Calm

#### When to Use:
- Feeling overstimulated or overwhelmed
- Before tackling tasks or making phone calls
- Anytime you need a quick mental reset

#### How It Works:
- Focus on your breath for 2-5 minutes
- Inhale for 4 counts and exhale for 6 counts
- Repeat as needed to regain clarity and calmness

#### Benefits:
- Frees up working memory
- Starts small, making it easy to implement
- Helps manage anxiety and improve focus

#### Why It Works:
- Regulates emotional responses
- Provides a simple, effective strategy for calming down
- Encourages mindful awareness and presence",Overstimulated,Overwhelmed,,,"Being Kinder to Myself, Calming Down",lotus,,,,"Anxiety Management, Can't Focus",,,"Avoidant, Frozen",Free,Quick Fix,The Anti-Planner by Dani Donovan,"Embodied, Mindful Awareness",Quick Reset Breathing,Emotional Regulation,,When you need a quick mental reset,"Frees Up Working Memory, Starts Small"
Micro-Task Method,No,"### 💡 Mindfulness for Clarity

Identify unhelpful thought patterns with CBT and then practice meditation to create space between your thoughts and reactions. This two-step approach can help with emotional regulation and improve working memory, making it easier to handle ADHD challenges. Remember to start with just a few minutes of meditation to calm your mind, allowing you to better manage overwhelming feelings and stay focused on your tasks.",Create micro-task examples for common overwhelming situations,"Decision Fatigue, Task Initiation, Working Memory Engagement",,"Crash Recovery, Low Energy, Overwhelmed","### 🧩 Tiny Task Breakdown in Action

#### The Challenge:
- Large tasks can feel overwhelming
- Starting is often the hardest part
- Tasks may seem too big to tackle all at once

#### How to Break It Down:
- Transform big tasks into small, manageable steps
- For example, instead of cleaning an entire room, just pick up one sock
- Focus on completing one small action at a time

#### When to Use:
- When feeling stuck on a project
- During moments of decision fatigue
- When overwhelmed by the scope of a task

#### Why It Works:
- Reduces intimidation by making tasks smaller
- Helps build momentum through small achievements
- Frees up working memory by focusing on one thing at a time",Stuck,Overwhelmed,,,"Cleaning Up, Overcoming Procrastination, Resetting My Space",check-square,,,,Can't Start,,,Frozen,Free,Gamification,The Anti-Planner by Dani Donovan,"Gamified, Interactive",Tiny Task Breakdown,"Cleaning, Incremental Progress, Task Initiation",,When tasks feel too big to start,"Breaking Down Complexity, Freeing Up Working Memory, Gamifies Action"
Microdose Movement Strategy,No,"### 🧹 Portable Cleaning Caddy

Keep all your cleaning supplies in a portable caddy that you can easily carry from room to room. This strategy helps with task initiation by ensuring you have everything at your fingertips, reducing the need to make multiple trips and helping you stay focused on cleaning. With a well-organized caddy, you can tackle tasks without losing momentum, making the process more efficient and less overwhelming.",Include exercise snack ideas for different fitness levels and locations,Task Initiation,,"Crash Recovery, Low Energy, Wired but Tired","### 💪 Quick Movement Boosts: Energize Your Day!

#### When to Use:
- When you feel drained or low on energy
- During long work or study sessions
- Any time you need a quick pick-me-up

#### How It Works:
- Incorporate short 2-5 minute ""exercise snacks""
- Pair movement with existing habits (e.g., jumping jacks during commercials)
- Makes it easier to start exercising and maintain energy levels

#### Examples:
- Do jumping jacks during a TV commercial 📺
- Stretch between tasks at your desk 🖥️
- Walk around the room while on a phone call 📞

#### Why It Helps:
- Minimizes friction by starting small
- Keeps your energy levels consistent throughout the day
- Overcomes task initiation barriers by integrating movement into your routine",Drained,Stuck,,,"Maintaining Focus, Overcoming Procrastination, Task Initiation",activity,,,,"Can't Start, Poor Time Estimation","Student, Working Professional",,"Avoidant, Disorganized, Frozen",Free,"Environmental Hack, Quick Fix",,"Embodied, Interactive",2-Minute Movement Breaks,,,When traditional exercise feels too time-consuming,"Minimizes Friction, Starts Small"
Mind-Body Wellness Combo,No,"### 🎉 Personal Dopamine Menu
Create your personal dopamine menu to boost your mood and enhance task initiation. When you're feeling unmotivated, choose activities from your menu categorized by energy level—like a quick dance party or watching cute animal videos. This strategy effectively combats time blindness by providing a structured way to engage in activities, helping you break free from aimless scrolling and regain focus.",Include beginner-friendly CBT techniques and meditation combinations,"Decision Fatigue, Emotional Dysregulation, Working Memory Engagement",,Burnout,"### 💡 Mindfulness for Clarity: A Quick Guide

#### When to Use:
- When feeling overwhelmed with thoughts
- During decision-making moments
- In need of emotional regulation

#### How It Works:
- Use Cognitive Behavioral Therapy (CBT) techniques to identify negative thoughts
- Practice meditation for a few minutes to create a mental pause
- Start with short sessions to avoid feeling overwhelmed

#### Examples:
- Spotting a negative thought: ""I can't handle this.""
- Taking a 5-minute meditation break to reset your mind
- Writing down thoughts before starting a task to clear mental clutter

#### Why It Works:
- Helps manage emotions effectively
- Improves focus and clarity
- Breaks the cycle of overthinking and anxiety",Overwhelmed,Frustrated,,,"Being Kinder to Myself, Calming Down",heart,,,,"Anxiety Management, Emotional Regulation, Poor Time Estimation",,,"Avoidant, Overthinking",Free,"Accountability, Gamification, Mindset Shift",,"Gamified, Interactive",Integrated Mental Health Strategy,,,When you need both thought management and emotional regulation,"Breaks Down Complexity, Frees Up Working Memory"
Mobile Cleaning Command,No,"### 🌅 Wake Up and Win

Place your alarm across the room and set it to require math problems to turn off. This strategy tackles task initiation by forcing your brain to engage, helping combat morning inertia. Pair this with a special breakfast that you only allow yourself before a certain time to reinforce positive morning habits and provide instant rewards for getting out of bed.",Include caddy setup suggestions and supply recommendations,Task Initiation,,"Burnout, Low Energy, Shutdown","### 🧹 Portable Cleaning Caddy in Action

#### The Problem:
- Cleaning supplies scattered all over the place
- Difficulty finding what you need when cleaning
- Interruptions during cleaning due to missing supplies

#### The Solution:
- Use a portable cleaning caddy to keep supplies organized
- Move the caddy easily from room to room
- Have everything you need close by for efficient cleaning

#### When to Use:
- When starting a cleaning task
- During deep cleaning sessions
- If you find yourself frequently pausing to gather supplies

#### Why It Works:
- Reduces interruptions and maintains cleaning momentum
- Keeps your space organized and clutter-free
- Makes cleaning feel less overwhelming by simplifying the process",Drained,Stuck,,,"Cleaning Up, Resetting My Space, Task Initiation",broom,,,,"Avoidant, Cannot Finish, Task Initiation",,,"Avoidant, Disorganized, Frozen",$,Gamification,,Gamified,Portable Supply Station,"Cleaning, Focus Enhancement, Task Initiation",,When missing supplies interrupt cleaning momentum,Starts Small
Mood Boost Menu,No,"### 🎵 Energize with Music

Create a personalized list of motivation boosters that actually work for you, like that one song or video that lifts your spirits. When your working memory feels overloaded, simply choose a quick boost from your kit to help with task initiation. For example, if you're struggling to start writing, put on a favorite song and dance for a few minutes to shift your energy and focus.",Include dopamine activity suggestions categorized by time and energy requirements,"Emotional Dysregulation, Task Initiation, Time Blindness",,"Crash Recovery, Low Energy, Wired but Tired","### 🎉 Personal Dopamine Menu

#### When to Use:
- When feeling unmotivated
- During low energy moments
- To break out of a stuck state

#### How It Works:
- Create a menu of quick mood-boosting activities
- Select tasks based on your energy level
- Engage in activities like a fun dance break or watching cute animal videos

#### Examples:
- Take a 5-minute dance break 💃
- Watch cute animal videos 🐶
- Do a quick workout 🏋️‍♂️

#### Why It Helps:
- Boosts motivation and engagement 🎯
- Prevents aimless scrolling 📱
- Supports emotional regulation and focus 🧠",Drained,Stuck,,,"Staying focused, Task Initiation",trending-up,,,,"Can't Start, Poor Time Estimation",,,"Avoidant, Frozen",Free,"Challenge, Checklist, Routine",,Embodied,Dopamine Regulation Toolkit,Emotional Regulation,,When you need reliable mood boosters,"Dopamine Activation, Executive Function Support, Externalizes Tasks"
Morning Person Hacks,No,"### 🍽️ Make Cooking Fun

Combine meal prep with activities you enjoy, like listening to podcasts or chatting with friends. This strategy helps combat boredom and low motivation, making kitchen tasks feel less tedious. By pairing cooking with enjoyable distractions, you can enhance your working memory and improve task initiation, transforming the kitchen into a space you look forward to engaging with.",Include multiple morning hack options and troubleshooting guides,"Emotional Dysregulation, Inertia, Task Initiation",,"Low Energy, Restless, Wired but Tired","### 🌅 Morning Success Toolkit

#### When to Use:
- When mornings are consistently difficult
- To overcome procrastination
- During quick task management moments

#### How It Works:
- Place your alarm across the room
- Solve math problems to turn off the alarm
- Pair it with a special breakfast for motivation

#### Examples:
- Engaging your mind first thing in the morning
- Rewarding yourself with a favorite meal if you get up on time

#### Why It Works:
- Engages your brain, helping to overcome morning inertia
- Creates a positive association with waking up early
- Supports emotional regulation and task initiation",Drained,Stuck,,,"Overcoming Procrastination, Quick Task Management, Task Initiation",sunrise,,,,"Can't Start, Poor Time Estimation",,,"Avoidant, Frozen",Free,"Gamification, Quick Fix",The Anti-Planner by Dani Donovan,Gamified,Morning Success Toolkit,"Planning, Task Initiation",,When mornings are consistently difficult,"Emotional Regulation, Freeing Up Working Memory, Gamifies Action"
Motivation Emergency Kit,No,"### 📝 Prioritize Your Tasks

Split your to-do list into two columns: 'must-haves' for the essentials and 'nice-to-haves' for extra tasks. This strategy helps combat time blindness and overwhelm by allowing you to focus on what truly matters first. By completing the must-haves, you can boost your confidence and create a sense of accomplishment, even if you don't finish everything on your list.","Create template with different categories: 2-minute, 5-minute, and 10-minute boosters","Emotional Dysregulation, Task Initiation, Working Memory Engagement",,"Low Energy, Overwhelmed, Wired but Tired","### 🎵 Energize Your Day with Music

#### When to Use:
- When feeling drained or unmotivated
- During moments of emotional dysregulation
- When needing a quick energy boost

#### How It Works:
- Create a playlist of your favorite motivating songs
- Choose a quick track to energize yourself
- Dance or move around for a few minutes to boost energy

#### Examples:
- Play your go-to high-energy song 🎶
- Watch an inspiring music video 🎥
- Dance it out in your living room 💃

#### Why It Helps:
- Energizes and uplifts your mood 🌟
- Helps clear mental fog and refocus 🧠
- Provides a quick and effective reset for motivation 🔄",Drained,Stuck,,,"Focus Enhancement, Overcoming Procrastination, Task Initiation",list,,,,"Can't Start, Poor Time Estimation",,,"Avoidant, Discouraged, Overthinking",Free,"Checklist, Routine",The Anti-Planner by Dani Donovan,,Personal Motivation Toolkit,"Emotional Regulation, Focus Enhancement, Task Initiation",,When motivation has completely disappeared,"Externalizes Tasks, Frees Up Working Memory, Gamifies Action"
Multitasking Meals,No,"### 🔍 Excuse Buster List

Create a two-column list of your go-to excuses paired with a reality check. This strategy helps with task initiation by allowing you to recognize and counter procrastination patterns in real-time. For example, if you think, ""I need several uninterrupted hours,"" remind yourself that you can gather receipts for just 10 minutes today. Starting small is better than waiting for the perfect moment that may never come.",Include activity pairing suggestions and safety considerations,"Emotional Dysregulation, Inertia, Task Initiation",,Low Energy,"### 🍽️ Cooking Made Enjoyable

#### When to Use:
- When meal prep feels tedious
- During low-energy days
- To make cooking a social activity

#### How It Works:
- Combine cooking with enjoyable activities
- Listen to podcasts or audiobooks
- Chat with friends while preparing meals

#### Why It Helps:
- Makes cooking feel less like a chore
- Engages multiple senses for a richer experience
- Boosts motivation through social interaction",Drained,Stuck,,,Finding motivation,utensils,,,,"Avoidant, Bored, Task Initiation",,,"Avoidant, Frozen",Free,"Checklist, Routine",The Anti-Planner by Dani Donovan,"Interactive, Sensory",Efficient Meal Strategy,,,When cooking and kitchen tasks feel tedious,"Externalizes Tasks, Frees Up Working Memory, Minimizes Friction"
Must-Haves First Method,No,"### 💡 Challenge Negative Thoughts

Catch and challenge your negative thought patterns, like ""I'm terrible at this."" Write down the thought, identify its type (e.g., catastrophizing), and create a more realistic alternative. This strategy helps improve working memory by externalizing thoughts, making it easier to process and reframe them. Remember, it's about being kinder to yourself and managing those spiraling feelings.","Provide templates for different scenarios (events, work projects, daily tasks)","Executive Dysfunction, Task Structuring, Time Blindness",,Burnout,"### 📝 Essential Task Prioritization

#### Purpose:
- Helps focus on what’s most important
- Reduces feelings of overwhelm
- Boosts a sense of accomplishment

#### When to Use:
- When your to-do list feels overwhelming
- During busy work periods
- When facing executive dysfunction

#### How It Works:
- Divide your tasks into 'must-haves' and 'nice-to-haves'
- Concentrate on ‘must-haves’ first
- Revisit 'nice-to-haves' when essential tasks are completed

#### Examples:
- Must-Haves: Submit project report, Attend important meeting
- Nice-to-Haves: Organize workspace, Plan next week’s agenda

#### Why It Works:
- Externalizes tasks for clarity
- Gamifies action by rewarding task completion
- Starts small to build momentum",Frustrated,Defeated,,,"Managing my schedule, Planning my time, Task Initiation Support",calendar,,,,"Cannot Finish, Task Initiation",,,Frozen,Free,Checklist,The Anti-Planner by Dani Donovan,"Interactive, Task Simplification, Time Management",Priority Triage System,"Planning, Time Planning",,When your to-do list feels overwhelming,"Externalizes Tasks, Gamifies Action, Starts Small"
My Favorite Excuses,No,"### 🍽️ Make Meals Engaging

Eat meals while doing something enjoyable, like watching a show or listening to a podcast. This strategy tackles time blindness by making mealtime more stimulating, which can prevent you from skipping meals due to boredom. Try pairing lunch with a 20-minute video you love; this keeps your working memory engaged and ensures you finish your meal instead of wandering away mid-bite.",Add common ADHD excuses as starter examples,Task Initiation,,,"### 🔍 Excuse Buster in Action

#### Common Excuses to Address:
- ""I need several uninterrupted hours."" ⏳
- ""I'm too busy right now."" 📅
- ""This task is too big to start."" 🚧

#### Realistic Responses:
- Remind yourself that you can take just 10 minutes to gather receipts today. 🗂️
- Break the task into smaller steps; start with one small action. ✨
- Schedule short time blocks to tackle parts of the task. 📋

#### Why This Works:
- Creates accountability by acknowledging excuses. 🙌
- Externalizes tasks, making them feel more manageable. 📝
- Encourages small steps, making it easier to start. 🚀

#### When to Use:
- When excuses are blocking you from starting. 🚷
- During moments of procrastination. ⏲️
- When feeling overwhelmed by tasks. 😣",Anxious,Ashamed,,,"Maintaining Focus, Overcoming Procrastination, Task Initiation",rotate-cw,,,,"Avoidant, Can't Start",,,"Avoidant, Frozen",Free,"Checklist, Gamified",The Anti-Planner by Dani Donovan,Gamified,Excuse Buster List,Task Initiation Support,,When excuses are blocking you from starting,"Creates Accountability, Externalizes Tasks, Starts Small"
Negative Thought Spotter,No,"### ⏰ Triple Reminder SystemSet multiple reminders for important appointments using phone alerts, calendar notifications, and sticky notes. This strategy helps combat working memory failures by creating external structures that keep you accountable and reduce the chance of forgetting. For best results, schedule reminders well in advance—one week, one day, and two hours before—and reinforce them with visual cues like sticky notes in your environment.",Include common thought traps reference sheet and reframing examples,"Emotional Dysregulation, Task Structuring, Working Memory Engagement",,,"### 💡 Thought Pattern Detective: Spotting Negative Thoughts

#### When to Use:
- When feelings of shame arise 😔
- During moments of guilt 😟
- When negative thoughts begin to spiral 🔄

#### How It Works:
- Catch your negative thoughts in the moment
- Write them down to externalize the feelings
- Identify the thought type (e.g., catastrophizing)
- Create a realistic alternative thought

#### Examples:
- Instead of “I’m terrible at this,” try “I’m learning and improving.”
- Change “I should have done better” to “I did my best with the information I had.”

#### Why It Helps:
- Encourages self-compassion ❤️
- Manages emotional dysregulation
- Reduces spiraling thoughts and anxiety",Ashamed,Guilty,,,"Being Kinder to Myself, Calming Down",lightbulb,,,,"Anxious, Poor Time Estimation, Spiraling",,,,Free,"Checklist, Gamified","CBT, The Anti-Planner by Dani Donovan","Gamified, Interactive, Reflective Practice",Thought Pattern Detective,"Emotional Regulation, Self-Compassion",,When negative thoughts are spiraling,"Externalizes Tasks, Gamifies Action"
Never Eat Alone,No,"### 🍝 Quick Meal Solutions
Create a short list of 5-7 meals that you can prepare with minimal decisions and effort. This strategy helps combat decision fatigue and supports task initiation by providing easy, go-to options when you're feeling overwhelmed. When you come home exhausted, instead of staring blankly at your fridge, simply refer to your list and choose a meal that takes little time to make, allowing you to eat well without the stress of planning.",Include engaging activity suggestions and mindful eating balance tips,"Emotional Dysregulation, Time Blindness, Working Memory Engagement",,"Low Energy, Restless, Wired but Tired","### 🍽️ Making Meals Fun

#### When to Use:
- During lunch or dinner
- When feeling bored about mealtime
- To encourage consistent eating habits

#### How It Works:
- Pair meals with enjoyable activities
- Watch a favorite show or listen to a podcast while eating
- Focus on the meal to prevent skipping it

#### Examples:
- Enjoy a 20-minute video during lunch 🍿
- Listen to an engaging podcast while having dinner 🎧

#### Why It Works:
- Makes mealtime exciting and engaging 🎉
- Helps to remember to eat instead of skipping meals
- Reduces feelings of boredom associated with eating",Drained,Stuck,,,Finding motivation,sliders,,,,"Avoidant, Task Initiation",,,"Avoidant, Frozen",Free,"Checklist, Routine",The Anti-Planner by Dani Donovan,"Interactive, Sensory",Social Eating Strategy,,,When eating feels boring and gets skipped,"Externalizes Tasks, Frees Up Working Memory"
Never-Miss Reminder System,No,"### 🥗 Quick Meal Solutions
Create a no-cook meal list to simplify your food choices when cooking feels overwhelming. This strategy helps combat decision fatigue and supports task initiation by providing ready-to-eat options that require zero preparation. For best results, keep this list easily accessible on your phone, so you can quickly scan and choose meals even on low-energy days.",Include reminder timing strategies and multiple backup systems,"Environmental Cues, Task Structuring, Working Memory Failures",,Wired but Tired,"### ⏰ Triple Reminder System

#### When to Use:
- Important appointments
- Meetings or deadlines
- Events requiring timely reminders

#### How It Works:
- Set three reminders:
- One week in advance
- One day in advance
- Two hours in advance
- Use multiple notification methods for effectiveness

#### Examples:
- Phone alerts for immediate reminders 📱
- Calendar notifications for scheduling 📅
- Sticky notes placed in visible areas 📝

#### Why It Works:
- Provides clear reminders and visual cues
- Reduces chances of forgetting important tasks
- Helps in managing time effectively",Forgetful,Ashamed,,,"Managing my schedule, Planning my time",bell,,,,"Forgetful, Missed Appointments, Poor Time Estimation",,,Avoidant,Free,"Accountability, Checklist",,"Task Simplification, Time Management",Multi-Layer Memory Support,"Planning, Time Planning",,When you frequently forget important appointments,"Externalizes Tasks, Frees Up Working Memory, Provides External Structure"
No-Brainer Meals,No,"### 🛒 Curbside Grocery Pickup

Order groceries online and use curbside pickup to simplify your shopping trips. This strategy helps combat sensory overload and improves task initiation by allowing you to focus on your list without the distractions of a busy store. By minimizing decision fatigue and providing a clear structure, you can efficiently manage errands and reduce anxiety while shopping.",Include meal suggestions for different dietary needs and prep levels,"Decision Fatigue, Task Initiation, Working Memory Engagement",,"Crash Recovery, Low Energy, Overwhelmed","### 🍝 Quick Meal Solutions

#### When to Use:
- When you’re feeling overwhelmed after a long day
- On busy weeknights with little time to cook
- When decision fatigue sets in

#### How It Works:
- Create a list of 5-7 quick meals
- Focus on meals that require minimal preparation
- Keep the list accessible for easy reference

#### Examples:
- Pasta with store-bought sauce 🍝
- Grilled cheese and soup 🥪
- Stir-fried vegetables with pre-cooked rice 🍚
- Rotisserie chicken with a side salad 🥗
- Tacos with pre-prepped fillings 🌮

#### Why It Works:
- Reduces decision fatigue 💡
- Makes cooking feel less daunting 🚀
- Allows for quick and satisfying meals without stress",Stuck,Overwhelmed,,,"Overcoming Procrastination, Quick Task Management, Task Initiation Support",trending-up,,,,"Cant Decide, Task Initiation",,,"Avoidant, Frozen",Free,Checklist,The Anti-Planner by Dani Donovan,Sensory,Minimal Decision Cooking,Decision Making,,When meal decisions feel overwhelming,"Externalizes Tasks, Frees Up Working Memory, Reduces Decision Fatigue"
No-Cook Meal Guide: 100 Ready-to-Eat Options,No,"### 🍽️ Decision-Free Eating

Grab a list of easy meal options to eliminate the stress of deciding what to eat. This strategy helps combat decision fatigue, a common challenge for those with ADHD, by providing a ready-made plan that supports task initiation. Stick this list on your fridge so you can quickly choose a meal without overthinking, ensuring you actually eat instead of being overwhelmed by choices.",Add visual icons for each category to make scanning faster,"Decision Fatigue, Task Initiation, Working Memory Engagement",,"Low Energy, Overwhelmed, Wired but Tired","### 🍽️ Quick Meal Solutions for Low-Energy Days

#### Purpose:
- To simplify meal choices when cooking feels daunting
- To reduce decision fatigue for easier meal selection

#### When to Use:
- On days when energy is low
- When feeling overwhelmed by cooking
- During busy schedules or unexpected events

#### How It Works:
- Keep a list of ready-to-eat options handy
- Grab meals without any preparation needed
- Select meals based on mood or cravings

#### Examples:
- Pre-packaged salads 🥗
- Canned soups 🍲
- Deli meats with whole-grain bread 🥪
- Fresh fruit and nut butter 🍏

#### Why It Works:
- Minimizes friction and barriers to eating
- Provides quick access to nutritious options
- Supports maintaining energy levels without stress",Drained,Stuck,,,"Quick Task Management, Starting Something Hard, Task Initiation Support",life-buoy,,,,"Avoidant, Can't Start",,,"Avoidant, Overthinking",Free,Checklist,https://blackgirllostkeys.com/adhd/100-no-cook-meal-items/,"Incremental Motivation, Task Simplification",100 No-Cook Meal Ideas,Cleaning,,When cooking feels impossible but you need to eat,"Externalizes Tasks, Minimizes Friction, Reduces Decision Fatigue"
No-Stress Shopping System,No,"### 🎧 Focus with Noise-Cancelling Headphones
Put on noise-cancelling headphones to create a distraction-free environment that enhances your concentration. This strategy helps combat time blindness by reducing auditory overwhelm, allowing your brain to focus on tasks without the interference of background noise. Consider different headphone options based on your budget and needs to find the best fit for your sensory preferences.",Include ordering strategies and store comparison tips,"Decision Fatigue, Emotional Dysregulation, Task Initiation",,"Burnout, Overstimulated, Wired but Tired","### 🛒 Curbside Grocery Pickup Made Easy

#### Why Choose This Option?
- Perfect for avoiding busy stores and distractions.
- Helps stick to your grocery list.
- Reduces stress during shopping.

#### How It Works:
- Order groceries online from your favorite store.
- Choose a time slot for pickup.
- Drive to the store and collect your order without leaving your car.

#### When to Use:
- When feeling overwhelmed by shopping environments.
- On busy days when time is limited.
- To avoid decision fatigue in a crowded store.

#### Why It Works:
- Minimizes friction by allowing you to shop from home.
- Provides external structure with ready-made lists.
- Reduces emotional dysregulation by simplifying the process.",Overstimulated,Overwhelmed,,,"Maintaining Focus, Overcoming Procrastination, Quick Task Management",shopping-cart,,,,"Poor Time Estimation, Sensory Overload",,,"Frozen, Time Blind",Free,"Checklist, Routine",,Sensory,Friction-Free Errands,,,When shopping environments feel overwhelming,"Minimizes Friction, Provides External Structure, Reduces Decision Fatigue"
No-Think Food Playbook,No,"### 📝 Quick Thought Capture

Use note-taking apps with robust search functionality to capture ideas on-the-go. This strategy is effective for managing working memory failures, allowing you to quickly jot down thoughts and access them later. Choose apps that sync across devices and support voice-to-text input, making it easier to keep track of your ideas without the overwhelm of forgetting them later.",Organize by prep time and include options for different dietary needs,"Decision Fatigue, Task Initiation, Working Memory Engagement",,"Overwhelmed, Shutdown","### 🍽️ Easy Meal Planning Made Simple

#### When to Use:
- When feeling decision fatigue about meals
- During busy days with little time to plan
- When trying to accommodate different dietary needs

#### How It Works:
- Keep a list of easy meal options on your fridge
- Choose meals based on what you have available
- Rotate options to keep it fresh and exciting

#### Examples:
- Quick salads with pre-chopped veggies 🥗
- Simple pasta dishes with different sauces 🍝
- One-pan meals for easy cleanup 🍽️

#### Why It Works:
- Reduces the stress of meal decisions 😌
- Provides a structured way to choose meals easily
- Helps avoid feelings of overwhelm by limiting choices",Stuck,Overwhelmed,,,"Overcoming Procrastination, Quick Task Management, Task Initiation Support",tasks,,,,"Avoidant, Can't Decide",Parent,,"Frozen, Overthinking",Free,Gamification,The Anti-Planner by Dani Donovan,"Gamified, Interactive",Emergency Meal System,Decision Making,,When decision fatigue is preventing you from eating,"Externalizes Tasks, Provides External Structure, Reduces Decision Fatigue"
Noise-Cancelling Headphones,No,"### 🧹 Gamified Cleaning Adventure

Assign numbers to cleaning tasks in your space to make the process feel like a game. This strategy helps with task initiation by breaking down overwhelming cleaning tasks into manageable sections, reducing decision fatigue. Roll a die to determine which section to clean next, allowing you to focus on one area at a time for a set period. With a clear structure, you can tackle clutter without feeling stuck or overwhelmed.",Include headphone recommendations for different budgets and use cases,"Decision Fatigue, Emotional Dysregulation, Time Blindness",Urban,"Overstimulated, Overwhelmed","### 🎧 Focus with Noise-Cancelling Headphones

#### When to Use:
- When environmental noise disrupts focus
- During work or study sessions
- In crowded or busy settings

#### How It Works:
- Wear noise-cancelling headphones to block out distractions
- Create a personal quiet space for better concentration
- Choose headphones that suit your budget and preferences

#### Examples:
- Use headphones while studying at a library 📚
- Wear them during a busy commute 🚆
- Use them in an open office environment 🏢

#### Why It Helps:
- Reduces decision fatigue by simplifying the sensory environment
- Enhances sensory engagement leading to improved focus
- Supports emotional regulation by minimizing overwhelm",Overstimulated,Overwhelmed,,,"Starting Something Hard, Staying focused",phone,,,,"Can't Focus, Forgetful, Sensory Overload",,,"Avoidant, Frozen",$$,Gamification,,"Gamified, Interactive",Sensory Management Tool,"Emotional Regulation, Work",,When environmental noise is disrupting focus or causing overwhelm,"Reduces Decision Fatigue, Sensory Engagement"
Note-Taking Apps,No,"### ⚡️ Tackle Tasks Immediately

Handle tasks right away to prevent them from piling up and overwhelming you. This strategy helps with task initiation by breaking down actions into manageable moments, making it easier to stay focused and organized. For example, when you receive mail, sort it immediately instead of letting it accumulate, which can trigger feelings of being stuck or overwhelmed. By investing just a couple of minutes, you can maintain a clearer space and mind.",Include key features for ADHD needs and organization strategies,Working Memory Failures,,,"### 📝 Quick Idea Capture

#### When to Use:
- When thoughts come to mind unexpectedly
- During brainstorming sessions
- While attending meetings or lectures

#### How It Works:
- Use note-taking apps with strong search features
- Capture ideas quickly as they arise
- Sync across devices for accessibility

#### Examples:
- Jotting down a spontaneous thought in a meeting
- Recording an idea while commuting
- Using voice-to-text to capture thoughts hands-free

#### Why It Works:
- Helps prevent forgetfulness
- Keeps thoughts organized and accessible
- Externalizes tasks, minimizing mental friction",Forgetful,Ashamed,,,"Starting Something Hard, Staying focused",diamond,,,,"Disorganized, Poor Time Estimation, Task Initiation",,,Avoidant,$,Quick Fix,,,Information Capture Tools,"Focus Enhancement, Task Initiation Support, Work",,When thoughts and information need reliable external storage,"Externalizes Tasks, Minimizes Friction"
Numbered Cleaning Game,No,"### 🍽️ Simplify Meal Cleanup

Give yourself permission to use paper plates and disposable utensils for a limited time. This strategy helps reduce task initiation barriers, allowing you to focus on eating well instead of being overwhelmed by dishwashing. By minimizing friction during stressful periods, like work deadlines, you can better manage your executive function challenges and maintain proper nutrition without the burden of cleanup.",Add printable room division templates and timer suggestions,"Decision Fatigue, Task Initiation, Working Memory Engagement",,"Overwhelmed, Shutdown, Wired but Tired","### 🧹 Gamified Cleaning Adventure

#### Feeling Overwhelmed?
- Cleaning can feel like a huge task 😟
- Breaking it down makes it manageable

#### How to Play:
- Number your cleaning tasks
- Roll a die to choose which area to clean next 🎲
- Focus on that area for 15 minutes ⏳

#### When to Use:
- When cleaning feels too daunting
- During moments of decision fatigue
- To overcome task initiation barriers

#### Why It Works:
- Turns cleaning into a game 🎮
- Breaks down complex tasks into smaller, manageable parts
- Keeps you engaged and focused on a single task
- Reduces clutter step by step",Stuck,Overwhelmed,,,"Cleaning Up, Resetting My Space, Task Initiation",broom,,,,"Can't Start, Disorganized",,,"Frozen, Overthinking",Free,"Challenge, Checklist, Gamification",The Anti-Planner by Dani Donovan,"Gamified, Interactive",Systematic Organization Strategy,"Cleaning, Focus Enhancement, Task Initiation",,When cleaning feels overwhelming and you don't know where to start,"Breaks Down Complexity, Externalizes Tasks, Gamifies Action"
One Touch Rule,No,"### 🗂️ Simplified File Organization

Sort your digital chaos into just four folders: Projects, Areas, Resources, and Archive. This method helps ease working memory challenges by providing a clear structure, making it easier to find what you need without feeling overwhelmed. Create these folders on your desktop to ensure you're not sifting through random files, which can exacerbate time blindness and forgetfulness. With this system, you can quickly locate important documents and stay on top of your responsibilities.",Include one-touch examples for different areas of life and habit-building tips,Task Initiation,,"Crash Recovery, Low Energy, Overwhelmed","### ⚡️ Tackle Tasks Immediately: Quick Action Guide

#### The Problem:
- Tasks can feel overwhelming when left undone
- Small tasks accumulate into larger stressors
- Initiating tasks becomes increasingly difficult

#### Immediate Actions:
- Handle tasks right away to keep your space and mind clear
- Sort your mail as soon as you receive it 📬
- Respond to emails immediately instead of letting them pile up 💻

#### When to Use:
- When you feel overwhelmed by small tasks accumulating
- During transitions throughout your day
- At the end of the day to clear your mind for the next

#### Why It Works:
- Breaks down complexity by addressing tasks right away
- Minimizes friction and procrastination
- Encourages a habit of quick decision-making",Stuck,Overwhelmed,,,"Staying focused, Task Initiation",settings,,,,"Can't Start, Task Initiation",,,"Avoidant, Disorganized",Free,Quick Fix,The Anti-Planner by Dani Donovan,"Task Simplification, Time Management",Immediate Action Principle,"Focus Enhancement, Task Initiation, Time Planning",,When small tasks accumulate into overwhelming piles,"Breaks Down Complexity, Minimizes Friction, Starts Small"
Paper Plate Hack,No,"### 📝 Capture and Release

Create a “parking lot” document to quickly jot down distracting thoughts or tasks while you focus. This technique helps externalize your thoughts, making it easier to manage working memory and reducing feelings of being scattered. When an idea disrupts your concentration, simply write it down and return to your task, ensuring you won’t forget it later.",Include cost considerations and transition strategies back to regular dishes,"Decision Fatigue, Executive Dysfunction, Task Initiation",,"Burnout, Frozen/Shut Down, Low Energy","### 🍽️ Simplified Meal Cleanup Strategy

#### When to Use:
- During busy or stressful times
- When dishwashing prevents you from eating well
- If you're feeling drained or stuck

#### How It Works:
- Use paper plates and disposable utensils temporarily
- Focus on enjoying your meals without the cleanup worry
- Reduce the hassle of dishwashing

#### Examples:
- Have a paper plate meal after a long day at work
- Use disposable utensils for a picnic or quick meal prep

#### Why It Works:
- Frees up working memory
- Minimizes friction in meal preparation
- Reduces decision fatigue, making it easier to eat well",Drained,Stuck,,,"Overcoming Procrastination, Quick Task Management, Starting Something Hard",settings,,,,"Avoidant, Can't Start",Working Professional,,"Avoidant, Frozen",$,"Engaging Gamification, Gamification",How to Keep House While Drowning by KC Davis,Gamified,Disposable Convenience Strategy,"Decision Making, Task Initiation Support",,When dish washing is preventing you from eating well,"Freeing Up Working Memory, Minimizes Friction, Reduces Decision Fatigue"
PARA Digital Organization,No,"### 🔒 Secure Your Logins

Use a password manager to automatically generate and store secure passwords, eliminating the need to remember multiple passwords. This tool significantly reduces working memory load, minimizing the risk of being locked out of accounts and allowing for seamless access without the stress of memory failures. By streamlining your login process, you can stay focused and maintain productivity, avoiding interruptions in your workflow.",Include setup guides and file naming conventions for each category,"Executive Dysfunction, Time Blindness, Working Memory Failures",,"Overwhelmed, Restless, Wired but Tired","### 📂 Simplified File Organization

#### The Challenge:
- Digital files can become chaotic and hard to locate.
- Overwhelm from scattered documents can hinder productivity.

#### How to Organize:
- Create four main folders:
- Projects: For current work.
- Areas: For different life categories (e.g., Work, Personal).
- Resources: For helpful materials and references.
- Archive: For completed projects and old files.

#### When to Use:
- When your digital workspace feels cluttered.
- At the start of a new project to establish structure.
- Regularly, to maintain organization and prevent chaos.

#### Why It Works:
- Helps you find what you need quickly 🏃‍♂️
- Reduces feelings of overwhelm and frustration 😌
- Frees up mental space by externalizing tasks 🧠",Frustrated,Defeated,,,"Staying focused, Task Initiation",layout,,,,"Can't Finish, Forgetful, Poor Time Estimation",,,"Avoidant, Disorganized, Frozen",Free,Gamification,,"Gamified, Interactive",Four-Folder File System,"Time Planning, Work",,When digital files are chaotic and hard to find,"Externalizes Tasks, Frees Up Working Memory, Minimizes Friction"
Parking Lot Method,No,"### 💾 Automatic Data Backup

Set up automatic backup apps to continuously save your important files to the cloud. This strategy helps alleviate anxiety about data loss, addressing challenges like working memory and task initiation by providing a structured way to ensure your information is safe. Knowing your data is protected reduces background stress, allowing you to focus on other tasks without the worry of losing essential documents or photos.",Include parking lot formats and review scheduling suggestions,"Emotional Dysregulation, Task Structuring, Working Memory Failures",,"Overwhelmed, Wired but Tired","### 📝 Quick Capture for Focus

#### What is It?
- A strategy to jot down distracting thoughts
- Helps clear the mind for better focus

#### When to Use:
- When random thoughts interrupt your work
- During intense focus sessions
- In high-pressure situations

#### How It Works:
- Create a “parking lot” document
- Jot down thoughts as they come
- Return to your main task without losing focus

#### Benefits:
- Externalizes tasks for better management
- Provides structure for your thoughts
- Keeps you on track with what matters

#### Why It Helps:
- Reduces feelings of overwhelm
- Enhances focus by clearing mental clutter
- Allows you to prioritize important ideas without distraction",Scattered,Overwhelmed,,,"Starting Something Hard, Staying focused",fast-forward,Women,,,"Can't Focus, Forgetful, Poor Time Estimation",,,"Discouraged, Frozen, Overthinking",Free,Quick Fix,The Anti-Planner by Dani Donovan,Sensory,Thought Management System,"Focus Enhancement, Work",,When random thoughts interrupt your focus,"Externalizes Tasks, Provides External Structure"
Password Manager Apps,No,"### 🚀 Quick Motivation Boost

Watch short motivational videos to overcome feelings of being stuck or drained. These videos activate dopamine, helping with task initiation and breaking down complex projects into manageable steps. Limit your viewing to clips under 5 minutes to stay focused and avoid distractions, making it easier to get started on tasks that feel overwhelming.",Include security benefits and setup strategies,"Decision Fatigue, Emotional Dysregulation, Working Memory Failures",,"Burnout, Crash Recovery, Overstimulated","### 🔒 Simplifying Password Management

#### The Challenge:
- Forgetting multiple passwords can lead to frustration 😩
- Getting locked out of accounts causes stress 😟
- Managing passwords manually is time-consuming ⏳

#### How This Helps:
- A password manager securely stores your passwords 🔐
- Automatically generates strong passwords to enhance security 🛡️
- Frees up mental space, allowing you to focus on other tasks 💡

#### When to Use:
- When you frequently forget passwords
- During account setup or transitions
- When managing multiple accounts becomes overwhelming

#### Why It Works:
- Reduces decision fatigue related to password choices 🧠
- Minimizes emotional stress from password-related issues 😌
- Helps maintain organization and accessibility across accounts 📊",Forgetful,Ashamed,,,"Starting Something Hard, Staying focused",watch,,,,"Avoidant, Disorganized, Task Initiation",,,Avoidant,$$,Gamification,,"Gamified, Interactive",Security Simplification Tools,"Task Initiation Support, Work",,When password management creates workflow interruptions,"Frees Up Working Memory, Minimizes Friction"
Peace-of-Mind Backup System,No,"### 📝 Permission to Prioritize Self-Care

Write yourself permission slips for activities that often induce guilt, like resting or ordering takeout. This strategy helps combat time blindness and task initiation challenges by providing a tangible reminder that prioritizing your well-being is essential. Keep your slips visible to reinforce the idea that it's okay to choose convenience when you need it most.",Include backup strategy recommendations and peace of mind benefits,"Emotional Dysregulation, Executive Dysfunction, Task Initiation",,"Crash Recovery, Low Energy, Wired but Tired","### 💾 Data Backup Made Simple

#### Why This Matters:
- Avoid the anxiety of potential data loss 🥴
- Keep your important files safe and secure 📂
- Focus on your tasks without stress

#### How to Set It Up:
- Choose an automatic backup app 💻
- Schedule regular backups to the cloud ☁️
- Ensure all important files are included in the backup

#### When to Use:
- Whenever you feel overwhelmed by data loss concerns 😟
- Before and after major projects or events 🎉
- Regularly, to maintain peace of mind

#### Benefits:
- Reduces stress related to losing documents and photos 😌
- Allows for a more organized digital life 📊
- Provides a safety net for your important data 🔒",Frustrated,Defeated,,,"Starting Something Hard, Staying focused",hard-drive,,,,"Anxious, Avoidant, Task Initiation",,,Avoidant,$$,Checklist,,"Gamified, Incremental Engagement",Data Protection Safety Net,Emotional Regulation,,When data loss anxiety creates background stress,"Externalizes Tasks, Gamifies Action"
Pep Talk Playlist,No,"### 🏆 Challenge Yourself

Transform boring tasks into exciting personal challenges by timing how quickly you can complete them. This strategy helps combat time blindness and task initiation issues by turning mundane chores into games, making them more engaging. For instance, set a timer when folding laundry and aim to beat your previous score next time. This gamification encourages accountability and motivation, making routine tasks feel less daunting.",Limit to videos under 5 minutes to prevent rabbit holes,"Emotional Dysregulation, Inertia, Task Initiation",,"Low Energy, Overwhelmed, Wired but Tired","### 🚀 Quick Motivation Boost

#### When to Use:
- Feeling drained and needing a quick energy lift
- Facing overwhelming tasks that seem unmanageable
- Moments of emotional dysregulation

#### How It Works:
- Watch short motivational videos under 5 minutes
- Focus on clips that energize and inspire action
- Helps break down projects into manageable steps

#### Examples:
- A 3-minute video on overcoming procrastination
- An inspiring talk about achieving small goals
- Quick success stories from everyday people

#### Why It Helps:
- Provides a dopamine boost to kickstart motivation
- Externalizes tasks, making them feel less daunting
- Encourages task initiation by starting small",Drained,Stuck,,,"Focus Enhancement, Task Initiation",list,,,,"Can't Start, Poor Time Estimation",,,"Avoidant, Frozen",Free,Gamification,The Anti-Planner by Dani Donovan,"Gamified, Visual",Motivational Video Collection,"Emotional Regulation, Time Planning",,When you need a quick motivation boost,"Breaking Down Complexity, Dopamine Activation, Externalizes Tasks, Starts Small"
Permission Slips,No,"### 🚨 Spot Burnout Early

Create a personalized list of your unique burnout warning signs, like irritability and forgetfulness. This strategy helps with working memory by externalizing tasks, allowing you to recognize when you’re nearing exhaustion. When you notice multiple signs, it's a signal to implement your burnout prevention plan, such as canceling commitments or scheduling a meal. This proactive approach can prevent overwhelm and help manage your energy effectively.",Include common permission slip examples and guilt-reduction techniques,"Task Initiation, Time Blindness",,"Burnout, Low Energy, Wired but Tired","### 📝 Permission to Prioritize Self-Care

#### Understanding the Need for Self-Care:
- Feeling guilty about resting? 😟
- It's essential to take time for yourself!

#### How to Use Permission Slips:
- Write slips for activities that make you feel guilty, like ordering takeout or taking a nap.
- Keep them visible as a reminder for self-kindness. 🧘‍♀️

#### Common Examples of Permission Slips:
- ""I permit myself to rest today. 🛌""
- ""I allow myself to enjoy takeout for dinner. 🍕""

#### Why It Works:
- Externalizes tasks and provides structure. 📋
- Reduces feelings of guilt and encourages self-care.
- Helps you prioritize your mental health and well-being. 💖",Ashamed,Guilty,,,Being Kinder to Myself,target,,,,"Poor Time Estimation, Spiraling, Task Initiation",,,"Frozen, Overthinking",Free,Checklist,The Anti-Planner by Dani Donovan,Visual,Self-Authorization System,,,When guilt is preventing self-care or practical choices,"Externalizes Tasks, Provides External Structure"
Personal Best Challenge,No,"### 🤝 Personalized ADHD Coaching

Work with a specialized ADHD coach to develop strategies tailored to your unique challenges. This approach directly addresses executive dysfunction by creating accountability systems that help improve organization and time management. Expect to identify your specific patterns and receive ongoing support that makes a significant difference in your daily life.",Include tracking sheets and suggested metrics for different tasks,"Inertia, Task Initiation, Time Blindness",,"Low Energy, Wired but Tired","### 🏆 Challenge Yourself: Transforming Chores into Games

#### The Problem:
- Routine tasks can feel tedious and overwhelming.
- Motivation can wane when facing mundane chores.
- Inertia and time blindness make starting difficult.

#### The Solution:
- Turn tedious tasks into timed challenges.
- For example, try folding laundry faster each time.
- Engage in self-competition to spice up the process.

#### When to Use:
- When routine tasks feel boring.
- During moments of low energy or motivation.
- To overcome procrastination on household chores.

#### Why It Works:
- Breaks down complexity of chores into fun challenges.
- Frees up working memory by gamifying action.
- Keeps you engaged and motivated through self-competition.
- Incorporate tracking sheets and metrics for progress.",Drained,Stuck,,,"Cleaning Up, Overcoming Procrastination, Quick Task Management",trophy,,,,"Avoidant, Can't Start",,,"Avoidant, Frozen",Free,"Challenge, Gamified, Quick Fix",The Anti-Planner by Dani Donovan,Gamified,Self-Competition Game,"Cleaning, Focus Enhancement, Task Initiation",,When routine tasks feel boring,"Breaks Down Complexity, Frees Up Working Memory, Gamifies Action"
Personal Burnout Radar,No,"### 📞 Call for Support

Reach out to a friend who understands your ADHD challenges when you're feeling stuck or overwhelmed. This strategy leverages external perspective to help with task initiation and break down projects into manageable steps. By sharing your thoughts, you create accountability and reduce decision fatigue, making it easier to move forward. Don't hesitate to use this free resource to strengthen your support network!",Include common burnout signs checklist and prevention action plans,"Emotional Dysregulation, Task Structuring, Working Memory Engagement",,"Burnout, Crash Recovery, Overwhelmed","### 🚨 Personal Burnout Warning System

#### Recognizing the Signs:
- Create a list of personal burnout warning signs, such as:
- Irritability 😡
- Forgetfulness 🧠
- Recognizing these signs helps you take action before feeling overwhelmed.

#### When to Act:
- Use your burnout prevention plan when:
- You notice several warning signs
- It's time to cancel plans or take a break 🛑

#### Barriers to Address:
- Emotional Dysregulation 😔
- Task Structuring 📋
- Working Memory Engagement ⚡

#### Why It Works:
- Externalizes tasks, freeing up working memory
- Provides external structure for managing burnout
- Helps prevent overwhelming feelings before they escalate",Burned out,Defeated,,,Recovering from a crash,list,,,,"Overcommitted, Sensory Overload",,,"Discouraged, Frozen",Free,"Checklist, Gamified",The Anti-Planner by Dani Donovan,Gamified,Early Warning System,,,When you want to prevent burnout before it hits,"Externalizes Tasks, Frees Up Working Memory, Provides External Structure"
Personal Strategy Coach,No,"### ⚡ Quick Body Reset

Get your body moving for just 2-10 minutes with activities like jumping jacks, walking, or dancing. This strategy helps to clear mental fog and improve focus by freeing up your working memory. When you feel stuck or drained, a short burst of movement can make it easier to start tasks and stay engaged. Remember, even small actions can create significant shifts in your mental state!",Include how to find qualified coaches and what to expect from coaching,"Executive Dysfunction, Time Blindness, Working Memory Engagement",,"Crash Recovery, Low Energy, Wired but Tired","### 🤝 Tailored ADHD Strategies for Success

#### Overview:
- Personalized coaching designed for individuals with ADHD
- Focus on creating unique strategies that fit your challenges

#### When to Use:
- When struggling with organization and time management
- During moments of executive dysfunction or task initiation
- When seeking accountability and support in achieving your goals

#### How It Works:
- Work one-on-one with a specialized ADHD coach
- Develop strategies that are tailored to your specific needs
- Receive ongoing support to stay focused and accountable

#### Examples:
- Setting up daily routines to improve consistency
- Creating visual reminders for important tasks
- Using gamification techniques to make tasks more engaging

#### Why It Works:
- Externalizes tasks, making them easier to manage
- Frees up working memory by organizing thoughts
- Gamifies actions, making them more enjoyable and less daunting",Frustrated,Defeated,,,"Starting Something Hard, Staying focused",handshake,,,,"Cannot Finish, Disorganized, Task Initiation",Working Professional,,Disorganized,$$$$,"Accountability, Gamified",,Gamified,Professional Brain Support,"Task Initiation Support, Time Planning, Work",,When you need professional guidance for ADHD management,"Externalizes Tasks, Frees Up Working Memory, Gamifies Action"
Phone a Friend,No,"### 🗺️ Backup Planning Made Easy
Always have a backup plan for important situations like traffic or childcare. This strategy helps combat time blindness by ensuring you have alternate routes and solutions ready, reducing anxiety when unexpected issues arise. Implement this by researching multiple routes or creating templates for common challenges, allowing you to switch gears without panic.",Include conversation starters and how to build an ADHD support network,"Decision Fatigue, Emotional Dysregulation, Task Initiation",,"Burnout, Low Energy, Restless","### 📞 Support When Stuck

#### When to Use:
- Feeling overwhelmed with tasks
- Struggling to make progress on projects
- In need of emotional support

#### How It Works:
- Reach out to a friend you trust
- Share your challenges and feelings
- Break tasks into smaller, manageable steps together

#### Examples:
- Call a friend to discuss your current project
- Text a family member when feeling anxious
- Arrange a coffee chat with a supportive colleague

#### Why It Helps:
- Provides external perspective on your situation
- Creates accountability for task completion
- Reduces feelings of isolation and overwhelm",Stuck,Overwhelmed,,,"Focus Enhancement, Overcoming Procrastination, Task Initiation",phone,,,,"Anxious, Can't Start",,,"Avoidant, Disorganized, Frozen",Free,"Gamification, Quick Fix",The Anti-Planner by Dani Donovan,Gamified,Social Support System,"Emotional Regulation, Focus Enhancement, Task Initiation",,When you need external perspective or emotional support,"Externalizes Tasks, Gamifies Action, Reduces Decision Fatigue"
Physical Movement Reset,No,"### 🎶 Energizing Playlists

Create specific playlists tailored to your emotional states and tasks. Use upbeat music to boost your motivation when tackling chores, which can help combat task initiation challenges common in ADHD. By having these playlists ready, you can quickly shift your mood and energy, making it easier to start and complete tasks without feeling overwhelmed.",Include movement options for different energy levels and spaces,"Inertia, Task Initiation, Working Memory Engagement",,"Low Energy, Wired but Tired","### ⚡ Quick Body Reset: Energize Your Day!

#### When to Use:
- When feeling drained or low on energy
- Before starting a challenging task
- During mid-day slumps

#### How It Works:
- Engage in 2-10 minutes of physical activity
- Options include jumping jacks, walking, or dancing
- Helps clear mental fog and enhances focus

#### Examples:
- Do 20 jumping jacks to get your heart rate up! 💥
- Take a brisk 5-minute walk around your workspace 🚶‍♂️
- Dance to your favorite song for a quick energy boost 🎶

#### Why It Works:
- Breaks inertia and helps initiate tasks
- Increases engagement by activating the body
- Small movements lead to significant improvements in energy levels",Drained,Stuck,,,"Starting Something Hard, Staying focused",bolt,,,,Can't Start,,,"Discouraged, Frozen",Free,Environmental Hack,The Anti-Planner by Dani Donovan,"Embodied, Interactive",Body-Based Reset Strategy,"Focus Enhancement, Task Initiation Support",,When mental fog or stuckness needs a physical reset,"Breaks Down Complexity, Minimizes Friction"
Plan B Safety Net,No,"### 🎧 Podcast Power-Up

Tune into a podcast while tackling dull tasks to create a sense of audio companionship. This strategy helps bypass task initiation hurdles by tricking your brain into feeling less alone, making it easier to start chores. With engaging voices in the background, you can combat feelings of avoidance and enhance focus, allowing time to pass more smoothly as you complete your tasks.",Include backup planning templates for common ADHD challenges,"Executive Dysfunction, Task Structuring, Time Blindness",,Crash Recovery,"### 🗺️ Easy Backup Plans for Life's Surprises

#### Why Backup Plans Matter:
- Prevents anxiety from unexpected issues
- Ensures you're always prepared for key situations
- Helps you switch plans effortlessly when problems arise

#### When to Use:
- During traffic delays 🚗
- When childcare arrangements fall through 👶
- For any unforeseen events that disrupt your schedule

#### How It Works:
- Research multiple routes for travel
- Create templates for common challenges
- Keep alternate solutions ready at all times

#### Benefits:
- Reduces stress and enhances calmness 😌
- Boosts confidence in managing unexpected situations
- Encourages proactive planning and adaptability",Frustrated,Defeated,,,"Managing my schedule, Planning my time, Task Initiation Support",map,,,,"Anxiety Management, Can't Finish, Poor Time Estimation","Parent, Working Professional",,Time Blind,Free,"Checklist, Routine",,"Incremental Engagement, Task Simplification, Visual",Contingency Victory System,"Planning, Work",,When unexpected problems create disproportionate stress,"Breaks Down Complexity, Externalizes Tasks, Starts Small"
Playlist for Every Mood,No,"### ⏳ Focused Work Bursts

Utilize the Pomodoro Technique by working in 25-minute focused bursts followed by 5-minute breaks. This method helps combat time blindness by providing a clear structure, making it easier to initiate tasks and stay engaged. The urgency of the timer creates a sense of accountability, while the breaks prevent burnout and refresh your mind for the next round of focused work.",Include playlist suggestions for different moods and activities,"Emotional Dysregulation, Task Initiation, Working Memory Engagement",,"Low Energy, Overwhelmed, Wired but Tired","### 🎶 Energizing Music for a Productive Day

#### When to Use:
- When you feel drained and need a boost
- Before starting chores or tasks
- During moments of low energy

#### How It Works:
- Create playlists that match your mood
- Use lively music to enhance motivation
- Adjust the tempo to match the energy of the task

#### Examples:
- Upbeat pop songs for cleaning 🧹
- Instrumental tracks for focused work 📚
- Classic rock for a fun workout session 🎸

#### Why It Works:
- Stimulates dopamine activation 🎉
- Helps regulate emotions through music 🎵
- Externalizes tasks, making them feel more manageable 🗂️",Drained,Stuck,,,"Cleaning Up, Overcoming Procrastination, Resetting My Space",list,,,,"Can't Start, Poor Time Estimation",,Recently Moved,Discouraged,Free,"Accountability, Challenge, Mindset Shift",The Anti-Planner by Dani Donovan,"Interactive, Sensory",Curated Music Collection,"Cleaning, Emotional Regulation",,When you need mood regulation through music,"Dopamine Activation, Emotional Regulation, Externalizes Tasks"
Podcast Buddy System,No,"### 🎯 Prioritize Tasks Effectively

Draw a simple 2×2 grid to classify your tasks based on urgency and importance. This method helps combat decision paralysis by visually sorting what truly matters, allowing you to focus on just a few critical tasks instead of feeling overwhelmed by your entire to-do list. By distinguishing between urgent and important tasks, you can enhance your working memory and improve your time management skills, making it easier to initiate actions without feeling frozen.",Create curated podcast recommendations for different task types,Task Initiation,,"Low Energy, Overwhelmed, Wired but Tired","### 🎧 Task Power-Up: Podcast Companion

#### When to Use:
- When tackling dull tasks
- During cleaning or organizing
- While doing repetitive chores

#### How It Works:
- Listen to a podcast while working on tasks
- Provides engaging audio companionship
- Makes chores feel less daunting

#### Examples:
- Cleaning the house while enjoying a true crime podcast
- Organizing files while listening to a comedy show
- Cooking dinner with an educational podcast about history

#### Why It Works:
- Reduces the feeling of isolation during tasks
- Makes starting tasks easier by providing motivation
- Frees up mental space by externalizing tasks",Drained,Stuck,,,"Cleaning Up, Overcoming Procrastination, Task Initiation Support",phone,,,,"Avoidant, Can't Start",,,"Avoidant, Overthinking",Free,Gamification,Reddit /r/ADHDWomen,"Gamified, Interactive, Sensory",Audio Companionship Strategy,"Cleaning, Focus Enhancement, Task Initiation Support",,When you need company to start boring tasks,"Externalizes Tasks, Frees Up Working Memory"
Pomodoro Technique,No,"### 💡 Productive Procrastination

Redirect your procrastination energy toward a different productive task instead of fighting it. When you're struggling with task initiation, this strategy allows you to declutter your workspace or organize your notes, which can help improve focus later on. By activating dopamine through these small wins, you can enhance your working memory and feel accomplished, reducing feelings of shame and anxiety.",Include timer app recommendations and break activity suggestions,"Task Initiation, Time Blindness, Working Memory Failures",,"Burnout, Low Energy","### ⏳ Focused Work Bursts

#### When to Use:
- When you need to start a challenging task
- During long work sessions to maintain focus
- When feeling overwhelmed by a project

#### How It Works:
- Work in 25-minute focused bursts
- Take 5-minute breaks between each burst
- Use a timer to keep track of sessions

#### Examples:
- Set a timer for 25 minutes and write a report
- Focus on studying for an exam in short bursts
- Complete a series of emails within the time limit

#### Why It Works:
- Helps with task initiation and reduces procrastination
- Refreshes your mind with regular breaks
- Creates a game-like structure that motivates action",Scattered,Overwhelmed,,,"Staying focused, Task Initiation Support",timer,,,,"Can't Focus, Can't Start, Poor Time Estimation",,,"Avoidant, Overthinking",Free,"Accountability, Checklist, Routine",Francesco Cirillo,"Interactive, Task Simplification, Time Management",Time-Boxed Focus Method,"Focus Enhancement, Task Initiation Support, Time Planning",,When you need structured focus time with built-in breaks,"Gamifies Action, Provides External Structure"
Priority Decision Matrix,No,"### 🧠 Progress Over Perfection

Replace ""all or nothing"" thinking with ""all or something."" Instead of aiming for perfection, do something imperfectly—even a small effort is better than none. This approach helps overcome task initiation challenges by reducing the overwhelming feeling of needing to do everything perfectly, allowing you to make progress and build momentum. When faced with perfectionism, remember that even 20 minutes of exercise is a victory!",Include decision criteria guides and digital template options,"Decision Fatigue, Task Structuring, Working Memory Engagement",,Burnout,"### 🎯 Task Urgency Grid: A Practical Approach

#### Understanding Task Priorities:
- Use a 2×2 grid to sort tasks by urgency and importance.
- Helps visualize which tasks need immediate attention.
- Reduces feelings of being overwhelmed by your to-do list.

#### When to Use:
- When you have multiple tasks that seem equally urgent.
- If you’re struggling to decide where to focus your efforts.
- During planning sessions to clarify priorities.

#### How to Create Your Grid:
- Draw a simple grid with four quadrants.
- Label axes: Important vs. Not Important and Urgent vs. Not Urgent.

#### Why It Works:
- Minimizes decision fatigue by simplifying task evaluation.
- Engages working memory more effectively with visual aids.
- Encourages task simplification and better time management.

#### Real-Life Example:
- Prioritize tasks for a project deadline.
- Use the grid to decide which tasks to tackle first, based on urgency and importance.",Stuck,Overwhelmed,,,"Focus Enhancement, Staying focused, Task Initiation",target,,,,"Can't Decide, Can't Start",,,"Frozen, Overthinking",Free,Checklist,The Anti-Planner by Dani Donovan,"Task Simplification, Time Management, Visual",Task Urgency Grid,"Planning, Time Planning",,When everything feels equally urgent,"Minimizes Friction, Reduces Decision Fatigue"
Procrastination Surfing,No,"### 📸 Capture Your Progress

Take photos of your projects and goals to create visual documentation. This strategy helps combat time blindness and feelings of stagnation by visually showcasing your improvements over time, which can enhance motivation and clarity. By regularly reviewing these images, you can better initiate tasks and stay focused, as they provide tangible evidence of your progress and encourage self-compassion.",Include task-switching strategies and energy-matching techniques,"Emotional Dysregulation, Task Initiation, Working Memory Engagement",,,"### 💡 Redirecting Procrastination Energy

#### What It Is:
- Using procrastination energy for productive tasks
- Instead of avoiding work, channel that energy elsewhere

#### How to Redirect:
- Organize your workspace 🗂️
- Sort through your notes 📚
- Tidy up your environment 🧹

#### When to Use:
- When feeling overwhelmed by a task
- During moments of high anxiety or avoidance
- To create small wins that boost confidence

#### Why It Works:
- Provides a sense of accomplishment 🎉
- Helps improve focus for later tasks
- Frees up mental space by engaging in different activities",Anxious,Ashamed,,,"Overcoming Procrastination, Staying focused, Task Initiation",lightbulb,,,,"Avoidant, Can't Start",,,"Avoidant, Discouraged, Overthinking",Free,Gamification,The Anti-Planner by Dani Donovan,"Gamified, Sensory",Productive Procrastination,"Cleaning, Focus Enhancement, Task Initiation",,When procrastination energy can be redirected productively,"Dopamine Activation, Emotional Regulation, Frees Up Working Memory"
Progress Over Perfect,No,"### 🍳 Protein-Powered Morning Boost
Start your day with a protein-rich breakfast like eggs or Greek yogurt with nuts. This simple switch can help you maintain steady blood sugar levels, reducing feelings of shakiness and improving focus throughout the morning. By fueling your brain with protein, you enhance task initiation and combat the common ADHD challenge of time blindness, allowing for smoother transitions into your day.","Include ""something"" alternatives for common perfectionism traps","Emotional Dysregulation, Perfectionism, Task Initiation",,"Crash Recovery, Low Energy, Wired but Tired","### 🧠 Small Steps to Overcoming Perfection

#### When to Use:
- When feeling overwhelmed by tasks
- During moments of indecision
- When perfectionism prevents any action

#### How It Works:
- Replace ""all or nothing"" thinking with ""all or something""
- Focus on taking small, manageable actions
- Remember that any effort is a win, like 20 minutes of exercise

#### Examples:
- Instead of aiming for a perfect workout, commit to just 10 minutes of movement 🏃‍♂️
- Write a single paragraph instead of a whole essay 📝
- Tackle one small task on your to-do list instead of the entire list 📋

#### Why It Works:
- Helps break down complex tasks into achievable steps
- Reduces feelings of overwhelm and encourages action
- Promotes a positive mindset, making it easier to start and keep moving forward 🌟",Stuck,Overwhelmed,,,"Maintaining Focus, Overcoming Procrastination, Starting Something Hard",brain,,,,"Can't Decide, Can't Start",,,"Frozen, Overthinking",Free,"Engaging Gamification, Gamification",The Anti-Planner by Dani Donovan,Gamified,Anti-Perfectionism Mindset,,,When perfectionism prevents any action,"Breaks Down Complexity, Starts Small"
Progress Photos,No,"### 🎯 Challenge Yourself

Create a challenge board with tasks framed as bets against yourself, like ""Bet you can't clean the bathroom today."" This technique leverages reverse psychology to engage your motivation, helping overcome task initiation difficulties common in ADHD. By transforming avoidance into a playful challenge, you can effectively reduce anxiety and boost productivity, making tasks feel more achievable. Remember to keep your statements specific and use them to gamify your actions for better results.",Include photo documentation strategies and progress celebration ideas,"Emotional Dysregulation, Time Blindness, Working Memory Engagement",Work From Home,Crash Recovery,"### 📸 Documenting Your Progress

#### Why Capture Your Progress? 📈
- Helps visualize growth and achievements.
- Keeps motivation high by showing how far you've come.

#### When to Take Photos: 📅
- At key milestones in your project.
- Whenever you feel progress is invisible.

#### How to Capture Effectively: 📷
- Use different angles and perspectives.
- Include close-ups of details and overall shots.

#### Celebrate Your Progress: 🎉
- Share your photos with friends or on social media.
- Create a visual timeline of your journey.

#### Why This Works: 🤔
- Activates dopamine release, boosting happiness.
- Aids in emotional regulation by recognizing accomplishments.
- Provides tangible evidence of progress, combating feelings of defeat.",Hopeless,Defeated,,,"Being Kinder to Myself, Finding motivation",camera,,,,"Emotional Regulation, Poor Time Estimation",Working Professional,,"Discouraged, Overthinking",Free,Checklist,,"Incremental Motivation, Visual",Visual Motivation,"Emotional Regulation, Self-Compassion",,When progress feels invisible or insufficient,"Dopamine Activation, Emotional Regulation"
Protein-Rich Breakfast,No,"### 🚀 Quick Thought Capture

Capture thoughts instantly in a designated spot like a notes app or notebook. This technique improves working memory by ensuring you have a reliable method to record ideas, reducing the risk of forgetting important tasks. When distractions arise, quickly jotting down reminders allows you to maintain focus on the task at hand without feeling overwhelmed.",Include quick protein breakfast ideas and meal prep strategies,Working Memory Failures,,"Crash Recovery, Low Energy, Wired but Tired","### 🍳 Protein-Powered Morning Boost

#### When to Use:
- When you need to start your day feeling energized
- In the morning, before important tasks or meetings
- On days when you feel forgetful or low on energy

#### How It Works:
- Eating protein helps maintain stable energy levels
- Improves focus and cognitive function for daily tasks
- Provides essential nutrients to kick-start your metabolism

#### Quick Breakfast Ideas: 🥚
- Scrambled eggs with spinach and feta
- Greek yogurt topped with mixed nuts and honey
- Overnight oats with protein powder and berries

#### Why It Works:
- Steady energy prevents mid-morning crashes
- Supports working memory and task initiation
- Eating a nutritious breakfast sets a positive tone for the day",Forgetful,Stuck,,,"Maintaining Focus, Overcoming Procrastination, Task Initiation Support",layout,,,,"Can't Focus, Can't Start, Forgetful",,,Frozen,$,Quick Fix,,Sensory,Stable Energy Foundation,Emotional Regulation,,When morning energy crashes affect focus,"Breaks Down Complexity, Dopamine Activation, Externalizes Tasks"
Prove-Me-Wrong Task Board,No,"### 🚀 Simplify Your Priorities

Deliberately eliminate or ignore non-essential tasks that drain your energy. This strategy helps combat time blindness by allowing you to focus on what truly matters, reducing the overwhelm of a long to-do list. When you stop wasting time on perfectionist tasks, you can redirect that energy towards impactful activities like meal planning or exercise, enhancing your overall productivity.",Provide template boards and example challenge statements,"Emotional Dysregulation, Task Initiation, Working Memory Engagement",,"Overwhelmed, Restless, Wired but Tired","### 🎯 Challenge Yourself with Fun Bets

#### The Problem:
- Tasks often feel overwhelming and unapproachable.
- Anxiety can prevent you from getting started.

#### How to Use This Strategy:
- Frame daily tasks as bets against yourself.
- Example: ""Bet you can't clean the bathroom today!""

#### Why It Works:
- Turns mundane tasks into playful challenges.
- Reduces anxiety by making tasks feel more achievable.
- Keeps statements specific to enhance motivation.

#### When to Use:
- When feeling avoidant or discouraged about tasks.
- In moments of low motivation or emotional dysregulation.

#### Additional Tips:
- Provide template boards and example challenge statements to guide users.
- Gamification adds an element of fun, making it easier to engage with tasks.",Anxious,Ashamed,,,"Cleaning Up, Overcoming Procrastination, Resetting My Space",check-square,,,,"Avoidant, Can't Start",,,"Avoidant, Discouraged, Overthinking",Free,"Challenge, Gamification",The Anti-Planner by Dani Donovan,"Action-Oriented, Gamified, Incremental Motivation",Reverse Psychology Board,"Cleaning, Emotional Regulation, Task Initiation",,When reverse psychology might motivate you,Gamifies Action
Quick Capture System,No,"### 🍕 Delivery Deadline Sprint

Order your food and use the wait time as a mini burst of focus. This strategy leverages the natural deadline of your meal delivery to combat task initiation issues, motivating you to quickly tidy your space or complete small tasks. By setting a timer for 30 minutes, you create a structured timeframe that helps overcome time blindness and makes the most of your waiting period.",Include capture method comparisons and review system suggestions,Working Memory Failures,,"Overwhelmed, Restless, Wired but Tired","### 🚀 Quick Thought Capture

#### When to Use:
- When you have fleeting thoughts or ideas.
- In situations where distractions arise.
- During busy work hours when you need to stay focused.

#### How It Works:
- Use a notes app or a notebook to jot down thoughts quickly.
- Capture reminders as distractions come up.
- Focus on your current task without losing important ideas.

#### Examples:
- Write a reminder for a project idea during a meeting.
- Jot down a grocery list while cooking.
- Note a question to research later when reading.

#### Why It Works:
- Breaks down complexity by externalizing tasks.
- Helps maintain focus by reducing mental clutter.
- Starts small, making it easier to manage thoughts.",Forgetful,Ashamed,,,"Starting Something Hard, Staying focused",rocket,,,,"Avoidant, Forgetful, Poor Time Estimation",,,"Avoidant, Disorganized, Frozen",Free,"Accountability, Checklist, Routine",The Anti-Planner by Dani Donovan,Interactive,Thought Collection Method,"Time Planning, Work",,When important thoughts pop up at inconvenient times,"Breaks Down Complexity, Externalizes Tasks, Starts Small"
Quiet Quitting Your To-Do List,No,"### 🌈 Embrace Your Emotions

Practice accepting difficult emotions without the urge to fix them right away. This technique helps by reducing decision fatigue and preventing emotional spirals that can overwhelm your working memory. For instance, when feeling anxious, acknowledge it by saying, ""I'm feeling anxious, and that's okay,"" allowing you to manage your feelings better and focus on what matters most.",Include task evaluation criteria and permission-giving frameworks,"Decision Fatigue, Perfectionism, Time Blindness",,"Burnout, Low Energy, Overwhelmed","### 🚀 Simplifying Your To-Do List

#### The Problem:
- Feeling overwhelmed with too many tasks
- Difficulty deciding what to prioritize
- Anxiety from perfectionism

#### When to Use:
- When you feel decision fatigue
- During busy or chaotic periods
- When tasks seem unmanageable

#### How It Works:
- Eliminate non-essential tasks
- Focus on what truly matters
- Redirect energy towards impactful activities

#### Why It Helps:
- Reduces feelings of overwhelm
- Enhances overall productivity
- Allows for clearer focus on priorities",Anxious,Stuck,,,"Managing my schedule, Planning my time, Quick Task Management",list,,,,Can't Decide,,,Overthinking,Free,Gamification,The Anti-Planner by Dani Donovan,"Gamified, Visual",Priority Simplification,"Planning, Time Planning",,When perfectionism is wasting energy on unimportant tasks,"Emotional Regulation, Externalizes Tasks, Gamifies Action"
Race the Takeout Timer,No,"### 🎁 Surprise Rewards Boost

Create a list of small rewards and use a random generator to pick one after completing tasks. This strategy leverages the element of surprise to enhance motivation for tasks that may feel tedious, addressing challenges like task initiation and low energy. By transforming predictable rewards into exciting surprises, you can effectively combat time blindness and make task completion feel more achievable. Consider including categories for rewards and setting up your generator for a tailored experience.",Add a list of 15-30 minute tasks perfect for delivery windows,"Task Initiation, Task Structuring, Time Blindness",,"Low Energy, Overwhelmed, Wired but Tired","### 🍕 Delivery Deadline Sprint

#### When to Use:
- When you're waiting for food delivery
- During busy work hours
- When you need motivation to tackle small tasks

#### How It Works:
- Order your food to create a time deadline
- Set a timer for 30 minutes
- Use this time to quickly tidy up or complete chores

#### Examples:
- Tidy up the living room
- Organize your workspace
- Finish folding laundry

#### Why It Works:
- Utilizes waiting time effectively ⏳
- Keeps you focused and productive 🧠
- Turns a mundane wait into a manageable task challenge 🎯",Stuck,Overwhelmed,,,"Cleaning Up, Quick Task Management, Resetting My Space",pizza,,,,"Avoidant, Can't Start",Working Professional,,"Avoidant, Frozen",$$,"Challenge, Quick Fix",How to Keep House While Drowning by KC Davis,"Gamified, Interactive, Time Management",Delivery Deadline Sprint,"Cleaning, Task Initiation Support, Time Planning",,When you need external deadlines to motivate action,"Externalizes Tasks, Gamifies Action, Provides External Structure"
Radical Acceptance,No,"### 🎲 Random Decision Maker

Use apps or websites that make random choices for you to combat decision fatigue. When you’re overwhelmed by options, this strategy can help improve task initiation by removing the pressure of choice. Simply input your tasks into a randomizer app, and let it decide for you, making it easier to start without feeling stuck or paralyzed.",Include acceptance phrases and mindfulness techniques for different emotions,"Decision Fatigue, Emotional Dysregulation, Working Memory Failures",,Overstimulated,"### 🌈 Embracing Difficult Emotions

#### When to Use:
- When feeling anxious 😟
- During moments of overwhelm 😩
- Anytime emotions feel too strong to handle 💔

#### How It Works:
- Accept your emotions without immediate solutions
- Acknowledge feelings by saying them out loud
- Use phrases like ""It's okay to feel this way"" 🗣️

#### Examples:
- ""I'm feeling anxious, and that's okay."" 😊
- ""Right now, I feel overwhelmed, and that's valid."" 🌊

#### Why It Helps:
- Reduces the pressure to fix emotions immediately
- Encourages self-compassion and understanding
- Allows for emotional processing and clarity 🌼",Overstimulated,Overwhelmed,,,"Being Kinder to Myself, Calming Down",refresh-cw,,,,Anxiety Management,,,"Avoidant, Frozen",Free,Quick Fix,The Anti-Planner by Dani Donovan,"Interactive, Reflective Practice",Emotional Processing Technique,"Emotional Regulation, Self-Compassion",,When fighting emotions is making them worse,"Cognitive Load Management, Emotional Regulation, Executive Function Support"
Random Reward Generator,No,"### 🏃‍♂️ Simplify Your Tasks

Remove unnecessary steps between you and your goals to enhance your task initiation. For instance, by laying out your workout clothes the night before, you eliminate barriers that can trigger time blindness and prevent you from starting. This strategy helps by making it easier to act on your motivation when it strikes, ensuring that you can engage with tasks without feeling overwhelmed.",Include reward categories and generator setup instructions,"Decision Fatigue, Task Initiation, Time Blindness",,"Burnout, Crash Recovery, Wired but Tired","### 🎁 Surprise Rewards to Boost Motivation

#### What It Is:
- A fun method to add excitement to completing tasks
- Utilizes a random generator to choose from a list of small rewards

#### When to Use:
- For tasks that feel boring or overwhelming
- When motivation is running low

#### How It Works:
- Make a list of enjoyable, small rewards
- Use a random generator after finishing tasks to select a reward
- Celebrate the completion of tasks with a surprise

#### Why It Helps:
- Activates dopamine release, enhancing motivation
- Makes routine tasks feel more engaging
- Encourages a positive association with task completion",Drained,Stuck,,,"Staying focused, Task Initiation",gift,,,,"Cannot Finish, Task Initiation",,,"Disorganized, Overthinking",Free,"Challenge, Checklist, Gamification",The Anti-Planner by Dani Donovan,"Gamified, Interactive, Sensory",Motivation Surprise System,"Decision Making, Focus Enhancement, Task Initiation",,When predictable rewards lose their motivational power,"Activates Dopamine, Externalizes Tasks, Gamifies Action"
Randomizer Apps,No,"### 🏃‍♂️ Move Your Body Daily

Engage in regular physical activity to naturally manage ADHD symptoms. Exercise increases dopamine and norepinephrine, which can enhance focus and control impulsivity, addressing challenges like task initiation and working memory. For best results, incorporate a simple routine, like a 20-minute walk each morning, to make movement a cornerstone of your ADHD management strategy.",Include app recommendations and decision category suggestions,"Decision Fatigue, Task Initiation, Working Memory Engagement",,"Burnout, Low Energy","### 🎲 Decision-Making Made Easy

#### When to Use:
- Feeling stuck with too many options
- Overwhelmed by choices
- Unable to initiate tasks due to decision fatigue

#### How It Works:
- Use randomizer apps to input your tasks
- Let the app make a choice for you
- Begin with the selected task to reduce pressure

#### Examples:
- Choose between ""Do laundry"" or ""Prepare dinner""
- Decide whether to go for a walk or read a book
- Pick a random hobby to try out this weekend

#### Why It Works:
- Minimizes friction in decision-making 🧩
- Reduces decision fatigue, making it easier to start tasks 🚀
- Helps maintain focus and overcome procrastination",Stuck,Overwhelmed,,,"Maintaining Focus, Overcoming Procrastination, Task Initiation",graduation-cap,,,,"Can't Decide, Can't Start",,,Frozen,Free,Gamification,,"Gamified, Interactive",Decision-Making Tools,"Decision Making, Task Initiation Support",,When decision fatigue is blocking action,"Minimizes Friction, Reduces Decision Fatigue"
Reduce Friction,No,"### ⚡️ Manage RSD with Actionable Steps
Take control of your Rejection Sensitivity Dysphoria (RSD) episodes by implementing specific strategies like deep breathing and reality-checking your thoughts. This approach helps improve your emotional regulation and supports working memory by creating a clear plan for when overwhelming emotions arise. Remember to have a trusted person on speed dial to provide support and reinforce that feedback does not equal rejection.",Include friction analysis worksheets and setup suggestions for common goals,"Environmental Cues, Task Initiation, Time Blindness",,"Burnout, Low Energy","### 🏃‍♂️ Simplifying Your Workout Routine

#### The Problem:
- Feeling drained by complex task setups? 😩
- Extra steps can lead to procrastination.
- Motivation fades when faced with barriers.

#### The Solution:
- Simplify your tasks to minimize friction.
- Lay out workout clothes the night before. 👚👖
- Prepare your equipment in advance.

#### When to Use:
- When you feel overwhelmed by starting your workout.
- Early mornings or before busy days.
- Before any task that requires a quick start.

#### Why It Works:
- Reduces task initiation barriers. 🚀
- Creates motivating environmental cues.
- Makes it easier to jump into action without hesitation.",Drained,Stuck,,,"Focus Enhancement, Overcoming Procrastination, Task Initiation Support",grid,,,,"Avoidant, Can't Start, Poor Time Estimation",,,Avoidant,Free,"Environmental Hack, Gamification",The Anti-Planner by Dani Donovan,Gamified,Task Simplification Strategy,"Focus Enhancement, Task Initiation Support",,When too many steps are preventing task completion,"Breaks Down Complexity, Minimizes Friction"
Regular Exercise,No,"### ⏳ Time Tracking Awareness

Use automatic time-tracking software to gain insights into where your time is spent, helping you combat time blindness. This strategy reveals patterns in your digital habits, allowing you to identify time drains without judgment. By understanding your actual time usage, you can make informed choices about how to allocate your time, enhancing task initiation and focus.",Include exercise types that work well for ADHD and scheduling strategies,"Emotional Dysregulation, Task Initiation, Working Memory Failures",,"Crash Recovery, Low Energy, Wired but Tired","### 🏃‍♂️ Daily Movement for Clarity

#### Why It Matters:
- Engaging in daily physical activity can help manage ADHD symptoms.
- A simple 20-minute walk can enhance focus and calmness throughout the day.

#### When to Use:
- When feeling overwhelmed or drained.
- During moments of low energy or distraction.

#### Suggested Activities:
- Start with a 20-minute morning walk 🚶‍♂️
- Explore different types of exercise: yoga, cycling, or dancing 🧘‍♀️🚴‍♂️💃
- Incorporate movement breaks throughout your workday ⏳

#### Tips for Success:
- Schedule exercise sessions in your calendar 📅
- Find a workout buddy for accountability 🤝
- Use music or podcasts to make it enjoyable 🎶

#### Why It Works:
- Increases dopamine levels, promoting motivation and focus 🎉
- Frees up working memory by reducing mental clutter 🧠
- Helps in emotional regulation, making it easier to tackle tasks with a clear mind 🌈",Drained,Stuck,,,"Starting Something Hard, Staying focused",activity,,,,"Can't Focus, Task Initiation",,Recently Moved,"Avoidant, Discouraged, Frozen",Free,"Accountability, Challenge, Routine",,"Action-Oriented, Embodied, Interactive",Symptom Management Tool,Work,,When ADHD symptoms need natural management support,"Dopamine Activation, Frees Up Working Memory"
Rejection Sensitivity Dysphoria (RSD) Toolkit,No,"### 🚶‍♂️ Break-First Approach

Start your work session with a planned break or enjoyable activity to ease into productivity. This strategy helps overcome task initiation challenges by allowing your mind to relax before diving into work, making it easier to focus afterward. For instance, take a 20-minute walk before tackling a daunting task; this simple act can clear your head and reduce feelings of being overwhelmed, ultimately enhancing your working memory and readiness to engage with tasks.",Include RSD recognition signs and multiple coping strategy options,"Decision Fatigue, Emotional Dysregulation, Working Memory Engagement",,,"### ⚡️ Navigating RSD with Simple Strategies

#### What to Do When Feeling Ashamed:
- Practice deep breathing 🧘‍♂️
- Reality-check thoughts with a trusted friend 🤝

#### Building Your Support Network:
- Keep close contacts who understand your feelings 📞
- Remind yourself that feedback is not a rejection 🌈

#### Overcoming Barriers:
- Recognize symptoms of decision fatigue 🧠
- Manage emotional dysregulation with coping strategies 🛠️

#### Why These Strategies Work:
- Help manage overwhelming emotions effectively 💪
- Foster self-compassion and understanding 🤗
- Enhance emotional regulation and executive function support 📊",Ashamed,Guilty,,,"Being Kinder to Myself, Calming Down",lightning,,,,"Anxious, Poor Time Estimation",,,"Avoidant, Frozen",Free,Gamification,The Anti-Planner by Dani Donovan,"Gamified, Visual",Emotional Regulation Strategies,"Emotional Regulation, Self-Compassion",,When criticism or perceived rejection triggers intense emotions,"Emotional Regulation, Executive Function Support, Gamifies Action"
Rescue Time,No,"### 🎉 Reward Yourself to Stay Motivated

Plan specific rewards for completing challenging tasks to boost your motivation. This strategy helps combat task initiation issues by creating positive associations with hard work, making it easier to tackle tasks you might avoid. Remember to follow through on your rewards, as this reinforces your efforts and enhances your working memory regarding task completion. Consider different reward ideas based on your budget and the difficulty of the tasks to ensure you stay engaged and motivated.",Include privacy considerations and data interpretation guides,"Decision Fatigue, Task Initiation, Time Blindness",,"Crash Recovery, Low Energy, Wired but Tired","### ⏳ Understanding Your Time Usage

#### When to Use:
- When you're feeling scattered
- During periods of low focus
- To enhance productivity

#### How It Works:
- Use automatic time-tracking software
- Identify distractions in your daily routine
- Analyze your time allocation for better decision-making

#### Benefits of Time Tracking:
- Provides insight into your habits 📊
- Helps in understanding where your time goes ⏰
- Aids in making informed choices about your schedule

#### Why It Works:
- Minimizes friction in decision-making
- Reduces decision fatigue
- Promotes awareness of time management",Scattered,Overwhelmed,,,"Staying focused, Task Initiation",compass,,,,"Can't Focus, Task Initiation, Time Blindness",,,"Disorganized, Overthinking, Time Blind",$,Gamification,RescueTime app,"Gamified, Visual",Digital Activity Tracking,"Focus Enhancement, Task Initiation, Time Planning",,When you want to understand your actual time usage,"Minimizes Friction, Reduces Decision Fatigue"
Reverse Pomodoro,No,"### 🕵️‍♂️ Identify Your Roadblocks

When you're feeling stuck on a task, play detective with your thoughts. Write down specifically what's stopping you—whether it's missing information or unclear steps—to clarify your barriers. This strategy enhances task initiation by externalizing your mental blocks, freeing up your working memory to focus on solutions. Use this method to break down overwhelming tasks into manageable pieces and move forward with confidence.",Include break activity suggestions and transition techniques,"Emotional Dysregulation, Task Initiation, Working Memory Engagement",,"Low Energy, Overwhelmed, Wired but Tired","### 🚀 Break-First Productivity Strategy

#### When to Use:
- When feeling overwhelmed before starting work
- During low-energy moments
- If traditional productivity methods feel too rigid

#### How It Works:
- Begin your work session with a short, enjoyable break
- Engage in a quick walk or another relaxing activity
- Ease into productivity to reduce feelings of being overwhelmed

#### Examples:
- Take a 5-minute stroll outside 🌳
- Enjoy a cup of tea while listening to music ☕🎶
- Do a few stretches to refresh your mind 🧘‍♂️

#### Why It Works:
- Frees up working memory by providing a mental reset
- Minimizes friction to starting tasks
- Encourages a gradual transition into focus and productivity",Drained,Stuck,,,"Focus Enhancement, Overcoming Procrastination, Task Initiation Support",timer,,,,"Avoidant, Can't Start",,,"Avoidant, Overthinking",Free,"Checklist, Routine",The Anti-Planner by Dani Donovan,"Mindful Awareness, Sensory",Break-First Productivity,"Focus Enhancement, Task Initiation Support, Work",,When traditional productivity methods feel too rigid,"Frees Up Working Memory, Minimizes Friction, Starts Small"
Reward Yourself for Doing Hard Things,No,"### 🗂️ Manageable Cleaning Schedule

Assign each day of the week a specific cleaning zone to make the task feel less overwhelming. For instance, Monday can be for the kitchen and Tuesday for the bathroom. This strategy helps with task initiation by providing a clear structure, allowing you to focus on just one area at a time without feeling frozen by the enormity of the entire house. By dedicating only 10-15 minutes daily, you can maintain a clean space without the stress of a massive cleaning session.",Include reward ideas for different budgets and task difficulty levels,"Decision Fatigue, Emotional Dysregulation, Task Initiation",,"Burnout, Low Energy, Wired but Tired","### 🎉 Reward Yourself to Stay Motivated

#### Purpose:
- Create a list of fun rewards for completing tough tasks
- Make hard work feel more rewarding

#### When to Use:
- When facing challenging tasks
- To stay motivated and engaged
- To overcome procrastination

#### How It Works:
- Set clear rewards for task completion
- Tailor rewards based on task difficulty
- Stick to your promises to build good habits

#### Examples:
- Treat yourself to your favorite snack 🍪
- Enjoy a leisure activity after completing a project 🎮
- Buy a small gift for yourself after finishing a tough assignment 🎁

#### Why It Helps:
- Encourages starting tasks you might usually avoid
- Keeps motivation high with instant gratification
- Gamifies the process of getting things done",Drained,Stuck,,,"Overcoming Procrastination, Starting Something Hard, Staying focused",gift,,,,"Avoidant, Can't Start",,,"Avoidant, Frozen",$,"Engaging Gamification, Gamification",The Anti-Planner by Dani Donovan,"Action-Oriented, Gamified, Incremental Motivation",Achievement Celebration System,"Decision Making, Focus Enhancement, Task Initiation Support",,When you need motivation to tackle difficult tasks,"Gamifies Action, Provides Instant Rewards"
Roadblock Detective,No,"### 🦆 Talk It Out

Explain your problem to an inanimate object like a rubber duck or a plant. This technique helps you verbalize your thoughts, which can enhance your working memory and clarify your thinking. When you're feeling stuck or overwhelmed, using this strategy can initiate action and help you uncover solutions that may not be apparent when you’re thinking silently.","Create a ""detective questions"" template to guide the investigation",Task Initiation,,"Crash Recovery, Overwhelmed, Restless","### 🕵️‍♂️ Uncovering Your Roadblocks

#### When to Use:
- Feeling stuck in a task
- Experiencing overthinking
- Facing difficulties in task initiation

#### How It Works:
- Identify specific barriers blocking progress
- Write down reasons such as unclear steps or missing information
- Break overwhelming tasks into smaller, manageable pieces

#### Examples:
- List out unclear steps in your project
- Create a checklist for a complicated task
- Use visual aids to map out your thoughts

#### Why It Helps:
- Increases clarity and understanding of barriers
- Reduces feelings of anxiety and overwhelm
- Regains focus and confidence in completing tasks",Stuck,Overwhelmed,,,"Focus Enhancement, Task Initiation",book,,,,"Anxious, Can't Start",Working Professional,,"Frozen, Overthinking",Free,Quick Fix,The Anti-Planner by Dani Donovan,"Reflective Practice, Visual",Problem Detective Method,"Emotional Regulation, Focus Enhancement, Task Initiation",,When you're stuck and don't know why,"Breaks Down Complexity, Externalizes Tasks"
Rotation Cleaning,No,"### 🌅 Tidy as You Go

Follow the ""Rule of Two"" by taking at least two items with you whenever you move from one room to another. This simple habit helps combat task initiation challenges by creating a structure that reduces clutter over time, making it easier to maintain a tidy environment without feeling overwhelmed. By incorporating small, manageable actions into your routine, you can improve your working memory and keep your space organized without dedicating large blocks of time to cleaning.",Include rotation schedules for different home sizes and cleaning preferences,Task Initiation,,"Burnout, Low Energy, Restless","### 🧹 Manageable Weekly Cleaning Plan

#### The Problem:
- Cleaning feels overwhelming and unmanageable
- Tasks pile up, leading to burnout
- Difficulty starting cleaning due to task initiation barriers

#### The Solution:
- Create a simple weekly cleaning plan
- Assign specific days for each area of your home
- Focus on one area at a time for 10-15 minutes

#### When to Use:
- When feeling overwhelmed by cleaning tasks
- At the start of each week to plan your cleaning
- Anytime cleaning seems daunting

#### Why It Works:
- Breaks down cleaning into manageable chunks
- Reduces the feeling of being overwhelmed
- Makes it easier to maintain a clean space
- Helps establish a routine that minimizes friction",Drained,Stuck,,,"Cleaning Up, Resetting My Space, Task Initiation",folder,,,,"Can't Start, Task Initiation",,,"Disorganized, Frozen",Free,"Challenge, Checklist, Routine",The Anti-Planner by Dani Donovan,"Task Simplification, Time Management",Zone-Based Cleaning System,"Cleaning, Task Initiation",,When house cleaning feels overwhelming,"Breaks Down Complexity, Externalizes Tasks, Minimizes Friction"
Rubber Duck Debugging,No,"### 🌱 Act Despite Fear

Take action even when you're feeling scared or uncertain. This approach can help combat task initiation challenges often faced with ADHD, as waiting for confidence can lead to inaction. By reminding yourself, “I’ll do it scared,” you create a pathway to build confidence step by step, allowing you to break through overwhelm and make progress on important tasks. Remember, taking that first step, despite anxiety, is key to managing your emotions and moving forward.","Include conversation starter prompts and different ""listener"" options",Working Memory Failures,,"Crash Recovery, Low Energy, Overwhelmed","### 🦆 Problem-Solving with a Rubber Duck

#### When to Use:
- When feeling stuck or overwhelmed
- During problem-solving sessions
- To clarify thoughts and ideas

#### How It Works:
- Explain your problem to an inanimate object
- Organize your thoughts verbally
- Gain new perspectives on the issue

#### Examples:
- Talking to a rubber duck 🦆
- Explaining to a houseplant 🌱
- Sharing ideas with a favorite stuffed animal 🧸

#### Why It Works:
- Externalizes tasks, making them feel less daunting
- Frees up working memory for more complex thoughts
- Helps break down problems into manageable parts",Stuck,Overwhelmed,,,"Starting Something Hard, Staying focused",zap,,,,"Can't Start, Forgetful",,,Frozen,Free,"Accountability, Gamification, Mindset Shift",The Anti-Planner by Dani Donovan,"Interactive, Visual",Problem-Solving Conversation,"Planning, Work",,When you're stuck and need to think through problems,"Externalizes Tasks, Frees Up Working Memory, Starts Small"
Rule of Two/Never Leave a Room Empty Handed,No,"### 🌸 Aromatherapy for Focus

Use essential oils like peppermint to boost alertness and support mood regulation. This strategy leverages scent to activate dopamine, which can enhance working memory and help combat feelings of low motivation. Keep an essential oil roller at your desk for quick access when you need to refocus during the day.",Include room-to-room item suggestions and habit-building tips,"Task Initiation, Task Structuring, Working Memory Engagement",,Overwhelmed,"### 🌅 Continuous Tidying System

#### The Challenge:
- Feeling overwhelmed by clutter
- Difficulty maintaining a tidy space
- Task initiation issues

#### The Strategy:
- Always take at least two items with you when leaving a room
- Cultivate a habit of tidying as you move around

#### When to Use:
- During daily transitions between rooms
- When feeling the urge to clean but not knowing where to start
- To prevent messes from accumulating

#### Why It Works:
- Reduces clutter over time
- Breaks down cleaning tasks into manageable steps
- Helps maintain an organized environment without the pressure of formal cleaning sessions",Scattered,Stuck,,,"Cleaning Up, Resetting My Space",sunrise,,,,"Disorganized, Task Initiation",,Recently Moved,"Disorganized, Frozen",Free,"Checklist, Routine",The Anti-Planner by Dani Donovan,"Incremental Engagement, Task Simplification",Continuous Tidying System,"Cleaning, Emotional Regulation, Task Initiation",,When you want to maintain tidiness without formal cleaning sessions,"Breaks Down Complexity, Externalizes Tasks"
Scared and Still Doing It ,No,"### 🧠 Schedule Intentional Breaks

Plan short rest breaks like you would important meetings to combat time blindness and prevent burnout. When you take breaks on purpose, it helps free up working memory, allowing you to return to tasks feeling refreshed and focused. For example, after working for two hours, set a timer for 15 minutes and step outside for fresh air; this intentional pause can significantly enhance your productivity and reduce feelings of defeat.",Include fear-management techniques and action-despite-anxiety strategies,"Emotional Dysregulation, Task Initiation",,Shutdown,"### 🌱 Courage to Move Forward

#### When to Use:
- When feeling stuck or fearful 😟
- During moments of uncertainty about tasks
- In situations where procrastination is prevalent

#### How It Works:
- Acknowledge fear and take a small action
- Remind yourself, “I’ll do it scared”
- Focus on completing just one step at a time

#### Examples:
- Start with a simple task like organizing your workspace 🗂️
- Break down larger projects into smaller, manageable parts 🔍
- Set a timer for just 5 minutes to begin working ⏳

#### Why It Helps:
- Builds confidence gradually 💪
- Reduces feelings of overwhelm and anxiety
- Encourages consistent progress despite emotional barriers",Stuck,Overwhelmed,,,"Overcoming Procrastination, Overcoming Resistance, Starting Something Hard",shield-check,,,,"Anxious, Can't Start, Poor Time Estimation",,,"Avoidant, Frozen",Free,Mindset Shift,,"Reflective Practice, Sensory",Courage Over Confidence,"Emotional Regulation, Self-Compassion",,When fear is preventing you from taking important actions,"Breaking Down Complexity, Emotional Regulation, Starts Small"
Scent Support System,No,"### 🗂️ Visual Organization Made Easy

Store frequently used items in clear containers at eye level to ensure they are easily accessible. This strategy helps combat working memory failures by providing a visual cue for what you need, making it easier to find and put away items. If an item is hard to access, it can lead to disorganization and forgetfulness, so keep your space tidy and your essentials visible.",Include oil recommendations for different needs and safe usage guidelines,"Emotional Dysregulation, Working Memory Engagement",,"Crash Recovery, Low Energy, Wired but Tired","### 🌸 Aromatherapy for Focus Boost

#### When to Use:
- When you're feeling drained
- During long work hours
- When you need a quick pick-me-up

#### How It Works:
- Use essential oils like peppermint
- Apply with an essential oil roller for convenience
- Inhale deeply to enhance alertness

#### Benefits:
- Improves mood and focus
- Helps regulate emotional states
- Supports working memory engagement

#### Why It Works:
- Activates dopamine for motivation
- Aids in emotional regulation
- Frees up cognitive resources for tasks",Drained,Stuck,,,"Starting Something Hard, Staying focused",life-buoy,,,,"Can't Focus, Poor Time Estimation",,,"Avoidant, Frozen",$,Quick Fix,,"Interactive, Sensory",Aromatherapy Toolkit,Emotional Regulation,,When scent can support mood and focus regulation,"Dopamine Activation, Emotional Regulation, Frees Up Working Memory"
Scheduled Guilt-Free Breaks,No,"### 🎨 Visual Organization Boost

Transform your storage into a visual achievement system by using clear containers and fun labels. This approach helps combat working memory failures by making it easy to see what's inside each container, reducing forgetfulness. By creating 'loading bars' that visually indicate when items are at optimal levels and taking before/after photos, you'll not only stay organized but also enjoy the instant rewards of your efforts.",Include break activity suggestions and optimal timing guidelines,"Emotional Dysregulation, Task Initiation, Working Memory Engagement",,Burnout,"### 🧠 Intentional Rest Breaks

#### When to Use:
- After two hours of focused work
- When feeling burned out or defeated
- To recharge and improve focus

#### How It Works:
- Set a 15-minute timer for a break ⏲️
- Step outside for fresh air 🌳
- Engage in a quick activity to refresh your mind

#### Examples:
- Take a short walk around the block 🚶
- Do a few stretches or yoga poses 🧘
- Enjoy a quick snack or drink water 🍏💧

#### Why It Works:
- Helps regulate emotions and reduces burnout 🌈
- Frees up working memory for better focus 🔄
- Minimizes friction and makes returning to tasks easier",Burned out,Defeated,,,"Calming Down, Maintaining Focus, Task Initiation",calendar,,,,"Can't Focus, Sensory Overload",,,"Avoidant, Frozen",Free,Gamification,The Anti-Planner by Dani Donovan,"Gamified, Sensory",Intentional Rest Breaks,Time Planning,,When you need permission to rest,"Emotional Regulation, Frees Up Working Memory, Minimizes Friction"
See-It-Grab-It Storage,No,"### 📝 Compassionate Self-Reflection

Write a kind description of yourself as if you're an outside observer. This exercise helps combat negative self-talk by externalizing your strengths, making it easier to initiate positive self-reflection. When you feel overwhelmed by ADHD challenges, this reminder of your true qualities can enhance your working memory, allowing you to remember your accomplishments and resilience.",Include accessibility guidelines and storage solutions for different items,"Emotional Dysregulation, Task Structuring, Working Memory Failures",,,"### 🗂️ Visual Organization Made Easy

#### The Problem:
- Items become misplaced and hard to find
- Clutter builds up over time, leading to disorganization
- Difficulty keeping track of frequently used items

#### The Solution:
- Store frequently used items in clear containers
- Position containers at eye level for easy access
- Label containers for quick identification

#### When to Use:
- When tidying up your space
- During a seasonal decluttering
- When setting up a new organizational system

#### Why It Works:
- Makes items easy to find and put away
- Helps maintain a tidy space
- Keeps essentials visible, reducing forgetfulness",Forgetful,Scattered,,,"Managing Emotional Dysregulation, Quick Task Management, Task Initiation Support",power,,,,"Disorganized, Forgetful, Poor Time Estimation",,,Disorganized,$,Checklist,,"Sensory, Visual",Visual Organization System,"Planning, Work",,When storage systems are too complicated to maintain,"Breaking Down Complexity, Externalizes Tasks, Freeing Up Working Memory"
See-Through Success,No,"### 📝 Self-Care Made Simple

Create a basic self-care checklist to track essential daily tasks like taking medication, drinking water, and showering. This strategy helps combat time blindness by providing clear, visible reminders of your accomplishments, which can boost motivation and build confidence. Customize your checklist to fit different life situations, making it a tailored tool to support your unique needs.",Adds gamification with loading bars and achievement photos,"Task Structuring, Time Blindness, Working Memory Failures",,,"### 🎨 Visual Organization Boost

#### When to Use:
- When storage becomes cluttered
- During planning phases for organization
- When items frequently get forgotten

#### How It Works:
- Use clear containers for visibility
- Implement colorful labels for easy identification
- Track fullness with loading bars

#### Examples:
- Organizing pantry items with labeled jars
- Using containers for art supplies with visual tags
- Taking before/after photos to celebrate progress

#### Why It Works:
- Enhances visibility and accessibility of items
- Reduces forgetfulness and disorganization
- Makes the organization process enjoyable through gamification",Forgetful,Scattered,,,"Managing my schedule, Planning my time, Task Initiation Support",eye,,,,"Disorganized, Forgetful, Poor Time Estimation",,,Disorganized,$,Gamification,,"Gamified, Visual",Visual Achievement System,"Planning, Time Planning",,When hidden storage leads to forgotten items,"Externalizes Tasks, Gamifies Action"
Seeing the Real You,No,"### 🤝 Comfort Yourself Like a Friend

Pause and imagine a close friend facing the same challenge you're dealing with. Instead of self-criticism, offer yourself the same kindness you would give them. This technique helps combat overthinking and shame by externalizing your negative thoughts, making them easier to manage. By treating yourself with compassion, you improve your ability to initiate tasks and reduce feelings of guilt.",Include prompts for identifying strengths and writing compassionate self-descriptions,"Emotional Dysregulation, Working Memory Engagement",,"Crash Recovery, Overwhelmed, Wired but Tired","### 💡 Compassionate Self-Reflection: Embracing Your True Self

#### Purpose:
- To reduce negative self-talk
- To highlight your strengths
- To boost confidence during overwhelming moments

#### When to Use:
- When feeling ashamed or guilty
- During times of emotional dysregulation
- To combat discouragement and overthinking

#### How It Works:
- Write a kind description of yourself as if you're an outside observer
- Focus on your achievements and true qualities
- Reflect on the positive aspects of your identity

#### Examples:
- Describe a time when you overcame a challenge
- Write about a quality you admire in yourself
- Recall a compliment someone gave you that resonated

#### Why It Helps:
- Externalizes tasks and gamifies action
- Encourages emotional regulation and self-compassion
- Provides a reminder of your value and capabilities",Ashamed,Guilty,,,"Being Kinder to Myself, Finding motivation",notebook,,,,"Poor Time Estimation, Spiraling",,,"Discouraged, Overthinking",Free,"Challenge, Engaging Gamification, Gamification",The Anti-Planner by Dani Donovan,Gamified,Self-Perception Exercise,"Emotional Regulation, Self-Compassion",,When negative self-perception is overwhelming your identity,"Externalizes Tasks, Gamifies Action"
Self-Care Checklist,No,"### 🌟 Be Your Own Best Friend

Treat yourself with kindness when mistakes happen. This self-compassion strategy helps combat self-criticism, which can exacerbate ADHD symptoms like time blindness and task initiation issues. When you catch yourself spiraling into negative thoughts, pause and ask, ""What would I say to a friend?"" This shift in perspective fosters accountability and reduces shame, enabling you to focus on solutions rather than dwelling on errors.",Include customizable checklists for different life situations and needs,"Emotional Dysregulation, Inertia, Time Blindness",,Low Energy,"### 📝 Simple Self-Care Checklist

#### Purpose:
- Helps you remember essential daily tasks
- Boosts motivation and confidence
- Can be customized to suit individual needs

#### When to Use:
- When feeling drained or stuck
- To maintain basic self-care routines
- During times of emotional dysregulation

#### Key Tasks to Include:
- Take medication 💊
- Drink enough water 💧
- Shower and practice hygiene 🚿

#### Why It Works:
- Externalizes tasks for clarity
- Gamifies action to make it engaging
- Supports emotional regulation and self-compassion",Drained,Stuck,,,"Being Kinder to Myself, Finding motivation",hand,,,,Spiraling,,,"Avoidant, Frozen",Free,"Checklist, Gamified",The Anti-Planner by Dani Donovan,Gamified,Basic Needs Tracker,"Emotional Regulation, Self-Compassion",,When you need reminders to take care of basic needs,"Externalizes Tasks, Gamifies Action"
Self-Compassion Pep Talk (How You'd Talk to a Friend vs Yourself),No,"### 🌅 Self-Forgiveness Boost

Consciously practice self-forgiveness by saying, ""I'm human and I forgive myself for this."" This strategy helps combat shame spirals that can overwhelm your working memory, making it difficult to move forward after a mistake. When you acknowledge your humanity, it reduces the emotional weight of missed deadlines or tasks, enabling quicker task initiation and a clearer path to action.",Include common self-criticism scenarios and friend-response examples,"Decision Fatigue, Emotional Dysregulation, Working Memory Engagement",,"Burnout, Shutdown, Wired but Tired","### 🤝 Kindness Over Criticism

#### When to Use:
- Facing a difficult task
- Experiencing feelings of shame
- Struggling with self-criticism

#### How It Works:
- Imagine a friend in your situation
- Offer yourself the same compassion
- Shift from negative self-talk to supportive dialogue

#### Examples:
- Instead of saying, ""I can’t believe I messed up,"" try, ""It’s okay; everyone makes mistakes.""
- Replace, ""I should have done better,"" with ""I’m doing my best, and that’s enough.""

#### Why It Helps:
- Reduces feelings of shame and guilt 🙌
- Promotes emotional regulation and self-kindness 💖
- Encourages a more positive mindset for tackling challenges 🚀",Ashamed,Guilty,,,"Being Kinder to Myself, Calming Down, Overcoming Resistance",user-plus,,,,"Poor Time Estimation, Spiraling",,,"Frozen, Overthinking",Free,Gamification,The Anti-Planner by Dani Donovan,"Gamified, Visual",Friend Perspective Technique,"Emotional Regulation, Self-Compassion",,When self-criticism is harsh and unhelpful,"Emotional Regulation, Externalizes Tasks"
Self-Compassion Practice,No,"### ☕️ Make Tasks Enjoyable

Pair boring tasks with a pleasant setting to make them more tolerable. For instance, do your monthly budget at your favorite coffee shop to create a positive association, which helps combat task initiation difficulties often faced in ADHD. By connecting tedious tasks with enjoyable environments, you can boost your motivation and make those tasks feel less daunting.",Include self-compassion exercises and inner dialogue reframing,"Emotional Dysregulation, Task Initiation, Time Blindness",,"Crash Recovery, Overstimulated, Wired but Tired","### 🌟 Be Your Own Best Friend

#### When to Use:
- When you make a mistake
- During moments of self-criticism
- When negative thoughts arise

#### How It Works:
- Treat yourself kindly as you would a friend
- Pause and reflect on your thoughts
- Shift the focus to finding solutions

#### Examples:
- Instead of saying ""I'm so stupid,"" think ""It's okay to make mistakes.""
- Remind yourself of past successes to boost confidence.

#### Why It Helps:
- Reduces self-criticism 🙌
- Encourages accountability and growth 🌱
- Helps manage emotional dysregulation 💖",Ashamed,Guilty,,,"Being Kinder to Myself, Calming Down, Managing Emotional Dysregulation",flag,,,,"Avoidant, Poor Time Estimation, Spiraling",Working Professional,,"Avoidant, Overthinking",Free,Gamification,,"Gamified, Sensory",Emotional Regulation Strategy,"Emotional Regulation, Self-Compassion",,When self-criticism is making struggles worse,"Creates Accountability, Emotional Regulation"
Self-Forgiveness Reset,No,"### 🌟 Regular Sensory Breaks

Take regular sensory breaks to help manage overwhelm and boost focus. By stepping outside or listening to calming music, you can prevent sensory overload, which often disrupts working memory and task initiation. Aim for 5-minute breaks every 2 hours to create a structured approach that enhances your ability to stay engaged and reduces anxiety in chaotic environments.",Include self-forgiveness scripts for common ADHD challenges,"Emotional Dysregulation, Task Initiation, Working Memory Failures",,"Crash Recovery, Overwhelmed, Wired but Tired","### 🌅 A Journey to Self-Compassion

#### Understanding the Feelings:
- Feeling ashamed? 😔
- Carrying guilt? 😟
- Acknowledging these emotions is the first step to healing.

#### The Self-Forgiveness Boost:
- Say to yourself: ""I'm human and I forgive myself for this."" 💖
- This mantra helps lift the emotional burden.
- Encourages you to take action and start again.

#### When to Use:
- When shame paralyzes you after a mistake.
- In moments of self-doubt or guilt.
- During challenging tasks that feel overwhelming.

#### Why It Works:
- Promotes emotional regulation and reduces anxiety. 🌈
- Gamifies the action of forgiveness, making it engaging.
- Encourages a mindset shift towards self-compassion.

#### Next Steps:
- Acknowledge your feelings and take a step forward.
- Include self-forgiveness scripts for common ADHD challenges.
- Remember, it's okay to be kinder to yourself. 🌟",Ashamed,Guilty,,,"Being Kinder to Myself, Starting Something Hard",sunrise,,,,"Can't Start, Poor Time Estimation, Spiraling",Working Professional,Recently Moved,"Discouraged, Overthinking",Free,"Accountability, Gamification, Mindset Shift",The Anti-Planner by Dani Donovan,"Gamified, Sensory",Compassionate Reset Ritual,Self-Compassion,,When shame is paralyzing you after a mistake,"Emotional Regulation, Gamifies Action"
Semi-Related Environment,No,"### ⏰ Manage Your Workload

Communicate your expectations about what you can realistically handle to avoid overwhelm. Instead of over-promising and risking stress, set clear deadlines with extra time for tasks. This approach helps combat time blindness by allowing your working memory to better manage multiple commitments, ensuring you don't feel defeated when things don't go as planned.",Include pairing suggestions for common dreaded tasks and different environments,"Emotional Dysregulation, Environmental Cues, Task Initiation",,"Crash Recovery, Low Energy, Wired but Tired","### ☕️ Make Tasks Enjoyable

#### When to Use:
- When faced with tedious tasks
- During times of low motivation
- To create a positive working environment

#### How It Works:
- Combine dull tasks with enjoyable settings
- Associate tasks with favorite places or activities
- Create a positive vibe to boost motivation

#### Examples:
- Do your monthly budget at a favorite coffee shop
- Write reports in a park on a nice day
- Plan meals while enjoying a movie night at home

#### Why It Works:
- Links boring tasks with pleasant experiences
- Reduces intimidation of dull tasks
- Enhances focus and enjoyment through environmental cues",Drained,Stuck,,,"Overcoming Procrastination, Starting Something Hard, Staying focused",settings,,,,"Avoidant, Can't Start",,,"Avoidant, Frozen",$,Gamification,The Anti-Planner by Dani Donovan,"Gamified, Interactive",Context Pairing Strategy,"Emotional Regulation, Focus Enhancement, Work",,When tasks feel unpleasant and you need positive associations,"Emotional Regulation, Gamifies Action, Starts Small"
Sensory Breaks,No,"### 🎯 S.M.A.R.T. Goals Made Easy

Break down your goals into manageable steps that are specific and time-sensitive. This approach tackles time blindness by providing clear deadlines and rewards, making it easier to initiate tasks and stay motivated. For example, instead of saying ""get organized,"" aim to ""organize my desk drawer by Friday by spending 15 minutes each day."" This way, you create a system that supports your executive function challenges and keeps you on track.",Include sensory break ideas for different environments,"Emotional Dysregulation, Task Initiation, Working Memory Failures",,"Overstimulated, Overwhelmed","### 🌟 Sensory Breaks for a Calmer Mind

#### When to Use:
- When feeling overstimulated or overwhelmed
- During long periods of focused work
- Before engaging in stressful tasks

#### How It Works:
- Take short breaks every 2 hours
- Step outside for fresh air
- Listen to calming music for 5 minutes

#### Benefits of Sensory Breaks:
- Reduces feelings of overwhelm 🌊
- Improves focus and productivity 📈
- Provides time to recover from sensory overload 🧘‍♂️

#### Why It Helps:
- Breaks down complexity of tasks
- Externalizes responsibilities
- Reduces decision fatigue, making it easier to manage tasks",Overstimulated,Overwhelmed,,,"Calming Down, Recovering from a crash",lightning,,,,"Anxiety Management, Sensory Overload",Working Professional,,"Avoidant, Frozen, Overthinking",Free,"Checklist, Routine",,Sensory Engagement,Regulation Support,"Cleaning, Sensory Management",,When sensory input becomes overwhelming,"Breaks Down Complexity, Externalizes Tasks, Reduces Decision Fatigue"
Set Realistic Expectations at Work,No,"### 🚿 Brush While You Shower

Keep a toothbrush and toothpaste in the shower to make brushing teeth a part of your daily routine. This strategy helps overcome working memory failures by providing a visual cue during your shower, making it easier to initiate the task. Consider using a small plastic basket mounted on the shower wall for easy access, ensuring that you can tackle this hygiene task effortlessly while you already have the warm water running.",Include communication scripts and deadline calculation methods,"Executive Dysfunction, Time Blindness, Working Memory Engagement",,"Burnout, Crash Recovery, Overwhelmed","### ⏰ Managing Workload Effectively

#### The Challenge:
- Feeling overwhelmed by too many tasks
- Struggling to meet unrealistic deadlines
- Managing multiple commitments without stress

#### When to Use:
- When work expectations are consistently unrealistic
- During busy periods with overlapping deadlines
- When feeling defeated by changing plans

#### How It Works:
- Clearly communicate your workload limits
- Set realistic deadlines with buffer time
- Track commitments to avoid feeling defeated

#### Examples:
- Schedule dedicated blocks of time for each task
- Use visual planners to see all commitments at a glance

#### Why It Works:
- Helps prevent burnout and stress
- Allows for better emotional regulation
- Frees up working memory to focus on task completion",Frustrated,Defeated,,,"Starting Something Hard, Staying focused",target,,,,"Anxious, Can't Finish",,,Overthinking,Free,Checklist,The Anti-Planner by Dani Donovan,Visual,Workplace Boundary Management,"Emotional Regulation, Time Planning",,When work expectations are consistently unrealistic,"Breaks Down Complexity, Externalizes Tasks, Frees Up Working Memory"
Setting Goals That Don't Suck,No,"### 🎤 Taming Your Inner Critic
Name your negative voice (like ""Scumbag Brain"") and treat it as a heckler. When it starts to undermine you, actively tell it to quiet down because you're focused on proving it wrong. This strategy helps with working memory by externalizing negative self-talk, making it easier to push back against anxiety and self-doubt. Remember, even small actions like committing to just 10 minutes of work can shift your mindset and combat task initiation barriers.",Include goal-setting templates and ADHD-specific considerations,"Executive Dysfunction, Task Initiation, Time Blindness",,"Low Energy, Wired but Tired","### 🎯 Breaking Down Goals for Success

#### Why Set Goals?
- Helps create a clear direction for your actions
- Makes it easier to track progress
- Increases motivation and accountability

#### How to Set S.M.A.R.T. Goals:
- Specific: Define exactly what you want to achieve
- Measurable: Determine how you'll measure success
- Achievable: Ensure your goal is realistic
- Relevant: Align your goal with broader objectives
- Time-Bound: Set a deadline for completion

#### Example of a S.M.A.R.T. Goal:
- Instead of saying ""get organized,"" say ""organize my desk drawer by Friday, spending 15 minutes each day.""

#### Why It Works:
- Breaks down complexity into manageable steps
- Provides a clear timeline to stay focused
- Instills a sense of accomplishment through small wins",Frustrated,Defeated,,,"Managing my schedule, Planning my time, Task Initiation Support",target,,,,"Cannot Finish, Task Initiation",,,"Avoidant, Discouraged",Free,"Accountability, Checklist, Routine",The Anti-Planner by Dani Donovan,"Incremental Engagement, Task Simplification, Time Management",ADHD-Friendly Goal Framework,"Planning, Time Planning",,When you want to set goals that you'll actually achieve,"Breaks Down Complexity, Externalizes Tasks, Provides Instant Rewards"
Shower Toothbrush,No,"### 🌙 Sleep Pattern Insights

Track your sleep using a sleep tracking app to gain insights into your sleep stages and patterns. This strategy helps address time blindness by revealing how much quality sleep you’re actually getting, allowing for adjustments to your routine. By identifying when you’re missing deep sleep, you can better prepare your body for rest, leading to improved focus and reduced fatigue throughout the day.",Include other habit bundling examples and waterproof storage solutions,"Environmental Cues, Task Initiation, Working Memory Failures",,"Crash Recovery, Low Energy, Restless","### 🚿 Brush While You Shower

#### When to Use:
- When you often forget to brush your teeth
- During your shower routine
- To make hygiene tasks easier to remember

#### How It Works:
- Keep your toothbrush and toothpaste in the shower
- Brush your teeth while you're already there
- Integrate it into your daily hygiene routine

#### Why It Helps:
- Reduces forgetfulness by combining tasks
- Frees up working memory for other important tasks
- Helps build a consistent hygiene routine without extra effort

#### Additional Tips:
- Consider waterproof storage solutions for your toothbrush
- Think of other habits you can bundle with showering",Forgetful,Ashamed,,,"Maintaining Focus, Overcoming Procrastination, Task Initiation Support",sparkles,,,,"Avoidant, Forgetful",,,"Avoidant, Frozen",$,Routine,Reddit /r/ADHDWomen,"Incremental Engagement, Task Simplification, Visual",Habit Bundling Hack,"Planning, Time Planning",,When you consistently forget daily hygiene tasks,"Externalizes Tasks, Frees Up Working Memory"
Shutting Up the Scumbag Brain,No,"### 🏆 Visualize Small Wins

Create a dedicated space for displaying symbols of your achievements, like marbles for workouts or sticky notes for completed tasks. This strategy leverages visual cues to enhance working memory and combat feelings of being overwhelmed. By seeing your progress accumulate, you receive instant motivation boosts and a sense of accomplishment, making it easier to initiate new tasks and stay focused on your goals.",Include naming strategies and comeback phrases for common negative thoughts,"Emotional Dysregulation, Task Initiation, Working Memory Engagement",,"Crash Recovery, Low Energy, Wired but Tired","### 🎤 Taming Your Inner Critic

#### Understanding the Challenge:
- Negative self-talk can sabotage our efforts.
- It often manifests as feelings of shame and guilt.
- Acknowledge that everyone struggles with their inner critic.

#### The Strategy:
- Name your negative voice, e.g., ""Scumbag Brain.""
- Treat it as a heckler that needs to be silenced.
- Commit to just 10 minutes of work to shift your mindset.

#### When to Use:
- When negative self-talk arises and you feel paralyzed.
- Before starting a new task or project.
- During moments of self-doubt or guilt.

#### How It Works:
- Externalizing the negative voice helps in managing emotions.
- Focusing on short tasks reduces overwhelm.
- Engaging in work momentarily quiets the critic.

#### Why It Helps:
- Enhances emotional regulation and task initiation.
- Builds confidence through small accomplishments.
- Encourages a kinder internal dialogue, paving the way for progress.",Ashamed,Guilty,,,"Being Kinder to Myself, Calming Down",volume-x,,,,"Anxious, Poor Time Estimation, Spiraling",,,Overthinking,Free,Gamification,The Anti-Planner by Dani Donovan,"Gamified, Interactive",Negative Voice Management,"Decision Making, Emotional Regulation",,When negative self-talk is sabotaging your efforts,"Emotional Regulation, Externalizes Tasks"
Sleep Tracking Apps,No,"### ⏰ Action-Packed Alarms

Label your phone alarms with specific actions instead of just times. This strategy helps combat working memory failures by providing immediate reminders of what needs to be done when the alarm goes off. For instance, instead of setting an alarm for “8:00 AM,” try “8:00 AM - Take meds” to make it clear and actionable, reducing confusion and enhancing task initiation.",Include sleep hygiene tips and pattern recognition strategies,"Executive Dysfunction, Time Blindness, Working Memory Engagement",,"Crash Recovery, Low Energy, Shutdown","### 🌙 Sleep Quality Improvement Guide

#### When to Use:
- When sleep quality needs monitoring and improvement
- If you struggle to understand your sleep patterns
- During periods of low energy or fatigue

#### How It Works:
- Use a sleep tracking app to monitor your sleep stages
- Analyze data to see how much quality sleep you're getting
- Adjust your bedtime based on insights from the app

#### Tips for Success: 🌟
- Include sleep hygiene tips for better rest
- Recognize patterns and adjust your routine accordingly
- Make small changes gradually for lasting impact

#### Why It Works:
- Helps you understand when you're missing deep sleep
- Empowers you to make informed adjustments to your routine
- Increases overall well-being by improving sleep quality",Stuck,Overwhelmed,,,Starting Something Hard,moon,,,,"Can't Start, Cannot Finish",Parent,,"Avoidant, Frozen, Overthinking",$,"Checklist, Gamified",,Gamified,Rest Optimization Tools,,,When sleep quality needs monitoring and improvement,"Breaks Down Complexity, Frees Up Working Memory, Starts Small"
Small Wins Trophy Shelf,No,"### 📅 Color-Coded Calendar

Utilize calendar apps with ADHD-friendly features such as color coding, multiple reminders, and time blocking. This strategy helps combat time blindness by providing clear visual cues that enhance your working memory and organization. By integrating these features, you can better manage appointments and deadlines, reducing overwhelm and improving task initiation.",Include different trophy ideas for various goals and achievement tracking methods,"Environmental Cues, Task Structuring, Working Memory Engagement",,"Crash Recovery, Overwhelmed, Wired but Tired","### 🏆 Visualizing Your Small Wins

#### Create a Showcase Space:
- Dedicate an area to display achievements
- Use marbles, sticky notes, or trophies

#### Why It's Important:
- Visual representations boost motivation
- Helps you see progress over time

#### How to Use:
- Add new items as you complete tasks
- Regularly update your display to reflect current goals

#### When to Implement:
- When feeling discouraged or overwhelmed
- After completing significant tasks or milestones

#### Benefits:
- Activates dopamine and boosts morale
- Breaks down complexity into manageable visuals
- Gamifies your achievements, making tasks feel rewarding",Drained,Stuck,,,"Starting Something Hard, Staying focused",trophy,,,,"Can't Focus, Task Initiation",,,Discouraged,$,"Accountability, Gamification, Mindset Shift",The Anti-Planner by Dani Donovan,"Gamified, Incremental Motivation, Visual",Achievement Display System,Work,,When you need visual proof of progress,"Activates Dopamine, Breaks Down Complexity, Gamifies Action"
Smart Alarm Labels,No,"### 📧 Quick Email Responses
Create templates for common emails to streamline communication and reduce overwhelm. This strategy helps with task initiation by providing a clear starting point for responding to emails, which can often feel daunting. By using templates, you can minimize the time spent on decision-making and focus on what truly matters, thereby improving your overall efficiency and reducing feelings of being stuck.",Include alarm labeling strategies and timing optimization,"Decision Fatigue, Task Initiation, Working Memory Failures",,"Low Energy, Shutdown","### ⏰ Action-Packed Alarms

#### When to Use:
- When you set alarms to remind yourself of tasks
- To combat forgetfulness in daily routines
- When managing medication schedules

#### How It Works:
- Label alarms with specific actions (e.g., “8:00 AM - Take meds”)
- Provide clear reminders that clarify what needs to be done
- Helps you prepare mentally for the action when the alarm rings

#### Examples:
- “7:00 AM - Water the plants” 🌱
- “6:00 PM - Start cooking dinner” 🍳
- “9:00 PM - Prepare for bed” 🛌

#### Why It Works:
- Reduces decision fatigue by specifying tasks
- Frees up working memory for other important thoughts
- Enhances task initiation by providing clear cues",Forgetful,Ashamed,,,"Managing my schedule, Planning my time, Task Initiation Support",alarm-clock,,,,"Disorganized, Poor Time Estimation, Task Initiation",,,Avoidant,Free,Gamification,,"Gamified, Interactive",Context-Rich Reminders,"Planning, Work",,When you forget why you set alarms,"Externalizes Tasks, Frees Up Working Memory"
Smart Calendar System,No,"### 🤝 Virtual Body Doubling

Work alongside a friend through video chat to enhance focus and productivity. This strategy leverages social accountability to combat task initiation challenges by creating a supportive environment where both parties work on their own tasks. Even minimal interaction can provide the necessary motivation to overcome feelings of being stuck or drained, making it easier to start and maintain focus on difficult projects.",Include calendar features that support ADHD needs and organization strategies,"Decision Fatigue, Task Structuring, Working Memory Failures",,"Overwhelmed, Wired but Tired","### 📅 Smart Scheduling Made Easy

#### The Challenge:
- Managing appointments and deadlines can feel overwhelming.
- Forgetting important tasks leads to missed opportunities.

#### The Solution:
- Use a color-coded calendar for visual organization.
- Set multiple reminders for key events.
- Implement time-blocking for focused work sessions.

#### When to Use:
- When feeling forgetful or overwhelmed.
- During busy weeks with multiple commitments.
- When planning long-term projects and deadlines.

#### Why It Works:
- Provides clear visual cues to enhance organization.
- Reduces decision fatigue by structuring your time.
- Supports better memory retention of tasks and appointments.",Forgetful,Ashamed,,,"Managing my schedule, Planning my time",calendar,,,,"Forgetful, Missed Appointments, Poor Time Estimation",,,Overthinking,$,"Checklist, Routine",,"Time Management, Visual",Digital Schedule Manager,"Planning, Time Planning",,When basic calendars aren't providing enough support,"Externalizes Tasks, Provides External Structure, Reduces Decision Fatigue"
Smart Email Templates,No,"### ⏳ Speed-Running Tasks

Set a short countdown timer (5-10 minutes) to tackle chores like cleaning or organizing. This strategy helps combat time blindness by creating a sense of urgency, making mundane tasks feel like a fun challenge. By racing against the clock, you can boost motivation and enhance your task initiation, turning routine actions into an engaging game.",nan,"Decision Fatigue, Emotional Dysregulation, Task Initiation",,"Crash Recovery, Low Energy, Overwhelmed","### 📧 Quick Email Responses

#### When to Use:
- When you're overwhelmed with emails
- During busy work periods
- When you need to respond quickly

#### How It Works:
- Create simple email templates for common messages
- Use templates to save time and mental energy
- Adjust templates as needed for personalization

#### Examples:
- Template for scheduling meetings 📅
- Template for quick status updates 📊

#### Why It Works:
- Reduces decision fatigue 🧠
- Frees up mental space for important tasks 🚀
- Minimizes friction in communication",Stuck,Overwhelmed,,,"Staying focused, Task Initiation",mail,,,,"Can't Start, Task Initiation",Working Professional,,"Frozen, Overthinking",,Gamification,,"Gamified, Interactive",Communication Speed System,"Emails, Work",,,"Externalizes Tasks, Frees Up Working Memory, Minimizes Friction"
Social Support System,No,"### 🎲 Task Lottery for Focus

Write tasks on slips of paper and place them in a box. When it’s work time, draw one slip and set a timer for 15-20 minutes to focus solely on that task. This method helps combat decision paralysis and enhances task initiation by externalizing choices, allowing you to overcome feelings of being stuck or overwhelmed. The randomness of selection reduces the pressure of decision-making, making it easier to get started and maintain focus.",Include virtual body doubling platform recommendations and etiquette tips,Task Initiation,,Low Energy,"### 🤝 Virtual Body Doubling for Focus

#### When to Use:
- When feeling drained or stuck
- During tasks that require concentration
- When needing motivation to start projects

#### How It Works:
- Work with a friend over video chat
- Both individuals commit to focusing on their own projects
- The presence of another person helps initiate tasks

#### Benefits:
- Provides a supportive environment
- Motivates you to overcome feelings of being stuck
- Enhances productivity through accountability

#### Why It Works:
- Supports executive function
- Externalizes tasks, making them feel more manageable
- Creates a sense of companionship during work sessions",Drained,Stuck,,,"Focus Enhancement, Focused Task Execution, Task Initiation Support",users,,,,"Can't Focus, Can't Start",,,"Avoidant, Frozen",Free,Accountability,The Anti-Planner by Dani Donovan,Interactive,Comprehensive Accountability Network,"Focus Enhancement, Task Initiation Support",,When you need company to focus,"Executive Function Support, Externalizes Tasks"
Speed Run - countdown timer,No,"### 🧹 Clean as You Go

Wipe down surfaces while coffee brews and load the dishwasher immediately after meals. This strategy helps with task initiation by breaking down cleaning into small, manageable actions that prevent overwhelming messes. By incorporating these simple habits, you can maintain a tidy space with minimal effort, reducing the mental load and making it easier to stay organized.",Include optimal timer lengths for different tasks and scoring systems,"Emotional Dysregulation, Task Initiation, Time Blindness",,"Low Energy, Restless, Wired but Tired","### ⏳ Speed-Running Tasks: A Fun Challenge

#### When to Use:
- When routine tasks feel boring
- During moments of low energy
- To create a sense of urgency in chores

#### How It Works:
- Set a timer for 5-10 minutes
- Tackle as many chores as possible within the time limit
- Treat it like a game to boost motivation

#### Examples:
- Cleaning a room quickly before guests arrive
- Organizing a workspace in a timed session
- Racing against the clock to finish laundry

#### Why It Works:
- Creates urgency that can help overcome procrastination
- Makes mundane tasks more engaging and enjoyable
- Utilizes a gamified approach to enhance focus and energy",Drained,Stuck,,,"Cleaning Up, Resetting My Space, Task Initiation Support",timer,,,,"Avoidant, Can't Start",,,Avoidant,Free,"Engaging Gamification, Gamification",The Anti-Planner by Dani Donovan,"Action-Oriented, Gamified, Time-Limited Challenge",Task Racing Game,"Cleaning, Focus Enhancement, Task Initiation Support",,When routine tasks feel boring and you need energy,"Dopamine Activation, Gamifies Action, Starts Small"
Sprint Box,No,"### 📝 Instant Reminder System

Place sticky notes and pens in key areas around your home and in your bag or car. This strategy helps combat working memory failures by allowing you to jot down thoughts and reminders immediately when they arise, ensuring nothing is forgotten. By using visual cues in your environment, you create a supportive structure that aids in task initiation and helps you stay focused on what matters.",Include sprint timing suggestions and task categorization methods,"Decision Fatigue, Inertia, Task Initiation",,"Crash Recovery, Low Energy, Shutdown","### 🎲 Task Lottery for Focus

#### When to Use:
- When you feel stuck and can't decide which task to tackle
- During times of decision fatigue
- When overwhelmed by multiple tasks

#### How It Works:
- Write down your tasks on slips of paper
- Place them in a box
- Draw one slip when it's time to work
- Set a timer for 15-20 minutes to focus solely on that task

#### Benefits:
- Breaks down complexity of choices
- Minimizes friction in starting tasks
- Helps you initiate focus without feeling overwhelmed

#### Why It Helps:
- Reduces decision fatigue by externalizing tasks
- Encourages action through gamification
- Supports task initiation by providing clear direction",Stuck,Overwhelmed,,,"Focus Enhancement, Focused Task Execution, Task Initiation Support",dice,,,,"Can't Decide, Can't Start",,,"Avoidant, Frozen",Free,Gamification,The Anti-Planner by Dani Donovan,"Gamified, Interactive",Random Task Selection,"Decision Making, Focus Enhancement, Task Initiation Support",,When you have multiple tasks and can't choose where to start,"Breaks Down Complexity, Externalizes Tasks, Minimizes Friction"
Stealth Cleaning System,No,"### 👁️ Reframe Your ""Shoulds""

Catch yourself when you think or say “I should do ___” and replace it with “I will” if it’s a true priority, or simply let it go. This shift helps reduce guilt and pressure, making tasks feel like choices instead of obligations. By reframing your thoughts, you can improve task initiation and reduce feelings of shame associated with unmet expectations.",Include clean-as-you-go strategies for different areas and situations,Task Initiation,,Frozen/Shut Down,"### 🧹 The One-Minute Kitchen Rescue

#### The Problem:
- Kitchen gets overwhelming with accumulated dishes and spills
- Cleaning becomes a huge, dreaded task
- Small messes compound into big projects

#### The Solution:
- Clean as you go throughout the day
- Wipe spills immediately
- Load dishwasher right after meals
- Put ingredients away while cooking

#### When to Use:
- When you notice mess anxiety building
- During daily transitions (making coffee, after meals)
- In small moments between activities

#### Why It Works:
- Prevents small messes from becoming overwhelming
- Reduces cleaning anxiety
- Maintains a consistently tidy space
- Takes advantage of natural transition moments",Scattered,Stuck,,,"Cleaning Up, Resetting My Space",broom,,,,"Can't Start, Disorganized",,,"Disorganized, Frozen",Free,Gamification,,"Gamified, Task Simplification",Continuous Maintenance Strategy,"Cleaning, Task Initiation",,When messes accumulate into overwhelming situations,"Breaks Down Complexity, Externalizes Tasks, Starts Small"
Sticky Notes Everywhere,No,"### 🍽️ Smart Grocery Choices

Choose pre-cut vegetables to make healthy eating easier and reduce food waste. This strategy helps with task initiation by minimizing the overwhelm of meal prep when you're tired, allowing you to eat healthier without the guilt. Remember, investing in convenience can lead to better overall well-being and less decision fatigue.",Include strategic placement guides and color-coding systems,"Environmental Cues, Task Initiation, Working Memory Failures",,"Burnout, Low Energy, Overstimulated","### 📝 Instant Reminder System

#### When to Use:
- When you often forget important tasks
- During busy days filled with distractions
- When thoughts and reminders pop up at inconvenient times

#### How It Works:
- Place sticky notes in strategic locations around your home, bag, or car
- Use bright colors to attract attention and enhance visibility
- Keep pens nearby for quick jotting down of thoughts

#### Examples:
- Sticky note on your bathroom mirror to remind you of daily tasks
- Notes on the fridge for grocery items needed
- A reminder on your dashboard for appointments or important calls

#### Why It Works:
- Provides visual cues in your environment to support task initiation
- Helps externalize tasks, freeing up working memory
- Creates an organized structure that minimizes forgetfulness",Forgetful,Ashamed,,,"Staying focused, Task Initiation",sticky-note,,,,"Disorganized, Poor Time Estimation, Task Initiation",,,"Avoidant, Disorganized",$,Quick Fix,Reddit /r/ADHDWomen,"Sensory, Visual",Ubiquitous Reminder System,"Focus Enhancement, Task Initiation, Work",,When thoughts and reminders pop up at inconvenient times,"Externalizes Tasks, Frees Up Working Memory, Provides External Structure"
Stop Should-ing All Over Yourself,No,"### ☕ Caffeine for Focus

Use caffeine strategically to enhance your focus, especially if you have ADHD. By having one cup of coffee at 9am and avoiding caffeine after 2pm, you can leverage its benefits for task initiation without disrupting your sleep. This approach provides the external structure needed to manage symptoms like feeling scattered or overwhelmed.","Include common ""should"" statements and reframing alternatives","Decision Fatigue, Emotional Dysregulation, Task Initiation",,"Overwhelmed, Restless, Wired but Tired","### 👁️ Reframing Your ""Shoulds""

#### The Problem:
- Feelings of guilt arise from ""should"" statements
- Pressure to meet unrealistic expectations
- Difficulty starting tasks due to overwhelming emotions

#### When to Use:
- When you catch yourself saying “I should do ___”
- During moments of decision fatigue or emotional dysregulation
- When facing task initiation challenges

#### How It Works:
- Pause and assess if the task is a real priority
- Rephrase ""I should"" to ""I will"" if it is a priority
- Let go of tasks that are not priorities

#### Examples:
- ""I should exercise"" ➔ ""I will exercise to feel healthier""
- ""I should call a friend"" ➔ ""I will call a friend because I value our connection""

#### Why It Works:
- Reduces guilt and pressure by making tasks feel like choices
- Enhances emotional regulation by externalizing tasks
- Encourages a mindset shift towards self-compassion and understanding",Ashamed,Guilty,,,"Being Kinder to Myself, Maintaining Focus",eye,,,,"Anxiety Management, Can't Start, Emotional Regulation",,,"Discouraged, Overthinking",Free,"Gamification, Mindset Shift",The Anti-Planner by Dani Donovan,"Gamified, Interactive",Language Reframing,"Decision Making, Self-Compassion",,"When ""should"" thoughts are creating guilt and pressure","Emotional Regulation, Externalizes Tasks"
Strategic Brain Spending,No,"### 💪 Ask for Help

Actively reach out for assistance instead of struggling alone. This approach combats task initiation challenges by reducing feelings of being overwhelmed, allowing you to regain focus and clarity. Utilize clear scripts when asking for support to enhance your working memory and ensure you articulate your needs effectively.",Include cost-benefit analysis frameworks and strategic spending guidelines,"Decision Fatigue, Task Initiation, Working Memory Engagement",,"Burnout, Crash Recovery, Wired but Tired","### 🍽️ Smart Grocery Choices Made Easy

#### The Challenge:
- Healthy eating can feel overwhelming.
- Decision fatigue makes meal prep difficult.
- Food waste adds to the stress of grocery shopping.

#### The Solution:
- Opt for pre-cut vegetables to simplify meal prep.
- Choose ready-to-cook options for less hassle.
- Create a grocery list to minimize impulse purchases.

#### When to Use:
- When feeling anxious about meal planning.
- During busy weeks where time is limited.
- To reduce stress around healthy eating choices.

#### Why It Works:
- Minimizes meal prep stress.
- Frees up working memory for other tasks.
- Helps maintain a healthy diet without feeling overwhelmed.",Anxious,Ashamed,,,Starting Something Hard,brain,,,,"Avoidant, Can't Start",,,"Avoidant, Frozen",$$,Mindset Shift,,Sensory,Smart Investment Strategy,Cleaning,,When frugality is working against your ADHD needs,"Emotional Regulation, Freeing Up Working Memory, Minimizes Friction"
Strategic Caffeine System,No,"### 🎶 Focus with Music

Create dedicated playlists tailored for different tasks and moods to improve concentration and motivation. This strategy helps manage working memory failures by externalizing your task environment, making it easier to initiate work without distractions. Consider using instrumental music or lo-fi beats in your 'Focus' playlist to minimize distractions from lyrics while keeping your brain engaged and ready to work.",Include timing guidelines and interaction considerations with ADHD medication,"Task Initiation, Time Blindness, Working Memory Failures",,Wired but Tired,"### ☕ Caffeine for Focus Enhancement

#### When to Use:
- When feeling scattered or overwhelmed
- To boost focus during work or study sessions
- Before starting tasks that require concentration

#### How It Works:
- Have one cup of coffee at 9am
- Avoid caffeine after 2pm to prevent sleep disruption
- Use caffeine strategically to enhance task initiation

#### Examples:
- Start your workday with a coffee to increase alertness
- Use caffeine before important meetings or presentations

#### Why It Works:
- Helps to clear mental fog and improve concentration
- Encourages task initiation by providing a quick energy boost
- Reduces time blindness, helping to manage tasks more effectively",Scattered,Overwhelmed,,,"Focus Enhancement, Staying focused, Task Initiation Support",coffee,,,,"Can't Focus, Can't Start, Poor Time Estimation",,,"Avoidant, Overthinking",$,Gamification,,Gamified,Smart Stimulant Strategy,"Focus Enhancement, Task Initiation Support, Time Planning",,When caffeine can support focus without negative effects,"Breaks Down Complexity, Externalizes Tasks, Frees Up Working Memory"
Strategic Help Requests,No,"### ☀️ Buy Back Your Time

Outsource tasks that drain your energy, like cleaning or meal prep. This strategy helps you overcome time blindness by allowing you to focus on activities that you enjoy and excel at, improving your overall mood and energy levels. By using services like wash-and-fold laundry, you can reduce the burden of overwhelming tasks, enhancing your working memory for more important responsibilities. Consider the cost-benefit and choose what works best for you!",Include help-asking scripts and how to build a support network,"Emotional Dysregulation, Task Initiation, Working Memory Engagement",,"Burnout, Crash Recovery, Overwhelmed","### 💪 Smart Support Seeking: When to Reach Out

#### When to Use:
- Feeling stuck or overwhelmed
- Facing emotional dysregulation
- Struggling with task initiation

#### How It Works:
- Reach out for support from colleagues or friends
- Use clear, simple scripts to express your needs
- Regain focus and reduce anxiety through collaboration

#### Examples:
- Asking a colleague for help with a project
- Joining a study group for motivation
- Setting up regular check-ins for accountability

#### Why It Helps:
- Creates accountability 🤝
- Frees up working memory 🧠
- Minimizes friction in seeking help ✨",Stuck,Overwhelmed,,,"Staying focused, Task Initiation",help-circle,,,,"Anxious, Can't Start",Working Professional,,"Avoidant, Frozen",Free,"Accountability, Checklist",,"Interactive, Reflective Practice",Smart Support Seeking,Emotional Regulation,,When struggling alone is less effective than seeking support,"Creates Accountability, Frees Up Working Memory, Minimizes Friction"
Strategic Music System,No,"### 🚫 Mastering the Art of No

Practice saying no to commitments that don’t align with your priorities to avoid overwhelm. This strategy helps combat time blindness by allowing you to allocate your time and energy effectively. By protecting your schedule, you enhance your working memory and focus on what truly matters, leading to better outcomes in your important tasks.",Include music genre recommendations and volume guidelines for focus,"Emotional Dysregulation, Task Structuring, Working Memory Failures",,"Overwhelmed, Wired but Tired","### 🎶 Focus with Music: The Playlist Solution

#### When to Use:
- When you need to start working but feel distracted
- During tasks that require high concentration
- To enhance motivation for challenging projects

#### How It Works:
- Create playlists designed for specific tasks or moods
- Use instrumental music or lo-fi beats to minimize distractions
- Adjust volume levels to find your optimal focus

#### Examples:
- A playlist for deep work featuring classical music 🎻
- Lo-fi beats playlist for creative tasks 🎧
- Nature sounds mix for calming background noise 🌿

#### Why It Works:
- Reduces emotional dysregulation by providing a calming background
- Frees up working memory by minimizing intrusive thoughts
- Gamifies the task by making it enjoyable and engaging",Scattered,Overwhelmed,,,"Starting Something Hard, Staying focused",music,,,,"Can't Focus, Forgetful",,,"Discouraged, Overthinking",Free,"Gamification, Mindset Shift, Routine",,"Interactive, Sensory",Comprehensive Playlist Strategy,"Emotional Regulation, Work",,When silence is too distracting but regular music is too stimulating,"Externalizes Tasks, Frees Up Working Memory, Gamifies Action"
Strategic Outsourcing,No,"### ✂️ Cut Out the Clutter

Stop forcing yourself to complete tasks that drain your energy. Instead, ask yourself: ""Can I eliminate this completely?"" This strategy helps with task initiation by allowing you to focus on what truly matters, reducing overwhelm. For example, if you dread meal prep, consider buying pre-chopped vegetables to make cooking easier and more enjoyable. Prioritizing energy toward meaningful activities enhances your ability to manage ADHD challenges.",Include cost-benefit calculators and service comparison guides,Executive Dysfunction,,"Burnout, Crash Recovery, Wired but Tired","### ☀️ Buy Back Your Energy

#### When to Use:
- When feeling burned out
- During overwhelming tasks
- In moments of fatigue

#### How It Works:
- Outsource draining tasks
- Use services for cleaning or meal prep
- Focus on enjoyable activities

#### Examples:
- Hire a cleaning service to handle household chores
- Use meal prep services to save time and energy
- Consider wash-and-fold laundry services for less stress

#### Why It Works:
- Frees up mental and emotional space
- Increases focus on what you enjoy
- Reduces feelings of defeat and burnout",Burned out,Defeated,,,"Cleaning Up, Resetting My Space",sunrise,,,,"Avoidant, Cant Finish",,,"Avoidant, Frozen",$$,Gamification,ADDitude Magazine,"Gamified, Sensory",Energy Investment Strategy,"Cleaning, Work",,When certain tasks consistently drain your energy,"Dopamine Activation, Emotional Regulation, Frees Up Working Memory"
Strategic Saying No,No,"### 📝 Stress Action Plan

Create a written plan during high-stress times to clarify your motivations and identify top priorities. This strategy helps combat time blindness by breaking tasks into manageable steps, making it easier to focus on what truly matters. Remember to include self-care actions to recharge, ensuring you maintain your well-being while tackling challenging situations.",Include saying no scripts and priority alignment strategies,"Decision Fatigue, Executive Dysfunction, Time Blindness",,"Burnout, Low Energy, Overstimulated","### 🚫 Mastering Your Boundaries

#### When to Use:
- When tasks don't align with your priorities
- During periods of feeling overwhelmed
- To prevent overcommitment in your schedule

#### How It Works:
- Learn to say no to non-prioritized tasks
- Protect your time and energy effectively
- Focus on what truly matters to reduce overwhelm

#### Examples:
- Politely decline extra work that doesn’t fit your goals
- Say no to social invitations that drain your energy
- Establish clear boundaries with colleagues and friends

#### Why It Works:
- Helps manage your time better ⏳
- Reduces feelings of frustration and defeat 😤
- Encourages a more focused and fulfilling schedule 🎯",Frustrated,Defeated,,,"Managing my schedule, Planning my time",x-circle,,,,"Poor Time Estimation, Task Initiation",,,"Avoidant, Frozen",Free,"Checklist, Routine",,"Reflective Practice, Time Management",Boundary Protection,"Planning, Time Planning",,When overcommitment is creating overwhelm,"Dopamine Activation, Executive Function Support"
Strategic Task Elimination,No,"### 🚀 Quick Action Breakers

Keep a list of simple actions that can help you when you're feeling stuck or overwhelmed. When you can't initiate a task, refer to your list and choose an action like ""step outside"" or ""do jumping jacks."" These small changes can effectively combat task initiation difficulties by breaking down complexity and refreshing your mind, allowing you to return to your work with renewed focus.",Include cost-benefit analysis templates for common elimination decisions,Executive Dysfunction,,"Burnout, Crash Recovery, Overwhelmed","### ✂️ Task Reduction Made Easy

#### When to Use:
- Feeling overwhelmed by multiple tasks
- Experiencing burnout from daily responsibilities
- Struggling to focus on what truly matters

#### How It Works:
- Identify tasks that drain your energy
- Ask if a task can be completely eliminated
- Consider alternatives that simplify your workload

#### Examples:
- Instead of meal prepping, choose pre-chopped veggies 🥦
- Delegate less critical tasks to others 🤝
- Use ready-made solutions for time-consuming activities ⏳

#### Why It Works:
- Reduces mental clutter and overwhelm 🌪️
- Allows focus on meaningful activities 🎯
- Increases energy for high-priority tasks ⚡",Burned out,Defeated,,,,check-square,,,,"Avoidant, Can't Finish",Working Professional,,"Avoidant, Frozen",$,Gamification,The Anti-Planner by Dani Donovan,"Gamified, Interactive",Permission to Quit,Work,,When you're spending energy on things that don't matter,"Dopamine Activation, Minimizes Friction"
Stress Action Plan - Why? What? When? (Be Realistic),No,"### 🎲 Gamify Your Tasks

Turn tasks into a card game by writing them on index cards, shuffling them, and drawing one to see what to do next. This method helps combat decision paralysis—a common ADHD challenge—by externalizing tasks and making selection fun. Assign point values to tasks for added motivation and to encourage task initiation without feeling overwhelmed.",Include template frameworks and self-care menu options,"Emotional Dysregulation, Executive Dysfunction, Time Blindness",,"Burnout, Crash Recovery, Low Energy, Overstimulated","### 📝 Stress Action Plan for Managing Overwhelm

#### When to Use:
- During periods of high stress
- When feeling burned out
- In moments of emotional dysregulation

#### How It Works:
- Create a simple written plan
- Break tasks into small, manageable steps
- Include self-care actions to recharge

#### Examples:
- Write down your top three priorities
- List small tasks to tackle each day
- Schedule time for self-care activities

#### Why It Helps:
- Clarifies what matters most during stress
- Reduces overwhelm by simplifying tasks
- Supports emotional regulation and well-being",Burned out,Defeated,,,"Starting Something Hard, Staying focused",target,,,,"Avoidant, Can't Start",,,"Avoidant, Frozen",Free,Checklist,The Anti-Planner by Dani Donovan,"Interactive, Visual",Crisis Management Framework,"Emotional Regulation, Planning",,When high stress is making everything feel impossible,"Breaks Down Complexity, Dopamine Activation, Externalizes Tasks, Frees Up Working Memory"
Stuck-Buster Action List,No,"### 🌞 Morning Sunlight Boost

Get natural sunlight exposure in the morning to enhance your mood and energy levels. This simple action helps combat time blindness and improves task initiation by regulating your circadian rhythm. Just 10-15 minutes outside can make a significant difference in how alert and focused you feel throughout the day.",Include paralysis breaker options for different settings and energy levels,Task Initiation,,"Overwhelmed, Shutdown, Wired but Tired","### 🚀 Quick Action Breakers

#### When to Use:
- When feeling stuck or overwhelmed
- At the start of a task that seems daunting
- During moments of mental paralysis

#### How It Works:
- Choose a simple action to reset your mind
- Engage in a quick physical activity
- Step outside for fresh air

#### Examples:
- Do jumping jacks 🤸
- Take a brief walk outdoors 🌳
- Drink a glass of water 💧

#### Why It Helps:
- Breaks down complexity into manageable actions
- Externalizes tasks to reduce mental friction
- Refreshes your perspective and boosts focus",Stuck,Overwhelmed,,,"Focus Enhancement, Task Initiation",list,,,,Can't Start,,,"Frozen, Overthinking",Free,Checklist,,"Action-Oriented, Visual",Paralysis Breaking Toolkit,"Decision Making, Focus Enhancement, Task Initiation Support",,When you're completely stuck and can't start anything,"Breaks Down Complexity, Externalizes Tasks, Minimizes Friction"
Suit Up Card Game,No,"### 🌪️ Survive the Storm

Cut your to-do list to only what's essential and communicate with your team about operating at reduced capacity. This strategy helps manage task initiation during overwhelming times by breaking down work into 15-minute sprints followed by short breaks. It provides a clear structure, allowing you to focus on immediate tasks without the burden of maintaining normal productivity, which is crucial when you're feeling burned out or defeated.","Include card templates, scoring systems, and category suggestions","Decision Fatigue, Executive Dysfunction, Task Initiation",,Shutdown,"### 🎲 Task Gamification for Fun and Focus

#### The Concept:
- Turn your tasks into a card game for motivation!
- Write each task on an index card and shuffle them.

#### How to Play:
- Draw one card to decide what to tackle next.
- Assign point values to tasks for extra motivation.

#### When to Use:
- When you're feeling stuck and can't decide what to do next.
- When you want to make task selection enjoyable.

#### Benefits:
- Helps overcome decision paralysis.
- Makes starting tasks less overwhelming.
- Engages you in a fun, gamified approach to productivity.",Stuck,Overwhelmed,,,"Cleaning Up, Overcoming Procrastination, Task Initiation Support",gamepad,,,,"Can't Decide, Can't Start",,,"Avoidant, Frozen",Free,"Engaging Gamification, Gamification",The Anti-Planner by Dani Donovan,Gamified,Task Selection Game,"Cleaning, Emotional Regulation, Task Initiation Support",,When decision paralysis is preventing task selection,"Externalizes Tasks, Gamifies Action"
Sunlight Exposure,No,"### 🌍 Change Your Scenery

Switch up your environment when you're feeling stuck to boost your focus and creativity. Moving to a different location or rearranging your workspace can help reset your working memory and break the cycle of inertia that often accompanies ADHD challenges. For example, if you’ve been unproductive, try working from the kitchen table with a new playlist—this change can provide fresh sensory input that helps you get back on track.",Include timing recommendations and seasonal considerations,"Emotional Dysregulation, Task Initiation, Time Blindness",,Low Energy,"### 🌞 Morning Sunlight Boost

#### Why Use It:
- When feeling drained or low on energy
- To improve mood and focus
- As a simple morning routine

#### How It Works:
- Spend 10-15 minutes outside in the morning
- Soak up natural sunlight to boost your energy levels

#### Benefits:
- Lifts your mood 🌈
- Increases focus and productivity 🚀
- Helps regulate emotional states

#### Tips for Implementation:
- Find a sunny spot outside ☀️
- Make it a daily habit to start your day
- Consider seasonal changes for optimal sunlight exposure",Drained,Stuck,,,"Finding motivation, Overcoming Procrastination, Starting Something Hard",sliders,,,,"Can't Focus, Can't Start",,,"Discouraged, Overthinking",Free,Gamification,,"Gamified, Interactive",Natural Mood Regulation,"Emotional Regulation, Task Initiation, Time Planning",,When mood and energy need natural regulation,"Dopamine Activation, Emotional Regulation, Frees Up Working Memory"
Survival Mode Productivity,No,"### 📋 Copy Proven Systems

Find and adapt a system from someone you admire instead of starting from scratch. This strategy helps mitigate time blindness by providing an external structure that clarifies your planning process. By copying a simple method, like a bullet journal, you can save time and reduce frustration associated with poor time estimation and feeling overwhelmed. Look for systems that resonate with your workflow, and don’t hesitate to ask for guidance in setting them up.",Include crisis communication templates and essential task identification guides,"Emotional Dysregulation, Task Initiation, Working Memory Engagement",,"Burnout, Crash Recovery, Overwhelmed","### 🌪️ Surviving the Storm: A Crisis Management Guide

#### When to Use:
- During periods of burnout
- When life crises affect your ability to function
- In situations requiring reduced workload

#### How It Works:
- Focus only on essential tasks
- Inform your team about your reduced capacity
- Break work into 15-minute sprints with short breaks

#### Examples:
- Completing only high-priority emails
- Spending 15 minutes on a single project before taking a break
- Setting reminders for short rest periods

#### Why It Works:
- Helps manage workload effectively during tough times
- Reduces pressure to maintain regular productivity
- Provides structure and clarity in chaotic situations",Burned out,Defeated,,,"Staying focused, Task Initiation",shield,,,,"Avoidant, Task Initiation",,,"Avoidant, Disorganized, Frozen",Free,"Checklist, Routine",The Anti-Planner by Dani Donovan,Interactive,Crisis Management Framework,"Emails, Task Initiation, Time Planning",,When life crisis is affecting your ability to function,"Breaks Down Complexity, Externalizes Tasks, Provides External Structure"
Switch it Up - Change Environment,No,"### 🎉 Celebrate Your Wins

Keep a ""ta-da"" list of your accomplishments each day, no matter how small. This strategy helps combat time blindness by allowing you to visualize your progress and boosts motivation when you feel unproductive. By externalizing tasks you've completed, you can break the cycle of negative feelings and build momentum towards future tasks.",Include environment change ideas for different situations and spaces,"Environmental Cues, Inertia, Working Memory Engagement",,"Burnout, Overwhelmed, Shutdown","### 🌍 Environment Change for Fresh Focus

#### When to Use:
- Feeling stuck in your current location
- Overwhelmed by your workspace
- Need a quick mental reset

#### How It Works:
- Change your scenery to stimulate creativity
- Rearrange your workspace for a new perspective
- Use different locations to refresh your mind

#### Examples:
- Work from the kitchen table with a new playlist 🎶
- Move to a park or café for a change of pace 🌳☕

#### Why It Works:
- Breaks the cycle of inertia and boredom 🚫
- Engages different environmental cues to spark creativity 💡
- Helps overcome feelings of burnout and overwhelm 🌟",Stuck,Overwhelmed,,,"Focus Enhancement, Overcoming Resistance, Resetting My Space",shuffle,,,,Can't Start,,Recently Moved,Frozen,Free,Environmental Hack,The Anti-Planner by Dani Donovan,"Interactive, Sensory, Visual",Environment Reset Strategy,Focus Enhancement,,When you're stuck and need a mental reset,"Breaks Down Complexity, Externalizes Tasks, Sensory Engagement"
System Clone Strategy,No,"### 🎉 Task Avoidance BINGO

Turn chores into a game! Create a 5x5 bingo card filled with small tasks you've been avoiding. This strategy helps combat task initiation challenges by breaking down daunting tasks into manageable actions, providing instant rewards as you mark off completed tasks. The gamified format activates dopamine and transforms boring chores into a motivating visual challenge, making it easier to tackle your to-do list.",Include system adaptation strategies and where to find good models,"Executive Dysfunction, Task Structuring, Time Blindness",,"Overwhelmed, Wired but Tired","### 📋 Proven System Adoption: A Personal Approach

#### When to Use:
- When feeling overwhelmed by planning
- If you struggle with structuring tasks
- During moments of executive dysfunction

#### How It Works:
- Find a planning system used by someone you admire
- Adapt it to fit your personal needs
- Seek help in setting it up if necessary

#### Examples:
- Implementing a bullet journal inspired by a favorite influencer
- Using a project management tool recommended by a colleague

#### Why It Works:
- Saves time by providing a clear structure
- Reduces frustration associated with starting from scratch
- Aligns with personal workflow for better task management",Frustrated,Defeated,,,"Managing my schedule, Planning my time",layout,,,,Cannot Finish,,,"Disorganized, Frozen",Free,"Checklist, Mindset Shift, Routine",,Sensory,Proven Model Adoption,"Planning, Time Planning",,When you need a proven system to start with,"Breaks Down Complexity, Executive Function Support, Externalizes Tasks"
Ta-Da List (Everything You've Already Done Today),No,"### 🎯 Bingo for Task Completion

Create a 5x5 bingo card filled with small tasks you've been avoiding. This gamified approach helps tackle task initiation challenges by turning overwhelming chores into a fun game, activating dopamine rewards with each completed task. As you mark off each task, you build momentum, making it easier to overcome time blindness and stay engaged with your responsibilities.",Include prompts for different types of accomplishments and daily/weekly formats,"Emotional Dysregulation, Time Blindness, Working Memory Engagement",,"Restless, Wired but Tired","### 🎉 Celebrate Your Wins

#### When to Use:
- When you feel unproductive despite accomplishing tasks
- During moments of self-doubt or discouragement
- At the end of each day to reflect on achievements

#### How It Works:
- Keep a daily ""ta-da"" list of your accomplishments
- Write down completed tasks, regardless of size
- Use this list as a motivational tool

#### Examples:
- Wrote and sent important emails ✉️
- Completed a challenging project at work 💼
- Took time for self-care activities 🛀

#### Why It Works:
- Helps you see your progress and boosts motivation 🌟
- Breaks negative feelings and encourages forward momentum
- Provides a visual reminder of your achievements and efforts",Ashamed,Guilty,,,"Being Kinder to Myself, Finding motivation",check-circle,,,,"Poor Time Estimation, Task Initiation",,,"Discouraged, Overthinking",Free,Checklist,The Anti-Planner by Dani Donovan,"Incremental Motivation, Visual",Accomplishment Documentation,Emails,,When you feel unproductive despite doing things,"Breaking Down Complexity, Externalizes Tasks, Provides Instant Rewards, Starts Small"
Task Avoidance BINGO,No,"### ⏳ Batch Your Tasks

Group similar tasks together and tackle them all at once to minimize context switching. For individuals with ADHD, this technique helps improve task initiation and reduces feelings of being overwhelmed. By blocking off a specific time to complete multiple related tasks, you create a structured approach that enhances focus and makes tasks feel more achievable.",Provide printable BINGO templates and task suggestion lists,Task Initiation,,"Low Energy, Wired but Tired","### 🎉 Task Avoidance BINGO Fun

#### What It Is:
- A game to transform chores into a fun activity
- Create a 5x5 bingo card with small tasks you’ve been avoiding

#### When to Use:
- When you have many small tasks that feel overwhelming
- To add excitement to your to-do list

#### How It Works:
- Break daunting tasks into simple actions
- Mark off completed tasks for immediate satisfaction
- Enjoy a visual challenge while tackling your tasks

#### Why It Helps:
- Activates dopamine, boosting motivation
- Breaks down complexity, making tasks feel manageable
- Gamifies action, making it more enjoyable to start

#### ADHD-Friendly Tips:
- Provide printable BINGO templates
- Include lists of task suggestions to get started easily",Drained,Stuck,,,"Focus Enhancement, Task Initiation",grid,,,,"Avoidant, Can't Start",,,"Avoidant, Frozen",Free,Gamification,The Anti-Planner by Dani Donovan,"Gamified, Interactive",Avoidance Task Game,"Focus Enhancement, Task Initiation, Time Planning",,When you have many small tasks you're avoiding,"Activates Dopamine, Breaks Down Complexity, Gamifies Action"
Task Avoidance Bingo,No,"### 🏁 Task Battle Challenge

Engage a friend or family member in a “task battle” where each of you chooses a chore and races to complete it in a set time. This friendly competition helps tackle task initiation challenges by creating momentum and making the task more enjoyable. Set a timer, play some music, and see who can make the most progress—this approach not only gamifies the process but also combats feelings of being stuck and low motivation.","Include bingo card templates, task suggestion lists, and reward ideas for completed lines",Task Initiation,,"Low Energy, Overwhelmed, Wired but Tired","### 🎯 Task Completion Bingo Fun

#### What It Is:
- A gamified approach to tackle small, avoided tasks
- Create a 5x5 bingo card filled with tasks you’ve been putting off

#### How to Play:
- Fill in tasks you’ve been avoiding on the bingo card
- Start completing tasks one by one
- Mark off completed tasks as you go

#### When to Use:
- When feeling overwhelmed by accumulated tasks
- As a fun way to motivate yourself to start working
- During times of low energy or procrastination

#### Why It Works:
- Activates dopamine by rewarding progress
- Breaks down daunting tasks into manageable pieces
- Makes task initiation less intimidating and more engaging",Anxious,Ashamed,,,"Cleaning Up, Overcoming Procrastination, Task Initiation",map-pin,,,,"Avoidant, Can't Start, Poor Time Estimation",,Job Search,"Avoidant, Discouraged, Overthinking",Free,"Challenge, Engaging Gamification, Gamification",The Anti-Planner by Dani Donovan,Gamified,Gamified Procrastination Buster,"Cleaning, Planning, Task Initiation",,When accumulated avoided tasks need gamification motivation,"Activates Dopamine, Breaks Down Complexity, Gamifies Action"
Task Batching Power-Hour,No,"### 🎽 Visual Task Tracker

Wear a bracelet or hair tie for each task you need to complete. As you finish a task, remove the bracelet and place it in a bowl to visually track your progress. This strategy helps with task initiation and provides instant rewards, making it easier to overcome feelings of being stuck or drained. By seeing the collected items at the end of the day, you gain a tangible sense of accomplishment that boosts motivation.",Include batching strategies for different types of tasks,"Executive Dysfunction, Task Structuring, Time Blindness",,"Overwhelmed, Restless","### ⏳ Efficient Task Batching for Focused Workflow

#### What It Is:
- Group similar tasks together for completion in one session.
- Helps minimize context switching and enhances focus.

#### When to Use:
- When facing overwhelming task lists.
- During dedicated work sessions to maintain momentum.

#### How It Works:
- Set aside specific time blocks for grouped tasks.
- Aim to complete as many similar tasks as possible in one go.

#### Why It Works:
- Reduces cognitive load by limiting transitions between different types of tasks.
- Creates a structured approach to task execution, leading to higher efficiency.

#### Tips for Success:
- Use timers to maintain focus during batching sessions ⏰.
- Reward yourself after completing a batch to reinforce the habit 🎉.",Frustrated,Defeated,,,"Focus Enhancement, Focused Task Execution, Task Initiation Support",check-square,,,,"Can't Finish, Task Initiation",,,"Avoidant, Disorganized",Free,Gamification,,Gamified,Efficiency Grouping System,"Focus Enhancement, Planning, Task Initiation Support",,When context switching is draining your energy,"Breaks Down Complexity, Externalizes Tasks"
Task Battle,No,"### 📝 Venting to Move Forward

Write out your grievances about a task on a mock complaint form to help alleviate frustration. This strategy is effective for task initiation, as it allows you to externalize feelings of anxiety and overwhelm, making it easier to tackle the task at hand. By validating your emotions on paper, you can shift your mindset and reduce feelings of low motivation that often accompany ADHD challenges. Consider using templates for added structure and follow-up actions to keep you on track.",Include task pairing suggestions and virtual competition options,"Emotional Dysregulation, Inertia, Task Initiation",,"Burnout, Low Energy, Wired but Tired","### 🏁 Exciting Task Showdown

#### What It Is:
- A fun way to tackle chores by competing with a friend or family member
- Encourages motivation through a race against time

#### When to Use:
- When facing tasks that feel overwhelming or boring
- In need of social interaction to boost motivation

#### How It Works:
- Choose a chore to compete on
- Set a timer and play some upbeat music
- Race to see who can make the most progress

#### Benefits:
- Makes starting tasks more enjoyable
- Incorporates a gamified approach to mundane chores
- Helps to overcome inertia and emotional dysregulation

#### Why It Works:
- Gamification increases engagement
- Social competition can motivate action
- The excitement of racing against a clock energizes the task

#### ADHD-Friendly Tips:
- Suggest pairing tasks to make them less daunting
- Consider virtual competition options for long-distance friends",Drained,Stuck,,,"Cleaning Up, Overcoming Procrastination, Task Initiation",check-square,,,,"Can't Start, Poor Time Estimation",,,"Avoidant, Frozen",Free,"Challenge, Gamified",The Anti-Planner by Dani Donovan,Gamified,Competitive Task Challenge,Cleaning,,When you need social motivation for boring tasks,Gamifies Action
Task Bracelet,No,"### 📋 Context-Based Task Grouping
Group your to-dos by context, such as ""Calls,"" ""Computer,"" and ""Errands,"" instead of tackling a giant list. This strategy helps externalize tasks, reducing overwhelm and improving working memory. By using color-coded categories, you can easily identify tasks based on your current energy and mental state, allowing for smoother task initiation when you're in the right zone.",Include bracelet alternatives and task categorization by colors,Task Initiation,,"Crash Recovery, Low Energy, Wired but Tired","### 🎽 Visual Task Tracker Example

#### What It Is:
- A colorful bracelet or hair tie represents each task
- Remove a bracelet upon completing a task
- Place completed bracelets in a bowl to visualize progress

#### When to Use:
- When feeling overwhelmed by tasks
- To motivate yourself to stay on track
- During busy or chaotic days

#### How It Works:
- Provides tangible rewards for task completion
- Creates a visual representation of accomplishments
- Helps maintain focus and motivation

#### Why It Works:
- Activates dopamine levels through visible progress
- Gamifies the task process, making it more engaging
- Encourages starting small and building momentum",Drained,Stuck,,,"Focus Enhancement, Overcoming Procrastination, Task Initiation Support",check-square,,,,"Can't Finish, Can't Start",,Recently Moved,"Avoidant, Disorganized, Frozen",$,"Checklist, Gamification",Reddit /r/ADHD,"Sensory, Visual",Physical Progress Tracker,"Focus Enhancement, Task Initiation Support, Time Planning",,When you need tangible progress tracking,"Dopamine Activation, Gamifies Action, Starts Small"
Task Complaint Form,No,"### 🎲 Roll the Dice to Decide

Assign each task a number and roll a die to break through decision paralysis. This fun, interactive strategy helps with task initiation by providing an external cue to start working, reducing the overwhelm of trying to choose where to begin. Whether you have six tasks or more, this method encourages you to take action and bypass the stress of indecision.",Include complaint form templates and follow-up action suggestions,"Emotional Dysregulation, Task Initiation, Working Memory Engagement",,"Low Energy, Overwhelmed, Wired but Tired","### 📝 Task Venting: A Strategy to Manage Anxiety

#### When to Use:
- When feeling overwhelmed by tasks
- During moments of anxiety about starting something
- After experiencing frustration with ongoing responsibilities

#### How It Works:
- Use a mock complaint form to express frustrations
- Write down grievances to clear your mind
- Organize thoughts to reduce feelings of overwhelm

#### Examples:
- Fill out a complaint form about an unmanageable project
- Share feelings with a trusted friend or therapist
- Create a list of frustrations and brainstorm solutions

#### Why It Works:
- Externalizes feelings of anxiety
- Frees up working memory for task engagement
- Helps transform frustration into actionable steps",Anxious,Ashamed,,,"Maintaining Focus, Overcoming Procrastination, Starting Something Hard",check-square,,,,"Avoidant, Can't Start",,Recently Moved,"Avoidant, Overthinking",Free,Gamification,The Anti-Planner by Dani Donovan,"Gamified, Visual",Frustration Processing Tool,"Emotional Regulation, Task Initiation Support",,When frustration is blocking you from starting,"Emotional Regulation, Externalizes Tasks, Frees Up Working Memory"
Task Context Grouping,No,"### ☕️ Engage Your Tasks

Use task management apps designed specifically for ADHD brains to transform your approach to organization. By incorporating features like gamification and visual progress tracking, these tools help overcome executive dysfunction by making task initiation and completion feel more engaging. Start by selecting apps that allow you to break tasks into smaller, manageable steps, making it easier to stay focused and combat feelings of being overwhelmed.",Include context category templates and color-coding suggestions,Executive Dysfunction,,Wired but Tired,"### 📋 Context-Based Task Grouping

#### Why It’s Useful:
- Helps manage your to-do list effectively
- Eases the process of getting started on tasks
- Reduces feelings of overwhelm

#### When to Use:
- When your tasks feel random and disorganized
- If you struggle with initiating tasks
- During periods of executive dysfunction

#### How to Implement:
- Group tasks by context (e.g., ""Calls,"" ""Computer,"" ""Errands"")
- Use colors to categorize tasks for quick identification
- Adjust categories based on your current focus and energy level

#### Why It Works:
- Externalizes tasks, making them easier to handle
- Frees up working memory for more important tasks
- Supports task initiation and focused execution

#### Tips for ADHD-Friendly Improvement:
- Include templates for context categories
- Suggest color-coding for quick visual reference",Frustrated,Defeated,,,"Focus Enhancement, Focused Task Execution, Task Initiation Support",flower,,,,"Can't Finish, Task Initiation",,,Disorganized,Free,Checklist,The Anti-Planner by Dani Donovan,"Sensory, Task Simplification, Visual",Context-Based Task Lists,,,When your to-do list feels random and overwhelming,"Externalizes Tasks, Frees Up Working Memory"
Task Dice Decision,No,"### 🎶 Energizing Task Playlists

Create dedicated playlists for specific tasks or moods to enhance motivation and focus. By using music as a dopamine boost, you can transform chores into enjoyable activities, helping with task initiation and reducing feelings of overwhelm. For example, when cleaning, play high-energy songs to turn the task into a mini dance party, making it easier to start and finish efficiently.",Include templates for different numbers of tasks and decision scenarios,"Decision Fatigue, Executive Dysfunction, Task Initiation",,"Crash Recovery, Low Energy, Overwhelmed","### 🎲 Task Selection Made Easy

#### When to Use:
- Feeling stuck on what task to tackle next
- Overwhelmed by multiple tasks at hand
- Seeking a fun way to break decision fatigue

#### How It Works:
- Assign a number to each task
- Roll a die to choose which task to start
- Take action based on the outcome

#### Why It Works:
- Externalizes tasks to reduce mental clutter
- Frees up working memory for other decisions
- Makes decision-making more playful and less stressful

#### Examples:
- Roll a die to decide between cleaning, studying, or exercising
- Assign numbers to different projects and let chance guide your focus",Stuck,Overwhelmed,,,"Focus Enhancement, Overcoming Procrastination, Task Initiation",dice,,,,"Can't Decide, Can't Start",,,"Frozen, Overthinking",Free,"Challenge, Checklist, Gamification",The Anti-Planner by Dani Donovan,"Gamified, Interactive",Random Selection System,"Decision Making, Focus Enhancement, Task Initiation",,When you have multiple tasks and can't choose,"Externalizes Tasks, Frees Up Working Memory, Reduces Decision Fatigue"
Task Management Apps,No,"### 🔄 Small Steps, Big Changes

Focus on being just 1% better each day to create manageable improvements. This strategy helps combat task initiation challenges by breaking overwhelming tasks into tiny, achievable actions. For example, instead of committing to a long workout, start with 5 jumping jacks today and gradually increase. These small wins build momentum and make it easier to stay engaged without feeling overwhelmed.",Include key features to look for and setup strategies for ADHD needs,"Decision Fatigue, Executive Dysfunction, Working Memory Engagement",,"Overwhelmed, Wired but Tired","### ☕️ Engaging Your Tasks Made Easy

#### Purpose:
- Enhance your organization with tailored tools for ADHD
- Simplify task initiation and completion

#### Key Features to Look For:
- Gamification elements 🎮
- Visual tracking tools 📊
- Ability to break tasks into smaller steps 🔍

#### When to Use:
- When traditional to-do lists aren't effective
- During moments of decision fatigue
- When feeling overwhelmed with tasks

#### Why It Works:
- Frees up working memory for better focus
- Gamifies action to make tasks more enjoyable
- Reduces decision fatigue by simplifying choices",Frustrated,Defeated,,,"Starting Something Hard, Staying focused",coffee,,,,"Can't Finish, Task Initiation",,,"Disorganized, Frozen",$,"Checklist, Engaging Gamification, Gamification",,"Gamified, Interactive, Visual",Digital Organization Tools,"Task Initiation Support, Time Planning",,When traditional to-do lists aren't working,"Frees Up Working Memory, Gamifies Action, Reduces Decision Fatigue"
Task-Specific Playlists,No,"### ⚡ Quick Task Action

Tackle tasks under 2 minutes immediately to prevent them from piling up. This strategy helps with task initiation by breaking down overwhelming lists and making it easier to start small tasks right away. For example, rather than letting an email response linger, reply within 30 seconds to keep your momentum going and reduce decision fatigue. Implementing this can significantly enhance your focus and productivity.",Include suggested song types and BPM ranges for different activities,"Emotional Dysregulation, Task Initiation, Working Memory Engagement",,"Overwhelmed, Wired but Tired","### 🎶 Energizing Task Playlists

#### When to Use:
- When feeling drained or overwhelmed
- For tasks like cleaning that require motivation
- During times when you need to reset your space

#### How It Works:
- Create fun playlists that match the tasks you need to do
- Use upbeat music to get energized
- Choose high-energy songs that motivate you to finish quickly

#### Examples:
- Upbeat pop songs for cleaning
- Energetic instrumental tracks for studying
- Dance music for organizing

#### Why It Works:
- Activates dopamine for motivation
- Makes chores feel less overwhelming
- Helps externalize tasks and promote engagement",Drained,Stuck,,,"Cleaning Up, Overcoming Procrastination, Resetting My Space",headphones,,,,"Can't Start, Poor Time Estimation",,Recently Moved,"Avoidant, Frozen",Free,"Challenge, Gamification, Mindset Shift",The Anti-Planner by Dani Donovan,"Gamified, Interactive",Task Playlists,"Cleaning, Emotional Regulation",,When you need motivation to start dreaded tasks,"Dopamine Activation, Externalizes Tasks"
The 1% Rule,No,"### 🎮 Victory Game for Lost Items
Transform your organization into a fun challenge by choosing 3 items that you frequently misplace. Assign each item a bright, obvious 'home' and use a timer to race against your best time when returning them. This strategy helps combat working memory failures by creating a structured, gamified approach to item retrieval, making it easier to remember where things belong and reducing the stress of searching.",Include 1% improvement examples for different life areas,"Decision Fatigue, Perfectionism, Task Initiation",,"Burnout, Low Energy, Wired but Tired","### 🔄 Small Steps for Big Changes

#### Feeling Overwhelmed? 😓
- Improving just 1% each day can make tasks feel manageable.
- Small actions can lead to significant results over time.

#### Start Small: 🚀
- Begin with simple actions, like doing 5 jumping jacks.
- Gradually increase the difficulty as you feel more comfortable.

#### When to Use: 📅
- When facing daunting tasks.
- During times of low motivation or energy.

#### Why It Works: 💡
- Breaks down complexity into achievable steps.
- Frees up working memory for more important tasks.
- Encourages engagement and builds momentum.

#### Examples of 1% Improvements: 🌟
- Drink an extra glass of water daily.
- Read one page of a book.
- Organize one drawer each week.",Drained,Stuck,,,"Starting Something Hard, Staying focused",refresh-cw,,,,"Can't Decide, Task Initiation",,,"Avoidant, Discouraged, Frozen",Free,Gamification,,"Action-Oriented, Incremental Engagement, Sensory",Incremental Improvement,,,When big changes feel overwhelming,"Breaks Down Complexity, Frees Up Working Memory, Starts Small"
The 2-Minute Rule,No,"### ⚡ Just 5 Minutes

Commit to working on a task for only 5 minutes to overcome the challenge of task initiation. This strategy is effective for individuals with ADHD because it lowers the barrier to starting, allowing momentum to build once you begin. By tackling tasks, like sending an important email, in short bursts, you can manage feelings of being overwhelmed and improve your focus without the pressure of a lengthy commitment.",Include 2-minute task examples and decision-making guidelines,"Decision Fatigue, Task Initiation",,"Crash Recovery, Low Energy, Wired but Tired","### ⚡ Quick Task Action Examples

#### The Problem:
- Small tasks accumulate and become overwhelming 😰
- Feeling anxious about quick tasks like replying to emails ✉️

#### The Solution:
- Complete tasks that take less than 2 minutes right away
- Start small to build momentum
- Tackle quick tasks immediately to avoid letting them pile up

#### When to Use:
- When you receive a new email that requires a short response
- During breaks between bigger tasks
- When you notice small tasks building up and causing stress

#### Why It Works:
- Reduces decision fatigue by eliminating small choices
- Encourages immediate action, helping you to avoid procrastination
- Maintains a sense of accomplishment as you check off quick tasks ✅",Anxious,Ashamed,,,"Staying focused, Task Initiation",zap,,,,"Avoidant, Can't Start",,,"Avoidant, Frozen",Free,Quick Fix,,"Interactive, Task Simplification, Time Management",Immediate Action Principle,"Emails, Focus Enhancement, Task Initiation",,When small tasks accumulate into big problems,"Breaks Down Complexity, Externalizes Tasks, Reduces Decision Fatigue, Starts Small"
The 3-Spot Victory Game,No,"### 🍽️ Focus on High-Impact Tasks

Concentrate 80% of your efforts on the 20% of tasks that yield the most significant results. This strategy is particularly effective for ADHD because it helps combat time blindness and improves task initiation by directing your focus on what truly matters. By prioritizing these high-impact activities, you can avoid feeling overwhelmed by low-value tasks and achieve a sense of accomplishment.",Uses timer races and victory photos for dopamine hits,"Decision Fatigue, Task Initiation, Working Memory Failures",,Wired but Tired,"### 🎮 Fun Way to Keep Track of Your Stuff

#### The Problem:
- Frequently misplacing important items 😟
- Stressful searches can disrupt your day
- Difficulty remembering where things belong

#### The Solution:
- Choose 3 items that you often misplace
- Assign each item a bright, easy-to-find spot
- Use a timer to challenge yourself! ⏳

#### When to Use:
- When you notice items getting lost frequently
- During busy mornings or hectic days
- When transitioning between different activities

#### How It Works:
- Turn organization into a game 🎉
- Compete against the timer to put items back in their spots
- Make it a fun challenge to remember where things belong

#### Why It Works:
- Reduces stress and frustration from searching 🔍
- Activates dopamine through gamification 🎈
- Helps improve memory and task initiation skills",Forgetful,Ashamed,,,"Focus Enhancement, Quick Task Management, Task Initiation Support",gamepad,,,,"Disorganized, Poor Time Estimation, Task Initiation",,,Avoidant,Free,Gamification,,Gamified,Item Location Victory System,"Planning, Time Planning",,When you frequently lose important items,"Dopamine Activation, Externalizes Tasks, Gamifies Action"
The 5-Minute Rule,No,"### 🔗 Anchor Your Habits

Attach new habits to strong routines to enhance consistency and reduce forgetfulness. By linking behaviors, like taking vitamins after brushing your teeth, you create external reminders that help overcome challenges like working memory failures. This strategy is effective for individuals with ADHD, as it leverages established habits to initiate new tasks and reduce the impact of time blindness.",Include 5-minute task examples and momentum strategies,Task Initiation,,"Low Energy, Overwhelmed, Wired but Tired","### ⚡ Just 5 Minutes: A Quick Start Guide

#### When to Use:
- When facing the dread of starting a task
- When feeling stuck and unable to move forward
- During moments of overwhelm with multiple tasks

#### How It Works:
- Commit to just 5 minutes of focused work
- Set a timer to create urgency
- Start with the easiest part of the task

#### Examples:
- Begin writing an email by drafting the subject line
- Tackle a small section of a report
- Organize a single drawer or shelf

#### Why It Works:
- Breaks the barrier of initiation
- Builds momentum and reduces procrastination
- Creates a sense of accomplishment quickly",Stuck,Overwhelmed,,,"Focus Enhancement, Overcoming Procrastination, Task Initiation",zap,,,,"Can't Start, Task Initiation",,,"Avoidant, Frozen",Free,Gamification,The Anti-Planner by Dani Donovan,"Gamified, Interactive",Momentum Building,"Emails, Focus Enhancement, Task Initiation",,When starting feels impossible,"Dopamine Activation, Gamifies Action, Starts Small"
The 80/20 Rule,No,"### 💡 Always Have a Backup Plan

Prepare alternate routes and extra supplies to alleviate stress in unexpected situations. This strategy aids in overcoming time blindness by providing immediate options when plans go awry, allowing you to switch gears without panic. Implementing this approach can help you feel more in control and reduce anxiety linked to poor time estimation.",Include impact assessment strategies and priority identification methods,"Executive Dysfunction, Task Initiation, Time Blindness",,"Overstimulated, Wired but Tired","### 🍽️ High-Impact Task Focus

#### The Problem:
- Tasks overwhelm you, leading to frustration.
- Low-value tasks consume your time and energy.
- You struggle with maintaining focus on what truly matters.

#### How to Implement:
- Concentrate on the 20% of tasks that yield the most significant results.
- Identify key priorities that align with your goals.
- Break down larger tasks into manageable steps.

#### When to Use:
- When busy work crowds out important tasks.
- During times of high stress or executive dysfunction.
- To regain focus when feeling overwhelmed.

#### Why It Works:
- Helps you achieve a sense of accomplishment.
- Reduces feelings of frustration by prioritizing effectively.
- Supports better time management and task initiation.",Frustrated,Defeated,,,"Staying focused, Task Initiation",cooking-pot,,,,"Cannot Finish, Task Initiation",,,"Frozen, Overthinking",Free,Checklist,Pareto Principle,Sensory,Priority Focus Strategy,Work,,When busy work is crowding out important tasks,"Breaks Down Complexity, Dopamine Activation, Executive Function Support"
The Anchor Habit,No,"### 🤝 Buddy Up for Accountability

Partner with a friend to tackle your goals or challenging tasks together. This buddy system helps combat task initiation and low motivation by providing mutual support and accountability. When you check in daily, you can celebrate small wins, making it easier to stay focused and motivated, especially when ADHD challenges arise.",Include anchor habit examples and chain-building strategies,"Task Initiation, Time Blindness, Working Memory Failures",,"Low Energy, Wired but Tired","### 🔗 Building Habits with Anchors

#### When to Use:
- When you want to establish new habits
- During daily routines
- When trying to remember tasks

#### How It Works:
- Connect new habits to existing ones
- Use established routines as reminders
- Adjust your environment to support the habit

#### Examples:
- Take vitamins right after brushing your teeth 🦷💊
- Do a quick workout right after waking up 🌅🏋️
- Read for 10 minutes after your lunch break 📚🍽️

#### Why It Works:
- Reduces forgetfulness by creating associations
- Builds consistency through routine
- Makes new habits easier to remember",Forgetful,Ashamed,,,"Managing my schedule, Planning my time, Task Initiation Support",repeat,,,,"Disorganized, Poor Time Estimation, Task Initiation",,,Avoidant,Free,"Gamification, Routine",,Gamified,Routine Building Strategy,"Planning, Time Planning",,When you want to build new habits consistently,"Breaking Down Complexity, Externalizes Tasks, Starts Small"
The Backup Plan,No,"### 🗺️ Treasure Hunt for Thoughts

Capture your ideas using voice notes throughout the week, and then engage in weekly treasure hunts to organize them. This strategy helps combat working memory failures by externalizing your thoughts, making it easier to retrieve and prioritize important ideas. Set aside just 20 minutes each week to listen to your recordings and sort them, turning the task into a fun challenge that enhances focus and reduces forgetfulness.",Include backup planning templates for common ADHD challenges,"Emotional Dysregulation, Executive Dysfunction, Time Blindness",,"Crash Recovery, Low Energy, Overwhelmed","### 💡 Contingency Planning Made Easy

#### When to Use:
- When unexpected problems arise
- During stressful situations
- When preparing for a big event

#### How It Works:
- Prepare alternative routes for travel
- Gather extra supplies in advance
- Create a checklist for backup plans

#### Examples:
- Use GPS for alternative directions 🚗
- Pack extra snacks for road trips 🍫
- Have a list of emergency contacts 📱

#### Why It Works:
- Reduces stress and anxiety about timing 🧘
- Provides options to switch gears easily 🔄
- Prepares you for the unexpected 🎯",Frustrated,Defeated,,,"Managing my schedule, Planning my time, Task Initiation Support",hard-drive,,,,"Anxiety Management, Poor Time Estimation, Task Initiation",Parent,,"Disorganized, Time Blind",Free,Gamification,,"Gamified, Sensory",Contingency Preparation,"Planning, Time Planning",,When unexpected problems create disproportionate stress,"Breaks Down Complexity, Starts Small"
The Buddy System,No,"### 🧘‍♂️ End-of-Day Closure

Create a consistent ritual to signal the end of your workday. This practice helps free up your working memory by allowing you to transition smoothly into personal time, reducing the chance of work thoughts intruding into your evenings. To implement this, review your accomplishments, jot down priorities for tomorrow, and physically close your laptop as a signal that work is done. This structured approach is especially beneficial for those with ADHD, as it combats time blindness and enhances task initiation, making it easier to shift focus from work to relaxation.",Include buddy system setup and communication strategies,"Emotional Dysregulation, Inertia, Task Initiation",,"Crash Recovery, Low Energy, Wired but Tired","### 🤝 Buddy Up for Success

#### When to Use:
- When feeling emotionally drained or stuck
- During moments when motivation is low
- When starting new tasks feels overwhelming

#### How It Works:
- Partner with a friend for mutual support
- Schedule daily check-ins to celebrate progress
- Set specific goals together to increase accountability

#### Examples:
- Share your daily goals with your buddy 📅
- Check in after completing tasks to share wins 🎉
- Discuss challenges and brainstorm solutions together 🤔

#### Why It Works:
- Creates accountability through partnership
- Gamifies the process of achieving goals
- Provides external structure to help with task initiation",Drained,Stuck,,,"Staying focused, Task Initiation",handshake,,,,"Can't Start, Poor Time Estimation",,,"Avoidant, Discouraged, Frozen",Free,Accountability,,Interactive,Social Accountability,"Emotional Regulation, Task Initiation Support, Work",,When you need external support and accountability,"Creates Accountability, Gamifies Action, Provides External Structure"
The Capture & Conquer System,No,"### 🚀 Quick Energy Boost

Start with a 5-minute task that you enjoy to activate dopamine and build momentum. This simple strategy helps with task initiation, making it easier to transition into more challenging tasks like writing a report. By organizing your desk or listening to your favorite song first, you can leverage that initial burst of energy to tackle daunting projects, reducing anxiety and improving focus.",Adds gamification with treasure hunts and timer challenges,"Emotional Dysregulation, Task Structuring, Working Memory Failures",,"Crash Recovery, Low Energy, Wired but Tired","### 🧠 Treasure Hunt for Thoughts

#### When to Use:
- When important thoughts and ideas get lost
- During moments of overwhelm or forgetfulness
- To boost focus and organization each week

#### How It Works:
- Capture your ideas with voice notes throughout the week 🗣️
- Spend 20 minutes sorting them into categories 📚
- Turn this into a fun weekly challenge 🎉

#### Benefits:
- Organizes thoughts effectively
- Increases engagement with your ideas
- Makes the process enjoyable through gamification

#### Why It Works:
- Frees up working memory by externalizing tasks
- Adds an element of fun to the organization process
- Helps manage emotional dysregulation by providing structure",Forgetful,Ashamed,,,"Starting Something Hard, Staying focused",star,,,,"Avoidant, Forgetful, Poor Time Estimation",,,"Avoidant, Overthinking",Free,"Challenge, Checklist, Gamification",,"Action-Oriented, Gamified, Interactive",Gamified External Memory,"Emails, Planning",,When important thoughts and ideas get lost,"Externalizes Tasks, Frees Up Working Memory, Gamifies Action"
The Closing Ritual,No,"### 🎉 Quick Mood Boosters

Create a ""dopamine menu"" of activities based on your available time and energy levels to help combat low motivation. This strategy is effective for managing task initiation by providing quick, enjoyable options that prevent you from falling into decision fatigue or aimless scrolling. When you're feeling drained or stuck, simply choose an activity like listening to an upbeat song for a quick pick-me-up, allowing you to regain focus and clarity.",Include ritual ideas for different work situations and transition activities,"Executive Dysfunction, Task Initiation, Time Blindness",,"Overwhelmed, Wired but Tired","### 🧘‍♂️ End-of-Day Ritual for Transition

#### Why This Matters:
- Helps you mark the end of your workday
- Supports a smoother transition into personal time
- Reduces feelings of frustration and overwhelm

#### Establishing Your Routine:
- Review your accomplishments from the day ✅
- Set priorities for the next day 📅
- Close your laptop to signal the end of work 💻

#### When to Use:
- At the end of each workday
- During transitions between work and personal time
- Whenever work thoughts intrude on your evening

#### Tips for Success:
- Create a cozy environment to unwind 🌙
- Incorporate calming activities post-work, like reading or meditation 📚
- Use a timer to keep the routine brief and focused ⏳

#### Why It Works:
- Breaks down the complexity of transitioning from work to home life
- Creates accountability through a defined routine
- Frees up working memory for personal activities",Frustrated,Defeated,,,"Maintaining Focus, Task Initiation Support",power,,,,"Can't Finish, Task Initiation",,,"Avoidant, Frozen, Overthinking",Free,"Engaging Gamification, Gamification, Gamified",,Gamified,Transition Support,"Focus Enhancement, Task Initiation Support, Work",,When work thoughts intrude on personal time,"Breaks Down Complexity, Creates Accountability, Freeing Up Working Memory"
The Dopamine Dive,No,"### ⚡ Energy Tracking for Productivity
Track your energy levels throughout the day to pinpoint when you feel most alert and focused. By scheduling important tasks during these high-energy windows, you can combat challenges like time blindness and improve task initiation. This strategy not only enhances your ability to manage your time but also helps you optimize your schedule according to your natural rhythms.",Builds energy through dopamine before tackling hard tasks,Task Initiation,,"Crash Recovery, Low Energy, Wired but Tired","### 🚀 Energy-Building Start Strategy

#### When to Use:
- When facing dreaded tasks that create anxiety
- At the beginning of a work session
- During moments of low motivation

#### How It Works:
- Start with a quick 5-minute task you enjoy
- Examples include organizing your desk or listening to your favorite song
- Use this momentum to transition into tougher tasks

#### Why It Helps:
- Builds energy through dopamine activation
- Reduces feelings of anxiety related to task initiation
- Makes starting tasks feel less daunting

#### Examples:
- Organizing a small section of your workspace 📚
- Playing a song that lifts your mood 🎶
- Completing a simple chore that gives you a sense of accomplishment ✅",Anxious,Ashamed,,,Task Initiation,fast-forward,,,,"Anxious, Can't Start, Poor Time Estimation",,,"Avoidant, Frozen",Free,"Challenge, Gamification, Quick Fix",,"Gamified, Interactive",Energy-Building Start Strategy,"Focus Enhancement, Task Initiation, Time Planning",,When dreaded tasks create all-day anxiety,"Dopamine Activation, Gamifies Action, Starts Small"
The Dopamine Menu,No,"### 🌟 Find Your Challenge Sweet Spot
Adjust task difficulty to match your engagement level—not too boring and not too overwhelming. This strategy helps manage working memory by breaking down large projects into smaller, manageable pieces and adding interesting elements to mundane tasks. By finding the ""just right"" challenge, you can overcome feelings of being stuck or overwhelmed, making it easier to initiate tasks and stay focused.",Include dopamine activity suggestions categorized by time and energy requirements,"Decision Fatigue, Emotional Dysregulation, Task Initiation",,"Burnout, Crash Recovery, Low Energy","### 🎉 Quick Mood Boosters

#### When to Use:
- When feeling drained or low on motivation
- During moments of decision fatigue
- When struggling with emotional dysregulation

#### How It Works:
- Create a ""dopamine menu"" of enjoyable activities
- Choose activities based on your current time and energy levels
- Engage in a quick boost activity to regain focus

#### Examples:
- Listen to an upbeat song 🎶
- Organize your space 🧹
- Take a short walk outside 🌳

#### Why It Helps:
- Helps manage decision fatigue by simplifying choices
- Activates dopamine for a quick mood lift
- Supports better task initiation and focus enhancement",Drained,Stuck,,,"Focus Enhancement, Task Initiation",check-circle,,,,"Can't Decide, Poor Time Estimation",,,"Avoidant, Frozen, Overthinking",Free,Gamification,,Gamified,Mood Regulation Toolkit,"Cleaning, Decision Making, Focus Enhancement",,When you need reliable mood and motivation boosters,"Cognitive Load Management, Dopamine Activation, Executive Function Support"
The Energy Audit,No,"### ⚡ Minimum Viable Day

Establish a bare-minimum plan for days when your energy or motivation is low. This strategy helps combat task initiation difficulties by defining what you can realistically accomplish, such as taking medication, eating a decent meal, or doing just 10 minutes of work. By meeting these minimums, you can avoid feeling overwhelmed and maintain momentum, even on the toughest days.",Include energy tracking methods and schedule optimization strategies,"Executive Dysfunction, Task Initiation, Time Blindness",,"Crash Recovery, Low Energy","### ⚡ Personal Energy Management Made Easy

#### When to Use:
- When you notice dips in your focus
- During long work sessions
- When planning your day ahead

#### How It Works:
- Track your energy levels throughout the day
- Identify your peak alertness times
- Schedule important tasks during your most productive hours

#### Examples:
- Morning meetings when you're most alert
- Creative writing during mid-afternoon energy spikes
- Administrative tasks during post-lunch lulls

#### Why It Works:
- Aligns tasks with natural energy rhythms 🌊
- Reduces feelings of overwhelm by prioritizing effectively 🌟
- Enhances productivity and focus by minimizing distractions 💪",Frustrated,Defeated,,,"Managing Emotional Dysregulation, Quick Task Management, Task Initiation Support",battery,,,,"Can't Finish, Task Initiation",,,"Overthinking, Time Blind",Free,Checklist,,Sensory,Personal Energy Management,"Planning, Time Planning",,When you're working against your natural energy rhythms,"Dopamine Activation, Executive Function Support"
The Goldilocks Zone,No,"### 🌟 Just Focus on One Step

When faced with overwhelming decisions, identify the next right thing you can do. This strategy helps combat decision fatigue by breaking complex tasks into manageable steps, making it easier to initiate action. By focusing on a single action, you reduce the pressure on your working memory, allowing you to move forward without feeling paralyzed by the bigger picture.",Include challenge adjustment strategies and engagement optimization,"Emotional Dysregulation, Task Initiation, Working Memory Engagement",,"Low Energy, Overwhelmed, Wired but Tired","### 🌟 Find Your Challenge Sweet Spot

#### When to Use:
- When tasks feel too boring or overwhelming
- During project planning phases
- In situations requiring motivation to start

#### How It Works:
- Adjust tasks to find the right level of challenge
- Break larger projects into smaller, manageable parts
- Add fun elements to mundane tasks

#### Examples:
- Turn a boring report into a game with a point system 🎯
- Set mini-challenges for each part of a project 🏆
- Reward yourself after completing each task with a small treat 🍬

#### Why It Works:
- Frees up working memory by reducing task load
- Gamifies action to make it more engaging
- Minimizes friction in starting tasks, leading to better focus",Stuck,Overwhelmed,,,"Starting Something Hard, Staying focused",sunrise,,,,"Can't Start, Poor Time Estimation",,,"Frozen, Overthinking",Free,"Challenge, Gamification, Mindset Shift",,"Gamified, Interactive",Optimal Challenge Finding,"Task Initiation Support, Work",,When tasks are either too boring or too overwhelming,"Frees Up Working Memory, Gamifies Action, Minimizes Friction"
The Minimum Viable Day,No,"### 🎯 Gamified Daily Planning

Transform your daily tasks into a fun achievement game by brain dumping all your tasks onto sticky notes. Circle the urgent ones and pick your Victory Trio to focus on, which helps combat time blindness by narrowing your attention. As you complete tasks, cross them off and take photos to celebrate your accomplishments, providing instant rewards that enhance motivation and free up working memory. This strategy is especially helpful when feeling overwhelmed by long to-do lists.",Include minimum viable day planning and self-compassion strategies,"Emotional Dysregulation, Inertia, Task Initiation",,"Crash Recovery, Low Energy, Shutdown","### ⚡ Low-Energy Day Strategies

#### When to Use:
- On days when energy levels are low
- When feeling emotionally drained
- During times of task initiation difficulties

#### How It Works:
- Create a simple plan for essential tasks
- Define what you can realistically accomplish
- Focus on small, manageable actions

#### Examples:
- Taking your medication 💊
- Eating a nutritious meal 🍽️
- Working for just 10 minutes ⏳

#### Why It Helps:
- Prevents feeling overwhelmed
- Keeps you moving forward with minimal effort
- Supports emotional regulation and task initiation",Drained,Stuck,,,"Managing Emotional Dysregulation, Overcoming Procrastination, Task Initiation Support",refresh-cw,,,,"Can't Finish, Task Initiation",Working Professional,,"Avoidant, Discouraged, Frozen",Free,"Gamification, Mindset Shift, Routine",The Anti-Planner by Dani Donovan,"Gamified, Sensory",Low-Energy Planning,"Planning, Task Initiation Support, Time Planning",,When low energy days lead to complete shutdown,"Breaks Down Complexity, Gamifies Action, Starts Small"
The Next Right Thing,No,"### 🗓️ Theme Days for Focus

Assign different themes to each day of the week to improve task initiation and reduce decision fatigue. For example, designate Monday for meal prep and Tuesday for errands to create a clear structure. This strategy helps with time blindness by providing a visual reminder of what tasks to focus on each day, making it easier to manage your schedule without feeling overwhelmed.",Include decision-breaking strategies and momentum-building techniques,"Decision Fatigue, Inertia, Working Memory Failures",,"Crash Recovery, Low Energy, Shutdown","### 🌟 Simplifying Decisions: One Step at a Time

#### When to Use:
- When feeling stuck with overwhelming choices
- During moments of decision fatigue
- In situations where starting feels daunting

#### How It Works:
- Focus on the next action you can take
- Break complex tasks into smaller, manageable steps
- Prioritize one step to reduce mental burden

#### Examples:
- Choose one small task to begin with, like drafting an outline
- Set a timer for 5 minutes to start a task without overthinking
- Write down the first step instead of the entire plan

#### Why It Works:
- Simplifies decision-making processes
- Reduces feelings of being overwhelmed
- Encourages progress by making tasks feel more achievable",Stuck,Overwhelmed,,,"Starting Something Hard, Staying focused",sunrise,,,,"Can't Decide, Can't Start",,Recently Moved,"Frozen, Overthinking",Free,"Checklist, Gamification, Mindset Shift",,"Gamified, Interactive",Decision Simplification,"Decision Making, Focus Enhancement, Task Initiation",,When big decisions or changes feel overwhelming,"Breaks Down Complexity, Gamifies Action, Reduces Decision Fatigue"
The Victory Trio,No,"### 📅 Themed Focus Days

Assign a theme to each day of the week to help structure your tasks and combat time blindness. For example, designate Tuesdays as ""Phone Day"" to batch all your calls into one focused session, reducing the overwhelm of scattered tasks. This strategy provides an external structure that enhances task initiation, making it easier to tackle difficult tasks without the usual procrastination.",Adds gamification with sticky notes and victory photos,"Executive Dysfunction, Task Structuring, Time Blindness",,"Burnout, Overwhelmed, Restless","### 🎯 The Victory Trio: Gamified Focus

#### What It Is:
- A fun way to prioritize daily tasks
- Use sticky notes to visualize tasks
- Select the top three tasks to focus on

#### When to Use:
- When feeling overwhelmed by a long to-do list
- To combat feelings of frustration or defeat
- When needing a boost in motivation

#### How It Works:
- Write tasks on sticky notes and highlight urgent ones
- Choose your Victory Trio to concentrate on
- Cross off completed tasks and take photos for your 'Victory Wall'

#### Why It Helps:
- Makes planning engaging and enjoyable
- Reduces the burden of an overwhelming list
- Provides visual rewards through completed tasks and photos",Frustrated,Defeated,,,"Focus Enhancement, Quick Task Management, Task Initiation Support",target,,,,"Can't Finish, Task Initiation",,,"Avoidant, Frozen",Free,"Engaging Gamification, Gamification",,"Action-Oriented, Gamified, Incremental Motivation",Priority Victory System,"Planning, Time Planning",,When long to-do lists create overwhelm,"Externalizes Tasks, Freeing Up Working Memory, Gamifies Action"
Theme Days,No,"### 📝 Instant Thought Capture
Keep a notepad nearby to jot down random thoughts that interrupt your focus, like ""buy cat food!"" or ""text mom back!"" This technique helps manage working memory failures by allowing you to externalize tasks, so you can maintain your flow without losing track of your important responsibilities. To implement, choose a specific notepad size and place it within easy reach, enabling quick notes that prevent overwhelm and promote task initiation.",Include theme day examples and weekly planning strategies,"Decision Fatigue, Task Structuring, Time Blindness",,"Frozen/Shut Down, Overwhelmed","### 🗓️ Theme Days for Focus

#### Purpose:
- Assign specific themes to each day
- Simplifies decision-making
- Enhances focus and organization

#### When to Use:
- When daily decisions feel overwhelming
- To manage tasks without feeling stressed
- For better time management during the week

#### How It Works:
- Designate a theme for each day (e.g., Meal Prep Monday)
- Stick to a clear structure throughout the week
- Use themed days to batch similar tasks together

#### Examples:
- Meal Prep Monday: Prepare meals for the week
- Errand Tuesday: Complete all errands on this day
- Work Wednesday: Focus on deep work tasks
- Family Fun Thursday: Plan family activities

#### Why It Works:
- Reduces decision fatigue by providing structure
- Prevents feeling overwhelmed with tasks
- Encourages consistent routines and habits",Stuck,Overwhelmed,,,"Managing my schedule, Planning my time",compass,,,,"Can't Decide, Task Initiation",,,"Discouraged, Frozen",Free,"Checklist, Routine",The Anti-Planner by Dani Donovan,"Time Management, Visual",Weekly Organization Strategy,Planning,,When daily decisions feel overwhelming,"Externalizes Tasks, Provides External Structure, Reduces Decision Fatigue"
Theme Weeks,No,"### 🧠 Clear the Clutter

Write down everything on your mind to tackle feelings of overwhelm and boost focus. This technique helps externalize tasks, freeing up your working memory so you can concentrate on one thing at a time. Spend just a few minutes jotting down your thoughts — from work deadlines to grocery lists — and notice how clarity replaces chaos, making task initiation much easier.",Include theme suggestions for different life areas and scheduling templates,"Executive Dysfunction, Task Structuring, Time Blindness",,"Low Energy, Overwhelmed, Wired but Tired","### 📅 Weekly Focus Days

#### The Problem:
- Tasks scattered throughout the week can feel overwhelming
- Difficulty prioritizing when everything feels urgent
- Procrastination on challenging tasks

#### The Solution:
- Assign a specific theme to each day of the week
- For example, designate Tuesdays as ""Phone Day"" for all calls
- Helps in organizing tasks and reducing scattered efforts

#### When to Use:
- When feeling overwhelmed by a long to-do list
- During busy weeks with multiple responsibilities
- To simplify the planning process and enhance focus

#### Why It Works:
- Reduces the stress of managing various tasks
- Helps in tackling difficult tasks without procrastination
- Creates a structured routine that enhances productivity",Frustrated,Defeated,,,"Staying focused, Task Initiation",check-circle,,,,"Cannot Finish, Disorganized, Task Initiation",,,"Avoidant, Time Blind",Free,"Checklist, Routine",The Anti-Planner by Dani Donovan,"Task Simplification, Time Management",Weekly Focus System,"Focus Enhancement, Planning, Task Initiation",,When similar tasks keep getting scattered throughout your schedule,"Breaks Down Complexity, Externalizes Tasks"
Thought Capture Pad,No,"### 🎯 Challenge Negative Thoughts

Jot down the critical thoughts you often tell yourself, then counter each one with a balanced truth. This technique helps combat working memory overload by creating a clear record of negative thinking patterns, allowing you to refocus on evidence that supports your abilities. For instance, if you think, ""I'm lazy,"" remind yourself, ""I worked hard on my project last week."" This practice can significantly reduce anxiety and self-criticism, making it easier to initiate tasks and manage emotions effectively.",Suggest specific notepad sizes and placement strategies,"Task Initiation, Working Memory Failures",,"Overwhelmed, Wired but Tired","### 📝 Instant Thought Capture: Your Brain Parking Lot

#### Purpose:
- Capture distracting thoughts quickly
- Stay focused on main work

#### How to Implement:
- Keep a notepad nearby
- Choose a size that fits your space
- Place it within easy reach

#### When to Use:
- Random thoughts start to derail focus
- Need to remember tasks or reminders

#### Benefits:
- Breaks down complexity of tasks
- Externalizes thoughts to free up mental space
- Starts with small, manageable notes

#### Why It Works:
- Helps maintain focus on primary tasks
- Reduces forgetfulness
- Supports overall task initiation",Scattered,Overwhelmed,,,"Staying focused, Task Initiation",edit-3,Women,,,"Can't Focus, Forgetful",Parent,,"Avoidant, Overthinking",Free,"Gamification, Quick Fix",The Anti-Planner by Dani Donovan,"Gamified, Interactive, Task Simplification",Brain Parking Lot,"Focus Enhancement, Task Initiation, Work",,When random thoughts derail your focus,"Breaks Down Complexity, Externalizes Tasks, Starts Small"
Thought Download,No,"### ⏰ Integrated Productivity Hub

Combine tasks, timers, and calendars in one app to streamline your planning and minimize distractions. This approach is particularly beneficial for those facing time blindness as it externalizes responsibilities and helps you focus without needing to switch between multiple tools. By using TickTick, you can initiate tasks easily with built-in Pomodoro timers, ensuring you stay on track and manage your time effectively.",Include different brain dump formats and follow-up organization methods,"Decision Fatigue, Task Initiation, Working Memory Failures",,"Frozen/Shut Down, Overwhelmed","### 🧠 Clear the Clutter: Brain Dump Method

#### When to Use:
- When feeling overwhelmed with thoughts
- During moments of decision fatigue
- Before starting a new task

#### How It Works:
- Write down all your thoughts and tasks
- Spend a few minutes to reduce mental clutter
- Focus on clearing your mind to improve concentration

#### Examples:
- Jot down everything from daily tasks to random thoughts
- Use a timer to limit the brain dump to 5-10 minutes
- Organize the list later into actionable items

#### Why It Works:
- Frees up working memory for better focus
- Reduces the anxiety of having too much on your mind
- Helps in overcoming task initiation barriers",Scattered,Overwhelmed,,,"Focus Enhancement, Task Initiation",book,,,,"Can't Focus, Task Initiation",,,"Disorganized, Frozen, Overthinking",Free,"Checklist, Mindset Shift",I Have ADHD podcast,,Brain Dump Technique,"Cleaning, Focus Enhancement, Task Initiation",,When mental clutter is overwhelming,"Externalizes Tasks, Frees Up Working Memory, Reduces Decision Fatigue"
Thought Reframing Challenge,No,"### ⏰ Time Blocking for Focus

Assign specific time blocks in your calendar to different activities, treating them like unmovable appointments. This strategy helps combat time blindness by providing external structure, making it easier to initiate tasks and stay on track. For example, set aside 9-10 AM for emails and 10 AM-12 PM for project work to create clear boundaries that enhance focus and efficiency.",Create thought record templates with common negative thoughts and balanced alternatives,"Emotional Dysregulation, Task Structuring, Working Memory Engagement",,Burnout,"### 🎯 Balanced Thinking Practice

#### When to Use:
- When self-criticism is taking over
- In moments of anxiety or emotional dysregulation
- During tasks that feel overwhelming

#### How It Works:
- Write down critical thoughts you often have
- Counter them with balanced truths
- Practice regularly to clear your mind and reduce anxiety

#### Examples:
- If you think, ""I'm lazy,"" remind yourself, ""I worked hard on my project last week.""
- For feelings of guilt, balance it with reminders of your achievements.

#### Why It Works:
- Frees up working memory
- Gamifies action to make it more engaging
- Helps manage emotions and start tasks more easily",Ashamed,Guilty,,,"Being Kinder to Myself, Calming Down",trophy,,,,"Anxiety Management, Emotional Regulation, Spiraling",,,Overthinking,Free,"Gamified, Quick Fix",The Anti-Planner by Dani Donovan,"Gamified, Interactive, Reflective Practice",Balanced Thinking Practice,"Emotional Regulation, Work",,When self-criticism is taking over,"Freeing Up Working Memory, Gamifies Action"
TickTick,No,"### ⏰ Structured Time Blocks

Divide your day into fixed blocks to manage your time effectively. By allocating specific periods for tasks like 'Deep Work' or 'Emails,' you create a clear structure that combats time blindness and helps with task initiation. This method enables you to say no to distractions, ensuring your schedule feels more controlled and intentional, which is essential for maintaining focus and productivity.",Include setup guides and feature recommendations specific to ADHD needs,"Decision Fatigue, Executive Dysfunction, Time Blindness",,"Low Energy, Restless, Wired but Tired","### 🎯 Integrated Productivity Hub in Action

#### When to Use:
- When feeling overwhelmed by multiple tasks
- During busy planning sessions
- When needing to minimize distractions

#### How It Works:
- Combine tasks, timers, and calendars in one app
- Use built-in Pomodoro timers to stay focused
- Simplify your planning process

#### Examples:
- Set a timer for focused work sessions ⏰
- Organize tasks by priority in the app 📋
- Use the calendar feature to visualize deadlines 📅

#### Why It Works:
- Reduces the need to juggle multiple apps 🚫
- Helps manage time effectively ⌛
- Keeps your productivity streamlined and organized 🌟",Frustrated,Defeated,,,"Staying focused, Task Initiation",check-square,,,,"Cannot Finish, Disorganized, Task Initiation",,,"Disorganized, Time Blind",$,"Checklist, Gamification, Routine",Zapier review,"Gamified, Interactive",ADHD-Friendly Task App,"Planning, Time Planning",,When you need integrated productivity tools,"Externalizes Tasks, Gamifies Action, Reduces Decision Fatigue"
Time Blocking,No,"### ⏳ Time Estimation Challenge

Practice predicting how long tasks will take and then track your actual time to improve your time awareness. This strategy helps combat time blindness and enhances your working memory by creating a clearer understanding of how long activities truly require. By turning this practice into a challenge, you can gamify your progress, making it easier to manage your schedule and reduce feelings of forgetfulness.",Include time blocking templates and boundary-setting strategies,"Executive Dysfunction, Task Structuring, Time Blindness",,"Frozen/Shut Down, Overstimulated","### ⏰ Time Management Made Easy

#### Understanding the Challenge:
- Many people struggle with time management.
- Tasks can expand to fill all available time.
- Keeping track of everything can feel overwhelming.

#### The Solution:
- Use your calendar to assign specific time slots for activities.
- Treat these time slots like fixed appointments.
- Create clear boundaries for your tasks.

#### Benefits of Time Blocking:
- Increases focus and organization.
- Helps manage executive dysfunction and time blindness.
- Provides external structure to your day.

#### Real-Life Applications:
- Schedule work tasks, personal errands, and relaxation time.
- Block out time for breaks to recharge.
- Use templates to streamline your planning process.

#### Why It Works:
- Externalizes tasks, making them feel more manageable.
- Provides structure that can reduce anxiety.
- Helps maintain momentum and motivation throughout the day.",Frustrated,Defeated,,,"Managing my schedule, Planning my time, Task Initiation Support",compass,,,,"Can't Finish, Task Initiation",,,"Avoidant, Frozen",Free,"Checklist, Routine",,"Interactive, Task Simplification, Time Management",Schedule Structure Strategy,"Planning, Time Planning",,When tasks expand to fill all available time,"Externalizes Tasks, Provides External Structure"
Time Containers,No,"### 🗓️ Protect Your Time

Block out your calendar for important activities like exercise or writing. This strategy helps combat time blindness by making your priorities visible and scheduled, ensuring they don't get overlooked by other commitments. By treating these activities like important meetings, you can improve task initiation and increase the likelihood of following through.",Include template schedules for different work styles and life situations,"Executive Dysfunction, Task Structuring, Time Blindness",,"Low Energy, Overstimulated, Wired but Tired","### ⏰ Effective Time Management Strategies

#### Structured Time Blocks:
- Break your day into set time blocks for different activities
- Designate specific times for 'Deep Work' or 'Emails'
- Creates a clear structure, reducing distractions

#### Incremental Engagement:
- Tackle tasks a little at a time
- Break projects into smaller steps
- Makes starting less overwhelming and builds momentum

#### Task Simplification:
- Simplify tasks by breaking them down into smaller actions
- Instead of ""clean the house,"" think ""clean the kitchen""
- Makes it easier to start and complete tasks

#### Time Management Tools:
- Use timers or planners to allocate specific time slots
- Helps keep you on track
- Visualizes how much time is available for each activity

#### Why These Strategies Work:
- Externalizes tasks and minimizes friction
- Provides external structure to your day
- Supports individuals facing executive dysfunction or time blindness",Frustrated,Defeated,,,"Managing my schedule, Planning my time, Task Initiation Support",clock,,,,"Poor Time Estimation, Task Initiation",Working Professional,,"Avoidant, Disorganized, Frozen",Free,"Checklist, Routine",I'm Busy Being Awesome podcast,"Incremental Engagement, Task Simplification, Time Management",Time Blocking System,"Planning, Time Planning",,When your schedule feels chaotic and overbooked,"Externalizes Tasks, Minimizes Friction, Provides External Structure"
Time Estimation Challenge,No,"### 📝 Time Sink Awareness

Identify your top 3 time drains—like TikTok or Reddit—and write them down to boost your awareness. This strategy helps combat time blindness by externalizing distractions, making it easier to catch yourself mid-scroll and refocus. Place your list somewhere visible, and when you notice you're off track, it serves as a reminder to make conscious decisions about how to spend your time.",Include tracking sheets and calibration exercises for common tasks,"Task Structuring, Time Blindness, Working Memory Engagement",,"Low Energy, Shutdown","### ⏳ Time Awareness Challenge

#### When to Use:
- When you're planning your day
- When you have a new task to tackle
- To improve overall time management skills

#### How It Works:
- Predict how long tasks will take before starting
- Track the actual time spent on each task
- Compare your predictions with the actual time

#### Examples:
- Estimate that a grocery run will take 30 minutes, then track the actual time spent
- Predict 15 minutes for answering emails, and see how long it really takes

#### Why It Helps:
- Increases awareness of time management
- Reduces forgetfulness by gamifying the process
- Helps structure tasks more effectively",Forgetful,,,,"Focus Enhancement, Managing my schedule, Planning my time",trophy,,,,"Can't Focus, Forgetful, Poor Time Estimation",,,"Avoidant, Frozen, Time Blind",Free,"Challenge, Gamification",The Anti-Planner by Dani Donovan,"Gamified, Incremental Motivation, Time Management",Time Awareness Building,"Planning, Time Planning",,When you want to improve time awareness,Gamifies Action
Time Shield Blocking,No,"### ⏳ Visual Time Management

Use a visual countdown timer like the Time Timer to manage your tasks effectively. This strategy helps combat time blindness by providing a visual representation of time passing, making it easier for you to stay focused on your work. Set the timer for your task duration, and as the colored section shrinks, it gives you a clear sense of how much time is left, reducing the chance of losing track.

Consider placing the timer in a visible spot to reinforce your focus and support task initiation.",Include time blocking strategies for different life areas,"Executive Dysfunction, Task Initiation, Time Blindness",,"Burnout, Crash Recovery, Low Energy","### 🗓️ Time Blocking for a Productive Day

#### When to Use:
- When you have important activities to prioritize
- During busy weeks with multiple commitments
- To combat feelings of overwhelm and frustration

#### How It Works:
- Schedule essential activities in your calendar
- Keep them visible to remind yourself to stick to your plan
- Adjust time blocks as needed to fit your energy levels

#### Examples:
- Plan exercise time every morning 🏃‍♀️
- Allocate writing time each afternoon ✍️
- Create a block for relaxation in the evening 🌙

#### Why It Works:
- Helps externalize tasks and commitments
- Provides structure to your day
- Reduces the likelihood of forgetting important activities
- Encourages you to follow through with your plans",Frustrated,Defeated,,,"Planning my time, Task Initiation Support",calendar,,,,"Can't Finish, Task Initiation",Working Professional,,"Frozen, Overthinking",Free,"Engaging Gamification, Gamification",,Gamified,Calendar Protection System,"Planning, Time Planning",,When important activities get squeezed out by other commitments,"Externalizes Tasks, Provides External Structure"
Time Sink Awareness,No,"### 🕒 Visualize Your Future Self

Picture yourself completing a task in three steps: first, imagine the process of doing it; next, visualize the satisfaction after finishing; finally, contrast this with how you’d feel if you procrastinated. This strategy helps with task initiation by breaking down complexity and utilizing your working memory to manage emotions associated with procrastination. By creating a mental rehearsal, you can make starting feel easier and more achievable.",Add time-tracking suggestions and replacement activity ideas,"Decision Fatigue, Time Blindness, Working Memory Failures",,"Overwhelmed, Restless, Wired but Tired","### 📝 Time Drain Awareness

#### Identify Your Distractions:
- Write down your top 3 time drains (e.g., TikTok, Reddit)
- Keep this list visible to remind you to refocus

#### Why It Matters:
- Increases awareness of distractions
- Helps you regain focus when sidetracked

#### Barriers to Watch:
- Decision Fatigue
- Time Blindness
- Working Memory Failures

#### How to Use This Strategy:
- Refer to your list whenever you catch yourself getting distracted
- Use it as a prompt to shift back to your tasks

#### Benefits:
- Maintains focus
- Reduces overwhelm and procrastination
- Supports emotional regulation",Scattered,Overwhelmed,,,"Maintaining Focus, Overcoming Procrastination, Task Initiation",refresh-cw,,,,"Can't Focus, Forgetful, Poor Time Estimation",,,Overthinking,Free,Checklist,The Anti-Planner by Dani Donovan,"Task Simplification, Time Management, Visual",Distraction Awareness List,"Emotional Regulation, Self-Compassion",,When you lose time to unconscious habits,"Externalizes Tasks, Reduces Decision Fatigue"
Time Timer,No,"### ⏳ Visual Timer for Focus

Use timer apps with features designed for ADHD, such as visual countdowns and customizable intervals. These tools help combat time blindness by providing a clear visual representation of time, making it easier to stay aware and focused on tasks. By setting specific work and break periods, you can enhance your task initiation and maintain momentum throughout the day.",Include size options and placement strategies for different work environments,"Task Initiation, Time Blindness, Working Memory Engagement",,Wired but Tired,"### ⏳ Visual Time Management Made Easy

#### When to Use:
- When feeling overwhelmed by tasks
- During work sessions to stay focused
- When struggling with time blindness

#### How It Works:
- Use a visual countdown timer like the Time Timer
- Set the timer for the duration of your task
- Place it in a visible area to monitor progress

#### Benefits:
- Provides a clear sense of how much time is left ⏱️
- Frees up working memory by externalizing time management
- Makes task engagement easier and more interactive 🎮

#### Why It Works:
- Helps combat forgetfulness and task initiation issues
- Visually gamifies the action of completing tasks
- Aids in maintaining focus and reducing anxiety around time management",Forgetful,,,,"Staying focused, Task Initiation Support",timer,,,,"Can't Focus, Task Initiation, Time Blindness",,,"Frozen, Time Blind",$$,"Challenge, Gamification, Mindset Shift",ADDitude,"Interactive, Visual",Visual Countdown Clock,"Task Initiation Support, Time Planning",,When time blindness makes it hard to stay on track,"Frees Up Working Memory, Gamifies Action"
Time Travel Visualization,No,"### ⏳ Beat the Clock Challenge

Use a timer cube to create a fun and engaging way to tackle tasks. By racing against the timer, you can combat task initiation difficulties often faced by those with ADHD. The physical cube provides a visual countdown, making it easier to focus and increasing urgency, which helps overcome time blindness and motivates you to get started. For example, challenge yourself to see how many documents you can file before the timer goes off!",Create guided visualization scripts for common avoided tasks,"Emotional Dysregulation, Task Initiation, Working Memory Engagement",,"Restless, Wired but Tired","### 🕒 Visualizing Your Future Self

#### When to Use:
- When feeling anxious about starting a task
- During periods of procrastination
- When needing motivation for avoided tasks

#### How It Works:
- Picture yourself completing the task
- Visualize the satisfaction after finishing
- Contrast this with feelings of procrastination

#### Examples:
- Imagine cleaning your room and feeling proud of the result
- Visualize the joy of submitting a project on time

#### Why It Works:
- Breaks down complexity into manageable steps
- Frees up working memory for better focus
- Helps to engage emotionally by visualizing positive outcomes",Anxious,Ashamed,,,"Cleaning Up, Resetting My Space, Task Initiation",map,,,,"Avoidant, Can't Start",,,"Avoidant, Discouraged",Free,Gamification,The Anti-Planner by Dani Donovan,"Gamified, Visual",Future Self Visualization,Cleaning,,When you need motivation to start something you're avoiding,"Breaks Down Complexity, Frees Up Working Memory"
Timer Apps,No,"### 🎁 Evening Care Package Ritual

Transform your evening prep into a gift-giving ritual! Spend 10 minutes creating care packages for tomorrow-you by laying out clothes and packing your bag with everything needed, including a small treat. This strategy helps combat time blindness and task initiation challenges by externalizing your tasks and gamifying the process, making mornings feel less chaotic. Plus, leave encouraging sticky notes on items to boost motivation and take a photo of your setup to inspire you in the morning!",Include timer features that work well for ADHD and usage strategies,"Task Initiation, Time Blindness, Working Memory Engagement",,"Overwhelmed, Wired but Tired","### ⏳ Visual Countdown for Focus

#### The Challenge:
- Staying focused on tasks can be difficult.
- Time awareness often slips away during work.

#### The Solution:
- Use visual timer apps with countdown features.
- Set adjustable work and break intervals.

#### When to Use:
- When you need to enhance your focus.
- During tasks that require sustained attention.

#### Why It Works:
- Visual timers help you keep track of time visually.
- They create a sense of urgency and accountability.
- Structured breaks help maintain momentum throughout the day.",Scattered,Overwhelmed,,,"Staying focused, Task Initiation Support",timer,,,,"Can't Focus, Forgetful, Poor Time Estimation",,,Time Blind,$,Gamification,,"Gamified, Interactive",Focus Support Tools,"Focus Enhancement, Task Initiation Support, Time Planning",,When time awareness and focus need digital support,"Creates Accountability, Gamifies Action, Meets You Where You Are"
Timer Cube Game,No,"### 🛁 Cozy Towel Reward

Warm up your towel in the dryer for a few minutes before your shower. This simple act can transform your experience, helping to combat time blindness and making the transition from warm water to cold air much more pleasant. By providing a comforting sensory reward, you can enhance your motivation to initiate self-care tasks like showering, making it easier to overcome avoidance and sensory overload.",Include timer cube recommendations and task suggestions for different time intervals,"Task Initiation, Time Blindness",,"Low Energy, Wired but Tired","### ⏳ Beat the Clock Challenge

#### What It Is:
- A fun way to tackle tasks with urgency
- Uses a timer cube for gamification

#### How to Play:
- Set the timer for a specific task
- Challenge yourself to complete as much as possible before it goes off
- Focus on one task at a time for better results

#### When to Use:
- When feeling overwhelmed by tasks
- To combat procrastination
- To create a sense of urgency

#### Why It Works:
- Frees up working memory by gamifying action
- Helps overcome task initiation barriers
- Boosts motivation and focus with a visual countdown",Drained,Stuck,,,"Cleaning Up, Overcoming Procrastination, Task Initiation",timer,,,,"Can't Start, Poor Time Estimation",,,"Avoidant, Frozen",$,"Challenge, Gamification, Time-Limited Challenge",Reddit /r/ADHDWomen,"Gamified, Time-Limited Challenge",Physical Timer Challenge,Cleaning,,When you need urgency and gamification to start tasks,"Frees Up Working Memory, Gamifies Action"
Tomorrow's Victory Setup,No,"### 🎶 Transition Time Rituals

Create small rituals to help your brain shift gears between activities, like making tea before work or playing a specific song when you finish your day. These rituals are effective for managing time blindness and task initiation, as they signal to your brain that it's time to move from one mode to another. By establishing a clear routine, you reduce the inertia that can make transitions feel jarring, ultimately improving your focus and memory.",Creates gift-giving ritual with encouraging notes and photos,"Executive Dysfunction, Task Initiation, Time Blindness",,"Low Energy, Overwhelmed, Wired but Tired","### 🎁 Evening Care Package Ritual

#### When to Use:
- When mornings feel chaotic and rushed
- To reduce anxiety about the upcoming day
- Before bed to set up for a smoother tomorrow

#### How It Works:
- Spend 10 minutes preparing for the next day
- Lay out your clothes for easy access
- Pack your bag with essentials and a small treat
- Leave a motivational note on your items

#### Examples:
- Arrange your outfit on a chair
- Include a favorite snack in your bag
- Write a note like ""You've got this!"" on your clothes

#### Why It Works:
- Creates a gift-giving ritual that feels rewarding
- Helps organize tasks in advance for less stress
- Encourages a positive mindset with motivational notes",Stuck,Overwhelmed,,,"Managing my schedule, Planning my time, Task Initiation Support",rotate-cw,,,,"Anxious, Can't Finish, Can't Start",,,"Disorganized, Overthinking",Free,"Challenge, Gamification, Mindset Shift",Reddit /r/ADHDWomen,"Gamified, Incremental Motivation, Sensory",Evening Care Package Ritual,"Planning, Time Planning",,When mornings feel chaotic and rushed,"Externalizes Tasks, Gamifies Action"
Towel Warmer Treat,No,"### 🚗 Real-Time Travel Management

Use transportation apps to get real-time updates and accurate route planning for your travels. This strategy directly addresses time blindness by providing you with reliable travel estimates, which can significantly reduce anxiety around being late. By knowing your exact travel times, you enhance your working memory and can plan your schedule more effectively, leading to less stress and better time management.",Include alternatives like heated towel racks and timing suggestions,"Emotional Dysregulation, Time Blindness, Working Memory Engagement",,"Crash Recovery, Low Energy, Overwhelmed","### 🛁 Cozy Towel Reward

#### When to Use:
- Before taking a shower
- When feeling overwhelmed by self-care tasks
- During cold weather transitions

#### How It Works:
- Warm your towel in the dryer for a few minutes
- Prepare your bathroom for a cozy experience
- Transition smoothly from warm water to cold air

#### Benefits:
- Makes showering more enjoyable
- Encourages self-care and motivation
- Provides a sensory comfort reward

#### Why It Works:
- Gamifies the action of showering
- Provides instant sensory engagement
- Reduces anxiety around sensory transitions",Anxious,Ashamed,,,"Calming Down, Overcoming Procrastination, Starting Something Hard",thermometer,,,,"Avoidant, Sensory Overload",,,"Avoidant, Frozen",$,"Checklist, Gamification, Immediate Cleanup Solution",Reddit /r/ADHDWomen,"Gamified, Sensory",Sensory Comfort Reward,"Planning, Time Planning",,When sensory transitions make self-care difficult,"Gamifies Action, Provides Instant Rewards, Sensory Engagement"
Transition Rituals,No,"### 🗺️ Gamified Cleaning Adventure

Turn cleaning into a game by creating a treasure hunt list of specific items to find. This approach helps combat task initiation issues common in ADHD by breaking down overwhelming cleaning tasks into manageable, focused searches. Set a timer for 15 minutes to tackle just a few items, making the process feel achievable and even fun, rather than a daunting chore.",Include transition ritual ideas for different activity switches,"Inertia, Task Initiation, Time Blindness",,Shutdown,"### 🎶 Transition Time Made Easy

#### What Are Transition Rituals?
- Simple rituals to signal a change in activity
- Examples include making tea or playing a specific song

#### When to Use:
- When switching between tasks
- At the start or end of work sessions

#### How It Works:
- Rituals help your brain prepare for new activities
- They create a mental cue for transitioning

#### Examples:
- Brew a cup of tea before starting work 🍵
- Play your favorite song when you finish your day 🎵

#### Why It Works:
- Breaks down the complexity of switching tasks
- Frees up working memory for new information
- Encourages mindful awareness during transitions",Forgetful,,,,"Focus Enhancement, Maintaining Focus, Task Initiation Support",check-circle,,,,"Can't Focus, Poor Time Estimation, Task Initiation",,,Time Blind,Free,"Checklist, Routine",,"Interactive, Mindful Awareness",Mental Switching Support,"Focus Enhancement, Task Initiation, Work",,When switching between activities feels jarring,"Breaks Down Complexity, Frees Up Working Memory, Starts Small"
Transportation Apps,No,"### 🎉 Reward Yourself for Dreaded Tasks

Plan a meaningful treat right after completing a task you dread, like making a phone call or tackling emails. This strategy leverages task initiation by providing an immediate reward, helping to boost motivation and combat feelings of being stuck. Consider what makes you feel good—whether it's a fancy latte or game time—to make the reward enticing and keep your working memory focused on the task at hand.",Include route planning strategies and backup option preparation,"Emotional Dysregulation, Time Blindness, Working Memory Engagement",,,"### 🚗 Real-Time Travel Management

#### When to Use:
- When feeling anxious about travel timing
- During busy days with multiple appointments
- When needing to manage unexpected changes in plans

#### How It Works:
- Use transportation apps for real-time updates
- Get accurate route planning based on current conditions
- Know exactly when to leave to avoid being late

#### Examples:
- Check app notifications for traffic updates 📱
- Adjust your departure time based on estimated travel time ⏰

#### Why It Works:
- Frees up working memory by providing clear travel information
- Reduces anxiety about time management
- Helps in planning better with confidence",Anxious,Stressed,,,"Managing my schedule, Planning my time",feather,,,,"Anxiety Management, Can't Start, Poor Time Estimation",,,"Overthinking, Time Blind",Free,Gamification,,Gamified,Travel Efficiency Tools,"Planning, Time Planning",,When travel timing creates anxiety and planning challenges,"Frees Up Working Memory, Gamifies Action, Minimizes Friction"
Treasure Hunt Cleaning,No,"### 🌿 Stick-On Organization

Use Velcro to attach small shelves or containers in key places to keep essential items visible and accessible. This strategy helps improve working memory by breaking down complexity—allowing you to see what you need at a glance. For instance, sticking a clear bin by the door can mitigate forgetfulness, ensuring you always have your essentials within reach.",Include scavenger hunt lists for different rooms and mess types,Task Initiation,,"Burnout, Low Energy, Shutdown","### 🗺️ Cleaning Adventure Treasure Hunt

#### The Problem:
- Cleaning feels overwhelming and unmanageable
- Tasks seem too big to start
- Difficulty knowing where to begin

#### The Solution:
- Transform cleaning into a treasure hunt
- Make a list of specific items to find
- Set a timer for 15 minutes to focus on a few items

#### When to Use:
- When feeling drained or stuck
- During moments of procrastination
- To reset your space and overcome disorganization

#### Why It Works:
- Breaks down overwhelming tasks into smaller searches
- Makes cleaning feel achievable and enjoyable
- Helps externalize tasks and gamifies the action",Drained,Stuck,,,"Cleaning Up, Overcoming Procrastination, Resetting My Space",broom,,,,"Can't Start, Disorganized",,,"Avoidant, Frozen",Free,"Checklist, Gamified",The Anti-Planner by Dani Donovan,Gamified,Gamified Organization Quest,"Cleaning, Focus Enhancement, Task Initiation",,When cleaning feels overwhelming and you don't know where to start,"Breaks Down Complexity, Externalizes Tasks, Gamifies Action"
Treat Yo Self - After doing something you really don't want to,No,"### 📝 Vent Your Frustrations

Create a dedicated space to vent your feelings, such as a private journal or voice memo app. This strategy helps with emotional regulation by allowing you to externalize your frustrations, which can alleviate overwhelm and improve focus. When you feel the urge to ruminate, simply open your venting tool and express your thoughts uncensored—this practice can enhance your working memory by decluttering your mind.",Include reward ideas for different budgets and time constraints,"Emotional Dysregulation, Inertia, Task Initiation",,"Burnout, Low Energy, Wired but Tired","### 🎉 Reward Yourself for Dreaded Tasks

#### When to Use:
- After completing a task you dislike, like making a phone call
- When dealing with emails feels overwhelming
- To kickstart motivation for dreaded chores

#### How It Works:
- Plan a special treat immediately after finishing the task
- Choose something enjoyable, like a delicious coffee or game time
- Use the reward as an incentive to overcome inertia

#### Examples:
- Enjoying a favorite snack 🍰 after sending that tough email
- Taking a short gaming break 🎮 after making an uncomfortable call
- Treating yourself to a nice dessert 🍦 after completing household chores

#### Why It Helps:
- Provides immediate gratification for completing tough tasks
- Helps build positive associations with challenging activities
- Encourages consistent task initiation and reduces procrastination",Drained,Stuck,,,"Overcoming Procrastination, Starting Something Hard, Staying focused",gift,,,,"Avoidant, Can't Start",,,Avoidant,$,Gamification,The Anti-Planner by Dani Donovan,"Action-Oriented, Gamified, Incremental Motivation",Task Reward System,"Emails, Focus Enhancement, Task Initiation Support",,When you need motivation to do dreaded tasks,"Gamifies Action, Provides External Structure, Provides Instant Rewards"
Velcroed Supply Stations,No,"### ⚡ Talk It Out

Use verbalizing as a tool to clarify your thoughts when feeling stuck or overwhelmed. By explaining the problem out loud—whether to yourself, a pet, or a friend—you engage your working memory and can often uncover solutions just by hearing your own reasoning. This strategy is particularly helpful for task initiation, making it easier to tackle complex challenges that may seem daunting at first.",Include Velcro strength guides and container recommendations for different items,Working Memory Failures,,"Burnout, Crash Recovery, Wired but Tired","### 🌿 Stick-On Organization

#### The Problem:
- Forgetting important items
- Difficulty accessing frequently used essentials

#### When to Use:
- When you need visual reminders for important items
- During transitions (leaving home, starting a task)

#### How It Works:
- Use Velcro to attach containers or shelves in visible locations
- Keep essentials in sight to help remember them

#### Examples:
- Place a clear bin by the door for necessities
- Use Velcro strips in your workspace for tools or supplies

#### Why It Works:
- Breaks down complexity of remembering items
- Frees up working memory by making essentials visible
- Starts small, allowing for easy adjustments",Forgetful,Ashamed,,,"Managing my schedule, Planning my time, Task Initiation Support",package,,,,"Forgetful, Poor Time Estimation, Task Initiation",,,"Avoidant, Overthinking",$,"Checklist, Routine",Reddit /r/ADHDWomen,Visual,Stick-On Organization,"Cleaning, Planning",,When you need visual reminders for important items,"Breaks Down Complexity, Frees Up Working Memory, Starts Small"
Vent Space,No,"### 🎉 Celebrate Your Wins

Keep a ""done list"" alongside your to-do list to track everything you complete, no matter how small. This strategy helps combat time blindness and feelings of unproductivity by visually showcasing your accomplishments. When you see tasks like ""Responded to 5 emails"" or ""Paid electric bill,"" it boosts your motivation and reinforces positive behaviors, making it easier to initiate future tasks.",Include different venting methods and emotional processing techniques,"Emotional Dysregulation, Task Structuring, Working Memory Engagement",,"Burnout, Crash Recovery, Low Energy","### 📝 Venting Your Emotions Safely

#### When to Use:
- When feeling overwhelmed 😟
- In moments of frustration 😤
- During anxiety spikes 😰

#### How It Works:
- Create a private journal to jot down feelings 📓
- Use a voice memo app to express thoughts aloud 🎤
- Set aside time to vent regularly ⏳

#### Examples:
- Writing about your day in a journal 📖
- Recording your feelings in a voice memo 🎧
- Talking through your thoughts with a trusted friend 🤝

#### Why It Helps:
- Provides a safe outlet for emotions 🌈
- Frees up mental space for focus 🔍
- Supports emotional regulation and processing 💪",Overwhelmed,Frustrated,,,"Being Kinder to Myself, Calming Down",wind,,,,"Anxiety Management, Poor Time Estimation",,,"Discouraged, Overthinking",Free,Gamification,The Anti-Planner by Dani Donovan,Gamified,Safe Emotional Release,"Emotional Regulation, Focus Enhancement, Self-Compassion",,When emotions need a safe outlet,"Emotional Regulation, Externalizes Tasks, Frees Up Working Memory"
Verbal Processor,No,"### 🎯 Mini Bets for Motivation

Create small bets with yourself or others to enhance task completion. This strategy helps combat low motivation and task initiation challenges by gamifying your actions and providing external pressure. For instance, you can add $5 to your vacation fund for every study session completed, or face a fun consequence if you don’t. This approach not only breaks down tasks into manageable parts but also activates dopamine, making it easier to stay focused.",Include conversation starters and self-talk frameworks,"Emotional Dysregulation, Task Initiation, Working Memory Engagement",,"Low Energy, Overwhelmed","### ⚡ Talk It Out: A Strategy for Clarity

#### When to Use:
- When feeling stuck or overwhelmed
- During moments of confusion
- When needing to process complex thoughts

#### How It Works:
- Verbalize your thoughts out loud
- Explain the problem to yourself, a pet, or a friend
- Engage your working memory through speaking

#### Examples:
- Describe your project challenges to a colleague
- Talk through your feelings with a trusted friend
- Use a mirror to discuss your thoughts aloud

#### Why It Works:
- Breaks down complexity and clarifies your thinking
- Frees up working memory for new ideas
- Starts small, making tackling larger issues easier",Stuck,Overwhelmed,,,"Staying focused, Task Initiation",message-circle,,,,Can't Start,Working Professional,,"Frozen, Overthinking",Free,Gamification,The Anti-Planner by Dani Donovan,"Gamified, Sensory",Think-Out-Loud Strategy,"Emotional Regulation, Task Initiation Support",,When you're stuck and need to think through problems,"Breaks Down Complexity, Frees Up Working Memory, Starts Small"
Victory List Tracker,No,"### 📅 Visual Schedules

Create engaging visual schedules using pictures or icons to outline your daily routine. This strategy helps combat time blindness by providing clear, visual representations of tasks, making it easier to follow routines without feeling overwhelmed. By transforming a mundane text checklist into an appealing visual format, you enhance your task initiation and reduce forgetfulness, allowing for a more structured day.",Include done list formats and accomplishment celebration ideas,"Emotional Dysregulation, Inertia, Time Blindness",,"Crash Recovery, Low Energy, Restless","### 🎉 Celebrate Your Wins

#### Purpose:
- Keep a “done list” alongside your to-do list
- Track every task you complete, no matter how small

#### When to Use:
- When you feel unproductive despite being busy
- To boost motivation for future tasks

#### How It Works:
- Write down completed tasks immediately
- Review your “done list” regularly for motivation

#### Examples:
- Completing a small chore like washing dishes 🍽️
- Finishing a work assignment early 🗂️

#### Why It Works:
- Helps you see your achievements clearly
- Boosts motivation through visible progress
- Creates a sense of accomplishment that encourages further action",Ashamed,Guilty,,,"Being Kinder to Myself, Finding motivation, Overcoming Procrastination",list,Women,,,Anxiety Management,Parent,,"Avoidant, Disorganized, Frozen",Free,"Accountability, Checklist, Gamification",The Anti-Planner by Dani Donovan,"Action-Oriented, Incremental Motivation, Visual",Accomplishment Celebration System,"Emotional Regulation, Self-Compassion",,When you feel unproductive despite being busy,"Breaks Down Complexity, Dopamine Activation, Gamifies Action"
Victory Stakes Challenge,No,"### 🗂️ Visual Task Management

Set up three columns (To-Do, Doing, Done) to organize your tasks visually. This method activates dopamine and helps combat working memory issues by allowing you to focus on one task at a time. As you physically move tasks across the board, you gain tangible evidence of progress, making it easier to initiate tasks and stay focused.",Add guidelines for appropriate bet amounts and consequences,"Emotional Dysregulation, Inertia, Task Initiation",,"Low Energy, Wired but Tired","### 🎯 Mini Bets for Motivation

#### When to Use:
- When feeling drained or unmotivated
- During study sessions or task initiation
- To overcome emotional barriers

#### How It Works:
- Create small bets with yourself or others
- Add $5 to a vacation fund for every completed study session
- Establish fun consequences for unfinished tasks

#### Examples:
- Bet $10 to treat yourself to a movie night if you finish your project
- Lose a small amount if you don’t start your work on time

#### Why It Helps:
- Activates dopamine for motivation
- Breaks down tasks into manageable parts
- Gamifies the action of task completion",Drained,Stuck,,,"Staying focused, Task Initiation",trophy,,,,"Avoidant, Can't Finish, Can't Start",Student,,"Avoidant, Frozen",$,Gamification,The Anti-Planner by Dani Donovan,"Gamified, Interactive",Motivational Betting System,Time Planning,,When you need external motivation to follow through,"Activates Dopamine, Breaks Down Complexity, Gamifies Action"
Visual Schedules,No,"### ⏳ Visual Countdown Timers

Use visual countdown timers to help combat time blindness by showing time passing in a tangible way. These tools, like shrinking pie charts or decreasing colored bars, can significantly enhance your awareness of time and support task initiation. By visually representing time, you free up working memory, making it easier to stay focused on your current tasks and reduce forgetfulness.",Include visual schedule creation and customization ideas,"Task Initiation, Time Blindness, Working Memory Failures",,Crash Recovery,"### 📅 Engaging Daily Task Planner

#### When to Use:
- During busy mornings when tasks feel overwhelming
- When you need a visual reminder of your day
- If you struggle with staying organized

#### How It Works:
- Create visual schedules using icons or pictures
- Outline your daily tasks in a clear format
- Use colors and symbols to differentiate between types of tasks

#### Examples:
- A calendar with icons for each task: 🛒 Grocery shopping, 🏋️‍♂️ Gym session, 🧹 Cleaning
- A checklist style with fun visuals that motivate you

#### Why It Works:
- Helps you stay organized and reduces feelings of being overwhelmed
- Makes following your routine more engaging and fun
- Turns task initiation into a game, enhancing motivation",Forgetful,Stuck,,,"Managing my schedule, Planning my time, Task Initiation Support",calendar,,,,"Disorganized, Task Initiation",,,"Avoidant, Disorganized, Frozen",Free,Routine,,Visual,Time Structure Support,"Planning, Task Initiation Support",,When text-based schedules aren't engaging enough,"Externalizes Tasks, Frees Up Working Memory, Gamifies Action"
Visual Task Board,No,"### 🌞 Boost Your Mood with Vitamin D

Consider taking vitamin D supplements if you struggle with low energy or mood swings, especially during periods of limited sunlight. Vitamin D can enhance your mood and motivation, addressing challenges like time blindness and task initiation. Be sure to consult your healthcare provider for testing recommendations and dosage guidance to ensure effective support.",Include digital tool recommendations and board setup guides,"Executive Dysfunction, Task Initiation, Working Memory Engagement",,"Low Energy, Wired but Tired","### 💡 Visual Task Management Made Easy

#### Organizing Your Tasks: 🗂️
- Use a three-column layout: To-Do, Doing, Done
- Focus on one task at a time
- Move tasks across the board to visualize progress

#### When to Use: ⏰
- When feeling overwhelmed with tasks
- To enhance focus and minimize distractions
- During project planning and execution

#### Why It Works: 🚀
- Externalizes tasks, reducing mental clutter
- Frees up working memory for other activities
- Gamifies action, making task management more engaging

#### Tips for Success: 🌟
- Consider using digital tools for better tracking
- Set up your board with clear categories
- Regularly update your progress to stay motivated",Frustrated,Defeated,,,"Focus Enhancement, Focused Task Execution, Task Initiation Support",kanban-square,,,,"Can't Finish, Task Initiation",,Recently Moved,"Disorganized, Overthinking",Free,Environmental Hack,The Anti-Planner by Dani Donovan,"Interactive, Visual",Kanban Task Flow,"Focus Enhancement, Task Initiation Support, Work",,When you need visual progress tracking,"Externalizes Tasks, Frees Up Working Memory, Gamifies Action"
Visual Timers,No,"### 🎤 Capture Ideas Quickly

Use voice memos to record thoughts and ideas when you're overwhelmed by writing. This strategy helps with working memory failures by allowing you to externalize your thoughts, making it easier to keep track of your ideas without losing them. You can transcribe the memos later or listen back to capture key points, which is especially useful when task initiation feels daunting.",Include visual timer recommendations and placement strategies,"Task Initiation, Time Blindness, Working Memory Engagement",,,"### ⏳ Visual Countdown Timers

#### Understanding Time Blindness:
- Many struggle with tracking time effectively.
- Time blindness can hinder task initiation and focus.

#### When to Use:
- When starting a new task feels daunting.
- During activities that require time management.

#### How It Works:
- Visual timers provide immediate feedback on time passing.
- Use engaging visuals like shrinking pie charts or colored bars.

#### Examples:
- A pie chart that decreases as time runs out.
- A colored bar that fills up to show remaining time.

#### Why It Works:
- Frees up working memory by making time visible.
- Gamifies the task initiation process, making it more engaging.
- Helps reduce distractions and improves focus.",Forgetful,,,,"Starting Something Hard, Staying focused",timer,,,,"Can't Focus, Poor Time Estimation, Task Initiation",,,"Avoidant, Frozen, Time Blind",$$,Gamification,,"Gamified, Visual",Time Awareness Tools,"Focus Enhancement, Task Initiation Support",,When time blindness makes it hard to track time,"Freeing Up Working Memory, Gamifies Action"
Vitamin D Supplements,No,"### 🎤 Voice-to-Text Gamification

Record your thoughts with a timer to capture ideas quickly and gamify your editing process with rewards. This strategy helps combat task initiation issues by breaking down overwhelming tasks into manageable segments, making it easier to start and stay focused. Celebrate the process of capturing and refining your ideas, ensuring you remain engaged and motivated throughout.",Include testing recommendations and dosage guidance from healthcare providers,"Emotional Dysregulation, Task Initiation, Time Blindness",,Low Energy,"### 🌞 Mood Boost with Vitamin D

#### When to Use:
- Feeling low on energy during winter
- Experiencing mood swings
- Looking for ways to enhance motivation

#### How It Works:
- Vitamin D can improve mood and energy levels
- Supports emotional regulation
- Influences dopamine activation

#### Examples:
- Taking a vitamin D supplement during the colder months
- Engaging in outdoor activities when the sun is shining
- Incorporating foods rich in vitamin D into your diet

#### Why It Helps:
- Enhances mood and motivation 🌟
- Helps manage emotional dysregulation 😌
- Supports task initiation and focus 🧠",Drained,Stuck,,,"Focus Enhancement, Managing Emotional Dysregulation, Task Initiation Support",sun,,,,"Poor Time Estimation, Task Initiation",,,"Discouraged, Frozen",$,Gamification,,"Gamified, Interactive",Mood Support Supplement,"Planning, Time Planning",,When mood and energy may be affected by vitamin D deficiency,"Dopamine Activation, Gamifies Action"
Voice Memos,No,"### 🚶‍♂️ Walk While You Talk

Take your phone calls or meetings on the go! This strategy can help combat time blindness and improve focus by integrating movement into your routine. As you walk, your body activates dopamine, which enhances engagement and clarity, making it easier to tackle discussions without the distractions of a static environment. Just remember to choose safe routes and stay mindful of your surroundings for a productive walking meeting!",Include voice memo organization and transcription strategies,"Emotional Dysregulation, Task Initiation, Working Memory Failures",,"Burnout, Crash Recovery, Low Energy","### 🎤 Quick Idea Capture

#### When to Use:
- When writing feels overwhelming
- In moments of inspiration
- To prevent losing thoughts

#### How It Works:
- Use voice memos to quickly record thoughts
- Listen back later to capture key points
- Transcribe important ideas for clarity

#### Examples:
- Record a fleeting thought during a busy day
- Capture ideas before they slip away while engaging in another task

#### Why It Works:
- Frees up working memory 🧠
- Reduces feelings of forgetfulness 😅
- Helps maintain focus on tasks 🔑",Forgetful,Ashamed,,,"Starting Something Hard, Staying focused",mic,,,,"Avoidant, Can't Start, Poor Time Estimation",,,"Avoidant, Overthinking",Free,Checklist,,,Audio Capture System,"Focus Enhancement, Task Initiation, Work",,When thoughts come faster than you can write,"Externalizes Tasks, Frees Up Working Memory"
Voice-to-Victory Workflow,No,"### ☀️ Weather-Based Planning

Check the weather daily to align your tasks with how you feel. By understanding that cloudy days may slow you down, you can schedule easier tasks during those times and save more demanding work for sunnier days when your energy is higher. This strategy helps combat time blindness and enhances your task initiation by creating a clear plan based on your energy levels, allowing you to manage your schedule more effectively.",Adds complete workflow with dopamine hits at each stage,"Emotional Dysregulation, Executive Dysfunction, Task Initiation",,"Crash Recovery, Low Energy, Wired but Tired","### 🎤 Break It Down: Gamified Writing Workflow

#### When to Use:
- When writing tasks feel slow or overwhelming
- During moments of emotional dysregulation or executive dysfunction
- To enhance focus and motivation

#### How It Works:
- Record thoughts with a timer to keep track of time
- Break writing tasks into smaller, manageable segments
- Reward yourself for completing each part to encourage progress

#### Examples:
- Set a 5-minute timer to jot down initial ideas 📝
- Write one paragraph, then take a quick break and reward yourself with a favorite snack 🍫
- Use a checklist to mark off completed segments, giving a sense of accomplishment ✅

#### Why It Works:
- Turns overwhelming projects into manageable tasks 🎯
- Activates dopamine through rewards, enhancing motivation 🎉
- Supports executive function by providing structure and clarity 🧠",Stuck,Overwhelmed,,,"Staying focused, Task Initiation",briefcase,,,,"Avoidant, Can't Start, Task Initiation",,,"Avoidant, Frozen",$,Gamification,,"Gamified, Incremental Motivation, Interactive",Complete Voice-to-Text System,"Focus Enhancement, Task Initiation, Work",,When writing tasks feel slow or overwhelming,"Dopamine Activation, Executive Function Support, Gamifies Action"
Walking Meetings,No,"### 🗓️ Weekly Reflection

Spend 15-30 minutes each week to review what worked and what didn’t, helping you adjust strategies for the upcoming week. This practice enhances task initiation by gamifying the review process, making it easier to stay aligned with your goals. For effective implementation, choose a consistent time, like Sunday evenings, to reflect on your productivity patterns and plan accordingly.",Include walking meeting guidelines and safety considerations,"Emotional Dysregulation, Time Blindness, Working Memory Failures",Suburban,"Overwhelmed, Wired but Tired","### 🚶‍♂️ Walking Meetings: Move and Connect

#### Why Use Walking Meetings?
- Combines movement with communication
- Enhances focus and engagement
- Ideal when sitting still is challenging

#### How to Conduct a Walking Meeting:
- Choose safe paths for walking
- Stay aware of surroundings
- Set a clear agenda for the discussion

#### Benefits of Walking Meetings:
- Boosts creativity and problem-solving
- Reduces feelings of overwhelm
- Allows for a more relaxed conversation

#### Tips for Success:
- Create guidelines for walking meetings
- Consider time for breaks if needed
- Make it a regular practice to enhance productivity",Scattered,Overwhelmed,,,"Starting Something Hard, Staying focused",footprints,,,,"Can't Focus, Disorganized, Poor Time Estimation",,,"Avoidant, Disorganized",Free,"Checklist, Routine",,"Embodied, Interactive, Sensory Engagement",Movement Integration,Work,,When sitting still makes it hard to focus,"Dopamine Activation, Frees Up Working Memory"
Weather Apps,No,"### 🛌 Calming Sleep Combo

Use a weighted blanket and play white noise to tackle insomnia and restlessness. The blanket's gentle pressure helps reduce anxiety and fidgetiness, while the steady noise masks distracting sounds, making it easier to settle into sleep. This strategy aids in managing time blindness, ensuring you can transition into a restful state without getting overwhelmed. Incorporate weight guidelines and recommend sound types for optimal results.",Include weather pattern awareness and energy planning strategies,"Emotional Dysregulation, Executive Dysfunction, Time Blindness",,"Low Energy, Overwhelmed, Wired but Tired","### ☀️ Weather-Based Energy Planning

#### When to Use:
- On days with varying weather forecasts
- When energy levels fluctuate due to external factors
- To manage tasks effectively based on mood and weather

#### How It Works:
- Check the daily weather to gauge energy levels
- Schedule lighter tasks for cloudy or rainy days
- Reserve demanding work for sunny days when energy is higher

#### Examples:
- Plan to clean the house on a sunny day for more motivation ☀️
- Use a rainy day to catch up on reading or less demanding tasks 📚
- Adjust outdoor activities based on temperature and mood 🌈

#### Why It Works:
- Aligns tasks with energy levels, reducing frustration
- Helps in managing time effectively
- Encourages awareness of how weather impacts mood and productivity",Frustrated,Defeated,,,"Managing my schedule, Planning my time, Task Initiation Support",umbrella,,,,"Can't Finish, Task Initiation",,,"Overthinking, Time Blind",Free,Checklist,,"Gamified, Interactive",Planning Support Tools,"Planning, Time Planning",,When weather affects your ADHD symptoms and planning,"Executive Function Support, Gamifies Action"
Weekly Review,No,"### 🛌 Weighted Blanket for Calm

Use a weighted blanket to provide gentle, even pressure during rest or when feeling overwhelmed. This strategy helps regulate your nervous system, improving sleep quality and addressing issues like time blindness by creating a calming environment. To implement, ensure the blanket's weight is appropriate for your body and use it consistently when you feel overstimulated or anxious.",Include weekly review templates and reflection questions,"Executive Dysfunction, Task Initiation, Time Blindness",,"Low Energy, Restless, Wired but Tired","### 🗓️ Weekly Reflection: Fine-Tuning Your Productivity

#### When to Reflect:
- Spend 15-30 minutes each week
- Choose a consistent time, like Sunday evenings
- Ideal for reviewing accomplishments and challenges

#### How to Reflect:
- Assess what went well and what didn't
- Adjust your plans for the upcoming week
- Organize your tasks for better results

#### Common Barriers:
- Executive Dysfunction
- Task Initiation
- Time Blindness

#### Why It Works:
- Helps manage emotional dysregulation
- Supports task initiation
- Improves overall planning and organization",Frustrated,Defeated,,,"Managing Emotional Dysregulation, Planning my time, Task Initiation Support",mail,,,,"Can't Finish, Task Initiation",,,"Disorganized, Frozen",Free,Gamification,,"Gamified, Interactive",Planning Reflection,"Planning, Time Planning",,When you want to improve your systems and strategies,Gamifies Action
Weighted Blanket & White Noise,No,"### ☕ Work Mode Activation

Create a mini-routine that signals to your brain it's time to focus. By brewing a special coffee or putting on your work sweater, you establish consistent cues that help combat task initiation challenges often faced by those with ADHD. This simple ritual not only activates dopamine but also externalizes tasks, making it easier to start and stay engaged in your work. Remember, even small actions can create a mental shift to overcome feelings of anxiety or overwhelm.",Include weight guidelines and sound type recommendations,"Emotional Dysregulation, Time Blindness",Urban,"Overstimulated, Overwhelmed","### 🛌 Sleep Sanctuary: A Calming Combo

#### When to Use:
- When sleep is disrupted by anxiety 🌙
- During periods of overstimulation 🌀
- On nights when you feel overwhelmed 😩

#### How It Works:
- Combine a weighted blanket for soothing pressure
- Use white noise to mask disruptive sounds
- Create a peaceful environment conducive to sleep

#### Benefits:
- Eases anxiety and promotes relaxation 🧘‍♂️
- Helps in managing emotional dysregulation
- Provides sensory engagement to calm the mind

#### Why It Helps:
- Creates a sense of security with the weighted blanket
- White noise serves as a comforting background
- Supports a calm transition into sleep 🌟",Overstimulated,Overwhelmed,,,Calming Down,sliders,,,,"Anxiety Management, Sensory Overload",,,"Frozen, Time Blind",$$,Gamification,Reddit /r/ADHDWomen,"Gamified, Sensory Engagement",Sleep Optimization Combo,Emotional Regulation,,When sleep is disrupted by anxiety or overstimulation,"Emotional Regulation, Sensory Engagement, Starts Small"
Weighted Blankets,No,"### ⏰ Focus Boost with Breaks

Work for 20 minutes, then take a 10-minute break. This strategy helps combat time blindness by creating structured intervals that make tasks feel more manageable. Frequent breaks not only prevent burnout but also refresh your mind, allowing you to stay engaged longer, especially when tackling challenging tasks. Implementing this rhythm can significantly improve your working memory and momentum, making it easier to initiate and complete work.",Include weight guidelines and usage recommendations,"Decision Fatigue, Emotional Dysregulation, Time Blindness",,"Crash Recovery, Low Energy, Overstimulated","### 🛌 Weighted Blanket for Calm

#### When to Use:
- When feeling overstimulated
- During moments of anxiety
- To improve sleep quality

#### How It Works:
- Provides soothing pressure
- Creates a calming environment
- Helps regulate sensory input

#### Benefits:
- Enhances relaxation
- Improves sleep quality
- Supports emotional regulation

#### Why It Works:
- Reduces feelings of overwhelm
- Frees up working memory
- Aids in emotional regulation",Overstimulated,Overwhelmed,,,"Calming Down, Recovering from a crash",cloud,,,,"Anxiety Management, Sensory Overload",,,"Overthinking, Time Blind",$$,"Gamification, Mindset Shift, Routine",,"Interactive, Mindful Awareness, Sensory",Sensory Regulation Tool,Emotional Regulation,,When sensory input can support calm and sleep,"Breaking Down Complexity, Emotional Regulation, Frees Up Working Memory"
Work Mode Activation Ritual,No,"### 💡 Brighten Your Workspace

Optimize your lighting to improve focus and reduce eye strain. Proper lighting can combat time blindness and help you feel more alert, especially on cloudy days. Consider adding a bright desk lamp that minimizes glare, which can significantly enhance your ability to concentrate and manage your working memory effectively.","Create a ritual builder with sensory options (smell, sound, touch, taste)",Task Initiation,,"Low Energy, Wired but Tired","### ☕ Work Mode Activation: Simple Rituals

#### When to Use:
- When feeling anxious about starting work
- During transitions into a work environment
- To signal a shift in focus

#### How It Works:
- Create a routine that signals it's time to focus
- Brew a special coffee or wear a work sweater
- Engage in small actions that help shift your mindset

#### Benefits of the Ritual:
- Eases feelings of anxiety or overwhelm
- Establishes cues that help maintain engagement
- Promotes a smoother transition into work mode

#### Why It Helps:
- Activates dopamine levels, enhancing motivation
- Frees up working memory by externalizing tasks
- Gamifies the action of starting work, making it more enjoyable",Anxious,Ashamed,,,"Staying focused, Task Initiation",briefcase,,,,"Avoidant, Can't Start",,,"Avoidant, Frozen, Overthinking",Free,Routine,The Anti-Planner by Dani Donovan,"Interactive, Sensory, Visual",Work Mode Ritual,"Task Initiation Support, Work",,When you need to transition into work mode,"Dopamine Activation, Externalizes Tasks, Frees Up Working Memory, Gamifies Action"
Work Sprint & Reward Rhythm,No,"### 🧘‍♀️ Gentle Movement Breaks

Incorporate gentle yoga or stretching into your day to help manage feelings of overwhelm and improve focus. This practice can free up your working memory by alleviating physical tension, making it easier to tackle tasks. Aim for short sessions, like 10 minutes, to quickly return to a productive state without feeling overstimulated.",Include break activity suggestions and timing variations,"Task Structuring, Time Blindness, Working Memory Failures",,Wired but Tired,"### ⏰ Focus Boost with Breaks

#### When to Use:
- During long tasks that require sustained attention
- When feeling scattered or losing focus
- To prevent burnout during work sessions

#### How It Works:
- Work for 20 minutes on a single task
- Take a 10-minute break after each work session
- Repeat the cycle to maintain focus and energy

#### Examples:
- After 20 minutes of writing, step away for a quick walk 🚶
- Use break time to stretch or grab a snack 🍎
- Engage in a brief mindfulness exercise during breaks 🧘

#### Why It Works:
- Creates clear intervals to manage time effectively
- Regular breaks refresh the mind, enhancing engagement
- Reduces feelings of overwhelm and improves task completion",Scattered,Overwhelmed,,,"Starting Something Hard, Staying focused",gift,,,,"Can't Finish, Can't Start, Poor Time Estimation",,,,Free,Gamification,,"Gamified, Interactive",Sustainable Energy Cycling,"Focus Enhancement, Time Planning, Work",,When you need sustainable focus for longer tasks,"Breaks Down Complexity, Dopamine Activation, Frees Up Working Memory"
Workspace Lighting,No,"### ⏩ Start with Just 5 Minutes

Commit to working on a task for just 5 minutes to overcome the challenge of task initiation, a common hurdle for those with ADHD. Often, the hardest part is simply starting; by allowing yourself to stop after 5 minutes, you reduce pressure and guilt. This strategy helps build momentum and enhances working memory by breaking tasks into manageable chunks, making it easier to tackle larger projects over time.",Include lighting recommendations and setup guidelines,"Environmental Cues, Working Memory Failures",,"Low Energy, Wired but Tired","### 💡 Bright Workspace Lighting Tips

#### When to Enhance Lighting:
- On cloudy days ☁️
- When you feel scattered or overwhelmed 😵
- To boost focus and reduce eye strain 👀

#### How to Improve Your Workspace:
- Use a bright desk lamp that minimizes glare 💡
- Position lights to eliminate shadows and enhance visibility 🕶️
- Experiment with different lighting angles and intensities 🔄

#### Benefits of Good Lighting:
- Increases alertness and concentration 🚀
- Reduces fatigue and discomfort 🌟
- Enhances overall mood and productivity 😊

#### Why It Works:
- Bright lighting activates dopamine, improving focus 🎉
- Supports executive function by making tasks clearer 📊
- Frees up working memory, allowing better task management 🧠",Scattered,Overwhelmed,,,"Focus Enhancement, Starting Something Hard, Staying focused",lightbulb,,,,"Can't Focus, Forgetful, Poor Time Estimation",,,"Overthinking, Time Blind",$$,Environmental Hack,,Sensory,Environmental Optimization,"Emotional Regulation, Work",,When poor lighting is affecting focus and mood,"Dopamine Activation, Executive Function Support, Frees Up Working Memory"
Yoga or Stretching,No,"### 🧠 ADHD-Friendly Apps

Use apps designed for ADHD to enhance your daily structure and motivation. These tools, like task managers with gamification and focus timers, specifically address challenges such as working memory failures and time blindness. For instance, an ADHD-specific app can send you medication reminders and track your progress visually, making it easier to stay focused and accountable.",Include beginner-friendly routines and timing suggestions,"Emotional Dysregulation, Environmental Cues, Working Memory Engagement",,"Low Energy, Overstimulated, Overwhelmed","### 🧘‍♀️ Gentle Movement Breaks for Focus

#### When to Use:
- Feeling overstimulated during work
- Needing a quick reset to improve concentration
- Experiencing physical tension affecting mental clarity

#### How It Works:
- Incorporate short sessions of gentle yoga or stretching
- Schedule quick breaks throughout the day
- Focus on breathing and mindfulness during movements

#### What to Do:
- Try simple stretches like neck rolls and shoulder shrugs
- Take a few minutes to practice basic yoga poses
- Use a timer to keep breaks short and efficient

#### Why It Helps:
- Relieves physical tension and reduces overwhelm
- Frees up working memory to improve focus
- Provides a structured way to reset during busy days",Overstimulated,Overwhelmed,,,"Calming Down, Staying focused",lotus,,,,"Anxious, Sensory Overload",,,"Frozen, Overthinking, Time Blind",Free,"Environmental Hack, Routine",,Embodied,Movement-Based Regulation,Self-Compassion,,When body tension is affecting mental state,"Frees Up Working Memory, Meets You Where You Are, Provides External Structure"
You Can Do 5 (Minutes),No,"### 📇 Emergency Contact List

Create a list of emergency contacts that includes ADHD-aware friends and mental health professionals. This strategy helps manage emotional dysregulation by providing a structured way to reach out for help, reducing the overwhelm of task initiation during crisis moments. Having these contacts readily available can make it easier to take action when feeling burned out or frozen, ensuring you don't face challenges alone.",Include 5-minute task examples and momentum strategies,"Emotional Dysregulation, Task Initiation, Working Memory Engagement",,"Burnout, Overwhelmed","### ⏩ 5-Minute Task Jumpstart

#### When to Use:
- Feeling stuck on a project
- Overwhelmed by a long task list
- In need of a quick start to boost motivation

#### How It Works:
- Commit to just 5 minutes of focused work
- Set a timer to create urgency
- Focus on one small part of a larger task

#### Examples:
- Organizing one drawer in your workspace 🗄️
- Writing a single paragraph of a report 📝
- Reading one page of a book 📖

#### Why It Works:
- Reduces pressure and guilt of starting a big task 🙌
- Breaks larger projects into manageable pieces 🔍
- Often leads to continued work after the timer ends ⏳",Stuck,Overwhelmed,,,"Cleaning Up, Overcoming Procrastination, Task Initiation",fast-forward,,,,"Can't Start, Poor Time Estimation",,,"Avoidant, Frozen",Free,"Gamification, Incremental Progress, Mindset Shift","Acceptance and Commitment Therapy, Cognitive Behavioral Therapy, The Anti-Planner by Dani Donovan","Gamified, Incremental Engagement, Interactive",Micro-Commitment Strategy,"Cleaning, Emotional Regulation, Task Initiation",,When starting feels impossible,"Breaking Down Complexity, Gamifies Action, Starts Small"
Z- Brain-Friendly Tech Tools,No,"### 🌳 Grow Your Focus Forest
Plant virtual trees that thrive while you stay concentrated and wilt if you get distracted. This gamified approach leverages the concept of working memory, as it creates a visual representation of your productivity, making it easier to stay on task. By knowing that distractions will harm your virtual forest, you gain motivation to maintain focus, turning a challenging task into a rewarding experience.",Include app recommendations and feature comparisons,"Task Structuring, Time Blindness, Working Memory Failures",,"Overwhelmed, Wired but Tired","### 🧠 ADHD-Friendly Digital Tools

#### When to Use:
- When you need to improve your daily routine
- During moments of low motivation
- When managing multiple tasks feels overwhelming

#### How It Works:
- Use ADHD-specific apps designed to support executive function
- Gamified task managers to make tasks more engaging
- Focus timers to structure your work periods

#### Examples:
- A reminder app that tracks medication and daily tasks 📲
- A gamified to-do list that rewards you for completing tasks 🎮

#### Why It Helps:
- Frees up working memory for more important tasks
- Makes managing time and tasks more enjoyable
- Provides visual tracking to help maintain focus and motivation",Forgetful,Ashamed,,,"Starting Something Hard, Staying focused",brain,,,,"Disorganized, Poor Time Estimation, Task Initiation",,,Overthinking,$,Gamification,,Gamified,Digital Support Arsenal,Work,,When you need digital tools designed for ADHD,"Executive Function Support, Frees Up Working Memory, Gamifies Action"
Z- Crisis Support Network,No,"### 🎲 Playful Decision-Making Tool

Use a paper fortune teller to help overcome decision paralysis. This gamified approach reduces decision fatigue by allowing you to start with small, manageable tasks. When you're feeling frozen or overwhelmed, this tool provides a playful way to initiate action, making it easier to bypass the hurdles of task initiation and get moving.",Include contact categories and crisis response planning,Emotional Dysregulation,,"Burnout, Frozen/Shut Down, Overwhelmed","### 📇 Emergency Contact System

#### When to Use:
- During overwhelming moments
- When ADHD overwhelm creates crisis situations
- When needing immediate support

#### How It Works:
- Create a list of trusted contacts
- Include ADHD-aware friends and mental health professionals
- Make it easy to reach out for help

#### Examples:
- Friends who understand ADHD and can provide emotional support
- Mental health professionals familiar with your situation
- Family members who can step in during emergencies

#### Why It Works:
- Reduces the stress of needing to find support
- Externalizes tasks, making reaching out easier
- Frees up working memory by having a structured plan",Burned out,Defeated,,,"Asking for Help, Calming Down, Overcoming Resistance",briefcase,,,,"Anxious, Can't Finish",,,"Frozen, Overthinking",Free,"Checklist, Gamified",,Gamified,Emergency Contact System,Emotional Regulation,,When ADHD overwhelm creates crisis moments,"Externalizes Tasks, Frees Up Working Memory, Provides External Structure"
Z- Forest App,No,"### 🧹 Digital Declutter Made Easy
Reduce distractions and create a calmer digital space by unsubscribing from unnecessary emails, deleting unused apps, and organizing your digital files. This strategy helps with time blindness by simplifying your digital environment, making it easier to focus on what's important. Start by dedicating an hour to decluttering, and enjoy a clearer mental space that supports better decision-making and task initiation.",Include focus session strategies and reward system setup,"Emotional Dysregulation, Task Initiation, Working Memory Failures",,Wired but Tired,"### 🌳 Focus Forest: Gamified Productivity Tool

#### What It Does:
- Helps you stay focused by planting virtual trees 🌱
- Trees grow while you work; wilting occurs with distractions 🌳

#### When to Use:
- When phone distractions break your focus 📱
- During tasks requiring sustained attention 📝

#### How It Works:
- Start a focus session and plant a tree 🌲
- Avoid distractions to keep your tree healthy
- Earn rewards for maintaining focus 🎖️

#### Why It Works:
- Visualizes productivity through a fun, interactive method
- Provides instant gratification with tree growth 🌳
- Encourages accountability and task initiation

#### ADHD-Friendly Improvement Ideas:
- Include focus session strategies
- Set up a reward system for completed tasks 🎉",Scattered,Overwhelmed,,,"Starting Something Hard, Staying focused",smartphone,,,,"Can't Focus, Disorganized, Poor Time Estimation",,,"Disorganized, Overthinking",$,"Accountability, Checklist, Gamified",Forest app,"Gamified, Interactive",Gamified Focus Tool,"Focus Enhancement, Task Initiation Support, Work",,When phone distractions are breaking your focus,"Breaks Down Complexity, Gamifies Action, Provides Instant Rewards"
Zero-Based Scheduling,No,"### 🗓️ Intentional Time Management

Start each week with a blank schedule and only add what truly matters to you. This approach helps combat automatic overcommitment, allowing you to focus on priorities that align with your goals. By reducing distractions and improving task initiation, you protect your time and energy, making it easier to manage overwhelm while dealing with executive dysfunction.",Include priority assessment and commitment evaluation strategies,"Emotional Dysregulation, Executive Dysfunction, Task Initiation",,"Burnout, Crash Recovery","### 🗓️ Intentional Time Management in Action

#### The Problem:
- Feeling overwhelmed by a cluttered schedule
- Struggling to prioritize commitments
- Difficulty managing frustration with time management

#### When to Use:
- At the start of each week
- When feeling lost in tasks
- During times of high stress and overcommitment

#### How to Implement:
- Start your week with a blank schedule
- Add only the commitments that matter to you
- Focus on priorities to avoid overwhelm

#### Why It Works:
- Helps maintain focus on what truly matters
- Reduces feelings of frustration and defeat
- Enables clearer decision-making about time allocation

---

### 🎮 Gamified Task Management Made Simple

#### The Problem:
- Difficulty initiating tasks
- Feeling unmotivated to start projects
- Overcoming inertia in daily responsibilities

#### When to Use:
- When facing a daunting to-do list
- During periods of low motivation
- To make routine tasks more engaging

#### How to Implement:
- Break tasks into smaller, manageable steps
- Use gamification techniques to create fun challenges
- Reward yourself for completing each step

#### Why It Works:
- Makes tasks feel less overwhelming
- Increases motivation through positive reinforcement
- Provides a sense of achievement with each completed step

---

### 🚫 Overcommitment Control Strategies

#### The Problem:
- Automatic tendency to say yes to every request
- Feeling drained by non-essential commitments
- Struggling to protect personal time and energy

#### When to Use:
- When facing multiple requests for your time
- During periods of high demand from others
- To reassess your current commitments

#### How to Implement:
- Learn to say no to non-essential commitments
- Evaluate your current obligations regularly
- Prioritize commitments that align with your goals

#### Why It Works:
- Protects your time and energy
- Reduces feelings of defeat and burnout
- Helps maintain focus on your own priorities",Frustrated,Defeated,,,"Managing Emotional Dysregulation, Planning my time, Task Initiation Support",map,,,,"Can't Finish, Task Initiation",,,Frozen,Free,Gamification,,"Gamified, Visual",Fresh Start Planning,"Planning, Time Planning",,When automatic overcommitment is creating overwhelm,"Breaks Down Complexity, Minimizes Friction, Starts Small"
Zig-Zag Productivity,No,"### ⚡️ Embrace Zig-Zag Productivity

Switch tasks as your interest and energy fluctuate throughout the day. This approach helps combat time blindness and enhances task initiation, allowing you to accomplish more by working with your natural rhythms instead of against them. Remember, it's okay to take breaks and shift focus; this strategy can reduce feelings of frustration and overwhelm associated with linear productivity.",Include task-switching strategies and energy management,"Task Initiation, Time Blindness, Working Memory Failures",,"Overwhelmed, Restless","### ⚡️ Embrace Zig-Zag Productivity

#### When to Use:
- When interest and energy fluctuate throughout the day
- During moments of frustration with linear productivity
- When feeling overwhelmed by a long to-do list

#### How It Works:
- Switch tasks as your focus changes
- Take breaks when needed to recharge
- Align work with your natural rhythms for better flow

#### Examples:
- Start a new task when you feel stuck on a current one
- Take a quick walk to reset before returning to work
- Use task-switching to keep your mind engaged and avoid burnout

#### Why It Works:
- Activates dopamine for motivation
- Helps regulate emotions by reducing overwhelm
- Encourages a flexible work style that enhances creativity",Scattered,Overwhelmed,,,"Starting Something Hard, Staying focused",trending-up,,,,"Can't Focus, Task Initiation",,,"Avoidant, Overthinking",Free,Gamification,,"Gamified, Sensory",Non-Linear Work Style,"Emotional Regulation, Task Initiation Support, Work",,When forcing linear productivity creates frustration,"Dopamine Activation, Emotional Regulation"
Zone Blitz Challenge,No,"### 🕒 Blitz Cleaning Challenge
Transform cleaning into an exciting high-energy game! Set a timer for 15 minutes and play your favorite upbeat song to race against the clock while clearing your space. This strategy helps with task initiation by gamifying the action and providing a sense of urgency, making it easier to overcome feelings of being stuck or overwhelmed. Celebrate your progress with before-and-after photos to reinforce success!",Adds timer challenges and high-energy music for dopamine,Task Initiation,,"Low Energy, Overwhelmed, Wired but Tired","### 🕒 Blitz Cleaning Challenge

#### The Problem:
- Cleaning can feel overwhelming and daunting.
- The thought of tidying up often leads to procrastination.
- It’s easy to get distracted and lose motivation.

#### The Solution:
- Make cleaning a fun game!
- Set a timer for 15 minutes ⏰.
- Play your favorite upbeat song 🎶.
- Race against the clock to tidy up your space.

#### When to Use:
- When you feel drained and need a boost.
- During moments of procrastination.
- When tidying up seems like a huge task.

#### Why It Works:
- Turns cleaning into a playful challenge.
- Engages your body and mind with music and urgency.
- Provides a sense of accomplishment with before-and-after photos 📸.
- Activates dopamine through gamified action, making it more enjoyable!",Drained,Stuck,,,"Cleaning Up, Resetting My Space, Task Initiation",trophy,,,,"Can't Start, Task Initiation",,,"Avoidant, Frozen",Free,"Challenge, Gamification, Time-Limited Challenge",,"Gamified, Time-Limited Challenge",High-Energy Zone Challenge,"Cleaning, Focus Enhancement, Task Initiation",,When whole-house cleaning feels overwhelming,"Dopamine Activation, Gamifies Action"
Zoning Out Breaks,No,"### 🌅 Intentional Mind Wandering

Schedule intentional ""zoning out"" time to let your mind wander without guilt. This practice is essential for processing and recharging, especially for ADHD brains that struggle with working memory. By allowing yourself these mental breaks, you can reduce feelings of shame and enhance your focus when returning to tasks. Aim for short, 10-minute breaks where you give yourself permission to daydream or simply stare out the window.",Include mental rest activities and guilt-reduction strategies,"Emotional Dysregulation, Working Memory Engagement",,"Burnout, Low Energy, Overstimulated","### 🌅 Intentional Mind Wandering

#### Feeling Ashamed? 😔
- It's normal to feel guilty about taking breaks.
- Remember, mental rest is essential for productivity.

#### How to Schedule Breaks: ⏰
- Set aside 10-minute ""zoning out"" breaks.
- Allow your mind to wander without guilt.

#### What to Do During Breaks: 🤔
- Stare out the window and enjoy the view 🌄
- Daydream about your favorite vacation spot 🏖️
- Reflect on a fun memory 🎉

#### Why It Works:
- Helps recharge your brain and improve focus when returning to tasks 🚀
- Reduces feelings of shame around needing breaks 🙌
- Supports emotional regulation and working memory management",Ashamed,Guilty,,,"Calming Down, Finding motivation",sunrise,,,,"Anxiety Management, Poor Time Estimation",,,,Free,"Checklist, Routine",,Reflective Practice,Intentional Mental Rest,"Emotional Regulation, Time Planning",,When mental rest is needed but feels guilty,"Emotional Regulation, Externalizes Tasks, Frees Up Working Memory"