Reviewed?,Name,subtitle,use_case,description,example,feeling_1,feeling_2,help_task,issues,barrier,why_does_this_work_AI,cultural_context_tags,energy_state_tags,identity_tags,solution_type_tags,strategy_style_tags,task_context_tags,life_role_tags,life_transition_tags,mental_state_tags,treatment_context_tags,adhd_friendly_improvement,price,source,further_reading_text,further_reading_url,image_source,image,icon_file
Yes,1% Better,Incremental Improvement,When big changes feel overwhelming,"# 🌱 Small Steps, Big Gains
**Make tiny improvements every day instead of trying to do everything at once.**

- Pick one small thing to improve (1% better)
- Do it consistently 
- Build momentum over time
- Focus on progress, not perfection","## 💪 Example 1: Establishing a Workout Routine

The challenge: You want to get in shape but hour-long workouts feel IMPOSSIBLE.

The 1% solution:
- Day 1: Just 5 jumping jacks (that's it!)
- Day 2: 6 jumping jacks (one more than yesterday!)
- Week 2: Add a 2-minute walk

Why it works: Tiny improvements feel manageable → build momentum → create progress you can SEE!

---

## 🧹 Example 2: Decluttering Your Home

The challenge: Your apartment is overwhelming and you freeze when thinking about cleaning.

The 1% solution:
- Day 1: Clear ONE item off the counter (just one!)
- Day 2: Toss out expired food from ONE shelf in the fridge
- Week 2: Spend 5 minutes tidying your desk

Why it works: Chaos slowly shrinks → you gain control → each small win builds confidence!

---

## 🗣️ Example 3: Learning a New Language

The challenge: You want to learn Spanish but studying grammar for hours feels too much.

The 1% solution:
- Day 1: Listen to a 3-minute podcast (no pressure to understand it all)
- Day 2: Learn ONE new word (just one!)
- Week 2: Write a simple sentence using your new words

Why it works: Each small effort is doable → consistent tiny steps → real progress over time!",Drained,Stuck,"Starting Something Hard, Staying focused","Can't Decide, Can't Start","Decision Fatigue, Perfectionism, Task Initiation","Breaks Down Complexity, Frees Up Working Memory, Starts Small",,"Burnout, Low Energy, Overwhelmed",,"Gamified, Incremental Progress, Mindset Shift","Gamified, Incremental Motivation, Task Simplification","Incremental Progress, Time Planning, Work",,,Discouraged,,Include 1% improvement examples for different life areas,Free,Atomic Habits by James Clear,Continuous Improvement: How It Works and How to Master It,https://jamesclear.com/continuous-improvement,https://jamesclear.com/continuous-improvement,tiny-gains-graph.jpg,footprints
Yes,2-Minute Rule,Immediate Action Principle,When small tasks accumulate into big problems,"# ⏰ Do It Now: 2-Minute Rule
**If a task takes less than 2 minutes, do it right now.**

- See a quick task? Do it immediately
- Don't add it to your to-do list
- Prevents small tasks from piling up
- Examples: Reply to a text, file a document, wash a dish","## 📧 Email Example: The 30-Second Reply

The Situation:
You receive an email that just needs a quick yes/no response.

The Old Way: ❌
Mark as ""deal with later"" → gets buried in inbox → becomes mental clutter → causes anxiety → wastes mental energy

The 2-Minute Rule Way: ✅
- See email (30 seconds needed)
- Reply immediately with ""good enough"" response
- Hit send
- DONE! ✨

Why This Works:
1. Prevents small tasks from piling up
2. Removes items from your mental load
3. Reduces risk of forgetting
4. Eliminates unnecessary delays
5. Builds momentum for other tasks
",Anxious,Ashamed,"Overcoming Procrastination, Quick Task Management, Task Initiation Support","Avoidant, Can't Decide, Can't Start","Decision Fatigue, Perfectionism, Task Initiation","Breaks Down Complexity, Frees Up Working Memory, Minimizes Friction",,"Burnout, Low Energy, Overwhelmed",,"Checklist, Quick Fix","Sensory, Task Simplification, Time Management","Emails, Time Planning",,,"Avoidant, Frozen",,Include 2-minute task examples and decision-making guidelines,Free,Getting Things Done by David Allen,How to Stop Procrastinating by Using the “2-Minute Rule”,https://jamesclear.com/how-to-stop-procrastinating,https://srishtisuratkal.medium.com/two-2-minute-rules-to-beat-procrastination-in-2-minutes-f8fe7db99321,2minrule.jpg,zap
Yes,5-4-3-2-1 Launch,Countdown Activation,When you need to bypass mental resistance,"🚀 Quick Countdown Action
**Count down from 5 to 1, then immediately start your task.**

- Count: 5-4-3-2-1
- Move your body on ""1"" 
- Start the task before your brain can resist
- Works great for getting out of bed, starting work, or cleaning","## The 5-4-3-2-1 Launch in action:

You're doom-scrolling on your phone even though your homework is due tomorrow. Your brain is saying ""I'll start in a minute"" but that was 30 minutes ago.

1. You notice you're stuck in the scrolling loop
2. You take a deep breath
3. Out loud, you count: ""5...4...3...2...1!""
4. On ""1"" you physically TOSS your phone onto the couch
5. You immediately stand up and walk to your desk
6. You open your homework before your brain can object

### Why it works: The countdown creates momentum that bypasses your brain's resistance. The physical movement on ""1"" breaks the paralysis. Your executive function doesn't have time to talk you out of starting.

###  Pro tip: Make the ""1"" action dramatic and physical - the bigger the movement, the better it works!",Numb,Stuck,"Overcoming Resistance, Starting Something Hard, Task Initiation","Can't Start, Task Initiation",Task Initiation,"Breaks Down Complexity, Frees Up Working Memory, Gamifies Action",,"Shutdown, Wired but Tired",,"Challenge, Gamification, Quick Fix",Interactive,"Cleaning, Decision Making, Work",Student,,"Avoidant, Frozen",,Include countdown variations and immediate action strategies,Free,"The 5 Second Rule by Mel Robbins, The Anti-Planner by Dani Donovan",How the Five-Second Rule changed my ADHD life,https://www.understood.org/en/articles/how-the-five-second-rule-changed-my-adhd-life,https://readingraphics.com/book-summary-the-5-second-rule/,5secrule.png,fast-forward
Yes,5-4-3-2-1 Sensory Grounding,Sensory Anchor Technique,When anxiety or overwhelm is taking over,"# 🧘‍♀️ 5-4-3-2-1 Grounding Technique
**Use your senses to calm down when feeling overwhelmed.**

- **5 things** you can see
- **4 things** you can touch  
- **3 things** you can hear
- **2 things** you can smell
- **1 thing** you can taste","## You're at the store and suddenly everything feels too much - lights too bright, people too loud, brain too fuzzy.

### The 5-4-3-2-1 Technique:

#### 👀 5 things you see (look for colors!)
- Blue shopping basket
- Yellow price tag
- Red exit sign
- Green plant
- White floor tile

#### 👆 4 things you touch (focus on textures!)
- Smooth phone screen
- Soft hoodie fabric
- Cool metal shopping cart
- Rough denim of your jeans

#### 👂 3 things you hear (name them out loud!)
- ""Store announcement on aisle 5""
- ""Shopping cart wheels squeaking""
- ""Air conditioning humming""

#### 👃 2 things you smell (breathe deeply!)
- Coffee from the café
- Your shampoo/cologne

#### 👅 1 thing you taste
- Mint gum or just notice what's already in your mouth

## Why this works:
- Gives your racing thoughts somewhere to go
- Creates instant structure when you feel scattered
- The countdown gives your brain a game to play
- Each sense pulls you back to now

## Pro tips:
- 📱 Save this in your phone as ""Emergency Calm Down""
- 🔄 Practice when you're not panicking so it's easier to remember
- 🎧 If sounds are overwhelming, find a quiet corner first
- ⏱️ This takes less than 60 seconds but feels like magic
",Overstimulated,Overwhelmed,"Being Kinder to Myself, Calming Down",Anxiety Management,"Emotional Dysregulation, Time Blindness, Working Memory Engagement","Emotional Regulation, Sensory Engagement, Starts Small",,"Overstimulated, Overwhelmed",,"Gamification, Quick Fix",Sensory,"Emotional Regulation, Self-Compassion",,,"Frozen, Overthinking",,Create pocket cards with the technique and practice scenarios,Free,"Cognitive Behavioral Therapy, The Anti-Planner by Dani Donovan",5-4-3-2-1 Coping Technique for Anxiety,https://www.urmc.rochester.edu/behavioral-health-partners/bhp-blog/april-2018/5-4-3-2-1-coping-technique-for-anxiety,https://www.youtube.com/watch?v=30VMIEmA114&ab_channel=ThePartnershipInEducation,5grounding.jpg,anchor
Yes,10-Minute Pickup,Quick Reset Strategy,When spaces are messy but you don't have energy for deep cleaning,"# ⏱️ Quick 10-Minute Reset
**Set a 10-minute timer and clean up as much as possible.**

- Start timer for exactly 10 minutes
- Pick up, organize, or clean anything you see
- Stop when timer goes off
- Celebrate what you accomplished","## 🏡 10-Minute Pickup Magic

Your living room looks like a tornado hit it - dishes on the coffee table, clothes on the couch, papers everywhere. Just looking at it makes your brain shut down.

### How it works:
1. Grab your phone and set a timer for exactly 10 minutes ⏱️
2. Press start and immediately grab ONE thing
3. Put that ONE thing where it belongs
4. Grab the NEXT thing you see (don't overthink it!)
5. Keep going until the timer rings
6. STOP when the timer goes off - even mid-task!

### Why only 10 minutes?
- Short enough that your brain can't say ""but that will take forever!""
- Long enough to make a visible difference
- Prevents the perfectionist spiral of ""but I need to do EVERYTHING""
- Creates a clear start AND end point

### The results:
Before: Overwhelming chaos, can't find your keys, feel guilty about the mess
After: Surfaces cleared, floor visible, brain fog lifted

### Pro tips:
- Use a LOUD timer that forces you to stop
- Do this BEFORE ordering food delivery so your future self has a nicer space to eat in
- Take a ""before"" photo so you can see your progress
- Have a designated ""sort later"" box for items you don't know where to put
- Celebrate completing the 10 minutes no matter how much you got done!",Drained,Stuck,"Cleaning Up, Resetting My Space","Can't Start, Disorganized, FrozenShutDown","Decision Fatigue, Emotional Dysregulation, Task Initiation","Gamifies Action, Minimizes Friction, Starts Small",,"Crash Recovery, Low Energy, Wired but Tired",,"Challenge, Gamification, Quick Fix","Incremental Motivation, Task Simplification, Time-Limited Challenge","Cleaning, Focus Enhancement, Task Initiation",,,"Disorganized, Frozen",,Include pickup strategies for different rooms and clutter types,Free,"Reddit /r/ADHD, The Anti-Planner by Dani Donovan",,,,,hand
Yes,15-Minute Fridge Rescue,Reset Game,When your fridge is a disaster but you need it functional,"# 🧊 Quick Fridge Reset
**Set a 15-minute timer to clean out your fridge.**

- Remove expired items first
- Wipe down shelves quickly  
- Organize what's left
- Stop when timer goes off","## 🧊 15-Minute Fridge Rescue Mission

Your fridge has become a science lab of forgotten containers and mystery smells. Opening it feels like an extreme sport.

### The Rescue Plan:

#### 1️⃣ Set up for success
- Grab your phone and set a timer for EXACTLY 15 minutes ⏱️
- Get a trash bag and recycling bin ready
- Put on music that energizes you

#### 2️⃣ The 3-step process
1. TRASH SWEEP (5 min)
- Open fridge and immediately grab anything obviously expired
- Don't read dates yet - just grab the fuzzy/smelly stuff
- Check expiration dates on dairy, leftovers, and produce

2. QUICK WIPE (5 min)
- Grab a damp cloth with all-purpose cleaner
- Focus only on sticky spots and spills
- No need to remove shelves - just hit the visible surfaces

3. SPEED ORGANIZE (5 min)
- Group similar items together (dairy, condiments, drinks)
- Move frequently used items to eye level
- Return items to fridge in their new homes

#### 3️⃣ When the timer rings: STOP!
- Whatever state it's in = SUCCESS
- Imperfect but better is the goal
- Give yourself credit for what you DID do

### Why this works:
- The timer creates urgency but also a finish line
- Breaking it into phases prevents getting stuck
- Visible improvement brings immediate dopamine hit

### Pro tips:
- Take a ""before"" photo to appreciate your progress
- Use this time to create a grocery list as you go
- If you get distracted, the timer will pull you back
- Play ""beat the clock"" to make it more engaging
",Drained,Stuck,"Cleaning Up, Overcoming Procrastination, Resetting My Space","Can't Start, Task Initiation","Decision Fatigue, Task Initiation, Working Memory Engagement","Breaks Down Complexity, Frees Up Working Memory, Gamifies Action",,"Low Energy, Restless, Wired but Tired",,"Checklist, Gamified","Gamified, Time-Limited Challenge","Cleaning, Emotional Regulation, Task Initiation",,,"Disorganized, Frozen",,Include fridge organization tips and maintenance schedules,Free,"How to Keep House While Drowning by KC Davis, The Anti-Planner by Dani Donovan",,,,,refrigerator
Yes,15-Minute Speed Clean,Quick Reset Clean,When your space is chaotic but you don't have energy for deep cleaning,"# ⏱️ Quick 15-Minute Reset
**Set a timer for 15 minutes and clean only what you can see.**

- Focus on counters, tables, floors
- Don't open drawers or cabinets
- Put things back where they belong
- Celebrate what you accomplished","## ⚡ 15-Minute Speed Clean Challenge

Your living room looks like it was hit by a category 5 tornado. Stuff is everywhere, you can't find the remote, and just looking at the mess makes you want to close the door and pretend it doesn't exist.

### 🎮 The Game Plan

#### 🧰 Setup Phase (2 minutes)
- Grab your phone and set a timer for EXACTLY 15 minutes
- Get a ""doesn't belong here"" basket or bag
- Put on an upbeat song that makes you move
- Take a quick ""before"" photo (seriously, you'll thank yourself later)

#### 🏃‍♀️ Speed Round (12 minutes)
1. Surface Sweep (5 min)
- Start at the door and move clockwise
- Clear every flat surface you can see
- Don't open drawers or cabinets - visible stuff only!
- Toss trash directly in trash bag
- Put ""doesn't belong here"" items in your basket

2. Floor Rescue (4 min)
- Pick up anything larger than a coin from the floor
- Do a quick vacuum or sweep of open areas only
- Don't move furniture - just hit the visible spaces

3. Quick Arrange (3 min)
- Fluff pillows and fold throws
- Align items on tables at right angles
- Group similar items together

#### 🏁 Finish Line (1 minute)
- Return ""doesn't belong here"" items to their general area (don't organize, just relocate)
- Take your ""after"" photo
- Celebrate what you accomplished!

### 🧠 Why This Works For Your Brain

- Time boxing: The 15-minute limit stops the perfectionist spiral before it starts
- Visible focus: Working only on what you can see reduces decision fatigue
- Momentum building: Starting with surfaces creates visible progress that feeds your dopamine
- No rabbit holes: The ""don't open drawers"" rule prevents getting lost in organizing black holes
- Built-in completion: The timer tells you when ""done"" is done - no guessing

### 👀 The Transformation

Before: Floor covered in stuff, surfaces cluttered, feels chaotic and overwhelming, brain feels scattered
After: Major items put away, surfaces clear, floor visible, space feels manageable, brain can breathe

### 💡 Pro Tips

- If you get distracted, the timer will pull you back
- Feeling stuck? Just pick up the three biggest items you see
- Too overwhelmed? Focus on just ONE surface or half the room
- Need more motivation? Promise yourself a 5-minute reward when done
- Make it social: Challenge a friend to do their space at the same time
- Use the ""doesn't belong here"" basket to avoid getting sidetracked putting things away",Drained,Stuck,"Cleaning Up, Resetting My Space","Disorganized, Task Initiation","Emotional Dysregulation, Perfectionism, Task Initiation","Breaks Down Complexity, Gamifies Action",,"Crash Recovery, Low Energy, Wired but Tired",,"Challenge, Quick Fix","Embodied, Visual","Cleaning, Emotional Regulation, Task Initiation",,Recently Moved,"Disorganized, Frozen",,Include 15-minute task lists for different rooms and situations,Free,The Anti-Planner by Dani Donovan,,,,,zap
Yes,Acceptance and Commitment,Values-Based Action,When emotions are blocking action on important values,"# 💡 Values-Driven Action
**Take small actions that match your personal values.**

- Identify what matters most to you
- Choose one small action that fits those values
- Do it even if you don't feel like it
- Build on tiny wins","## 💡 Values-Driven Action Challenge

You've been avoiding a work presentation for days. Your stomach knots every time you think about standing in front of everyone. But deep down, you know career growth matters to you.

### 🧭 The Values Compass

#### Step 1: Name the feeling (10 seconds)
- Notice the anxiety: ""I feel nervous about this presentation""
- Say it out loud or write it down
- Don't try to fight it or make it go away

#### Step 2: Connect to your values (30 seconds)
- Ask yourself: ""What matters to me here?""
- Maybe it's: Career growth, sharing knowledge, or challenging yourself
- Remind yourself: ""This presentation connects to my value of _______""

#### Step 3: Choose one tiny action (1 minute)
- Pick the smallest possible step that moves toward your value
- Examples:
- Open the presentation file and just look at it
- Write down three bullet points for one slide
- Practice just the introduction for 2 minutes

#### Step 4: Take action WITH the feeling (5 minutes)
- Let the feeling be there (it's just a sensation)
- Do the tiny action anyway
- Notice you can feel anxious AND still take action

### 🧠 Why This Works For Your Brain

- Defuses emotion traps: Acknowledges feelings without letting them control actions
- Creates clarity: Values provide direction when emotions cloud thinking
- Builds confidence: Tiny wins prove you can act despite uncomfortable feelings
- Increases flexibility: Breaks the ""must feel good to do good"" connection

### ⚡ The Shift

Before: Avoiding important work because anxiety feels unbearable
After: Taking small steps toward what matters while carrying the anxiety with you

### 💡 Pro Tips

- Keep a ""values cheat sheet"" visible at your desk
- Start with 5-minute commitments, not hours
- Celebrate taking ANY action, no matter how small
- Remember: The goal isn't to feel good, it's to DO good
- Use the phrase ""I notice I'm feeling ___ AND I can still ___""
- Physical movement helps: Stand up when you commit to your action
",Overwhelmed,Frustrated,"Staying focused, Task Initiation","Anxious, Can't Start",Emotional Dysregulation,"Dopamine Activation, Emotional Regulation, Starts Small",,"Burnout, Overwhelmed",,"Gamification, Mindset Shift","Gamified, Incremental Motivation, Mindful Awareness",Emotional Regulation,Working Professional,,"Avoidant, Frozen",,Include values clarification exercises and action commitment strategies,Free,"Acceptance & Commitment Therapy (ACT), The Happiness Trap by Russ Harris",Acceptance & Commitment Therapy (ACT),https://contextualscience.org/act,https://www.ftpsych.ca/therapy-approaches/acceptance-commitment-therapy/,act.png,lightbulb
Yes,ADHD Crisis Kit,Emergency Support Arsenal,When ADHD symptoms create crisis situations,"# 🧰 Emergency ADHD Kit
**Keep a kit with emergency items for tough ADHD days.**

- **Snacks** (protein bars, crackers)
- **Phone charger**
- **Calming items** (fidget toy, essential oil)
- **Medications** (if you take them)
- **Emergency contacts** written down","## 🧰 Your ADHD Emergency Survival Kit

Picture this: It's 3PM. You've forgotten to eat since breakfast, your phone just died, and your brain is spinning with 47 different thoughts. You feel like you're about to melt down in public.

### What's In Your Crisis Kit:

#### 🍫 Body Fuel
- Quick protein: Individually wrapped jerky or protein bars that don't melt or expire quickly
- Emergency glucose: Small candy for when your brain needs immediate fuel
- Hydration packet: Those little powder mixes that make water taste better so you'll actually drink it

#### 🔋 Tech Lifelines
- Backup charger: A fully-charged power bank (that you actually remember to recharge)
- Emergency cash: $20 hidden in your kit for when you forget your wallet
- Spare keys: Because we all know what happens to keys...

#### 🧠 Brain Reset Tools
- Noise-canceling earbuds: For when the world gets too loud
- Fidget toy: Something small that helps your hands stay busy so your mind can calm down
- Rescue medication: Your as-needed meds in a labeled pill case
- Stim blockers: Sunglasses, hat, or earplugs for sensory overload

#### 📝 Reminder Lifelines
- ""What To Do When..."" card: Simple steps for common crises (forgot meds, missed meeting, etc.)
- Emergency contacts: Written down (not just in your phone!)
- Crisis text number: For when you need to talk to someone now

### 🚨 How To Use It:

1. Keep it visible: Don't hide it in a drawer you'll forget about
2. Make it portable: Have a mini version in your bag, car, and desk
3. Check it monthly: Set a recurring reminder to restock items
4. Use without shame: This isn't a failure, it's preparation!

### 💫 The Real Impact:

Without a kit: Small problems cascade - hunger leads to irritability leads to impulsive decisions leads to shame spiral.

With a kit: You eat a protein bar, charge your phone enough to text that you'll be late, use your fidget to calm down, and can actually think again.

### 🔑 Pro Tips:
- Label everything clearly - in crisis mode, your reading comprehension drops
- Include a note from your ""well self"" to your ""struggling self"" with compassionate reminders
- Make your kit reflect your specific ADHD challenges (time blindness? Emotional regulation? Forgetting essentials?)
- Take a photo of your kit contents so you know what to replace",Burned out,Defeated,"Calming Down, Recovering from a crash","Avoidant, Can't Finish","Emotional Dysregulation, Task Initiation, Working Memory Failures",Externalizes Tasks,,"Crash Recovery, Low Energy, Overwhelmed",,"Checklist, Quick Fix","Embodied, Sensory","Emotional Regulation, Task Initiation Support",,,"Avoidant, Frozen",,Include emergency kit contents and crisis response plans,"$, $$",,,,,,shopping-bag
Yes,Auto-Pilot Life Systems,Friction-Free Automation,When recurring tasks create mental load,"# 🔁 Automate Your Tasks
**Set up automatic systems so you don't have to remember.**

- Auto-pay bills
- Grocery delivery subscriptions  
- Automatic savings transfers
- Recurring calendar reminders","## Autopilot for ADHD Brains 🚀

The Problem:
You keep forgetting bills → late fees → stress → shame spiral 😩

The Solution:
Set up systems that work FOR you while your brain focuses on more interesting things!

### Quick Wins (5-15 min setup):
- ✅ Auto-pay for regular bills (electricity, internet, rent)
- ✅ Automatic transfers to savings (even $5/week adds up!)
- ✅ Subscribe to essentials (toilet paper, pet food, medication)

### Result:
- NO MORE late fees 💰
- NO MORE ""I forgot to buy toilet paper...again"" 🧻
- NO MORE mental load of remembering ALL THE THINGS 🧠

### Other ADHD-Friendly Automations:

#### For Body Stuff:
- 💊 Medication alerts that actually work 
- 🍎 Grocery subscriptions with easy editing 

#### For Home Stuff:
- 🧹 Robot vacuum scheduled to run when you're out
- 🗑️ ""Trash day"" reminders with funny GIFs
- 🧺 Laundry day calendar alerts with a 2-hour pre-warning

#### For Work/Social Stuff:
- 📧 Email filters that automatically sort the boring stuff
- 👋 Birthday reminders set 1 WEEK early (with gift ideas attached)
- 📱 Scheduled check-in texts to friends/family

ADHD Pro Tip: Start with just one automation this week. Small wins build momentum!
",Forgetful,Ashamed,"Quick Task Management, Task Initiation Support","Avoidant, Forgetful, Poor Time Estimation","Emotional Dysregulation, Task Initiation, Working Memory Failures","Externalizes Tasks, Frees Up Working Memory, Minimizes Friction",,"Burnout, Low Energy, Overwhelmed",,"Checklist, Routine","Task Simplification, Time Management",Planning,,,"Avoidant, Frozen",,Include automation ideas for different life areas and setup guides,Free,,,,,,credit-card
Yes,Avoidance Journal,Pattern Recognition Tracker,When you want to understand your avoidance patterns,"# 📝 Track Your Avoidance
**Write down tasks you keep avoiding and notice patterns.**

- List what you're avoiding
- Note why it feels hard  
- Look for patterns (time of day, type of task)
- Start with the easiest avoided task","## Task Avoidance Tracker

When you notice yourself putting off the same tasks repeatedly, try this simple tracking method to understand your patterns:

## Two-Column Pattern Finder

Create two columns in your notebook or notes app:
- ""Task I'm Avoiding""
- ""Why It Feels Hard Right Now""

After tracking for a few days, you might spot helpful patterns:
- Maybe you're avoiding reports because you're missing information
- Perhaps you're not responding to texts because you feel anxious about replying late

## Brain-Friendly Tips

- Use color coding - Red for high resistance, yellow for medium, green for ""I can do this""
- Add a third column - ""Tiny first step I could take""
- Try voice notes instead of writing if that's easier
- Set a 2-minute timer to make tracking feel less overwhelming

## Remember:

The goal isn't to judge yourself - it's just to notice what's happening so you can work with your brain instead of fighting against it.

## Quick-Start Template:

### Monday, Month, Day
- Task: Answering emails
- Why Hard: Too many to sort through, afraid I missed important ones
- Tiny Step: Just open ONE email

### Tuesday, Month, Day
- Task:
- Why Hard:
- Tiny Step:

Recognizing patterns helps build self-understanding without shame - you're collecting data, not passing judgment!",Anxious,Ashamed,"Maintaining Focus, Overcoming Procrastination, Starting Something Hard","Anxious, Avoidant, Can't Start","Emotional Dysregulation, Task Initiation, Working Memory Engagement","Frees Up Working Memory, Minimizes Friction",,"Burnout, Low Energy",,Gamification,"Gamified, Interactive","Emotional Regulation, Task Initiation Support, Work",,,"Avoidant, Discouraged, Overthinking",,Create tracking templates with common avoidance reasons pre-listed,Free,The Anti-Planner by Dani Donovan,,,,,book
Yes,Body Check-In Scan,Physical Awareness Reset,When anxiety or overwhelm is physical,"#🧘‍♂️ Grounding Body Scan
**Quickly scan your body from toes to head to ground yourself.**

- Start at your toes
- Notice each body part for 10 seconds
- Work your way up to your head
- No need to fix anything, just notice","## Body Reset Check-In

When your thoughts are racing before meetings or during stressful moments, this quick body scan can help bring you back to the present:

## Quick Body Reset (2-5 minutes)

### How to do it:
- Start with your toes (wiggle them if you need to feel them)
- Move your attention up through each body part
- Just notice what's happening - no need to ""fix"" anything
- Use touch to help focus (tap each area gently)

### Body Map Checklist:
- 👣 Feet (10 seconds): Tense? Relaxed? Cold? Warm?
- 🦵 Legs (10 seconds): Heavy? Restless? Need to move?
- 🧎 Knees (5 seconds): Any sensation here?
- 🦴 Hips (5 seconds): Tight? Uncomfortable?
- 🧠 Stomach (10 seconds): Hungry? Knotted? Butterflies?
- ❤️ Chest (10 seconds): Fast heartbeat? Shallow breathing?
- 👐 Hands (10 seconds): Fidgety? Cold? Want something to hold?
- 💪 Arms (10 seconds): Tense? Heavy?
- 🙆‍♀️ Shoulders (10 seconds): Up by your ears? Carrying tension?
- 🧣 Neck (10 seconds): Stiff? Sore? Tight?
- 😊 Face (10 seconds): Jaw clenched? Forehead wrinkled?

### Brain-Friendly Tips:
- Can't sit still? Do this while walking or stretching
- Mind wandering? That's normal! Just gently come back to where you left off
- Too long? Just do 30 seconds focusing on shoulders, jaw, and breathing
- Need more sensory input? Try with eyes closed or while holding something with texture

You might notice your shoulders are up by your ears or your jaw is clenched, just becoming aware often helps your body naturally start to release tension without extra effort.",Overstimulated,Overwhelmed,"Being Kinder to Myself, Calming Down","Anxiety Management, Can't Focus, Emotional Regulation","Emotional Dysregulation, Task Structuring, Working Memory Engagement","Emotional Regulation, Frees Up Working Memory, Sensory Engagement",,"Low Energy, Overstimulated, Overwhelmed",,Accountability,Sensory,"Emotional Regulation, Self-Compassion",Working Professional,,"Avoidant, Frozen",,Include guided body scan scripts of different lengths,Free,,,,,,scan-face
Yes,Brain Dump Blitz,Mental Decluttering Strategy,When mental clutter is preventing focus,"# 🧠 Clear Your Mind
**Write down everything in your head without stopping.**

- Get paper and pen
- Set a timer for 5-10 minutes  
- Write every thought, worry, or task
- Don't edit or organize - just dump it all out","## Mind Clearing Blitz

When too many thoughts are crowding your brain and blocking your focus, try this quick mental decluttering technique:

## Quick Thought Dump (5-10 minutes)

### What you need:
- Paper and pen (or notes app)
- Timer
- No distractions for 5-10 minutes

### How it works:
1. Set a timer for 5-10 minutes
2. Write down everything in your head without stopping
3. No organizing, filtering, or judging - just get it all out
4. Keep writing until the timer goes off

## Brain-Friendly Tips:

- Can't write fast enough? Use voice notes instead
- Keep getting distracted? Try colored paper or a special pen to make it more interesting
- Feeling stuck? Start with ""Right now I'm thinking about..."" or ""I'm worried about...""
- Perfectionism creeping in? Remind yourself messy = successful for this exercise
- Visual thinker? Try drawing/doodling your thoughts instead of writing

## When to use it:

- Before starting work when your mind feels scattered
- When switching between different types of tasks
- Before bed when racing thoughts keep you awake (keep paper by your bed!)
- During overwhelming moments when you can't decide what to do first
- In meetings when you can't focus because other things keep popping up

Once everything is out of your head and onto paper, your mind feels clearer, like closing all those browser tabs that were slowing down your computer.
",Scattered,Overwhelmed,"Starting Something Hard, Staying focused","Can't Focus, Forgetful","Emotional Dysregulation, Inertia, Working Memory Failures","Breaking Down Complexity, Externalizes Tasks, Freeing Up Working Memory",,"Overwhelmed, Wired but Tired",,"Checklist, Mindset Shift, Quick Fix","Mindful Awareness, Reflective Practice",Cleaning,,,"Disorganized, Frozen, Overthinking",,Include brain dump formats and follow-up organization strategies,Free,,,,,,notebook-pen
Yes,Brain-Friendly Space Design,Environmental Success System,When your environment is working against you,"# 🛋️ Optimize Your Space
**Arrange your space to work with your ADHD brain.**

- Keep frequently used items visible
- Reduce visual clutter
- Create designated spots for important things
- Use clear containers and labels","## The Right-Where-You-Need-It System
When your environment works against you instead of with you, try these simple adjustments:

### Success Story:
You've been losing your keys constantly and feeling that familiar frustration spike. After creating a brightly colored key hook right by your door, you make one simple rule: keys go on the hook immediately when walking in. No exceptions.

Within just a few days, the morning panic fades away. Your environment is finally working with your brain instead of against it!

## Quick Space Tweaks (5-15 min each):

### For Frequently Lost Items:
- 🔑 Make a ""landing zone"" by your door (bright bowl, hook, or tray)
- 📱 Create charging stations where you actually use devices
- 👜 Install command hooks for bags in transition areas

### For Paper Management:
- 📬 Use a visible inbox tray (clear sides so you can see what's inside)
- 📋 Create a ""right now"" clipboard for current tasks
- 🗄️ Keep only active files visible, archive the rest

### For Work Spaces:
- 👁️ Position your desk to minimize visual distractions
- 🧩 Use divided containers for small items instead of junk drawers
- 🪟 Control natural light with adjustable blinds to manage stimulation

## Brain-Friendly Tips:

- Start tiny: Just one surface or one category of items
- Use transparency: Clear containers show what's inside without creating visual noise
- Create zones: Different activities belong in different spaces
- Label everything: Your future self will thank you
- Make it interesting: Boring systems get ignored - add color or fun shapes

Remember: Your space should work for YOUR brain. What matters is function, not looking Instagram-perfect!",Scattered,Frustrated,"Cleaning Up, Focus Enhancement, Resetting My Space","Cannot Finish, Disorganized, Forgetful","Environmental Cues, Executive Dysfunction, Working Memory Engagement","Emotional Regulation, Externalizes Tasks, Freeing Up Working Memory",,,,Environmental Hack,Visual,"Cleaning, Focus Enhancement",,,"Disorganized, Frozen",,Include room-by-room optimization guides and visual design principles,"$, Free","Atomic Habits by James Clear, The Anti-Planner by Dani Donovan",,,,,layout-dashboard
Yes,Cleaning Bingo,Gamified Organization System,When cleaning needs gamification to feel motivating,"# 🎉 Gamify Your Cleaning
**Turn cleaning into a game with a bingo card.**

- Make a bingo card with cleaning tasks
- Cross off tasks as you do them
- Try to get a line or full card
- Reward yourself when you win","## 🧹 Kitchen Disaster Zone

**The Challenge:** Your kitchen looks like a food tornado hit it. Dirty dishes everywhere, counters covered in clutter.

**The Cleaning Bingo Solution:**
1. Start with just the sink area (5 minutes)
2. Load dishwasher or wash one sink of dishes
3. Clear one counter completely
4. Wipe down that clean counter to see the victory

**Why This Works:** Small steps prevent overwhelm → builds momentum → creates sustainable progress!

---

## 🧹 Bedroom Clothes Mountain

**The Challenge:** Clean and dirty clothes live together in mysterious piles around your room.

**The Cleaning Bingo Solution:**
1. Make three piles: clean, dirty, donate
2. Put away just the clean clothes first
3. Toss dirty clothes in hamper
4. Set a timer for 15 minutes max

**Why This Works:** Small steps prevent overwhelm → builds momentum → creates sustainable progress!

## 💡 ADHD Pro Tips

**For Low Energy Days:** Cut the steps in half - even 1 step is progress!

**For Hyperfocus Days:** Set a timer so you don't burn out.

**For Rejection Sensitive Days:** Remember - this is about helping yourself, not being perfect.

",Drained,Stuck,"Cleaning Up, Overcoming Procrastination, Resetting My Space","Disorganized, Poor Time Estimation","Inertia, Task Initiation, Time Blindness","Externalizes Tasks, Gamifies Action, Provides Instant Rewards",,"Low Energy, Wired but Tired",,Gamification,"Action-Oriented, Gamified, Interactive","Cleaning, Focus Enhancement, Task Initiation",,,"Discouraged, Overthinking",,Include bingo card templates and task suggestions for different areas,Free,The Anti-Planner by Dani Donovan,,,https://myfreebingocards.com/,cleaning_bingo.png,grid-3x3
No,Cleaning Partner Power,Social Accountability System,When cleaning feels lonely and unmotivating,"# ⚙️ Get Organized: Cleaning Partner Power

**When cleaning feels lonely and unmotivating**

- Try clean alongside a friend or a robot to make chores less daunting and more engaging
- Try this strategy leverages social accountability, which can enhance task initiation and combat feelings of loneliness that often accompany cleaning tasks
- Use this when consider scheduling a ""cleaning party"" via video call to boost motivation and turn a mundane chore into a shared experience that helps keep your focus on the task at hand
- Try having someone or something ""cleaning with you"" can make it easier to get started and stay on track
","## 🧹 Kitchen Disaster Zone

**The Challenge:** Your kitchen looks like a food tornado hit it. Dirty dishes everywhere, counters covered in clutter.

**The Cleaning Partner Power Solution:**
1. Start with just the sink area (5 minutes)
2. Load dishwasher or wash one sink of dishes
3. Clear one counter completely
4. Wipe down that clean counter to see the victory

**Why This Works:** Small steps prevent overwhelm → builds momentum → creates sustainable progress!

---

## 🧹 Bedroom Clothes Mountain

**The Challenge:** Clean and dirty clothes live together in mysterious piles around your room.

**The Cleaning Partner Power Solution:**
1. Make three piles: clean, dirty, donate
2. Put away just the clean clothes first
3. Toss dirty clothes in hamper
4. Set a timer for 15 minutes max

**Why This Works:** Small steps prevent overwhelm → builds momentum → creates sustainable progress!

## 💡 ADHD Pro Tips

**For Low Energy Days:** Cut the steps in half - even 1 step is progress!

**For Hyperfocus Days:** Set a timer so you don't burn out.

**For Rejection Sensitive Days:** Remember - this is about helping yourself, not being perfect.

",Drained,Stuck,"Cleaning Up, Resetting My Space, Task Initiation Support","Disorganized, Task Initiation","Emotional Dysregulation, Inertia, Task Initiation","Externalizes Tasks, Gamifies Action, Provides External Structure",,"Low Energy, Overwhelmed, Wired but Tired",,"Accountability, Gamification",Gamified,Cleaning,,,"Avoidant, Disorganized",,Include virtual cleaning party setup and accountability partner strategies,Free,,,,,,broom
No,Comfort Cave Creation,Cozy Retreat System,When you need a calming space for overwhelm,"# ⚙️ Get Organized: Comfort Cave Creation

**When you need a calming space for overwhelm**

- Set up a comforting space in your home with soft textures, warm lighting, and favorite items to help you regulate your emotions
- Try this dedicated area allows for quick retreats when feeling overwhelmed, improving task initiation by providing a clear, calming spot to recharge
- Use this when aim for simplicity—just a few comforting elements can create an oasis that helps combat overstimulation and sensory overload, enhancing focus and well-being
","## 🌊 Pre-Meeting Panic

**The Challenge:** You have a big presentation in 30 minutes and your heart is racing.

**The Comfort Cave Creation Solution:**
1. Take 5 deep breaths, counting to 4 on each
2. List 3 things you know you do well
3. Splash cool water on your wrists
4. Remind yourself: ""I can handle whatever happens""

**Why This Works:** Small steps prevent overwhelm → builds momentum → creates sustainable progress!

---

## 🌊 Social Event Overwhelm

**The Challenge:** You're at a party and feeling overstimulated - too many voices, lights, and expectations.

**The Comfort Cave Creation Solution:**
1. Step outside or find a quiet corner
2. Focus on 3 things you can see clearly
3. Take slow breaths through your nose
4. Give yourself permission to leave early if needed

**Why This Works:** Small steps prevent overwhelm → builds momentum → creates sustainable progress!

## 💡 ADHD Pro Tips

**For Low Energy Days:** Cut the steps in half - even 1 step is progress!

**For Hyperfocus Days:** Set a timer so you don't burn out.

**For Rejection Sensitive Days:** Remember - this is about helping yourself, not being perfect.

",Overstimulated,Overwhelmed,"Calming Down, Maintaining Focus, Overcoming Procrastination","Anxious, Sensory Overload","Emotional Dysregulation, Environmental Cues, Task Initiation","Breaks Down Complexity, Emotional Regulation, Externalizes Tasks",,"Burnout, Overstimulated",,"Checklist, Routine","Reflective Practice, Sensory","Emotional Regulation, Sensory Management",,,"Avoidant, Frozen, Time Blind",,Include cozy corner setup ideas for different spaces and budgets,"$, Free",,,,,,lamp
No,Comfort Toolkit Items,Emotional Support System,When emotional overwhelm needs tangible comfort,"# ⚙️ Get Organized: Comfort Toolkit Items

**When emotional overwhelm needs tangible comfort**

- Use this when keep small comfort items nearby to help manage overwhelming feelings
- Set aside time to these tactile tools enhance emotional regulation by providing a grounding focus, which is crucial for those facing time blindness or difficulties in task initiation
- Start small and build momentum
- Focus on progress, not perfection
","You often feel anxious during work meetings and need something to help you stay calm. You keep a small smooth stone in your pocket that you can discreetly touch when feeling overwhelmed. The tactile comfort helps you feel more grounded and present.

#### 🧾 Examples of Small Comfort Tools:
- 🧽 Soft textures – a mini plush, soft keychain, or microfiber cloth
- 💎 Tactile objects – worry stone, smooth pebble, squishy stress ball
- 🌸 Soothing scents – essential oil roller, scented lip balm, or perfume sample
- 🖼️ Visual grounding – a photo of someone you love, a calming image, or a small piece of art
- 🌀 Fidget toys – tangle toy, spinner ring, putty, or snap bracelet
- 🔑 Everyday items – a favorite pen, a charm, or keychain you like the feel of
- 🔊 Sound – tiny chime, calming music on your phone, or a short grounding voice memo",Overstimulated,Overwhelmed,"Being Kinder to Myself, Calming Down, Managing Emotional Dysregulation","Anxious, Emotional Regulation, FrozenShutDown","Emotional Dysregulation, Task Initiation, Working Memory Engagement","Emotional Regulation, Frees Up Working Memory, Sensory Engagement",,"Overstimulated, Overwhelmed",,Quick Fix,,"Emotional Regulation, Self-Compassion",,,"Frozen, Overthinking",,Include comfort item ideas for different settings and sensory preferences,"$, Free",,,,,,gem
No,Cook & Clean Combo,Concurrent Kitchen Strategy,When post-meal cleanup feels overwhelming,"# 🧹 Calm Down: Cook & Clean Combo

**When post-meal cleanup feels overwhelming**

- Try wash dishes while you cook to keep your workspace tidy and reduce overwhelm
- Try this strategy directly addresses task initiation by breaking down cleaning into manageable moments throughout the cooking process
- Set aside time to by challenging yourself to have everything cleaned up before the meal is ready, you mitigate time blindness and ensure that post-meal cleanup feels effortless
","## 🧹 Kitchen Disaster Zone

**The Challenge:** Your kitchen looks like a food tornado hit it. Dirty dishes everywhere, counters covered in clutter.

**The Cook & Clean Combo Solution:**
1. Start with just the sink area (5 minutes)
2. Load dishwasher or wash one sink of dishes
3. Clear one counter completely
4. Wipe down that clean counter to see the victory

**Why This Works:** Small steps prevent overwhelm → builds momentum → creates sustainable progress!

---

## 🧹 Bedroom Clothes Mountain

**The Challenge:** Clean and dirty clothes live together in mysterious piles around your room.

**The Cook & Clean Combo Solution:**
1. Make three piles: clean, dirty, donate
2. Put away just the clean clothes first
3. Toss dirty clothes in hamper
4. Set a timer for 15 minutes max

**Why This Works:** Small steps prevent overwhelm → builds momentum → creates sustainable progress!

## 💡 ADHD Pro Tips

**For Low Energy Days:** Cut the steps in half - even 1 step is progress!

**For Hyperfocus Days:** Set a timer so you don't burn out.

**For Rejection Sensitive Days:** Remember - this is about helping yourself, not being perfect.

",Overwhelmed,Stressed,"Cleaning Up, Resetting My Space","Can't Start, Task Initiation","Decision Fatigue, Task Initiation, Time Blindness","Breaking Down Complexity, Frees Up Working Memory, Minimizes Friction",,"Overwhelmed, Wired but Tired",,"Accountability, Challenge, Routine","Action-Oriented, Interactive",Cleaning,,,"Avoidant, Frozen",,Include timing strategies and multitasking safety tips,Free,,,,,,chef-hat
No,Decision Coin Flip,Instant Choice Maker,When you're stuck between two options,"# ⚡ Decision Coin Flip Strategy

**When you're stuck between two options**

- Try flip a coin to break through decision paralysis when you're stuck between two choices
- Use this when this simple strategy helps with task initiation by transforming indecision into action,  it's a fast and effective way to combat overwhelm and make choices in just seconds, rather than hours
- Start small and build momentum
- Focus on progress, not perfection
","## ✨ Daily Life Challenge

**The Challenge:** You're struggling with situations where When you're stuck between two options.

**The Decision Coin Flip Solution:**
1. Start with the smallest possible step
2. Set a timer for 15 minutes maximum
3. Focus on progress, not perfection
4. Celebrate any forward movement

**Why This Works:** Small steps prevent overwhelm → builds momentum → creates sustainable progress!

## 💡 ADHD Pro Tips

**For Low Energy Days:** Cut the steps in half - even 1 step is progress!

**For Hyperfocus Days:** Set a timer so you don't burn out.

**For Rejection Sensitive Days:** Remember - this is about helping yourself, not being perfect.

",Stuck,Overwhelmed,"Overcoming Procrastination, Staying focused, Task Initiation","Can't Decide, Can't Start","Decision Fatigue, Executive Dysfunction, Task Initiation","Breaks Down Complexity, Minimizes Friction, Reduces Decision Fatigue",,"Low Energy, Overwhelmed, Shutdown",,Gamification,"Gamified, Interactive",Decision Making,,,"Avoidant, Frozen",,Include decision-making scripts for more complex choices,Free,The Anti-Planner by Dani Donovan,,,,,hand-coins
No,Decision-Free Wardrobe,Daily Uniform System,When morning clothing decisions create stress,"# ⚙️ Get Organized: Decision-Free Wardrobe

**When morning clothing decisions create stress**

- Create a go-to uniform to streamline your morning routine and reduce decision fatigue
- Use this when this simple strategy helps you start your day with less mental clutter, allowing for more focus and energy on important tasks ahead
- Start small and build momentum
- Focus on progress, not perfection
","## 🌊 Pre-Meeting Panic

**The Challenge:** You have a big presentation in 30 minutes and your heart is racing.

**The Decision-Free Wardrobe Solution:**
1. Take 5 deep breaths, counting to 4 on each
2. List 3 things you know you do well
3. Splash cool water on your wrists
4. Remind yourself: ""I can handle whatever happens""

**Why This Works:** Small steps prevent overwhelm → builds momentum → creates sustainable progress!

---

## 🌊 Social Event Overwhelm

**The Challenge:** You're at a party and feeling overstimulated - too many voices, lights, and expectations.

**The Decision-Free Wardrobe Solution:**
1. Step outside or find a quiet corner
2. Focus on 3 things you can see clearly
3. Take slow breaths through your nose
4. Give yourself permission to leave early if needed

**Why This Works:** Small steps prevent overwhelm → builds momentum → creates sustainable progress!

## 💡 ADHD Pro Tips

**For Low Energy Days:** Cut the steps in half - even 1 step is progress!

**For Hyperfocus Days:** Set a timer so you don't burn out.

**For Rejection Sensitive Days:** Remember - this is about helping yourself, not being perfect.

",Stuck,Overwhelmed,"Focus Enhancement, Quick Task Management, Task Initiation Support","Can't Decide, Can't Start","Decision Fatigue, Executive Dysfunction, Working Memory Failures","Breaks Down Complexity, Externalizes Tasks, Reduces Decision Fatigue",,"Low Energy, Shutdown, Wired but Tired",,Routine,"Sensory, Visual","Decision Making, Planning, Time Planning",,,Frozen,,Include uniform ideas for different lifestyles and professional requirements,$$$,,,,,,home
No,Declutter Dash,Gamified Organization System,When decluttering feels overwhelming and boring,"# ⚙️ Get Organized: Declutter Dash

**When decluttering feels overwhelming and boring**

- Try turn decluttering into a fun game by setting specific challenges, like finding 10 items to donate or clearing surfaces in 15 minutes
- Use timers to add urgency, turning a daunting chore into an achievable goal, and keep the momentum going with playful tasks tailored to your space
- Start small and build momentum
- Focus on progress, not perfection
","Your bedroom feels cluttered and overwhelming. Instead of trying to organize everything, you set a timer for 20 minutes and challenge yourself: ""How many items can I put away before the timer goes off?""

The game element gives you focus and momentum, and you're surprised by how much you get done.

More Ideas: 
#### 🧺 Clothes Clutter
- ""Fold or hang 10 things""
- ""Make a pile of 5 items to donate""
- ""Set a timer for 10 minutes and clear the floor""

#### 🍽️ Kitchen Clutter
- ""Unload or load the dishwasher before a song ends""
- ""Wipe 3 counters""
- ""Find 3 expired items in the fridge""

#### 🛋️ General Clutter
- ""Pick up 20 visible items""
- ""Fill 1 bag with trash or donations""
- ""See how many surfaces you can clear in 15 minutes""

#### 📄 Paper Clutter
- ""Sort 10 pieces of mail""
- ""Recycle anything outdated or unnecessary""
- ""Make 2 piles: 'To Deal With' and 'To Toss'""",Drained,Stuck,"Cleaning Up, Resetting My Space, Task Initiation","Can't Start, Disorganized","Executive Dysfunction, Inertia, Task Initiation","Breaks Down Complexity, Externalizes Tasks, Gamifies Action",,"Low Energy, Overwhelmed",,"Engaging Gamification, Gamification",Gamified,"Cleaning, Task Initiation",,,"Disorganized, Frozen",,Include game variations for different spaces and clutter types,Free,The Anti-Planner by Dani Donovan,,,,,timer
No,Dirty Dish Containment,Simplified Mess Management,When dishes accumulate faster than you can wash them,"# ✨ Dirty Dish Containment Strategy

**When dishes accumulate faster than you can wash them**

- Try store dirty dishes in a large bin when the sink is full or you're too drained to wash them
- Use this when this simple strategy helps with task initiation by preventing dishes from spreading across your kitchen and minimizing visual clutter
- Try by containing the mess, you reduce feelings of being overwhelmed,
","## ✨ Daily Life Challenge

**The Challenge:** You're struggling with situations where When dishes accumulate faster than you can wash them.

**The Dirty Dish Containment Solution:**
1. Start with the smallest possible step
2. Set a timer for 15 minutes maximum
3. Focus on progress, not perfection
4. Celebrate any forward movement

**Why This Works:** Small steps prevent overwhelm → builds momentum → creates sustainable progress!

## 💡 ADHD Pro Tips

**For Low Energy Days:** Cut the steps in half - even 1 step is progress!

**For Hyperfocus Days:** Set a timer so you don't burn out.

**For Rejection Sensitive Days:** Remember - this is about helping yourself, not being perfect.

",Drained,Stuck,"Cleaning Up, Resetting My Space","Can't Start, Task Initiation","Decision Fatigue, Emotional Dysregulation, Task Initiation","Externalizes Tasks, Reduces Decision Fatigue",,"Low Energy, Overwhelmed",,"Environmental Hack, Quick Fix",Task Simplification,"Cleaning, Emotional Regulation, Task Initiation",,,"Avoidant, Frozen",,Include bin selection tips and transition strategies for getting back to regular washing,$,How to Keep House While Drowning by KC Davis,,,,,package-2
No,Emotion Art Therapy,Feeling Expression System,When emotions are too big for words,"# ⚙️ Get Organized: Emotion Art Therapy

**When emotions are too big for words**

- Try grab paper and draw your emotions when words feel overwhelming
- Try this strategy allows you to bypass verbal processing, which can be challenging for individuals with adhd due to difficulties with working memory and emotional regulation
- Use this when by translating feelings into colors and shapes, you create a manageable visual representation that can help calm your mind and reduce anxiety in moments of emotional dysregulation
","## ✨ Daily Life Challenge

**The Challenge:** You're struggling with situations where When emotions are too big for words.

**The Emotion Art Therapy Solution:**
1. Start with the smallest possible step
2. Set a timer for 15 minutes maximum
3. Focus on progress, not perfection
4. Celebrate any forward movement

**Why This Works:** Small steps prevent overwhelm → builds momentum → creates sustainable progress!

## 💡 ADHD Pro Tips

**For Low Energy Days:** Cut the steps in half - even 1 step is progress!

**For Hyperfocus Days:** Set a timer so you don't burn out.

**For Rejection Sensitive Days:** Remember - this is about helping yourself, not being perfect.

",Overstimulated,Overwhelmed,"Being Kinder to Myself, Calming Down",Anxiety Management,"Emotional Dysregulation, Task Structuring, Working Memory Failures","Breaks Down Complexity, Emotional Regulation, Frees Up Working Memory",,"Low Energy, Overstimulated, Overwhelmed",,Mindset Shift,"Reflective Practice, Visual",Emotional Regulation,"Student, Working Professional",,"Avoidant, Frozen, Overthinking",,Include color emotion guides and simple drawing prompts,Free,The Anti-Planner by Dani Donovan,The Parents’ Guide to Art Therapy Techniques & Projects (applies to adults with ADHD too),https://www.additudemag.com/art-therapy-projects-activities-adhd-children/?srsltid=AfmBOop5-RiByg4QzbIYzyH3TQzmryyXbLY_xB54ajxL020-mZeys-IR,,,brush
No,Energy Flow Mapping,Personal Rhythm Tracker,When you're fighting your natural rhythms,"# ⚡ Energy Hack: Energy Flow Mapping

**When you're fighting your natural rhythms**

- Try track your energy levels throughout the day and schedule tasks accordingly to enhance productivity
- Set aside time to for example, if your brain is sharpest in the morning, prioritize challenging assignments during that time to maximize efficiency and reduce mental fatigue
- Start small and build momentum
- Focus on progress, not perfection
","#### Example: Energy Tracking Table

| Time Block        | Energy Level | Notes                              |
|------------------|--------------|-------------------------------------|
| 7am–9am (Early AM) | 😐 Medium     | Waking up, better with breakfast    |
| 9am–11am (Mid AM)  | 🔥 High       | Best focus window, meds kick in     |
| 11am–2pm (Midday)  | 😴 Low        | Sluggish, meds tapering off         |
| 2pm–5pm (Afternoon)| 🙂 Medium     | Light tasks okay, needs music       |
| 5pm–8pm (Evening)  | 😐 Medium     | Second wind starts around 6:30pm    |
| 8pm–10pm (Late PM) | 🔻 Very low   | Not functional, best for rest       |

---

You're a student trying to prep for finals, but studying in the afternoon keeps backfiring, you’re zoning out and rereading the same paragraph.
After tracking your energy for a week, you realize your brain is sharpest from 9–11am, right after your meds kick in, and starts fading around 1pm.

Now you use your morning block for intense tasks like reading or essay writing, and move lighter stuff like flashcards or discussion posts to the afternoon. Your study time feels more productive, and less like a battle.",Burned out,Defeated,"Starting Something Hard, Staying focused","Can't Focus, Cannot Finish","Executive Dysfunction, Task Initiation, Time Blindness","Emotional Regulation, Executive Function Support, Externalizes Tasks",,"Burnout, Low Energy, Wired but Tired",,"Checklist, Routine, Tracking",Visual,"Time Planning, Work",,,Frozen,,Create energy tracking templates and task-matching guides,Free,"Deep Work by Cal Newport, The Anti-Planner by Dani Donovan",The Complete Guide to Deep Work,https://www.todoist.com/inspiration/deep-work,,,battery-full
No,Errand Batch Day,Weekly Efficiency System,When errands feel scattered and time-consuming,"# ⚙️ Get Organized: Errand Batch Day

**When errands feel scattered and time-consuming**

- Try designate one day each week for all your errands and deliveries
- Try this reduces decision fatigue by  by choosing a specific day, like saturday, you can tackle everything from grocery pickups to pharmacy runs, freeing up your week and boosting your sense of control
- Try remember, the goal is to minimize distractions and make task initiation simpler
","## ⏰ Morning Routine Chaos

**The Challenge:** Every morning feels like rushing through a tornado. You're always late and forget important things.

**The Errand Batch Day Solution:**
1. Set up everything the night before
2. Use a simple checklist by the door
3. Build in 10 extra minutes as buffer time
4. Celebrate when you leave on time

**Why This Works:** Small steps prevent overwhelm → builds momentum → creates sustainable progress!

---

## ⏰ Work Deadline Stress

**The Challenge:** Project deadlines sneak up on you, causing last-minute panic and all-nighters.

**The Errand Batch Day Solution:**
1. Break the project into 15-minute chunks
2. Schedule specific times for each chunk
3. Set daily check-in reminders
4. Reward yourself for staying on track

**Why This Works:** Small steps prevent overwhelm → builds momentum → creates sustainable progress!

## 💡 ADHD Pro Tips

**For Low Energy Days:** Cut the steps in half - even 1 step is progress!

**For Hyperfocus Days:** Set a timer so you don't burn out.

**For Rejection Sensitive Days:** Remember - this is about helping yourself, not being perfect.

",Frustrated,Defeated,"Managing my schedule, Quick Task Management, Task Initiation","Can't Finish, Disorganized","Decision Fatigue, Executive Dysfunction, Working Memory Failures","Externalizes Tasks, Freeing Up Working Memory, Reduces Decision Fatigue",,"Crash Recovery, Low Energy, Overstimulated",,Routine,"Interactive, Task Simplification, Time Management","Decision Making, Time Planning",,,Disorganized,,Include errand batching strategies and route optimization tips,Free,,,,,,package
No,Evening Reset Routine,Closing Shift Routine,When mornings consistently start chaotic,"# 🔄 Get Started: Evening Reset Routine

**When mornings consistently start chaotic**

- Create a simple list of 2-3 essential tasks to complete each evening, like loading the dishwasher or laying out tomorrow's clothes
- Use this when this strategy helps combat executive dysfunction by reducing the chaos of mornings and freeing up your working memory
- Try by externalizing tasks, you create a clear endpoint for your day,
","## 🚀 The Dreaded Email Inbox

**The Challenge:** You have 47 unread emails and the thought of opening them makes you want to hide.

**The Evening Reset Routine Solution:**
1. Set a timer for just 10 minutes
2. Delete obvious junk mail first (easy wins)
3. Respond to one simple email
4. Stop when timer goes off, celebrate progress

**Why This Works:** Small steps prevent overwhelm → builds momentum → creates sustainable progress!

---

## 🚀 Exercise Avoidance

**The Challenge:** You know you should work out, but the thought of a full gym session feels overwhelming.

**The Evening Reset Routine Solution:**
1. Put on workout clothes (that's it for now)
2. Walk around the block once
3. Do 5 pushups against the wall
4. Celebrate that you moved your body today

**Why This Works:** Small steps prevent overwhelm → builds momentum → creates sustainable progress!

## 💡 ADHD Pro Tips

**For Low Energy Days:** Cut the steps in half - even 1 step is progress!

**For Hyperfocus Days:** Set a timer so you don't burn out.

**For Rejection Sensitive Days:** Remember - this is about helping yourself, not being perfect.

",Stuck,Overwhelmed,"Cleaning Up, Resetting My Space","Can't Finish, Can't Start","Executive Dysfunction, Task Structuring, Working Memory Engagement","Externalizes Tasks, Frees Up Working Memory, Minimizes Friction",,"Overwhelmed, Shutdown, Wired but Tired",,"Checklist, Routine",Sensory,Cleaning,"Parent, Working Professional",,Disorganized,,Create customizable closing duty checklists for different energy levels and executive function needs,Free,How to Keep House While Drowning by KC Davis,,,,,sunset
No,Everything Shower Ritual,Comprehensive Self-Care Ritual,When individual grooming tasks feel overwhelming,"# ✨ Calm Down: Everything Shower Ritual

**When individual grooming tasks feel overwhelming**

- Try batch your grooming tasks into an ""everything shower"" to tackle multiple self-care activities at once
- Set aside time to designate a specific time, like sunday evening, to wash, shave, exfoliate, and pamper yourself, transforming it into a rejuvenating experience rather than a chore
- Start small and build momentum
- Focus on progress, not perfection
","## 🌊 Pre-Meeting Panic

**The Challenge:** You have a big presentation in 30 minutes and your heart is racing.

**The Everything Shower Ritual Solution:**
1. Take 5 deep breaths, counting to 4 on each
2. List 3 things you know you do well
3. Splash cool water on your wrists
4. Remind yourself: ""I can handle whatever happens""

**Why This Works:** Small steps prevent overwhelm → builds momentum → creates sustainable progress!

---

## 🌊 Social Event Overwhelm

**The Challenge:** You're at a party and feeling overstimulated - too many voices, lights, and expectations.

**The Everything Shower Ritual Solution:**
1. Step outside or find a quiet corner
2. Focus on 3 things you can see clearly
3. Take slow breaths through your nose
4. Give yourself permission to leave early if needed

**Why This Works:** Small steps prevent overwhelm → builds momentum → creates sustainable progress!

## 💡 ADHD Pro Tips

**For Low Energy Days:** Cut the steps in half - even 1 step is progress!

**For Hyperfocus Days:** Set a timer so you don't burn out.

**For Rejection Sensitive Days:** Remember - this is about helping yourself, not being perfect.

",Drained,Stuck,"Being Kinder to Myself, Starting Something Hard","Can't Start, Task Initiation","Decision Fatigue, Executive Dysfunction, Task Initiation","Breaks Down Complexity, Cognitive Load Management, Executive Function Support",,"Crash Recovery, Low Energy, Wired but Tired",,"Environmental Hack, Routine",Sensory,"Cleaning, Planning","Student, Working Professional",,"Avoidant, Frozen",,Include everything shower checklists and timing suggestions,Free,,,,,,shower-head
No,Evidence Journal,Success Documentation,When self-doubt is undermining your confidence,"# 📔 Evidence Journal Strategy

**When self-doubt is undermining your confidence**

- Document your achievements in a dedicated Evidence Journal, regardless of size
- Use this when this practice helps combat self-doubt and reinforces your working memory by providing tangible proof of your capabilities
- Start small and build momentum
- Focus on progress, not perfection
","## ✨ Daily Life Challenge

**The Challenge:** You're struggling with situations where When self-doubt is undermining your confidence.

**The Evidence Journal Solution:**
1. Start with the smallest possible step
2. Set a timer for 15 minutes maximum
3. Focus on progress, not perfection
4. Celebrate any forward movement

**Why This Works:** Small steps prevent overwhelm → builds momentum → creates sustainable progress!

## 💡 ADHD Pro Tips

**For Low Energy Days:** Cut the steps in half - even 1 step is progress!

**For Hyperfocus Days:** Set a timer so you don't burn out.

**For Rejection Sensitive Days:** Remember - this is about helping yourself, not being perfect.

",Ashamed,Guilty,"Being Kinder to Myself, Finding motivation","Rejection Sensitive, Spiraling","Emotional Dysregulation, Executive Dysfunction, Working Memory Engagement","Breaks Down Complexity, Gamifies Action",,"Crash Recovery, Overwhelmed, Wired but Tired",,"Journal Prompt, Tracking","Interactive, Reflective Practice, Sensory Engagement","Decision Making, Emotional Regulation, Self-Compassion",Working Professional,,"Discouraged, Overthinking",,Include prompts for different types of evidence and achievement categories,Free,The Anti-Planner by Dani Donovan,,,,,book
No,Exit Checklist Board,Never-Forget Door System,When you consistently forget essentials when leaving,"# 📝 Get Organized: Exit Checklist Board

**When you consistently forget essentials when leaving**

- Create a checklist of your essentials like phone, wallet, and keys to hang by your front door
- Use this when this simple visual system helps combat working memory failures by providing an external reminder, ensuring you don’t leave without what you need
- Start small and build momentum
- Focus on progress, not perfection
","## ✨ Daily Life Challenge

**The Challenge:** You're struggling with situations where When you consistently forget essentials when leaving.

**The Exit Checklist Board Solution:**
1. Start with the smallest possible step
2. Set a timer for 15 minutes maximum
3. Focus on progress, not perfection
4. Celebrate any forward movement

**Why This Works:** Small steps prevent overwhelm → builds momentum → creates sustainable progress!

## 💡 ADHD Pro Tips

**For Low Energy Days:** Cut the steps in half - even 1 step is progress!

**For Hyperfocus Days:** Set a timer so you don't burn out.

**For Rejection Sensitive Days:** Remember - this is about helping yourself, not being perfect.

",Forgetful,Stuck,"Overcoming Procrastination, Quick Task Management, Task Initiation","Can't Start, Forgetful, Poor Time Estimation","Task Initiation, Task Structuring, Working Memory Failures","Externalizes Tasks, Frees Up Working Memory, Provides External Structure",,"Low Energy, Wired but Tired",,Checklist,"Interactive, Task Simplification, Visual","Emotional Regulation, Work",Working Professional,,,,Include customizable checklists for different types of outings,$,Reddit /r/ADHDWomen,,,,,list
No,Expense Tracking Apps,Financial Management Tools,When financial tracking needs to be automated,"# 📱 Expense Tracking Apps Strategy

**When financial tracking needs to be automated**

- Use expense tracking apps to automatically categorize your spending and generate visual reports
- Start small and build momentum
- Focus on progress, not perfection
","## ✨ Daily Life Challenge

**The Challenge:** You're struggling with situations where When financial tracking needs to be automated.

**The Expense Tracking Apps Solution:**
1. Start with the smallest possible step
2. Set a timer for 15 minutes maximum
3. Focus on progress, not perfection
4. Celebrate any forward movement

**Why This Works:** Small steps prevent overwhelm → builds momentum → creates sustainable progress!

## 💡 ADHD Pro Tips

**For Low Energy Days:** Cut the steps in half - even 1 step is progress!

**For Hyperfocus Days:** Set a timer so you don't burn out.

**For Rejection Sensitive Days:** Remember - this is about helping yourself, not being perfect.

",Frustrated,Defeated,"Managing Emotional Dysregulation, Quick Task Management, Task Initiation Support","Avoidant, Cant Finish","Emotional Dysregulation, Executive Dysfunction, Working Memory Failures",Frees Up Working Memory,,Overstimulated,,Checklist,"Interactive, Visual","Planning, Time Planning",,,"Avoidant, Frozen",,Include automation features and visual reporting benefits,$,,,,,,smartphone
No,External Accountability Boosters,Accountability Systems,When internal motivation isn't enough,"# ⚙️ Get Organized: External Accountability Boosters

**When internal motivation isn't enough**

- Create external pressure by telling someone your deadlines or joining a work group
- Use this when for example, you can text a friend, promising to send them your presentation slides by a certain time; knowing someone is keeping track of your progress can help you overcome resistance and stay focused
- Start small and build momentum
- Focus on progress, not perfection
","## ⚡ Afternoon Energy Crash

**The Challenge:** By 2 PM, you feel like a phone with 5% battery. Everything seems impossible.

**The External Accountability Boosters Solution:**
1. Step outside for 5 minutes of sunlight
2. Do 10 jumping jacks or stretch
3. Drink a full glass of water
4. Listen to one energizing song

**Why This Works:** Small steps prevent overwhelm → builds momentum → creates sustainable progress!

---

## ⚡ Monday Morning Motivation Deficit

**The Challenge:** Monday mornings feel like climbing Mount Everest in flip-flops.

**The External Accountability Boosters Solution:**
1. Prep something you enjoy for Monday morning
2. Set one tiny, achievable goal for the day
3. Reward yourself for just showing up
4. Connect with a friend or colleague early on

**Why This Works:** Small steps prevent overwhelm → builds momentum → creates sustainable progress!

## 💡 ADHD Pro Tips

**For Low Energy Days:** Cut the steps in half - even 1 step is progress!

**For Hyperfocus Days:** Set a timer so you don't burn out.

**For Rejection Sensitive Days:** Remember - this is about helping yourself, not being perfect.

",Drained,Stuck,"Staying focused, Task Initiation","Can't Start, Poor Time Estimation","Emotional Dysregulation, Inertia, Task Initiation","Creates Accountability, Externalizes Tasks, Gamifies Action",,"Low Energy, Wired but Tired",,Accountability,,"Time Planning, Work",Working Professional,,"Avoidant, Frozen",,Include scripts for asking for accountability and app recommendations,Free,The Anti-Planner by Dani Donovan,,,,,trending-up
No,Fake It Till You Make It,Confidence Building Strategy,When self-doubt is undermining your performance,"# ✨ Fake It Till You Make It Strategy

**When self-doubt is undermining your performance**

- Try act as if you already possess the confidence you seek
- Set aside time to this strategy is particularly useful for tackling self-doubt, which can hinder task initiation and lead to time blindness
- Try remember to incorporate small confidence-building exercises into your routine for consistent progress
","## ✨ Daily Life Challenge

**The Challenge:** You're struggling with situations where When self-doubt is undermining your performance.

**The Fake It Till You Make It Solution:**
1. Start with the smallest possible step
2. Set a timer for 15 minutes maximum
3. Focus on progress, not perfection
4. Celebrate any forward movement

**Why This Works:** Small steps prevent overwhelm → builds momentum → creates sustainable progress!

## 💡 ADHD Pro Tips

**For Low Energy Days:** Cut the steps in half - even 1 step is progress!

**For Hyperfocus Days:** Set a timer so you don't burn out.

**For Rejection Sensitive Days:** Remember - this is about helping yourself, not being perfect.

",Ashamed,Guilty,"Starting Something Hard, Staying focused","Anxiety Management, Poor Time Estimation, Task Initiation","Emotional Dysregulation, Task Initiation, Time Blindness","Emotional Regulation, Executive Function Support",,"Shutdown, Wired but Tired",,"Engaging Gamification, Gamification",Gamified,"Emotional Regulation, Task Initiation, Work",Working Professional,,"Avoidant, Frozen",,"Include confidence-building exercises and ""as if"" behavior strategies",Free,,,,,,refresh-cw
No,Fidget Tools,Sensory Regulation Aids,When you need movement or sensory input to focus,"# 🎲 Focus Boost: Fidget Tools

**When you need movement or sensory input to focus**

- Try keep small fidget items like stress balls and fidget cubes handy to give your hands something to do while your mind engages
- Use this when this strategy helps combat working memory failures,
- Start small and build momentum
- Focus on progress, not perfection
","## 🎯 Zoom Meeting Brain Fog

**The Challenge:** You're in an important video call but your mind keeps wandering to random thoughts.

**The Fidget Tools Solution:**
1. Take notes by hand (engages your brain)
2. Repeat key points in your head
3. Use fidget tools off-camera
4. Sit in a spot with minimal distractions

**Why This Works:** Small steps prevent overwhelm → builds momentum → creates sustainable progress!

---

## 🎯 Study Session Struggles

**The Challenge:** You sit down to study but end up reading the same paragraph 5 times without absorbing it.

**The Fidget Tools Solution:**
1. Read for just 10 minutes at a time
2. Summarize each section out loud
3. Use a fidget or stress ball while reading
4. Take movement breaks between sections

**Why This Works:** Small steps prevent overwhelm → builds momentum → creates sustainable progress!

## 💡 ADHD Pro Tips

**For Low Energy Days:** Cut the steps in half - even 1 step is progress!

**For Hyperfocus Days:** Set a timer so you don't burn out.

**For Rejection Sensitive Days:** Remember - this is about helping yourself, not being perfect.

",Scattered,Overwhelmed,"Starting Something Hard, Staying focused","Can't Focus, Disorganized, Poor Time Estimation","Emotional Dysregulation, Task Structuring, Working Memory Failures","Breaks Down Complexity, Frees Up Working Memory, Starts Small",,"Overwhelmed, Wired but Tired",,"Checklist, Routine","Action-Oriented, Interactive, Sensory","Sensory Management, Work",Working Professional,Recently Moved,Overthinking,,Include fidget tool recommendations for different settings and sensory needs,$,,,,,,settings
No,File Organization Apps,Digital Decluttering Tools,When digital clutter creates overwhelm,"# 📁 Calm Down: File Organization Apps

**When digital clutter creates overwhelm**

- Use file organization apps to automatically sort and clean up digital clutter on your devices
- Use this when this strategy helps combat executive dysfunction by reducing decision fatigue,
- Start small and build momentum
- Focus on progress, not perfection
","## 🧹 Kitchen Disaster Zone

**The Challenge:** Your kitchen looks like a food tornado hit it. Dirty dishes everywhere, counters covered in clutter.

**The File Organization Apps Solution:**
1. Start with just the sink area (5 minutes)
2. Load dishwasher or wash one sink of dishes
3. Clear one counter completely
4. Wipe down that clean counter to see the victory

**Why This Works:** Small steps prevent overwhelm → builds momentum → creates sustainable progress!

---

## 🧹 Bedroom Clothes Mountain

**The Challenge:** Clean and dirty clothes live together in mysterious piles around your room.

**The File Organization Apps Solution:**
1. Make three piles: clean, dirty, donate
2. Put away just the clean clothes first
3. Toss dirty clothes in hamper
4. Set a timer for 15 minutes max

**Why This Works:** Small steps prevent overwhelm → builds momentum → creates sustainable progress!

## 💡 ADHD Pro Tips

**For Low Energy Days:** Cut the steps in half - even 1 step is progress!

**For Hyperfocus Days:** Set a timer so you don't burn out.

**For Rejection Sensitive Days:** Remember - this is about helping yourself, not being perfect.

",Scattered,Frustrated,"Cleaning Up, Focus Enhancement, Overcoming Procrastination","Cannot Finish, Disorganized","Decision Fatigue, Executive Dysfunction, Working Memory Failures","Cognitive Load Management, Executive Function Support, Minimizes Friction",,,,Checklist,"Interactive, Task Simplification","Cleaning, Focus Enhancement, Task Initiation Support",,,"Disorganized, Frozen",,Include organization features and maintenance strategies,$,,,,,,smartphone
No,Finance Apps,Money Management Tools,When financial management needs automation,"# 📱 Finance Apps Strategy

**When financial management needs automation**

- Use finance apps to automatically categorize your spending and set alerts for budget limits
- Use this when this strategy helps combat time blindness and working memory challenges by reducing the mental load of manual tracking
- Try with automation, you gain financial awareness without feeling overwhelmed, making budgeting more manageable and accessible
","## ✨ Daily Life Challenge

**The Challenge:** You're struggling with situations where When financial management needs automation.

**The Finance Apps Solution:**
1. Start with the smallest possible step
2. Set a timer for 15 minutes maximum
3. Focus on progress, not perfection
4. Celebrate any forward movement

**Why This Works:** Small steps prevent overwhelm → builds momentum → creates sustainable progress!

## 💡 ADHD Pro Tips

**For Low Energy Days:** Cut the steps in half - even 1 step is progress!

**For Hyperfocus Days:** Set a timer so you don't burn out.

**For Rejection Sensitive Days:** Remember - this is about helping yourself, not being perfect.

",Frustrated,Defeated,"Managing my schedule, Planning my time","Avoidant, Cannot Finish","Executive Dysfunction, Time Blindness, Working Memory Failures","Breaks Down Complexity, Frees Up Working Memory, Minimizes Friction",,"Shutdown, Wired but Tired",,"Engaging Gamification, Gamification",Gamified,Planning,,,"Avoidant, Discouraged, Frozen",,Include budgeting features and spending awareness tools,$,,,,,,smartphone
No,Fitness Apps,Exercise Support Tools,When traditional exercise routines feel overwhelming,"# 💪 Calm Down: Fitness Apps

**When traditional exercise routines feel overwhelming**

- Use fitness apps that offer short, ADHD-friendly workouts to help manage feelings of overwhelm
- Try these apps provide 10-15 minute sessions with a variety of exercises,
- Start small and build momentum
- Focus on progress, not perfection
","## 🌊 Pre-Meeting Panic

**The Challenge:** You have a big presentation in 30 minutes and your heart is racing.

**The Fitness Apps Solution:**
1. Take 5 deep breaths, counting to 4 on each
2. List 3 things you know you do well
3. Splash cool water on your wrists
4. Remind yourself: ""I can handle whatever happens""

**Why This Works:** Small steps prevent overwhelm → builds momentum → creates sustainable progress!

---

## 🌊 Social Event Overwhelm

**The Challenge:** You're at a party and feeling overstimulated - too many voices, lights, and expectations.

**The Fitness Apps Solution:**
1. Step outside or find a quiet corner
2. Focus on 3 things you can see clearly
3. Take slow breaths through your nose
4. Give yourself permission to leave early if needed

**Why This Works:** Small steps prevent overwhelm → builds momentum → creates sustainable progress!

## 💡 ADHD Pro Tips

**For Low Energy Days:** Cut the steps in half - even 1 step is progress!

**For Hyperfocus Days:** Set a timer so you don't burn out.

**For Rejection Sensitive Days:** Remember - this is about helping yourself, not being perfect.

",Drained,Stuck,"Focus Enhancement, Focused Task Execution, Task Initiation Support","Can't Start, Sensory Overload","Emotional Dysregulation, Task Initiation, Time Blindness","Creates Accountability, Gamifies Action",,Low Energy,,"Accountability, Gamification, Quick Fix","Interactive, Visual","Focus Enhancement, Task Initiation Support",,,"Avoidant, Frozen, Time Blind",,Include workout variety and motivation features,$,,,,,,smartphone
No,Flexible Bullet Journal,Adaptable Planning System,When traditional planners feel too rigid or complicated,"### ✨ Flexible Bullet Journal

Create a simple bullet journal using basic symbols to manage your tasks and notes. This method helps with time blindness by providing an external structure that keeps tasks visible and organized. Adapt the system to your changing needs, making it easy to start small and gradually build upon it as your executive function skills improve. Don't let rigid planners overwhelm you; this flexible approach empowers you to take control of your schedule.","## ✨ Daily Life Challenge

**The Challenge:** You're struggling with situations where When traditional planners feel too rigid or complicated.

**The Flexible Bullet Journal Solution:**
1. Start with the smallest possible step
2. Set a timer for 15 minutes maximum
3. Focus on progress, not perfection
4. Celebrate any forward movement

**Why This Works:** Small steps prevent overwhelm → builds momentum → creates sustainable progress!

## 💡 ADHD Pro Tips

**For Low Energy Days:** Cut the steps in half - even 1 step is progress!

**For Hyperfocus Days:** Set a timer so you don't burn out.

**For Rejection Sensitive Days:** Remember - this is about helping yourself, not being perfect.

",Frustrated,Defeated,"Managing my schedule, Planning my time, Task Initiation Support","Cannot Finish, Task Initiation","Executive Dysfunction, Task Initiation, Time Blindness","Externalizes Tasks, Minimizes Friction, Provides External Structure",,"Crash Recovery, Low Energy, Wired but Tired",,Gamification,"Gamified, Interactive","Planning, Time Planning",,,"Disorganized, Overthinking",,Include setup instructions and ADHD-friendly adaptations,$,Bullet Journal method,,,,,book
No,Focus Environment Blueprint,Environment Optimization,When your environment is sabotaging your focus,"# 🎯 Focus Boost: Focus Environment Blueprint

**When your environment is sabotaging your focus**

- Try stop forcing your brain to focus in environments that drain your energy
- Try instead, figure out what works best for you—like natural light, background noise, or a comfortable posture
- Start small and build momentum
- Focus on progress, not perfection
","## 🎯 Zoom Meeting Brain Fog

**The Challenge:** You're in an important video call but your mind keeps wandering to random thoughts.

**The Focus Environment Blueprint Solution:**
1. Take notes by hand (engages your brain)
2. Repeat key points in your head
3. Use fidget tools off-camera
4. Sit in a spot with minimal distractions

**Why This Works:** Small steps prevent overwhelm → builds momentum → creates sustainable progress!

---

## 🎯 Study Session Struggles

**The Challenge:** You sit down to study but end up reading the same paragraph 5 times without absorbing it.

**The Focus Environment Blueprint Solution:**
1. Read for just 10 minutes at a time
2. Summarize each section out loud
3. Use a fidget or stress ball while reading
4. Take movement breaks between sections

**Why This Works:** Small steps prevent overwhelm → builds momentum → creates sustainable progress!

## 💡 ADHD Pro Tips

**For Low Energy Days:** Cut the steps in half - even 1 step is progress!

**For Hyperfocus Days:** Set a timer so you don't burn out.

**For Rejection Sensitive Days:** Remember - this is about helping yourself, not being perfect.

",Forgetful,Anxious,"Starting Something Hard, Staying focused","Can't Focus, Forgetful, Sensory Overload","Environmental Cues, Task Structuring, Working Memory Engagement","Frees Up Working Memory, Minimizes Friction",Urban,"Overstimulated, Restless, Wired but Tired",,Environmental Hack,"Embodied, Sensory","Focus Enhancement, Sensory Management, Work",,Recently Moved,Overthinking,,Include an environment assessment worksheet,Free,The Anti-Planner by Dani Donovan,,,,,crosshair
No,Focus Flow Setup,Workspace Customized for Your Brain,When physical discomfort is affecting focus,"# 🎯 Focus Boost: Focus Flow Setup 

**When physical discomfort is affecting focus**

- Try adjust your workspace by making small ergonomic changes, like raising your monitor and adjusting your chair height
- Try incorporate movement-friendly tools, such as a standing desk or wobble stool, to keep your energy levels up and prevent distractions
- Try a comfortable and supportive environment makes it easier to tackle your work without feeling overwhelmed or scattered
","## 🎯 Zoom Meeting Brain Fog

**The Challenge:** You're in an important video call but your mind keeps wandering to random thoughts.

**The Focus Flow Setup  Solution:**
1. Take notes by hand (engages your brain)
2. Repeat key points in your head
3. Use fidget tools off-camera
4. Sit in a spot with minimal distractions

**Why This Works:** Small steps prevent overwhelm → builds momentum → creates sustainable progress!

---

## 🎯 Study Session Struggles

**The Challenge:** You sit down to study but end up reading the same paragraph 5 times without absorbing it.

**The Focus Flow Setup  Solution:**
1. Read for just 10 minutes at a time
2. Summarize each section out loud
3. Use a fidget or stress ball while reading
4. Take movement breaks between sections

**Why This Works:** Small steps prevent overwhelm → builds momentum → creates sustainable progress!

## 💡 ADHD Pro Tips

**For Low Energy Days:** Cut the steps in half - even 1 step is progress!

**For Hyperfocus Days:** Set a timer so you don't burn out.

**For Rejection Sensitive Days:** Remember - this is about helping yourself, not being perfect.

",Scattered,Overwhelmed,"Resetting My Space, Starting Something Hard, Staying focused","Avoidant, Can't Focus, Disorganized","Environmental Cues, Working Memory Failures","Dopamine Activation, Externalizes Tasks, Frees Up Working Memory",Work From Home,"Low Energy, Overstimulated",,Environmental Hack,"Sensory, Visual","Focus Enhancement, Sensory Management, Work",,,"Avoidant, Disorganized",,Include ergonomic setup guidelines and comfort optimization tips,"$$, Free",,,,,,briefcase
No,Focus Fortress Builder,Personalized Soundscape System,When environmental noise disrupts focus,"# ⚙️ Get Organized: Focus Fortress Builder

**When environmental noise disrupts focus**

- Create a personalized soundscape by layering different audio elements to enhance your concentration
- Start with a base sound like white noise, then add a focus layer like coffee shop sounds, and finally, a power-up layer of instrumental music
- Use this when this strategy helps manage sensory overload and improves working memory by providing an external structure that activates dopamine,
","## 🎯 Zoom Meeting Brain Fog

**The Challenge:** You're in an important video call but your mind keeps wandering to random thoughts.

**The Focus Fortress Builder Solution:**
1. Take notes by hand (engages your brain)
2. Repeat key points in your head
3. Use fidget tools off-camera
4. Sit in a spot with minimal distractions

**Why This Works:** Small steps prevent overwhelm → builds momentum → creates sustainable progress!

---

## 🎯 Study Session Struggles

**The Challenge:** You sit down to study but end up reading the same paragraph 5 times without absorbing it.

**The Focus Fortress Builder Solution:**
1. Read for just 10 minutes at a time
2. Summarize each section out loud
3. Use a fidget or stress ball while reading
4. Take movement breaks between sections

**Why This Works:** Small steps prevent overwhelm → builds momentum → creates sustainable progress!

## 💡 ADHD Pro Tips

**For Low Energy Days:** Cut the steps in half - even 1 step is progress!

**For Hyperfocus Days:** Set a timer so you don't burn out.

**For Rejection Sensitive Days:** Remember - this is about helping yourself, not being perfect.

",Overstimulated,Overwhelmed,"Starting Something Hard, Staying focused","Can't Focus, Forgetful, Sensory Overload","Emotional Dysregulation, Task Structuring, Working Memory Engagement","Externalizes Tasks, Frees Up Working Memory, Gamifies Action",Urban,"Low Energy, Overstimulated, Restless",,Playlist,,"Focus Enhancement, Sensory Management, Task Initiation Support",,,"Avoidant, Frozen",,Creates layered soundscape system with energy-level matching,$,,,,,,crosshair
No,Focus-Friendly Command Center,Optimized Work Environment,When your workspace is working against your ADHD brain,"# 🎯 Focus Boost: Focus-Friendly Command Center

**When your workspace is working against your ADHD brain**

- Try rearrange your desk to face a wall instead of a busy hallway to minimize distractions
- Try incorporate a small plant and keep fidget tools like a stress ball within reach to create a calming environment
- Use this when this setup helps combat time blindness and overstimulation, allowing for better focus and easier task initiation
","## 🎯 Zoom Meeting Brain Fog

**The Challenge:** You're in an important video call but your mind keeps wandering to random thoughts.

**The Focus-Friendly Command Center Solution:**
1. Take notes by hand (engages your brain)
2. Repeat key points in your head
3. Use fidget tools off-camera
4. Sit in a spot with minimal distractions

**Why This Works:** Small steps prevent overwhelm → builds momentum → creates sustainable progress!

---

## 🎯 Study Session Struggles

**The Challenge:** You sit down to study but end up reading the same paragraph 5 times without absorbing it.

**The Focus-Friendly Command Center Solution:**
1. Read for just 10 minutes at a time
2. Summarize each section out loud
3. Use a fidget or stress ball while reading
4. Take movement breaks between sections

**Why This Works:** Small steps prevent overwhelm → builds momentum → creates sustainable progress!

## 💡 ADHD Pro Tips

**For Low Energy Days:** Cut the steps in half - even 1 step is progress!

**For Hyperfocus Days:** Set a timer so you don't burn out.

**For Rejection Sensitive Days:** Remember - this is about helping yourself, not being perfect.

",Overstimulated,Overwhelmed,"Starting Something Hard, Staying focused","Can't Focus, Forgetful, Sensory Overload","Environmental Cues, Task Initiation, Time Blindness","Gamifies Action, Minimizes Friction, Starts Small",,Overstimulated,,Environmental Hack,"Gamified, Interactive","Cleaning, Focus Enhancement, Task Initiation Support",,,Time Blind,,Include workspace setup guides and accommodation strategies,$$,,,,,,crosshair
No,Food Delivery Apps,Convenience Nutrition Tools,When cooking is temporarily impossible due to overwhelm,"# 📱 Calm Down: Food Delivery Apps

**When cooking is temporarily impossible due to overwhelm**

- Try strategically use food delivery apps when the thought of cooking feels overwhelming
- Try budget for this as necessary support for managing adhd, ensuring that it's a temporary solution rather than a fallback
- Start small and build momentum
- Focus on progress, not perfection
","## 🌊 Pre-Meeting Panic

**The Challenge:** You have a big presentation in 30 minutes and your heart is racing.

**The Food Delivery Apps Solution:**
1. Take 5 deep breaths, counting to 4 on each
2. List 3 things you know you do well
3. Splash cool water on your wrists
4. Remind yourself: ""I can handle whatever happens""

**Why This Works:** Small steps prevent overwhelm → builds momentum → creates sustainable progress!

---

## 🌊 Social Event Overwhelm

**The Challenge:** You're at a party and feeling overstimulated - too many voices, lights, and expectations.

**The Food Delivery Apps Solution:**
1. Step outside or find a quiet corner
2. Focus on 3 things you can see clearly
3. Take slow breaths through your nose
4. Give yourself permission to leave early if needed

**Why This Works:** Small steps prevent overwhelm → builds momentum → creates sustainable progress!

## 💡 ADHD Pro Tips

**For Low Energy Days:** Cut the steps in half - even 1 step is progress!

**For Hyperfocus Days:** Set a timer so you don't burn out.

**For Rejection Sensitive Days:** Remember - this is about helping yourself, not being perfect.

",Burned out,Defeated,"Managing Emotional Dysregulation, Overcoming Procrastination, Quick Task Management","Poor Time Estimation, Sensory Overload","Decision Fatigue, Emotional Dysregulation, Working Memory Engagement","Minimizes Friction, Reduces Decision Fatigue",,"Burnout, Low Energy, Overstimulated",,Gamification,"Gamified, Sensory",Decision Making,,,Overthinking,,Include healthy ordering strategies and budget planning tips,$$,,,,,,smartphone
No,Food Prep Containers,Meal Organization System,When food storage is disorganized and unappealing,"# ⚙️ Get Organized: Food Prep Containers

**When food storage is disorganized and unappealing**

- Try invest in high-quality, clear food storage containers to make meal prep and leftovers more appealing
- Use this when this strategy helps combat time blindness by providing an organized visual structure,  choose stackable containers with secure lids to minimize chaos in your fridge and enhance your working memory by creating a clear meal organization system
- Start small and build momentum
- Focus on progress, not perfection
","## 🧹 Kitchen Disaster Zone

**The Challenge:** Your kitchen looks like a food tornado hit it. Dirty dishes everywhere, counters covered in clutter.

**The Food Prep Containers Solution:**
1. Start with just the sink area (5 minutes)
2. Load dishwasher or wash one sink of dishes
3. Clear one counter completely
4. Wipe down that clean counter to see the victory

**Why This Works:** Small steps prevent overwhelm → builds momentum → creates sustainable progress!

---

## 🧹 Bedroom Clothes Mountain

**The Challenge:** Clean and dirty clothes live together in mysterious piles around your room.

**The Food Prep Containers Solution:**
1. Make three piles: clean, dirty, donate
2. Put away just the clean clothes first
3. Toss dirty clothes in hamper
4. Set a timer for 15 minutes max

**Why This Works:** Small steps prevent overwhelm → builds momentum → creates sustainable progress!

## 💡 ADHD Pro Tips

**For Low Energy Days:** Cut the steps in half - even 1 step is progress!

**For Hyperfocus Days:** Set a timer so you don't burn out.

**For Rejection Sensitive Days:** Remember - this is about helping yourself, not being perfect.

",Frustrated,Defeated,,"Can't Finish, Disorganized","Executive Dysfunction, Time Blindness, Working Memory Engagement","Externalizes Tasks, Minimizes Friction",,"Frozen/Shut Down, Overwhelmed, Wired but Tired",,Gamification,"Gamified, Visual",Planning,,,"Avoidant, Frozen, Time Blind",,Include container selection criteria and organization tips,$$,,,,,,settings
No,Fresh Start Effect,Temporal Landmark Strategy,When you need motivation to restart good habits,"### ✨ Fresh Starts Matter

Use natural fresh start moments like Mondays or the first of the month to initiate new habits or revive old ones. This strategy is particularly beneficial for those with ADHD, as it helps combat task initiation difficulties by making change feel more achievable and significant.","## ⚡ Afternoon Energy Crash

**The Challenge:** By 2 PM, you feel like a phone with 5% battery. Everything seems impossible.

**The Fresh Start Effect Solution:**
1. Step outside for 5 minutes of sunlight
2. Do 10 jumping jacks or stretch
3. Drink a full glass of water
4. Listen to one energizing song

**Why This Works:** Small steps prevent overwhelm → builds momentum → creates sustainable progress!

---

## ⚡ Monday Morning Motivation Deficit

**The Challenge:** Monday mornings feel like climbing Mount Everest in flip-flops.

**The Fresh Start Effect Solution:**
1. Prep something you enjoy for Monday morning
2. Set one tiny, achievable goal for the day
3. Reward yourself for just showing up
4. Connect with a friend or colleague early on

**Why This Works:** Small steps prevent overwhelm → builds momentum → creates sustainable progress!

## 💡 ADHD Pro Tips

**For Low Energy Days:** Cut the steps in half - even 1 step is progress!

**For Hyperfocus Days:** Set a timer so you don't burn out.

**For Rejection Sensitive Days:** Remember - this is about helping yourself, not being perfect.

",Drained,Stuck,"Maintaining Focus, Task Initiation","Can't Start, Poor Time Estimation","Emotional Dysregulation, Task Initiation, Working Memory Engagement","Breaks Down Complexity, Frees Up Working Memory, Starts Small",,"Low Energy, Wired but Tired",,"Gamified, Routine",Gamified,,,,"Avoidant, Frozen",,Include fresh start timing strategies and habit restart techniques,Free,,,,,,brush
No,Friday Afternoon Shutdown Ritual,Week Closure Routine,When work thoughts intrude on personal time,"# 🔄 Time Helper: Friday Afternoon Shutdown Ritual

**When work thoughts intrude on personal time**

- Try **end each week with a simple review and planning session
- Try **

- set a weekly alarm for friday at 4pm
- list 3 things you accomplished this week
- write down 3 priorities for next week
- close your computer and celebrate the week
- Start small and build momentum
- Focus on progress, not perfection
","## ⏰ Morning Routine Chaos

**The Challenge:** Every morning feels like rushing through a tornado. You're always late and forget important things.

**The Friday Afternoon Shutdown Ritual Solution:**
1. Set up everything the night before
2. Use a simple checklist by the door
3. Build in 10 extra minutes as buffer time
4. Celebrate when you leave on time

**Why This Works:** Small steps prevent overwhelm → builds momentum → creates sustainable progress!

---

## ⏰ Work Deadline Stress

**The Challenge:** Project deadlines sneak up on you, causing last-minute panic and all-nighters.

**The Friday Afternoon Shutdown Ritual Solution:**
1. Break the project into 15-minute chunks
2. Schedule specific times for each chunk
3. Set daily check-in reminders
4. Reward yourself for staying on track

**Why This Works:** Small steps prevent overwhelm → builds momentum → creates sustainable progress!

## 💡 ADHD Pro Tips

**For Low Energy Days:** Cut the steps in half - even 1 step is progress!

**For Hyperfocus Days:** Set a timer so you don't burn out.

**For Rejection Sensitive Days:** Remember - this is about helping yourself, not being perfect.

",Frustrated,Defeated,"Focus Enhancement, Maintaining Focus, Task Initiation Support","Can't Finish, Task Initiation","Executive Dysfunction, Task Initiation, Time Blindness","Externalizes Tasks, Frees Up Working Memory, Provides External Structure",,"Crash Recovery, Low Energy, Shutdown",,Routine,"Reflective Practice, Visual","Planning, Time Planning, Work",,,"Discouraged, Frozen",,Include ritual ideas for different work situations and transition activities,Free,,,,,,map
No,Fridge Door Inventory Tracker,Freezer Contents List,When you forget what food you have stored,"# 📝 Fridge Door Inventory Tracker Strategy

**When you forget what food you have stored**

- Try stick a whiteboard on your freezer door to track what’s inside without the hassle of digging through frozen chaos
- Use this when this visual tool helps overcome working memory failures by externalizing your inventory,  as you add items, simply write them down and cross them off when used, ensuring nothing gets forgotten and helping combat time blindness
- Start small and build momentum
- Focus on progress, not perfection
","## ✨ Daily Life Challenge

**The Challenge:** You're struggling with situations where When you forget what food you have stored.

**The Fridge Door Inventory Tracker Solution:**
1. Start with the smallest possible step
2. Set a timer for 15 minutes maximum
3. Focus on progress, not perfection
4. Celebrate any forward movement

**Why This Works:** Small steps prevent overwhelm → builds momentum → creates sustainable progress!

## 💡 ADHD Pro Tips

**For Low Energy Days:** Cut the steps in half - even 1 step is progress!

**For Hyperfocus Days:** Set a timer so you don't burn out.

**For Rejection Sensitive Days:** Remember - this is about helping yourself, not being perfect.

",Forgetful,Hopeless,"Managing Emotional Dysregulation, Overcoming Procrastination, Quick Task Management","Forgetful, Time Blindness","Time Blindness, Working Memory Failures","Externalizes Tasks, Frees Up Working Memory",,"Burnout, Crash Recovery, Overwhelmed",,Checklist,Visual,Self-Compassion,,,Discouraged,,Include template designs and magnetic whiteboard recommendations,$,Reddit /r/ADHDWomen,,,,,refrigerator
No,Frozen Vegetables,Nutrition Without Effort,When fresh produce preparation feels overwhelming,"# ✨ Calm Down: Frozen Vegetables

**When fresh produce preparation feels overwhelming**

- Try **keep frozen veggies on hand for easy nutrition
- Try **

- pre-washed and pre-chopped
- add to any meal in 2 minutes
- steam in microwave or toss in pan
- cheap way to add nutrients
- Start small and build momentum
- Focus on progress, not perfection
","## 🌊 Pre-Meeting Panic

**The Challenge:** You have a big presentation in 30 minutes and your heart is racing.

**The Frozen Vegetables Solution:**
1. Take 5 deep breaths, counting to 4 on each
2. List 3 things you know you do well
3. Splash cool water on your wrists
4. Remind yourself: ""I can handle whatever happens""

**Why This Works:** Small steps prevent overwhelm → builds momentum → creates sustainable progress!

---

## 🌊 Social Event Overwhelm

**The Challenge:** You're at a party and feeling overstimulated - too many voices, lights, and expectations.

**The Frozen Vegetables Solution:**
1. Step outside or find a quiet corner
2. Focus on 3 things you can see clearly
3. Take slow breaths through your nose
4. Give yourself permission to leave early if needed

**Why This Works:** Small steps prevent overwhelm → builds momentum → creates sustainable progress!

## 💡 ADHD Pro Tips

**For Low Energy Days:** Cut the steps in half - even 1 step is progress!

**For Hyperfocus Days:** Set a timer so you don't burn out.

**For Rejection Sensitive Days:** Remember - this is about helping yourself, not being perfect.

",Drained,Stuck,"Quick Task Management, Starting Something Hard, Task Initiation Support","Can't Start, Task Initiation",Task Initiation,"Minimizes Friction, Starts Small",,"Crash Recovery, Low Energy, Overwhelmed",,Checklist,"Incremental Motivation, Task Simplification","Task Initiation, Task Initiation Support",,,"Discouraged, Frozen, Time Blind",,Include cooking tips and nutritional comparisons with fresh vegetables,$,,,,,,layout
No,Future Self Check-In: Will This Matter?,Perspective Reality Check,When small problems feel catastrophic,"# ✨ Future Self Check-In: Will This Matter? Strategy

**When small problems feel catastrophic**

- Take a deep breath and ask yourself, ""Will this matter in a week, month, or year
- Use this when "" this quick reality check helps alleviate overwhelming feelings by breaking down complexity, essential for managing time blindness and emotional dysregulation
- Start small and build momentum
- Focus on progress, not perfection
","## ✨ Daily Life Challenge

**The Challenge:** You're struggling with situations where When small problems feel catastrophic.

**The Future Self Check-In: Will This Matter? Solution:**
1. Start with the smallest possible step
2. Set a timer for 15 minutes maximum
3. Focus on progress, not perfection
4. Celebrate any forward movement

**Why This Works:** Small steps prevent overwhelm → builds momentum → creates sustainable progress!

## 💡 ADHD Pro Tips

**For Low Energy Days:** Cut the steps in half - even 1 step is progress!

**For Hyperfocus Days:** Set a timer so you don't burn out.

**For Rejection Sensitive Days:** Remember - this is about helping yourself, not being perfect.

",Overwhelmed,Frustrated,"Being Kinder to Myself, Calming Down","Anxiety Management, Can't Start","Emotional Dysregulation, Time Blindness, Working Memory Engagement","Breaks Down Complexity, Frees Up Working Memory, Starts Small",,"Burnout, Overwhelmed",,"Accountability, Mindset Shift, Quick Fix","Reflective Practice, Visual","Emotional Regulation, Self-Compassion",,,"Frozen, Overthinking",,Include perspective questions for different time frames and situations,Free,The Anti-Planner by Dani Donovan,,,,,eye
No,Gaming Headsets,Immersive Focus Tools,When environmental noise severely disrupts focus,"# 🎯 Focus Boost: Gaming Headsets

**When environmental noise severely disrupts focus**

- Try **use gaming headsets to block distractions and focus
- Try **

- great sound isolation
- comfortable for long wear
- often cheaper than ""work"" headphones
- clear signal to others that you're focused
- Start small and build momentum
- Focus on progress, not perfection
","## 🎯 Zoom Meeting Brain Fog

**The Challenge:** You're in an important video call but your mind keeps wandering to random thoughts.

**The Gaming Headsets Solution:**
1. Take notes by hand (engages your brain)
2. Repeat key points in your head
3. Use fidget tools off-camera
4. Sit in a spot with minimal distractions

**Why This Works:** Small steps prevent overwhelm → builds momentum → creates sustainable progress!

---

## 🎯 Study Session Struggles

**The Challenge:** You sit down to study but end up reading the same paragraph 5 times without absorbing it.

**The Gaming Headsets Solution:**
1. Read for just 10 minutes at a time
2. Summarize each section out loud
3. Use a fidget or stress ball while reading
4. Take movement breaks between sections

**Why This Works:** Small steps prevent overwhelm → builds momentum → creates sustainable progress!

## 💡 ADHD Pro Tips

**For Low Energy Days:** Cut the steps in half - even 1 step is progress!

**For Hyperfocus Days:** Set a timer so you don't burn out.

**For Rejection Sensitive Days:** Remember - this is about helping yourself, not being perfect.

",Overstimulated,Overwhelmed,"Starting Something Hard, Staying focused","Can't Focus, Sensory Overload, Time Blind","Task Initiation, Time Blindness, Working Memory Engagement",Frees Up Working Memory,"Rural, Urban","Overstimulated, Overwhelmed",,"Accountability, Gamification, Mindset Shift","Interactive, Sensory","Time Planning, Work",,,"Avoidant, Frozen",,Include headset features for focus and comfort considerations,$$,,,,,,home
No,Gentle Alarm Sounds,Sensory-Friendly Wake-Up,When harsh alarms create morning anxiety,"# 👫 Calm Down: Gentle Alarm Sounds

**When harsh alarms create morning anxiety**

- Try **replace harsh alarm beeps with gentle, gradually increasing sounds
- Try **

- choose nature sounds, chimes, or soft music
- set volume to start low and increase
- reduces morning anxiety and stress
- makes waking up less jarring
- Start small and build momentum
- Focus on progress, not perfection
","## 🌊 Pre-Meeting Panic

**The Challenge:** You have a big presentation in 30 minutes and your heart is racing.

**The Gentle Alarm Sounds Solution:**
1. Take 5 deep breaths, counting to 4 on each
2. List 3 things you know you do well
3. Splash cool water on your wrists
4. Remind yourself: ""I can handle whatever happens""

**Why This Works:** Small steps prevent overwhelm → builds momentum → creates sustainable progress!

---

## 🌊 Social Event Overwhelm

**The Challenge:** You're at a party and feeling overstimulated - too many voices, lights, and expectations.

**The Gentle Alarm Sounds Solution:**
1. Step outside or find a quiet corner
2. Focus on 3 things you can see clearly
3. Take slow breaths through your nose
4. Give yourself permission to leave early if needed

**Why This Works:** Small steps prevent overwhelm → builds momentum → creates sustainable progress!

## 💡 ADHD Pro Tips

**For Low Energy Days:** Cut the steps in half - even 1 step is progress!

**For Hyperfocus Days:** Set a timer so you don't burn out.

**For Rejection Sensitive Days:** Remember - this is about helping yourself, not being perfect.

",Stuck,Overwhelmed,"Calming Down, Starting Something Hard","Anxious, Can't Start, Sensory Overload","Decision Fatigue, Emotional Dysregulation, Task Initiation","Emotional Regulation, Minimizes Friction",,"Low Energy, Overwhelmed, Wired but Tired",,Gamification,"Gamified, Sensory","Emotional Regulation, Time Planning",,,,,Include alarm sound recommendations and wake-up light options,Free,,,,,,alarm-clock
No,Get Dressed,Daily Activation Ritual,When staying in pajamas is affecting your motivation,"# ✨ Energy Hack: Get Dressed

**When staying in pajamas is affecting your motivation**

- Try **change out of pajamas into real clothes to shift into action mode
- Use this when **

- pick clothes the night before if possible
- keep simple outfit options ready
- even changing into different comfy clothes helps
- notice how it changes your energy
- Start small and build momentum
- Focus on progress, not perfection
","## ⚡ Afternoon Energy Crash

**The Challenge:** By 2 PM, you feel like a phone with 5% battery. Everything seems impossible.

**The Get Dressed Solution:**
1. Step outside for 5 minutes of sunlight
2. Do 10 jumping jacks or stretch
3. Drink a full glass of water
4. Listen to one energizing song

**Why This Works:** Small steps prevent overwhelm → builds momentum → creates sustainable progress!

---

## ⚡ Monday Morning Motivation Deficit

**The Challenge:** Monday mornings feel like climbing Mount Everest in flip-flops.

**The Get Dressed Solution:**
1. Prep something you enjoy for Monday morning
2. Set one tiny, achievable goal for the day
3. Reward yourself for just showing up
4. Connect with a friend or colleague early on

**Why This Works:** Small steps prevent overwhelm → builds momentum → creates sustainable progress!

## 💡 ADHD Pro Tips

**For Low Energy Days:** Cut the steps in half - even 1 step is progress!

**For Hyperfocus Days:** Set a timer so you don't burn out.

**For Rejection Sensitive Days:** Remember - this is about helping yourself, not being perfect.

",Drained,Stuck,"Staying focused, Task Initiation","Can't Start, Poor Time Estimation","Emotional Dysregulation, Inertia, Task Initiation","Frees Up Working Memory, Minimizes Friction",Work From Home,"Crash Recovery, Low Energy, Wired but Tired",,Gamification,"Gamified, Interactive","Focus Enhancement, Task Initiation Support",,,,,Include clothing suggestions for different work-from-home situations,Free,,,,,,repeat
No,Give Yourself a Deadline,Artificial Urgency Creation,When tasks without deadlines keep getting postponed,"# 🚨 Give Yourself a Deadline Strategy

**When tasks without deadlines keep getting postponed**

- Try **create fake deadlines for tasks that don't have them
- Try **

- pick a realistic but motivating deadline
- tell someone else about it for accountability
- set calendar reminders leading up to it
- reward yourself when you meet it
- Start small and build momentum
- Focus on progress, not perfection
","## ⏰ Morning Routine Chaos

**The Challenge:** Every morning feels like rushing through a tornado. You're always late and forget important things.

**The Give Yourself a Deadline Solution:**
1. Set up everything the night before
2. Use a simple checklist by the door
3. Build in 10 extra minutes as buffer time
4. Celebrate when you leave on time

**Why This Works:** Small steps prevent overwhelm → builds momentum → creates sustainable progress!

---

## ⏰ Work Deadline Stress

**The Challenge:** Project deadlines sneak up on you, causing last-minute panic and all-nighters.

**The Give Yourself a Deadline Solution:**
1. Break the project into 15-minute chunks
2. Schedule specific times for each chunk
3. Set daily check-in reminders
4. Reward yourself for staying on track

**Why This Works:** Small steps prevent overwhelm → builds momentum → creates sustainable progress!

## 💡 ADHD Pro Tips

**For Low Energy Days:** Cut the steps in half - even 1 step is progress!

**For Hyperfocus Days:** Set a timer so you don't burn out.

**For Rejection Sensitive Days:** Remember - this is about helping yourself, not being perfect.

",Drained,Stuck,"Overcoming Procrastination, Staying focused, Task Initiation","Can't Start, Poor Time Estimation","Inertia, Time Blindness, Working Memory Engagement","Externalizes Tasks, Gamifies Action",,"Burnout, Low Energy, Wired but Tired",,"Accountability, Challenge, Gamification",Gamified,"Time Planning, Work",Working Professional,Job Search,,,Include deadline creation strategies and accountability methods,Free,The Anti-Planner by Dani Donovan,,,,,calendar-x
No,Good Enough is Good Enough,Perfectionism Release,When perfectionism is preventing task completion,"# ✨ Good Enough is Good Enough Strategy

**When perfectionism is preventing task completion**

- Use this when choose ""good enough"" instead of perfect to help you overcome perfectionism
- Try this strategy allows you to complete tasks without getting stuck in endless revisions, which can hinder task initiation and lead to feelings of being overwhelmed
- Try by recognizing when something is ""good enough,"" you can maintain momentum and move forward, freeing up your working memory for other important tasks
","## ✨ Daily Life Challenge

**The Challenge:** You're struggling with situations where When perfectionism is preventing task completion.

**The Good Enough is Good Enough Solution:**
1. Start with the smallest possible step
2. Set a timer for 15 minutes maximum
3. Focus on progress, not perfection
4. Celebrate any forward movement

**Why This Works:** Small steps prevent overwhelm → builds momentum → creates sustainable progress!

## 💡 ADHD Pro Tips

**For Low Energy Days:** Cut the steps in half - even 1 step is progress!

**For Hyperfocus Days:** Set a timer so you don't burn out.

**For Rejection Sensitive Days:** Remember - this is about helping yourself, not being perfect.

",Stuck,Overwhelmed,"Focus Enhancement, Overcoming Procrastination, Task Initiation","Can't Decide, Can't Finish","Decision Fatigue, Perfectionism, Working Memory Engagement","Frees Up Working Memory, Gamifies Action, Reduces Decision Fatigue",,"Burnout, Shutdown, Wired but Tired",,Gamification,"Gamified, Sensory","Decision Making, Focus Enhancement, Task Initiation",,Recently Moved,,,"Include perfectionism recognition signs and ""good enough"" standards for different tasks",Free,The Anti-Planner by Dani Donovan,,,,,refresh-cw
No,Google Calendar Time Blocking,Visual Schedule Management,When important activities get squeezed out by other commitments,"# ⏰ Time Helper: Google Calendar Time Blocking

**When important activities get squeezed out by other commitments**

- Set aside time to block time in your calendar for specific activities, just like you would for meetings
- Set aside time to this strategy externalizes tasks, making them visible and reducing time blindness, a common challenge for those with adhd
- Use this when by scheduling important tasks like ""gym: 6-7pm,"" you create a structured plan that helps initiate tasks and prevents overbooking,
","## ⏰ Morning Routine Chaos

**The Challenge:** Every morning feels like rushing through a tornado. You're always late and forget important things.

**The Google Calendar Time Blocking Solution:**
1. Set up everything the night before
2. Use a simple checklist by the door
3. Build in 10 extra minutes as buffer time
4. Celebrate when you leave on time

**Why This Works:** Small steps prevent overwhelm → builds momentum → creates sustainable progress!

---

## ⏰ Work Deadline Stress

**The Challenge:** Project deadlines sneak up on you, causing last-minute panic and all-nighters.

**The Google Calendar Time Blocking Solution:**
1. Break the project into 15-minute chunks
2. Schedule specific times for each chunk
3. Set daily check-in reminders
4. Reward yourself for staying on track

**Why This Works:** Small steps prevent overwhelm → builds momentum → creates sustainable progress!

## 💡 ADHD Pro Tips

**For Low Energy Days:** Cut the steps in half - even 1 step is progress!

**For Hyperfocus Days:** Set a timer so you don't burn out.

**For Rejection Sensitive Days:** Remember - this is about helping yourself, not being perfect.

",Frustrated,Defeated,"Managing my schedule, Planning my time, Task Initiation Support","Can't Finish, Task Initiation","Executive Dysfunction, Task Structuring, Time Blindness","Externalizes Tasks, Frees Up Working Memory",,"Overstimulated, Wired but Tired",,Gamification,"Gamified, Interactive","Planning, Time Planning",Working Professional,,,,Include time blocking strategies and calendar optimization tips,Free,,,,,,calendar
No,GPS Navigation Apps,Travel Support Tools,When travel timing creates anxiety and planning challenges,"# 🤝 Calm Down: GPS Navigation Apps

**When travel timing creates anxiety and planning challenges**

- Use GPS navigation apps for every trip, even on familiar routes, to receive real-time traffic updates and accurate arrival times
- Use this when this strategy helps combat time blindness by providing reliable timing information, significantly reducing travel anxiety
- Set aside time to implementing this tool ensures you can plan your schedule more effectively and tackle the challenges of poor time estimation
","## 🌊 Pre-Meeting Panic

**The Challenge:** You have a big presentation in 30 minutes and your heart is racing.

**The GPS Navigation Apps Solution:**
1. Take 5 deep breaths, counting to 4 on each
2. List 3 things you know you do well
3. Splash cool water on your wrists
4. Remind yourself: ""I can handle whatever happens""

**Why This Works:** Small steps prevent overwhelm → builds momentum → creates sustainable progress!

---

## 🌊 Social Event Overwhelm

**The Challenge:** You're at a party and feeling overstimulated - too many voices, lights, and expectations.

**The GPS Navigation Apps Solution:**
1. Step outside or find a quiet corner
2. Focus on 3 things you can see clearly
3. Take slow breaths through your nose
4. Give yourself permission to leave early if needed

**Why This Works:** Small steps prevent overwhelm → builds momentum → creates sustainable progress!

## 💡 ADHD Pro Tips

**For Low Energy Days:** Cut the steps in half - even 1 step is progress!

**For Hyperfocus Days:** Set a timer so you don't burn out.

**For Rejection Sensitive Days:** Remember - this is about helping yourself, not being perfect.

",Anxious,Stressed,"Managing my schedule, Planning my time, Task Initiation Support","Anxiety Management, Can't Start, Poor Time Estimation",Time Blindness,"Breaks Down Complexity, Creates Accountability, Gamifies Action",,"Crash Recovery, Low Energy, Wired but Tired",,Gamification,Gamified,"Planning, Time Planning",,,,,Include navigation features and backup route planning,Free,,,,,,smartphone
No,Grime & Punishment,Cleaning Hero Game,When cleaning feels boring and overwhelming,"# 🧹 Calm Down: Grime & Punishment

**When cleaning feels boring and overwhelming**

- Try transform cleaning into a fun quest by imagining you're a hero tackling the villain 'grime
- Use this when '  as you clean, envision yourself gathering evidence like a detective, which keeps your working memory engaged and helps you stay focused
- Try add character backstories or tracking sheets for evidence collection to further enhance motivation and organization
","## 🧹 Kitchen Disaster Zone

**The Challenge:** Your kitchen looks like a food tornado hit it. Dirty dishes everywhere, counters covered in clutter.

**The Grime & Punishment Solution:**
1. Start with just the sink area (5 minutes)
2. Load dishwasher or wash one sink of dishes
3. Clear one counter completely
4. Wipe down that clean counter to see the victory

**Why This Works:** Small steps prevent overwhelm → builds momentum → creates sustainable progress!

---

## 🧹 Bedroom Clothes Mountain

**The Challenge:** Clean and dirty clothes live together in mysterious piles around your room.

**The Grime & Punishment Solution:**
1. Make three piles: clean, dirty, donate
2. Put away just the clean clothes first
3. Toss dirty clothes in hamper
4. Set a timer for 15 minutes max

**Why This Works:** Small steps prevent overwhelm → builds momentum → creates sustainable progress!

## 💡 ADHD Pro Tips

**For Low Energy Days:** Cut the steps in half - even 1 step is progress!

**For Hyperfocus Days:** Set a timer so you don't burn out.

**For Rejection Sensitive Days:** Remember - this is about helping yourself, not being perfect.

",Drained,Stuck,"Cleaning Up, Resetting My Space, Task Initiation","Can't Start, Disorganized","Executive Dysfunction, Task Initiation, Working Memory Engagement","Breaks Down Complexity, Frees Up Working Memory, Gamifies Action",,Low Energy,,"Challenge, Gamified, Mindset Shift","Gamified, Interactive","Cleaning, Emotional Regulation, Task Initiation",,,,,"Add character backstories and ""evidence collection"" tracking sheets",Free,The Anti-Planner by Dani Donovan,,,,,broom
No,Grocery Apps,Shopping Support Tools,When grocery shopping feels chaotic and overwhelming,"# 🤝 Calm Down: Grocery Apps

**When grocery shopping feels chaotic and overwhelming**

- Use grocery apps to create organized shopping lists and navigate stores efficiently
- Use this when this strategy helps combat decision fatigue and improves task initiation, making grocery shopping less overwhelming
- Start small and build momentum
- Focus on progress, not perfection
","## 🌊 Pre-Meeting Panic

**The Challenge:** You have a big presentation in 30 minutes and your heart is racing.

**The Grocery Apps Solution:**
1. Take 5 deep breaths, counting to 4 on each
2. List 3 things you know you do well
3. Splash cool water on your wrists
4. Remind yourself: ""I can handle whatever happens""

**Why This Works:** Small steps prevent overwhelm → builds momentum → creates sustainable progress!

---

## 🌊 Social Event Overwhelm

**The Challenge:** You're at a party and feeling overstimulated - too many voices, lights, and expectations.

**The Grocery Apps Solution:**
1. Step outside or find a quiet corner
2. Focus on 3 things you can see clearly
3. Take slow breaths through your nose
4. Give yourself permission to leave early if needed

**Why This Works:** Small steps prevent overwhelm → builds momentum → creates sustainable progress!

## 💡 ADHD Pro Tips

**For Low Energy Days:** Cut the steps in half - even 1 step is progress!

**For Hyperfocus Days:** Set a timer so you don't burn out.

**For Rejection Sensitive Days:** Remember - this is about helping yourself, not being perfect.

",Stuck,Overwhelmed,"Focus Enhancement, Overcoming Procrastination, Quick Task Management",Avoidant,"Decision Fatigue, Task Initiation, Working Memory Engagement","Externalizes Tasks, Frees Up Working Memory, Reduces Decision Fatigue",,"Low Energy, Overwhelmed, Wired but Tired",,"Checklist, Routine","Sensory, Task Simplification, Time Management",,,,,,Include shopping efficiency features and meal planning integration,$,,,,,,shopping-cart
No,Habit Anchor System,Routine Building Chain,When you want to build new habits consistently,"# 🔄 Get Organized: Habit Anchor System

**When you want to build new habits consistently**

- Try attach new habits to those you already do well to boost your chances of sticking with them
- Try for example, take your vitamins right after brushing your teeth to create a seamless daily anchor and improve task initiation
- Start small and build momentum
- Focus on progress, not perfection
","## ✨ Daily Life Challenge

**The Challenge:** You're struggling with situations where When you want to build new habits consistently.

**The Habit Anchor System Solution:**
1. Start with the smallest possible step
2. Set a timer for 15 minutes maximum
3. Focus on progress, not perfection
4. Celebrate any forward movement

**Why This Works:** Small steps prevent overwhelm → builds momentum → creates sustainable progress!

## 💡 ADHD Pro Tips

**For Low Energy Days:** Cut the steps in half - even 1 step is progress!

**For Hyperfocus Days:** Set a timer so you don't burn out.

**For Rejection Sensitive Days:** Remember - this is about helping yourself, not being perfect.

",Forgetful,Ashamed,"Managing my schedule, Planning my time, Task Initiation Support","Avoidant, Forgetful, Poor Time Estimation","Task Structuring, Working Memory Failures","Breaking Down Complexity, Externalizes Tasks, Starts Small",,"Crash Recovery, Low Energy, Wired but Tired",,Routine,"Incremental Engagement, Time Management","Planning, Time Planning",,,,,Include anchor habit examples and chain-building strategies,Free,,,,,,repeat
No,Habit Stacking,Routine Linking Strategy,When you want to build new habits,"# 🔄 Build Habits: Habit Stacking

**When you want to build new habits**

- Try attach new habits to existing ones by creating a chain, like saying, ""after i brush my teeth, i'll take my vitamins
- Try "" this strategy leverages working memory by linking new behaviors to established routines, making them easier to remember
- Start small and build momentum
- Focus on progress, not perfection
","## ✨ Daily Life Challenge

**The Challenge:** You're struggling with situations where When you want to build new habits.

**The Habit Stacking Solution:**
1. Start with the smallest possible step
2. Set a timer for 15 minutes maximum
3. Focus on progress, not perfection
4. Celebrate any forward movement

**Why This Works:** Small steps prevent overwhelm → builds momentum → creates sustainable progress!

## 💡 ADHD Pro Tips

**For Low Energy Days:** Cut the steps in half - even 1 step is progress!

**For Hyperfocus Days:** Set a timer so you don't burn out.

**For Rejection Sensitive Days:** Remember - this is about helping yourself, not being perfect.

",Forgetful,Ashamed,"Managing my schedule, Planning my time, Task Initiation Support","Forgetful, Poor Time Estimation, Task Initiation",Working Memory Failures,"Breaks Down Complexity, Externalizes Tasks, Frees Up Working Memory",,Wired but Tired,,Routine,"Interactive, Task Simplification, Time Management","Planning, Time Planning",,,,,Include habit stacking examples and chain-building strategies,Free,,,,,,repeat
No,Habit Tracking Apps,Behavior Support Tools,When building habits needs visual reinforcement,"# 🤝 Build Habits: Habit Tracking Apps

**When building habits needs visual reinforcement**

- Use habit tracking apps to make building routines more engaging and rewarding
- Use this when these tools help with working memory by providing visual streaks and instant rewards for consistency,  celebrate milestones within the app to boost motivation and accountability, ensuring you stay on track with your goals
- Start small and build momentum
- Focus on progress, not perfection
","## ✨ Daily Life Challenge

**The Challenge:** You're struggling with situations where When building habits needs visual reinforcement.

**The Habit Tracking Apps Solution:**
1. Start with the smallest possible step
2. Set a timer for 15 minutes maximum
3. Focus on progress, not perfection
4. Celebrate any forward movement

**Why This Works:** Small steps prevent overwhelm → builds momentum → creates sustainable progress!

## 💡 ADHD Pro Tips

**For Low Energy Days:** Cut the steps in half - even 1 step is progress!

**For Hyperfocus Days:** Set a timer so you don't burn out.

**For Rejection Sensitive Days:** Remember - this is about helping yourself, not being perfect.

",Forgetful,Ashamed,"Managing my schedule, Planning my time, Quick Task Management","Disorganized, Poor Time Estimation, Task Initiation",Working Memory Failures,"Creates Accountability, Dopamine Activation",,Low Energy,,"Gamified, Routine","Gamified, Incremental Motivation, Visual","Planning, Time Planning",,,,,Include motivating features and habit selection strategies,$,,,,,,info
No,Hammock Reset,Nervous System Reset,When you're overstimulated and need a reset,"# ⚙️ Get Organized: Hammock Reset

**When you're overstimulated and need a reset**

- Use this when escape to a hammock for 15-30 minutes to help your brain reset when feeling overwhelmed
- Try the gentle rocking motion not only frees up working memory but also creates a soothing environment that combats sensory overload
- Try this brief retreat can drastically improve focus and clarity,
","## ✨ Daily Life Challenge

**The Challenge:** You're struggling with situations where When you're overstimulated and need a reset.

**The Hammock Reset Solution:**
1. Start with the smallest possible step
2. Set a timer for 15 minutes maximum
3. Focus on progress, not perfection
4. Celebrate any forward movement

**Why This Works:** Small steps prevent overwhelm → builds momentum → creates sustainable progress!

## 💡 ADHD Pro Tips

**For Low Energy Days:** Cut the steps in half - even 1 step is progress!

**For Hyperfocus Days:** Set a timer so you don't burn out.

**For Rejection Sensitive Days:** Remember - this is about helping yourself, not being perfect.

",Overstimulated,Overwhelmed,"Calming Down, Overcoming Procrastination, Resetting My Space","Avoidant, Sensory Overload","Emotional Dysregulation, Time Blindness, Working Memory Engagement","Frees Up Working Memory, Meets You Where You Are, Provides External Structure",,"Low Energy, Overstimulated, Overwhelmed",,Checklist,"Embodied, Sensory","Emotional Regulation, Sensory Management",,,,,Suggest alternatives like rocking chairs or swings for those without hammocks,$,Reddit /r/ADHDWomen,,,,,settings
No,Hang Pants on Shower Rings,Closet Hack System,When traditional organization methods feel too complicated,"# ⚙️ Get Organized: Hang Pants on Shower Rings

**When traditional organization methods feel too complicated**

- Use shower curtain rings to hang your pants in the closet instead of folding them
- Use this when this method helps reduce task initiation barriers by making your pants easily visible and accessible, alleviating the overwhelm of traditional organization methods
- Try in just five minutes, you can transform a daunting chore into a simple task, keeping your space tidy and your mind clear
","## ✨ Daily Life Challenge

**The Challenge:** You're struggling with situations where When traditional organization methods feel too complicated.

**The Hang Pants on Shower Rings Solution:**
1. Start with the smallest possible step
2. Set a timer for 15 minutes maximum
3. Focus on progress, not perfection
4. Celebrate any forward movement

**Why This Works:** Small steps prevent overwhelm → builds momentum → creates sustainable progress!

## 💡 ADHD Pro Tips

**For Low Energy Days:** Cut the steps in half - even 1 step is progress!

**For Hyperfocus Days:** Set a timer so you don't burn out.

**For Rejection Sensitive Days:** Remember - this is about helping yourself, not being perfect.

",Drained,Stuck,"Cleaning Up, Overcoming Procrastination, Resetting My Space","Can't Start, Task Initiation",Task Initiation,"Externalizes Tasks, Frees Up Working Memory",,"Crash Recovery, Low Energy, Wired but Tired",,Gamification,"Gamified, Sensory","Cleaning, Task Initiation",,,,,Include other unconventional organization hacks for different clothing types,$,Reddit /r/ADHD,,,,,battery
No,Health Tracking Apps,Wellness Monitoring Tools,When you need data to understand your ADHD patterns,"# 📱 Health Tracking Apps Strategy

**When you need data to understand your ADHD patterns**

- Use health tracking apps to log your sleep, exercise, mood, and symptoms
- Use this when this strategy helps you recognize patterns that may affect your adhd symptoms, reducing decision fatigue by providing clear data
- Start small and build momentum
- Focus on progress, not perfection
","## ✨ Daily Life Challenge

**The Challenge:** You're struggling with situations where When you need data to understand your ADHD patterns.

**The Health Tracking Apps Solution:**
1. Start with the smallest possible step
2. Set a timer for 15 minutes maximum
3. Focus on progress, not perfection
4. Celebrate any forward movement

**Why This Works:** Small steps prevent overwhelm → builds momentum → creates sustainable progress!

## 💡 ADHD Pro Tips

**For Low Energy Days:** Cut the steps in half - even 1 step is progress!

**For Hyperfocus Days:** Set a timer so you don't burn out.

**For Rejection Sensitive Days:** Remember - this is about helping yourself, not being perfect.

",Frustrated,Defeated,"Focus Enhancement, Managing Emotional Dysregulation, Task Initiation Support","Can't Finish, Task Initiation","Decision Fatigue, Executive Dysfunction, Task Initiation","Breaking Down Complexity, Cognitive Load Management, Executive Function Support",,"Low Energy, Wired but Tired",,Checklist,Visual,Planning,,,,,Include tracking categories and pattern recognition strategies,$,,,,,,footprints
No,Help-Asking Script,Request Help Template,When you need help but don't know how to ask,"# 🆘 Help-Asking Script Strategy

**When you need help but don't know how to ask**

- Write down who can help and what you need from them
- Use this when this strategy transforms the daunting task of asking for help into manageable steps, addressing task initiation challenges
- Try by having a clear mini-script ready, you lower the anxiety of reaching out,  this proactive approach can significantly boost your confidence and clarity when seeking support
","## ✨ Daily Life Challenge

**The Challenge:** You're struggling with situations where When you need help but don't know how to ask.

**The Help-Asking Script Solution:**
1. Start with the smallest possible step
2. Set a timer for 15 minutes maximum
3. Focus on progress, not perfection
4. Celebrate any forward movement

**Why This Works:** Small steps prevent overwhelm → builds momentum → creates sustainable progress!

## 💡 ADHD Pro Tips

**For Low Energy Days:** Cut the steps in half - even 1 step is progress!

**For Hyperfocus Days:** Set a timer so you don't burn out.

**For Rejection Sensitive Days:** Remember - this is about helping yourself, not being perfect.

",Stuck,Overwhelmed,"Maintaining Focus, Overcoming Procrastination, Starting Something Hard","Anxious, Can't Start","Emotional Dysregulation, Task Initiation","Externalizes Tasks, Starts Small",,"Burnout, Low Energy",,Checklist,Visual,"Emotional Regulation, Time Planning",,,,,Include templates for different types of help requests,Free,The Anti-Planner by Dani Donovan,,,,,help-circle
No,Home Automation,Friction Reduction Technology,When routine tasks create unnecessary mental load,"# 💻 Build Habits: Home Automation

**When routine tasks create unnecessary mental load**

- Set up smart home devices to manage routine activities like turning lights on/off and adjusting the thermostat
- Try this strategy reduces decision fatigue by automating simple tasks,
- Start small and build momentum
- Focus on progress, not perfection
","## ✨ Daily Life Challenge

**The Challenge:** You're struggling with situations where When routine tasks create unnecessary mental load.

**The Home Automation Solution:**
1. Start with the smallest possible step
2. Set a timer for 15 minutes maximum
3. Focus on progress, not perfection
4. Celebrate any forward movement

**Why This Works:** Small steps prevent overwhelm → builds momentum → creates sustainable progress!

## 💡 ADHD Pro Tips

**For Low Energy Days:** Cut the steps in half - even 1 step is progress!

**For Hyperfocus Days:** Set a timer so you don't burn out.

**For Rejection Sensitive Days:** Remember - this is about helping yourself, not being perfect.

",Forgetful,Scattered,"Managing my schedule, Planning my time, Task Initiation Support","Disorganized, Forgetful","Decision Fatigue, Task Structuring, Working Memory Failures","Breaks Down Complexity, Externalizes Tasks, Minimizes Friction",,,,"Environmental Hack, Routine","Interactive, Task Simplification","Planning, Work",,,,,Include automation ideas for different home areas and budget considerations,$$$,,,,,,home
No,Hooks Everywhere,Accessibility Organization,When frequently used items get misplaced,"# ✨ Hooks Everywhere Strategy

**When frequently used items get misplaced**

- Try install hooks in strategic locations throughout your home for items you frequently misplace, like keys and bags
- Use this when this simple action helps combat working memory failures by providing a designated spot,  for best results, place hooks at eye level and near entrances to encourage task initiation whenever you come home
- Start small and build momentum
- Focus on progress, not perfection
","## ✨ Daily Life Challenge

**The Challenge:** You're struggling with situations where When frequently used items get misplaced.

**The Hooks Everywhere Solution:**
1. Start with the smallest possible step
2. Set a timer for 15 minutes maximum
3. Focus on progress, not perfection
4. Celebrate any forward movement

**Why This Works:** Small steps prevent overwhelm → builds momentum → creates sustainable progress!

## 💡 ADHD Pro Tips

**For Low Energy Days:** Cut the steps in half - even 1 step is progress!

**For Hyperfocus Days:** Set a timer so you don't burn out.

**For Rejection Sensitive Days:** Remember - this is about helping yourself, not being perfect.

",Forgetful,Ashamed,"Cleaning Up, Quick Task Management, Task Initiation Support","Can't Focus, Disorganized, Task Initiation","Environmental Cues, Task Initiation, Working Memory Failures","Frees Up Working Memory, Minimizes Friction, Starts Small",,"Burnout, Crash Recovery, Low Energy",,"Checklist, Gamified",Gamified,"Cleaning, Planning",,,,,Include hook placement strategies and item-specific recommendations,$,,,,,,home
No,Hydration Hero Challenge,Gamified Hydration System,When dehydration is worsening ADHD symptoms,"# ⚙️ Get Organized: Hydration Hero Challenge

**When dehydration is worsening ADHD symptoms**

- Try turn hydration into a daily quest
- Try place water bottles in strategic locations with different colored bands
- Use this when each time you finish a bottle, you unlock that spot, which helps combat time blindness and forgetfulness by providing a clear visual cue
- Try aim to unlock all locations daily to boost your hydration and keep your energy up for better focus
","## ✨ Daily Life Challenge

**The Challenge:** You're struggling with situations where When dehydration is worsening ADHD symptoms.

**The Hydration Hero Challenge Solution:**
1. Start with the smallest possible step
2. Set a timer for 15 minutes maximum
3. Focus on progress, not perfection
4. Celebrate any forward movement

**Why This Works:** Small steps prevent overwhelm → builds momentum → creates sustainable progress!

## 💡 ADHD Pro Tips

**For Low Energy Days:** Cut the steps in half - even 1 step is progress!

**For Hyperfocus Days:** Set a timer so you don't burn out.

**For Rejection Sensitive Days:** Remember - this is about helping yourself, not being perfect.

",Forgetful,Ashamed,"Focus Enhancement, Quick Task Management, Task Initiation Support","Disorganized, Poor Time Estimation, Task Initiation","Environmental Cues, Task Structuring, Working Memory Failures","Breaks Down Complexity, Externalizes Tasks, Gamifies Action",,"Low Energy, Overwhelmed, Restless",,"Challenge, Engaging Gamification, Gamification",Gamified,"Planning, Work",,,,,Adds location-based unlocking game with colored bands,$,,,,,,trophy
No,Hydration Tracking Apps,Health Monitoring Tools,When dehydration is affecting cognitive function,"# 📱 Hydration Tracking Apps Strategy

**When dehydration is affecting cognitive function**

- Use hydration tracking apps to set reminders and visualize your water intake
- Use this when staying properly hydrated can combat dehydration-related cognitive issues, helping with executive functions like working memory and task initiation
- Set aside time to customize your hydration goals in the app to effectively manage your time and maintain optimal brain function
","## ✨ Daily Life Challenge

**The Challenge:** You're struggling with situations where When dehydration is affecting cognitive function.

**The Hydration Tracking Apps Solution:**
1. Start with the smallest possible step
2. Set a timer for 15 minutes maximum
3. Focus on progress, not perfection
4. Celebrate any forward movement

**Why This Works:** Small steps prevent overwhelm → builds momentum → creates sustainable progress!

## 💡 ADHD Pro Tips

**For Low Energy Days:** Cut the steps in half - even 1 step is progress!

**For Hyperfocus Days:** Set a timer so you don't burn out.

**For Rejection Sensitive Days:** Remember - this is about helping yourself, not being perfect.

",Forgetful,Ashamed,"Managing my schedule, Planning my time, Task Initiation Support","Disorganized, Poor Time Estimation, Task Initiation","Decision Fatigue, Task Initiation, Working Memory Failures","Frees Up Working Memory, Gamifies Action",,,,Gamification,"Gamified, Interactive","Planning, Time Planning",,,,,Include hydration goal setting and reminder customization,$,,,,,,volume-2
No,Hyperfocus Surfing,Productive Hyperfocus Management,When hyperfocus energy can be channeled productively,"# 🎯 Focus Boost: Hyperfocus Surfing

**When hyperfocus energy can be channeled productively**

- Try channel your hyperfocus into productive tasks when it arises
- Try instead of resisting the urge to hyperfocus, redirect your attention to activities that are beneficial, such as organizing or project research
- Use this when this strategy helps combat time blindness by transforming potential distractions into opportunities for achievement,
","## 🎯 Zoom Meeting Brain Fog

**The Challenge:** You're in an important video call but your mind keeps wandering to random thoughts.

**The Hyperfocus Surfing Solution:**
1. Take notes by hand (engages your brain)
2. Repeat key points in your head
3. Use fidget tools off-camera
4. Sit in a spot with minimal distractions

**Why This Works:** Small steps prevent overwhelm → builds momentum → creates sustainable progress!

---

## 🎯 Study Session Struggles

**The Challenge:** You sit down to study but end up reading the same paragraph 5 times without absorbing it.

**The Hyperfocus Surfing Solution:**
1. Read for just 10 minutes at a time
2. Summarize each section out loud
3. Use a fidget or stress ball while reading
4. Take movement breaks between sections

**Why This Works:** Small steps prevent overwhelm → builds momentum → creates sustainable progress!

## 💡 ADHD Pro Tips

**For Low Energy Days:** Cut the steps in half - even 1 step is progress!

**For Hyperfocus Days:** Set a timer so you don't burn out.

**For Rejection Sensitive Days:** Remember - this is about helping yourself, not being perfect.

",Forgetful,Wired,"Starting Something Hard, Staying focused","Can't Focus, Forgetful, Poor Time Estimation","Inertia, Time Blindness, Working Memory Engagement","Frees Up Working Memory, Gamifies Action, Starts Small",,"Restless, Wired but Tired",,Gamification,"Gamified, Sensory","Focus Enhancement, Task Initiation Support",,,,,Include redirection strategies and productive hyperfocus targets,Free,,,,,,crosshair
No,"I Don't Want To, But I'm Going To",Motivation Override Phrase,When you need to act despite lacking motivation,"# 🚀 Energy Hack: I Don't Want To, But I'm Going To

**When you need to act despite lacking motivation**

- Try ""  by verbalizing your intention, you activate your working memory,
- Start small and build momentum
- Focus on progress, not perfection
","## ⚡ Afternoon Energy Crash

**The Challenge:** By 2 PM, you feel like a phone with 5% battery. Everything seems impossible.

**The I Don't Want To, But I'm Going To Solution:**
1. Step outside for 5 minutes of sunlight
2. Do 10 jumping jacks or stretch
3. Drink a full glass of water
4. Listen to one energizing song

**Why This Works:** Small steps prevent overwhelm → builds momentum → creates sustainable progress!

---

## ⚡ Monday Morning Motivation Deficit

**The Challenge:** Monday mornings feel like climbing Mount Everest in flip-flops.

**The I Don't Want To, But I'm Going To Solution:**
1. Prep something you enjoy for Monday morning
2. Set one tiny, achievable goal for the day
3. Reward yourself for just showing up
4. Connect with a friend or colleague early on

**Why This Works:** Small steps prevent overwhelm → builds momentum → creates sustainable progress!

## 💡 ADHD Pro Tips

**For Low Energy Days:** Cut the steps in half - even 1 step is progress!

**For Hyperfocus Days:** Set a timer so you don't burn out.

**For Rejection Sensitive Days:** Remember - this is about helping yourself, not being perfect.

",Drained,Stuck,"Cleaning Up, Overcoming Resistance, Task Initiation","Avoidant, Can't Start","Inertia, Task Initiation, Working Memory Engagement","Dopamine Activation, Frees Up Working Memory, Minimizes Friction",,Low Energy,,Gamification,"Gamified, Interactive","Cleaning, Task Initiation",,,,,Include variations of the phrase and motivation-independent action strategies,Free,The Anti-Planner by Dani Donovan,,,,,refresh-cw
No,If/Then Planning,Conditional Action Planning,When you need predetermined responses to common challenges,"# ✨ If/Then Planning Strategy

**When you need predetermined responses to common challenges**

- Create specific if/then plans for common ADHD challenges
- Try for example, “if i feel overwhelmed, then i’ll take a 5-minute walk
- Use this when ” this strategy helps combat decision fatigue and automates helpful responses,
","## ✨ Daily Life Challenge

**The Challenge:** You're struggling with situations where When you need predetermined responses to common challenges.

**The If/Then Planning Solution:**
1. Start with the smallest possible step
2. Set a timer for 15 minutes maximum
3. Focus on progress, not perfection
4. Celebrate any forward movement

**Why This Works:** Small steps prevent overwhelm → builds momentum → creates sustainable progress!

## 💡 ADHD Pro Tips

**For Low Energy Days:** Cut the steps in half - even 1 step is progress!

**For Hyperfocus Days:** Set a timer so you don't burn out.

**For Rejection Sensitive Days:** Remember - this is about helping yourself, not being perfect.

",Stuck,Overwhelmed,"Starting Something Hard, Staying focused","Anxiety Management, Cannot Finish","Decision Fatigue, Executive Dysfunction, Task Initiation","Breaking Down Complexity, Frees Up Working Memory, Minimizes Friction",,"Burnout, Overstimulated",,Gamification,"Gamified, Visual","Emotional Regulation, Task Initiation Support",,,,,Include if/then templates for common ADHD situations,Free,,,,,,map
No,Inbox Zero,Email Management System,When email overwhelm is affecting productivity,"### ✉️ Email Management Made Easy
Process emails immediately using the 4 D's: delete, delegate, do, or defer.","## 🌊 Pre-Meeting Panic

**The Challenge:** You have a big presentation in 30 minutes and your heart is racing.

**The Inbox Zero Solution:**
1. Take 5 deep breaths, counting to 4 on each
2. List 3 things you know you do well
3. Splash cool water on your wrists
4. Remind yourself: ""I can handle whatever happens""

**Why This Works:** Small steps prevent overwhelm → builds momentum → creates sustainable progress!

---

## 🌊 Social Event Overwhelm

**The Challenge:** You're at a party and feeling overstimulated - too many voices, lights, and expectations.

**The Inbox Zero Solution:**
1. Step outside or find a quiet corner
2. Focus on 3 things you can see clearly
3. Take slow breaths through your nose
4. Give yourself permission to leave early if needed

**Why This Works:** Small steps prevent overwhelm → builds momentum → creates sustainable progress!

## 💡 ADHD Pro Tips

**For Low Energy Days:** Cut the steps in half - even 1 step is progress!

**For Hyperfocus Days:** Set a timer so you don't burn out.

**For Rejection Sensitive Days:** Remember - this is about helping yourself, not being perfect.

",Frustrated,Defeated,Quick Task Management,"Avoidant, Can't Finish",Executive Dysfunction,"Externalizes Tasks, Minimizes Friction",,"Burnout, Crash Recovery, Overwhelmed",,"Gamification, Quick Fix",Gamified,"Emails, Focus Enhancement, Task Initiation Support",Working Professional,Recently Moved,,,Include email organization tips and automation suggestions,Free,,,,,,check-circle
No,Instant Calm Breathing,Quick Regulation Technique,When you need quick anxiety or overwhelm relief,"# 😌 Quick Win: Instant Calm Breathing

**When you need quick anxiety or overwhelm relief**

- Try quickly regulate your anxiety with effective breathing methods
- Use 4-7-8 breathing to inhale for 4 counts, hold for 7, and exhale for 8 to help clear your mind and improve working memory when feeling overwhelmed
- Try after just a few rounds, you'll find it easier to focus and manage your emotions
","## 🌊 Pre-Meeting Panic

**The Challenge:** You have a big presentation in 30 minutes and your heart is racing.

**The Instant Calm Breathing Solution:**
1. Take 5 deep breaths, counting to 4 on each
2. List 3 things you know you do well
3. Splash cool water on your wrists
4. Remind yourself: ""I can handle whatever happens""

**Why This Works:** Small steps prevent overwhelm → builds momentum → creates sustainable progress!

---

## 🌊 Social Event Overwhelm

**The Challenge:** You're at a party and feeling overstimulated - too many voices, lights, and expectations.

**The Instant Calm Breathing Solution:**
1. Step outside or find a quiet corner
2. Focus on 3 things you can see clearly
3. Take slow breaths through your nose
4. Give yourself permission to leave early if needed

**Why This Works:** Small steps prevent overwhelm → builds momentum → creates sustainable progress!

## 💡 ADHD Pro Tips

**For Low Energy Days:** Cut the steps in half - even 1 step is progress!

**For Hyperfocus Days:** Set a timer so you don't burn out.

**For Rejection Sensitive Days:** Remember - this is about helping yourself, not being perfect.

",Overstimulated,Overwhelmed,"Being Kinder to Myself, Calming Down","Anxiety Management, Poor Time Estimation","Emotional Dysregulation, Task Initiation, Working Memory Engagement","Emotional Regulation, Externalizes Tasks, Frees Up Working Memory",,"Overstimulated, Overwhelmed",,"Mindset Shift, Quick Fix, Routine","Mindful Awareness, Reflective Practice","Emails, Emotional Regulation",Working Professional,,,,Include different breathing techniques and when to use each one,Free,,,,,,wind
No,Instant Pot,One-Pot Cooking Solution,When traditional cooking requires too much attention,"# ⚡ Focus Boost: Instant Pot

**When traditional cooking requires too much attention**

- Use a pressure cooker to simplify cooking by  This approach is especially beneficial for those with ADHD, as it reduces the demand on working memory and minimizes the risk of burning food due to distractions
- Try to get started, look for beginner-friendly recipes and always keep safety tips in mind to make your cooking experience stress-free
- Start small and build momentum
- Focus on progress, not perfection
","## 🎯 Zoom Meeting Brain Fog

**The Challenge:** You're in an important video call but your mind keeps wandering to random thoughts.

**The Instant Pot Solution:**
1. Take notes by hand (engages your brain)
2. Repeat key points in your head
3. Use fidget tools off-camera
4. Sit in a spot with minimal distractions

**Why This Works:** Small steps prevent overwhelm → builds momentum → creates sustainable progress!

---

## 🎯 Study Session Struggles

**The Challenge:** You sit down to study but end up reading the same paragraph 5 times without absorbing it.

**The Instant Pot Solution:**
1. Read for just 10 minutes at a time
2. Summarize each section out loud
3. Use a fidget or stress ball while reading
4. Take movement breaks between sections

**Why This Works:** Small steps prevent overwhelm → builds momentum → creates sustainable progress!

## 💡 ADHD Pro Tips

**For Low Energy Days:** Cut the steps in half - even 1 step is progress!

**For Hyperfocus Days:** Set a timer so you don't burn out.

**For Rejection Sensitive Days:** Remember - this is about helping yourself, not being perfect.

",Forgetful,Stressed,,"Forgetful, Poor Time Estimation",Working Memory Failures,"Frees Up Working Memory, Gamifies Action, Starts Small",,"Burnout, Crash Recovery",,Gamification,"Gamified, Sensory",Work,,,,,Include beginner-friendly recipes and safety tips,$$,,,,,,home
No,Interruptions & Interventions,Focus Protection Strategy,When specific distractions keep derailing you,"# 🎯 Focus Boost: Interruptions & Interventions

**When specific distractions keep derailing you**

- Try track your distractions and pair each one with a specific solution to enhance focus
- Try for example, if phone notifications disrupt your concentration, use focus mode and keep your phone in another room
- Use this when this strategy supports working memory by providing a clear plan to handle distractions, minimizing overwhelm, and helping you stay on task
- Set aside time to over time, your personalized list will serve as a quick reference for maintaining focus during challenging work sessions
","## 🎯 Zoom Meeting Brain Fog

**The Challenge:** You're in an important video call but your mind keeps wandering to random thoughts.

**The Interruptions & Interventions Solution:**
1. Take notes by hand (engages your brain)
2. Repeat key points in your head
3. Use fidget tools off-camera
4. Sit in a spot with minimal distractions

**Why This Works:** Small steps prevent overwhelm → builds momentum → creates sustainable progress!

---

## 🎯 Study Session Struggles

**The Challenge:** You sit down to study but end up reading the same paragraph 5 times without absorbing it.

**The Interruptions & Interventions Solution:**
1. Read for just 10 minutes at a time
2. Summarize each section out loud
3. Use a fidget or stress ball while reading
4. Take movement breaks between sections

**Why This Works:** Small steps prevent overwhelm → builds momentum → creates sustainable progress!

## 💡 ADHD Pro Tips

**For Low Energy Days:** Cut the steps in half - even 1 step is progress!

**For Hyperfocus Days:** Set a timer so you don't burn out.

**For Rejection Sensitive Days:** Remember - this is about helping yourself, not being perfect.

",Scattered,Overwhelmed,"Overcoming Procrastination, Staying focused, Task Initiation","Can't Focus, Forgetful, Sensory Overload","Decision Fatigue, Emotional Dysregulation, Working Memory Engagement","Emotional Regulation, Externalizes Tasks, Minimizes Friction",Work From Home,"Overstimulated, Wired but Tired",,"Accountability, Journal Prompt",Visual,"Emotional Regulation, Focus Enhancement, Work",,,,,Provide common distraction categories and solution templates,Free,The Anti-Planner by Dani Donovan,,,,,sliders
No,Invisible Finish Line,Completion Visualization,When the end result is more motivating than the process,"# 🏁 Finish Strong: Invisible Finish Line

**When the end result is more motivating than the process**

- Try imagine yourself completing the task and the relief that follows
- Use this when this strategy helps combat low motivation and encourages task initiation by focusing on the positive feelings associated with finishing
- Use this visualization to spark your motivation and push past time blindness
","## ⚡ Afternoon Energy Crash

**The Challenge:** By 2 PM, you feel like a phone with 5% battery. Everything seems impossible.

**The Invisible Finish Line Solution:**
1. Step outside for 5 minutes of sunlight
2. Do 10 jumping jacks or stretch
3. Drink a full glass of water
4. Listen to one energizing song

**Why This Works:** Small steps prevent overwhelm → builds momentum → creates sustainable progress!

---

## ⚡ Monday Morning Motivation Deficit

**The Challenge:** Monday mornings feel like climbing Mount Everest in flip-flops.

**The Invisible Finish Line Solution:**
1. Prep something you enjoy for Monday morning
2. Set one tiny, achievable goal for the day
3. Reward yourself for just showing up
4. Connect with a friend or colleague early on

**Why This Works:** Small steps prevent overwhelm → builds momentum → creates sustainable progress!

## 💡 ADHD Pro Tips

**For Low Energy Days:** Cut the steps in half - even 1 step is progress!

**For Hyperfocus Days:** Set a timer so you don't burn out.

**For Rejection Sensitive Days:** Remember - this is about helping yourself, not being perfect.

",Drained,Stuck,"Focus Enhancement, Overcoming Procrastination, Task Initiation Support","Can't Start, Poor Time Estimation","Task Initiation, Time Blindness, Working Memory Engagement","Frees Up Working Memory, Gamifies Action, Starts Small",,"Burnout, Low Energy",,Gamification,"Gamified, Interactive","Focus Enhancement, Task Initiation Support, Time Planning",,,,,Include visualization techniques for different types of tasks,Free,The Anti-Planner by Dani Donovan,,,,,refresh-cw
No,It's Not That Deep,Perspective Reminder,When small problems feel catastrophically large,"# ⏰ It's Not That Deep Strategy

**When small problems feel catastrophically large**

- Try pause and remind yourself that it's not a big deal
- Try it’s crucial for managing overwhelming feelings and enhances your working memory by freeing up mental space to refocus on what truly matters
- Use it when small problems loom large, and remember: everyone makes mistakes
","## ✨ Daily Life Challenge

**The Challenge:** You're struggling with situations where When small problems feel catastrophically large.

**The It's Not That Deep Solution:**
1. Start with the smallest possible step
2. Set a timer for 15 minutes maximum
3. Focus on progress, not perfection
4. Celebrate any forward movement

**Why This Works:** Small steps prevent overwhelm → builds momentum → creates sustainable progress!

## 💡 ADHD Pro Tips

**For Low Energy Days:** Cut the steps in half - even 1 step is progress!

**For Hyperfocus Days:** Set a timer so you don't burn out.

**For Rejection Sensitive Days:** Remember - this is about helping yourself, not being perfect.

",Overwhelmed,Frustrated,"Being Kinder to Myself, Calming Down","Anxiety Management, Can't Decide, Emotional Regulation","Decision Fatigue, Emotional Dysregulation, Working Memory Engagement","Breaking Down Complexity, Emotional Regulation, Frees Up Working Memory",,"Burnout, Overwhelmed",,Gamification,"Gamified, Visual","Emotional Regulation, Self-Compassion",,,,,Include perspective-checking questions and reality-testing techniques,Free,The Anti-Planner by Dani Donovan,,,,,brain
No,Jar of Awesome,Achievement Collection System,When you need reminders of your successes and positive moments,"# ⚙️ Get Organized: Jar of Awesome

**When you need reminders of your successes and positive moments**

- Create a physical jar where you drop in notes about your achievements, like compliments and completed tasks
- Use this when this strategy helps combat time blindness by providing tangible reminders of your successes when you're feeling down
- Try consider adding prompts for note-writing and decorating your jar to make it more engaging
","## ✨ Daily Life Challenge

**The Challenge:** You're struggling with situations where When you need reminders of your successes and positive moments.

**The Jar of Awesome Solution:**
1. Start with the smallest possible step
2. Set a timer for 15 minutes maximum
3. Focus on progress, not perfection
4. Celebrate any forward movement

**Why This Works:** Small steps prevent overwhelm → builds momentum → creates sustainable progress!

## 💡 ADHD Pro Tips

**For Low Energy Days:** Cut the steps in half - even 1 step is progress!

**For Hyperfocus Days:** Set a timer so you don't burn out.

**For Rejection Sensitive Days:** Remember - this is about helping yourself, not being perfect.

",Ashamed,Guilty,"Being Kinder to Myself, Finding motivation","Poor Time Estimation, Spiraling","Emotional Dysregulation, Time Blindness, Working Memory Engagement","Breaks Down Complexity, Externalizes Tasks, Gamifies Action",,Shutdown,,Gamified,Gamified,Self-Compassion,Working Professional,,,,Include note-writing prompts and jar decoration ideas,$,The Anti-Planner by Dani Donovan,,,,,layout
No,Journaling Apps,Reflection Support Tools,When emotional processing needs structured support,"# 🤝 Journaling Apps Strategy

**When emotional processing needs structured support**

- Use journaling apps with prompts to help process emotions and improve self-awareness
- Try these apps provide structured support,  by offering daily questions like ""what went well today
- Try "" they assist with task initiation, encouraging you to start writing instead of staring at a blank page
","## ✨ Daily Life Challenge

**The Challenge:** You're struggling with situations where When emotional processing needs structured support.

**The Journaling Apps Solution:**
1. Start with the smallest possible step
2. Set a timer for 15 minutes maximum
3. Focus on progress, not perfection
4. Celebrate any forward movement

**Why This Works:** Small steps prevent overwhelm → builds momentum → creates sustainable progress!

## 💡 ADHD Pro Tips

**For Low Energy Days:** Cut the steps in half - even 1 step is progress!

**For Hyperfocus Days:** Set a timer so you don't burn out.

**For Rejection Sensitive Days:** Remember - this is about helping yourself, not being perfect.

",Overwhelmed,Frustrated,"Calming Down, Managing Emotional Dysregulation, Task Initiation Support","Anxious, Task Initiation","Emotional Dysregulation, Task Initiation, Working Memory Engagement","Creates Accountability, Externalizes Tasks, Provides External Structure",,Overstimulated,,"Accountability, Checklist, Routine",,"Emotional Regulation, Self-Compassion",,,,,Include journaling prompt ideas and mood tracking benefits,$,,,,,,hand
No,Joy-Pairing: Make Dreaded Tasks Enjoyable,Task Joy-Pairing,When tasks feel boring and unmotivating,"# ✅ Joy-Pairing: Make Dreaded Tasks Enjoyable Strategy

**When tasks feel boring and unmotivating**

- Try pair tasks you dislike with enjoyable activities to make them less daunting
- Try for instance, listen to your favorite podcast only while cleaning
- Use this when this strategy addresses low motivation by activating dopamine, helping you overcome task initiation challenges and making mundane tasks more appealing
- Try by associating chores with enjoyable experiences, you'll find it easier to start and maintain focus
","## ⚡ Afternoon Energy Crash

**The Challenge:** By 2 PM, you feel like a phone with 5% battery. Everything seems impossible.

**The Joy-Pairing: Make Dreaded Tasks Enjoyable Solution:**
1. Step outside for 5 minutes of sunlight
2. Do 10 jumping jacks or stretch
3. Drink a full glass of water
4. Listen to one energizing song

**Why This Works:** Small steps prevent overwhelm → builds momentum → creates sustainable progress!

---

## ⚡ Monday Morning Motivation Deficit

**The Challenge:** Monday mornings feel like climbing Mount Everest in flip-flops.

**The Joy-Pairing: Make Dreaded Tasks Enjoyable Solution:**
1. Prep something you enjoy for Monday morning
2. Set one tiny, achievable goal for the day
3. Reward yourself for just showing up
4. Connect with a friend or colleague early on

**Why This Works:** Small steps prevent overwhelm → builds momentum → creates sustainable progress!

## 💡 ADHD Pro Tips

**For Low Energy Days:** Cut the steps in half - even 1 step is progress!

**For Hyperfocus Days:** Set a timer so you don't burn out.

**For Rejection Sensitive Days:** Remember - this is about helping yourself, not being perfect.

",Drained,Stuck,"Cleaning Up, Overcoming Procrastination, Resetting My Space","Avoidant, Can't Start","Inertia, Task Initiation","Dopamine Activation, Externalizes Tasks, Frees Up Working Memory",,"Crash Recovery, Low Energy, Wired but Tired",,"Checklist, Gamification, Routine",Gamified,"Cleaning, Emotional Regulation, Task Initiation",,,,,Create pairing suggestion lists for common dreaded tasks,Free,The Anti-Planner by Dani Donovan,,,,,check-square
No,Junk Drawer,Designated Chaos Zone,When miscellaneous items create clutter,"# ✨ Junk Drawer Strategy

**When miscellaneous items create clutter**

- Try designate one drawer as your official ""junk drawer"" where random items can temporarily live
- Use this when this strategy helps combat disorganization by providing a specific place for miscellaneous items, reducing clutter in your space and aiding your working memory by preventing distractions
- Try periodically clean out the drawer to maintain organization and avoid overwhelm,
","## ✨ Daily Life Challenge

**The Challenge:** You're struggling with situations where When miscellaneous items create clutter.

**The Junk Drawer Solution:**
1. Start with the smallest possible step
2. Set a timer for 15 minutes maximum
3. Focus on progress, not perfection
4. Celebrate any forward movement

**Why This Works:** Small steps prevent overwhelm → builds momentum → creates sustainable progress!

## 💡 ADHD Pro Tips

**For Low Energy Days:** Cut the steps in half - even 1 step is progress!

**For Hyperfocus Days:** Set a timer so you don't burn out.

**For Rejection Sensitive Days:** Remember - this is about helping yourself, not being perfect.

",Scattered,Frustrated,"Cleaning Up, Resetting My Space","Cannot Finish, Disorganized","Executive Dysfunction, Task Structuring, Working Memory Engagement","Frees Up Working Memory, Minimizes Friction, Starts Small",,Wired but Tired,,Checklist,Sensory,"Cleaning, Task Initiation Support",,,,,Include junk drawer organization tips and periodic cleanout strategies,Free,,,,,,battery
No,Just Do Something,Momentum Building Strategy,When task paralysis is preventing any progress,"### ⚡ Start Small to Build Momentum

  By taking small actions, you activate motivation and gradually build momentum, making larger tasks feel more manageable.","## ✨ Daily Life Challenge

**The Challenge:** You're struggling with situations where When task paralysis is preventing any progress.

**The Just Do Something Solution:**
1. Start with the smallest possible step
2. Set a timer for 15 minutes maximum
3. Focus on progress, not perfection
4. Celebrate any forward movement

**Why This Works:** Small steps prevent overwhelm → builds momentum → creates sustainable progress!

## 💡 ADHD Pro Tips

**For Low Energy Days:** Cut the steps in half - even 1 step is progress!

**For Hyperfocus Days:** Set a timer so you don't burn out.

**For Rejection Sensitive Days:** Remember - this is about helping yourself, not being perfect.

",Stuck,Overwhelmed,"Cleaning Up, Resetting My Space, Task Initiation",Can't Start,Task Initiation,"Gamifies Action, Starts Small",,"Crash Recovery, Low Energy, Overwhelmed",,Gamification,"Gamified, Interactive","Cleaning, Task Initiation",,,,,Include micro-action suggestions for common stuck situations,Free,The Anti-Planner by Dani Donovan,,,,,fast-forward
No,Just Start Anywhere,Perfectionism Override,When perfectionism is preventing you from starting,"# 🖼️ Get Started: Just Start Anywhere

**When perfectionism is preventing you from starting**

- Try give yourself permission to start anywhere, even if it feels like the wrong place
- Try this approach tackles task initiation challenges by
- Start small and build momentum
- Focus on progress, not perfection
","## 🚀 The Dreaded Email Inbox

**The Challenge:** You have 47 unread emails and the thought of opening them makes you want to hide.

**The Just Start Anywhere Solution:**
1. Set a timer for just 10 minutes
2. Delete obvious junk mail first (easy wins)
3. Respond to one simple email
4. Stop when timer goes off, celebrate progress

**Why This Works:** Small steps prevent overwhelm → builds momentum → creates sustainable progress!

---

## 🚀 Exercise Avoidance

**The Challenge:** You know you should work out, but the thought of a full gym session feels overwhelming.

**The Just Start Anywhere Solution:**
1. Put on workout clothes (that's it for now)
2. Walk around the block once
3. Do 5 pushups against the wall
4. Celebrate that you moved your body today

**Why This Works:** Small steps prevent overwhelm → builds momentum → creates sustainable progress!

## 💡 ADHD Pro Tips

**For Low Energy Days:** Cut the steps in half - even 1 step is progress!

**For Hyperfocus Days:** Set a timer so you don't burn out.

**For Rejection Sensitive Days:** Remember - this is about helping yourself, not being perfect.

",Stuck,Overwhelmed,"Maintaining Focus, Overcoming Procrastination, Task Initiation","Can't Decide, Can't Start","Decision Fatigue, Perfectionism, Task Initiation","Dopamine Activation, Minimizes Friction, Starts Small",,"Burnout, Overwhelmed, Shutdown",,"Checklist, Gamified",Gamified,"Task Initiation, Work",,,,,Include starting strategies for different types of tasks,Free,The Anti-Planner by Dani Donovan,,,,,brush
No,Keep Snacks Everywhere,Distributed Food Strategy,When meal timing is unpredictable or forgotten,"# ✨ Keep Snacks Everywhere Strategy

**When meal timing is unpredictable or forgotten**

- Try store non-perishable snacks in various spots like your car, desk drawer, and bag
- Try keep your energy up and maintain focus by ensuring you always have immediate food options available,
- Start small and build momentum
- Focus on progress, not perfection
","## ✨ Daily Life Challenge

**The Challenge:** You're struggling with situations where When meal timing is unpredictable or forgotten.

**The Keep Snacks Everywhere Solution:**
1. Start with the smallest possible step
2. Set a timer for 15 minutes maximum
3. Focus on progress, not perfection
4. Celebrate any forward movement

**Why This Works:** Small steps prevent overwhelm → builds momentum → creates sustainable progress!

## 💡 ADHD Pro Tips

**For Low Energy Days:** Cut the steps in half - even 1 step is progress!

**For Hyperfocus Days:** Set a timer so you don't burn out.

**For Rejection Sensitive Days:** Remember - this is about helping yourself, not being perfect.

",Forgetful,Stuck,"Managing my schedule, Overcoming Procrastination, Starting Something Hard","Can't Start, Forgetful, Poor Time Estimation","Time Blindness, Working Memory Failures","Frees Up Working Memory, Minimizes Friction, Starts Small",,"Burnout, Low Energy, Wired but Tired",,Checklist,"Interactive, Sensory Engagement",Cleaning,,,,,Include healthy snack suggestions and storage considerations,$,,,,,,grid
No,Key Lanyard System,Never-Lose-Keys Method,When you constantly lose your keys,"# ⚙️ Get Organized: Key Lanyard System

**When you constantly lose your keys**

- Try attach your keys to a lanyard or wristlet that you wear or hang on your bag
- Use this when this strategy helps combat working memory failures by ensuring your keys are always within reach, reducing the chances of misplacing them
- Start small and build momentum
- Focus on progress, not perfection
","## ✨ Daily Life Challenge

**The Challenge:** You're struggling with situations where When you constantly lose your keys.

**The Key Lanyard System Solution:**
1. Start with the smallest possible step
2. Set a timer for 15 minutes maximum
3. Focus on progress, not perfection
4. Celebrate any forward movement

**Why This Works:** Small steps prevent overwhelm → builds momentum → creates sustainable progress!

## 💡 ADHD Pro Tips

**For Low Energy Days:** Cut the steps in half - even 1 step is progress!

**For Hyperfocus Days:** Set a timer so you don't burn out.

**For Rejection Sensitive Days:** Remember - this is about helping yourself, not being perfect.

",Forgetful,Hopeless,"Focus Enhancement, Overcoming Procrastination, Quick Task Management","Disorganized, Forgetful",Working Memory Failures,"Externalizes Tasks, Minimizes Friction",,"Low Energy, Wired but Tired",,Checklist,,Focus Enhancement,,,,,Include lanyard style options and attachment methods for different bag types,$,Reddit /r/ADHDWomen,,,,,layout
No,Kitchen Entertainment System,Cooking Companion Strategy,When cooking feels boring and unmotivating,"# ⚙️ Get Organized: Kitchen Entertainment System

**When cooking feels boring and unmotivating**

- Try watch cooking shows or food videos while you prepare meals to make the experience more engaging
- Use this when this strategy helps combat low motivation and time blindness by providing a fun distraction,  to enhance the experience, consider adding show recommendations that align with your cooking goals and keep safety in mind while in the kitchen
- Start small and build momentum
- Focus on progress, not perfection
","## ⚡ Afternoon Energy Crash

**The Challenge:** By 2 PM, you feel like a phone with 5% battery. Everything seems impossible.

**The Kitchen Entertainment System Solution:**
1. Step outside for 5 minutes of sunlight
2. Do 10 jumping jacks or stretch
3. Drink a full glass of water
4. Listen to one energizing song

**Why This Works:** Small steps prevent overwhelm → builds momentum → creates sustainable progress!

---

## ⚡ Monday Morning Motivation Deficit

**The Challenge:** Monday mornings feel like climbing Mount Everest in flip-flops.

**The Kitchen Entertainment System Solution:**
1. Prep something you enjoy for Monday morning
2. Set one tiny, achievable goal for the day
3. Reward yourself for just showing up
4. Connect with a friend or colleague early on

**Why This Works:** Small steps prevent overwhelm → builds momentum → creates sustainable progress!

## 💡 ADHD Pro Tips

**For Low Energy Days:** Cut the steps in half - even 1 step is progress!

**For Hyperfocus Days:** Set a timer so you don't burn out.

**For Rejection Sensitive Days:** Remember - this is about helping yourself, not being perfect.

",Drained,Stuck,Finding motivation,"Avoidant, Poor Time Estimation, Task Initiation","Emotional Dysregulation, Inertia, Time Blindness","Externalizes Tasks, Frees Up Working Memory, Gamifies Action",,"Crash Recovery, Low Energy, Wired but Tired",,"Checklist, Routine",Interactive,"Emotional Regulation, Planning",,,,,Include show recommendations and safety considerations for kitchen entertainment,Free,The Anti-Planner by Dani Donovan,,,,,chef-hat
No,Laundry Basket in Every Room,Distributed Laundry System,When dirty clothes accumulate in multiple locations,"# ⚙️ Get Organized: Laundry Basket in Every Room

**When dirty clothes accumulate in multiple locations**

- Try place small laundry baskets or bags in each room where clothes tend to accumulate
- Use this when this simple strategy helps with task initiation by reducing the effort needed to start collecting dirty clothes
- Try instead of feeling overwhelmed by a single laundry basket far away, you can easily toss clothes into the nearest basket, making laundry day less daunting
- Use this when to enhance this system, consider developing a routine for collecting the baskets, which can help improve organization and reduce feelings of being overwhelmed
","## ✨ Daily Life Challenge

**The Challenge:** You're struggling with situations where When dirty clothes accumulate in multiple locations.

**The Laundry Basket in Every Room Solution:**
1. Start with the smallest possible step
2. Set a timer for 15 minutes maximum
3. Focus on progress, not perfection
4. Celebrate any forward movement

**Why This Works:** Small steps prevent overwhelm → builds momentum → creates sustainable progress!

## 💡 ADHD Pro Tips

**For Low Energy Days:** Cut the steps in half - even 1 step is progress!

**For Hyperfocus Days:** Set a timer so you don't burn out.

**For Rejection Sensitive Days:** Remember - this is about helping yourself, not being perfect.

",Drained,Stuck,"Cleaning Up, Resetting My Space, Task Initiation","Can't Start, Task Initiation","Task Initiation, Task Structuring, Working Memory Engagement","Breaks Down Complexity, Externalizes Tasks, Starts Small",,"Low Energy, Overwhelmed, Wired but Tired",,"Checklist, Routine",Sensory,"Cleaning, Task Initiation",,,,,Include basket placement strategies and collection routine suggestions,$,,,,,,washing-machine
No,Laundry Pods,Simplified Laundry Process,When laundry feels unnecessarily complicated,"# ✨ Laundry Pods Strategy

**When laundry feels unnecessarily complicated**

- Use pre-measured laundry pods instead of liquid detergent to make laundry feel less daunting
- Try this strategy tackles task initiation by removing the need to measure, which can often lead to procrastination
- Use this when by simplifying the process, you reduce decision fatigue and make it easier to start the task, helping to manage the overwhelm that comes with laundry
","## ✨ Daily Life Challenge

**The Challenge:** You're struggling with situations where When laundry feels unnecessarily complicated.

**The Laundry Pods Solution:**
1. Start with the smallest possible step
2. Set a timer for 15 minutes maximum
3. Focus on progress, not perfection
4. Celebrate any forward movement

**Why This Works:** Small steps prevent overwhelm → builds momentum → creates sustainable progress!

## 💡 ADHD Pro Tips

**For Low Energy Days:** Cut the steps in half - even 1 step is progress!

**For Hyperfocus Days:** Set a timer so you don't burn out.

**For Rejection Sensitive Days:** Remember - this is about helping yourself, not being perfect.

",Drained,Stuck,"Cleaning Up, Resetting My Space, Task Initiation Support","Can't Start, Task Initiation","Decision Fatigue, Task Initiation","Breaks Down Complexity, Reduces Decision Fatigue",,"Low Energy, Overwhelmed, Wired but Tired",,"Gamification, Gamified",Gamified,"Cleaning, Task Initiation, Task Initiation Support",,,,,Include cost comparison and environmental considerations,$,,,,,,washing-machine
No,Life Priority Audit,Commitment Reality Check,When you're overcommitted and overwhelmed,"# 🔝 Calm Down: Life Priority Audit

**When you're overcommitted and overwhelmed**

- Create a list of your current commitments and ask yourself: 'Do I truly want or need this
- Use this when ' this strategy helps combat time blindness by visually clarifying what you can keep, delegate, or drop
- Use a simple yes/no/maybe system to quickly identify commitments that weigh you down,
","## 🌊 Pre-Meeting Panic

**The Challenge:** You have a big presentation in 30 minutes and your heart is racing.

**The Life Priority Audit Solution:**
1. Take 5 deep breaths, counting to 4 on each
2. List 3 things you know you do well
3. Splash cool water on your wrists
4. Remind yourself: ""I can handle whatever happens""

**Why This Works:** Small steps prevent overwhelm → builds momentum → creates sustainable progress!

---

## 🌊 Social Event Overwhelm

**The Challenge:** You're at a party and feeling overstimulated - too many voices, lights, and expectations.

**The Life Priority Audit Solution:**
1. Step outside or find a quiet corner
2. Focus on 3 things you can see clearly
3. Take slow breaths through your nose
4. Give yourself permission to leave early if needed

**Why This Works:** Small steps prevent overwhelm → builds momentum → creates sustainable progress!

## 💡 ADHD Pro Tips

**For Low Energy Days:** Cut the steps in half - even 1 step is progress!

**For Hyperfocus Days:** Set a timer so you don't burn out.

**For Rejection Sensitive Days:** Remember - this is about helping yourself, not being perfect.

",Frustrated,Defeated,"Managing my schedule, Planning my time",Cannot Finish,"Executive Dysfunction, Task Structuring, Time Blindness","Externalizes Tasks, Minimizes Friction, Provides External Structure",,Overstimulated,,Checklist,"Task Simplification, Time Management, Visual","Planning, Time Planning",,,,,Provide commitment evaluation worksheets and graceful exit scripts,Free,The Anti-Planner by Dani Donovan,,,,,map
No,Light Therapy,Seasonal Mood Support,When seasonal changes worsen ADHD symptoms,"# 🤝 Light Therapy Strategy

**When seasonal changes worsen ADHD symptoms**

- Use bright light therapy for about 20 minutes each morning to help regulate your circadian rhythm and improve your mood, especially during the winter months when natural sunlight is scarce
- Set aside time to this strategy can combat time blindness and task initiation difficulties often experienced by individuals with adhd
- Start small and build momentum
- Focus on progress, not perfection
","## ⚡ Afternoon Energy Crash

**The Challenge:** By 2 PM, you feel like a phone with 5% battery. Everything seems impossible.

**The Light Therapy Solution:**
1. Step outside for 5 minutes of sunlight
2. Do 10 jumping jacks or stretch
3. Drink a full glass of water
4. Listen to one energizing song

**Why This Works:** Small steps prevent overwhelm → builds momentum → creates sustainable progress!

---

## ⚡ Monday Morning Motivation Deficit

**The Challenge:** Monday mornings feel like climbing Mount Everest in flip-flops.

**The Light Therapy Solution:**
1. Prep something you enjoy for Monday morning
2. Set one tiny, achievable goal for the day
3. Reward yourself for just showing up
4. Connect with a friend or colleague early on

**Why This Works:** Small steps prevent overwhelm → builds momentum → creates sustainable progress!

## 💡 ADHD Pro Tips

**For Low Energy Days:** Cut the steps in half - even 1 step is progress!

**For Hyperfocus Days:** Set a timer so you don't burn out.

**For Rejection Sensitive Days:** Remember - this is about helping yourself, not being perfect.

",Drained,Stuck,"Finding motivation, Overcoming Procrastination, Starting Something Hard","Can't Start, Poor Time Estimation","Emotional Dysregulation, Task Initiation, Time Blindness","Frees Up Working Memory, Gamifies Action",,"Crash Recovery, Low Energy, Wired but Tired",,Gamification,"Gamified, Interactive",Emotional Regulation,,,,,Include light therapy timing and safety guidelines,$$,,,,,,home
No,Location-Based Reminders,Context-Aware Memory Support,When timing-based reminders don't match your actual opportunities,"# 🤝 Location-Based Reminders Strategy

**When timing-based reminders don't match your actual opportunities**

- Set reminders based on your location to help you remember tasks like buying groceries or making calls when you arrive home
- Set aside time to this strategy combats time blindness by creating a more relevant prompt that aligns with your actual opportunities to act
- Start small and build momentum
- Focus on progress, not perfection
","## ✨ Daily Life Challenge

**The Challenge:** You're struggling with situations where When timing-based reminders don't match your actual opportunities.

**The Location-Based Reminders Solution:**
1. Start with the smallest possible step
2. Set a timer for 15 minutes maximum
3. Focus on progress, not perfection
4. Celebrate any forward movement

**Why This Works:** Small steps prevent overwhelm → builds momentum → creates sustainable progress!

## 💡 ADHD Pro Tips

**For Low Energy Days:** Cut the steps in half - even 1 step is progress!

**For Hyperfocus Days:** Set a timer so you don't burn out.

**For Rejection Sensitive Days:** Remember - this is about helping yourself, not being perfect.

",Forgetful,Stuck,"Overcoming Procrastination, Quick Task Management, Task Initiation","Can't Start, Forgetful, Poor Time Estimation","Time Blindness, Working Memory Engagement, Working Memory Failures","Externalizes Tasks, Frees Up Working Memory",,"Burnout, Crash Recovery, Low Energy",,Gamification,"Gamified, Sensory",Work,,,,,Include location reminder setup and practical use cases,Free,,,,,,bell
No,Low Energy Emergency Kit,Zombie Day Survival Kit,When you're having a low-energy day,"### ⚡️ Low Energy Survival Kit

Create a pre-made plan for those days when your brain feels offline. This kit helps with task initiation by offering a simple list of just three must-do tasks, along with easy snacks and uplifting music. By minimizing friction and allowing for comfortable choices, it activates dopamine and frees up your working memory,","## ⚡ Afternoon Energy Crash

**The Challenge:** By 2 PM, you feel like a phone with 5% battery. Everything seems impossible.

**The Low Energy Emergency Kit Solution:**
1. Step outside for 5 minutes of sunlight
2. Do 10 jumping jacks or stretch
3. Drink a full glass of water
4. Listen to one energizing song

**Why This Works:** Small steps prevent overwhelm → builds momentum → creates sustainable progress!

---

## ⚡ Monday Morning Motivation Deficit

**The Challenge:** Monday mornings feel like climbing Mount Everest in flip-flops.

**The Low Energy Emergency Kit Solution:**
1. Prep something you enjoy for Monday morning
2. Set one tiny, achievable goal for the day
3. Reward yourself for just showing up
4. Connect with a friend or colleague early on

**Why This Works:** Small steps prevent overwhelm → builds momentum → creates sustainable progress!

## 💡 ADHD Pro Tips

**For Low Energy Days:** Cut the steps in half - even 1 step is progress!

**For Hyperfocus Days:** Set a timer so you don't burn out.

**For Rejection Sensitive Days:** Remember - this is about helping yourself, not being perfect.

",Drained,Stuck,"Staying focused, Task Initiation","Can't Start, Poor Time Estimation","Emotional Dysregulation, Task Initiation, Working Memory Engagement","Gamifies Action, Minimizes Friction",,"Crash Recovery, Low Energy, Wired but Tired",,Gamification,"Gamified, Interactive","Planning, Task Initiation Support, Time Planning",,,,,Include different kit options for work days vs. rest days,Free,The Anti-Planner by Dani Donovan,,,,,battery
No,Low-Effort Meals,Minimal Energy Cooking,When cooking energy is very low,"# ⚡ Energy Hack: Low-Effort Meals

**When cooking energy is very low**

- Try keep a list of meals that require minimal effort and ingredients for when your energy is low
- Use this when this strategy helps combat decision fatigue,
- Start small and build momentum
- Focus on progress, not perfection
","## ⚡ Afternoon Energy Crash

**The Challenge:** By 2 PM, you feel like a phone with 5% battery. Everything seems impossible.

**The Low-Effort Meals Solution:**
1. Step outside for 5 minutes of sunlight
2. Do 10 jumping jacks or stretch
3. Drink a full glass of water
4. Listen to one energizing song

**Why This Works:** Small steps prevent overwhelm → builds momentum → creates sustainable progress!

---

## ⚡ Monday Morning Motivation Deficit

**The Challenge:** Monday mornings feel like climbing Mount Everest in flip-flops.

**The Low-Effort Meals Solution:**
1. Prep something you enjoy for Monday morning
2. Set one tiny, achievable goal for the day
3. Reward yourself for just showing up
4. Connect with a friend or colleague early on

**Why This Works:** Small steps prevent overwhelm → builds momentum → creates sustainable progress!

## 💡 ADHD Pro Tips

**For Low Energy Days:** Cut the steps in half - even 1 step is progress!

**For Hyperfocus Days:** Set a timer so you don't burn out.

**For Rejection Sensitive Days:** Remember - this is about helping yourself, not being perfect.

",Drained,Stuck,Finding motivation,Time Blind,"Decision Fatigue, Emotional Dysregulation, Time Blindness","Externalizes Tasks, Gamifies Action, Reduces Decision Fatigue",,Low Energy,,"Checklist, Gamified",Gamified,Decision Making,,,,,Include nutrition tips and ingredient staples for low-effort meals,Free,The Anti-Planner by Dani Donovan,,,,,utensils
No,Lunch Prep the Night Before,Evening Food Preparation,When morning routines are too rushed for meal prep,"# 🌙 Build Habits: Lunch Prep the Night Before

**When morning routines are too rushed for meal prep**

- Try pack your lunch the night before to take advantage of calmer evening moments
- Use this when this strategy helps combat decision fatigue in the morning,  by preparing a simple lunch—like a sandwich, fruit, and crackers—you free up your working memory for more pressing tasks in the morning
- Try plus, it makes it easier to initiate your day without feeling overwhelmed
","## ✨ Daily Life Challenge

**The Challenge:** You're struggling with situations where When morning routines are too rushed for meal prep.

**The Lunch Prep the Night Before Solution:**
1. Start with the smallest possible step
2. Set a timer for 15 minutes maximum
3. Focus on progress, not perfection
4. Celebrate any forward movement

**Why This Works:** Small steps prevent overwhelm → builds momentum → creates sustainable progress!

## 💡 ADHD Pro Tips

**For Low Energy Days:** Cut the steps in half - even 1 step is progress!

**For Hyperfocus Days:** Set a timer so you don't burn out.

**For Rejection Sensitive Days:** Remember - this is about helping yourself, not being perfect.

",Stuck,Overwhelmed,"Starting Something Hard, Task Initiation Support","Can't Finish, Can't Start","Decision Fatigue, Executive Dysfunction, Working Memory Engagement","Externalizes Tasks, Frees Up Working Memory, Reduces Decision Fatigue",,"Crash Recovery, Low Energy, Shutdown",,Gamification,"Gamified, Sensory","Time Planning, Work",,,,,Include make-ahead lunch ideas and storage tips,Free,,,,,,moon
No,Magic Dish Spray System,Effortless Cleaning Solution,When traditional dishwashing feels too overwhelming,"### ✨ Effortless Dish Cleaning

Spray on dish soap to eliminate scrubbing and soaking, transforming dishwashing into a quick spray-and-rinse process.  Use this approach when you're feeling drained or stuck,","## 🧹 Kitchen Disaster Zone

**The Challenge:** Your kitchen looks like a food tornado hit it. Dirty dishes everywhere, counters covered in clutter.

**The Magic Dish Spray System Solution:**
1. Start with just the sink area (5 minutes)
2. Load dishwasher or wash one sink of dishes
3. Clear one counter completely
4. Wipe down that clean counter to see the victory

**Why This Works:** Small steps prevent overwhelm → builds momentum → creates sustainable progress!

---

## 🧹 Bedroom Clothes Mountain

**The Challenge:** Clean and dirty clothes live together in mysterious piles around your room.

**The Magic Dish Spray System Solution:**
1. Make three piles: clean, dirty, donate
2. Put away just the clean clothes first
3. Toss dirty clothes in hamper
4. Set a timer for 15 minutes max

**Why This Works:** Small steps prevent overwhelm → builds momentum → creates sustainable progress!

## 💡 ADHD Pro Tips

**For Low Energy Days:** Cut the steps in half - even 1 step is progress!

**For Hyperfocus Days:** Set a timer so you don't burn out.

**For Rejection Sensitive Days:** Remember - this is about helping yourself, not being perfect.

",Drained,Stuck,"Cleaning Up, Resetting My Space, Task Initiation","Can't Start, Task Initiation",Task Initiation,"Breaks Down Complexity, Externalizes Tasks, Minimizes Friction",,"Low Energy, Overwhelmed, Wired but Tired",,Quick Fix,"Interactive, Task Simplification, Visual","Cleaning, Task Initiation",,,,,Include application tips and cost comparison with traditional dish soap,$,,,,,,trash-2
No,Magic Eraser,Effortless Cleaning Tool,When cleaning feels too difficult or time-consuming,"### ✨ Effortless Cleaning Magic

Grab a Magic Eraser and wet it to effortlessly remove scuff marks and stains. This simple tool helps bypass task initiation hurdles by making cleaning feel less daunting, encouraging you to tackle small tasks more frequently. Remember to check surface safety guidelines and consider bulk purchasing to keep your cleaning supplies ready at hand.","## ⏰ Morning Routine Chaos

**The Challenge:** Every morning feels like rushing through a tornado. You're always late and forget important things.

**The Magic Eraser Solution:**
1. Set up everything the night before
2. Use a simple checklist by the door
3. Build in 10 extra minutes as buffer time
4. Celebrate when you leave on time

**Why This Works:** Small steps prevent overwhelm → builds momentum → creates sustainable progress!

---

## ⏰ Work Deadline Stress

**The Challenge:** Project deadlines sneak up on you, causing last-minute panic and all-nighters.

**The Magic Eraser Solution:**
1. Break the project into 15-minute chunks
2. Schedule specific times for each chunk
3. Set daily check-in reminders
4. Reward yourself for staying on track

**Why This Works:** Small steps prevent overwhelm → builds momentum → creates sustainable progress!

## 💡 ADHD Pro Tips

**For Low Energy Days:** Cut the steps in half - even 1 step is progress!

**For Hyperfocus Days:** Set a timer so you don't burn out.

**For Rejection Sensitive Days:** Remember - this is about helping yourself, not being perfect.

",Drained,Stuck,"Cleaning Up, Overcoming Procrastination, Resetting My Space","Can't Start, Disorganized",Task Initiation,"Breaks Down Complexity, Starts Small",,Low Energy,,Gamification,Gamified,"Cleaning, Emotional Regulation, Task Initiation",,,,,Include surface safety guidelines and bulk purchasing tips,$,,,,,,broom
No,Make Your Bed,Morning Accomplishment Ritual,When you need an easy morning win,"# 🌅 Make Your Bed Strategy

**When you need an easy morning win**

- Make your bed each morning for an easy win that sets a positive tone for the day
- Use this when this quick task helps with task initiation, a common challenge for those with adhd, by providing a simple, actionable step to jumpstart your morning routine
- Try by creating a tidy space, you foster a sense of accomplishment and reduce distractions,
","## ✨ Daily Life Challenge

**The Challenge:** You're struggling with situations where When you need an easy morning win.

**The Make Your Bed Solution:**
1. Start with the smallest possible step
2. Set a timer for 15 minutes maximum
3. Focus on progress, not perfection
4. Celebrate any forward movement

**Why This Works:** Small steps prevent overwhelm → builds momentum → creates sustainable progress!

## 💡 ADHD Pro Tips

**For Low Energy Days:** Cut the steps in half - even 1 step is progress!

**For Hyperfocus Days:** Set a timer so you don't burn out.

**For Rejection Sensitive Days:** Remember - this is about helping yourself, not being perfect.

",Drained,Stuck,"Cleaning Up, Resetting My Space, Task Initiation","Can't Start, Task Initiation",Task Initiation,"Gamifies Action, Minimizes Friction, Provides Instant Rewards",,"Burnout, Low Energy",,"Accountability, Quick Fix, Routine",Gamified,"Cleaning, Task Initiation",,,,,Include bed-making techniques for different bed types and time constraints,Free,,,,,,calendar
No,Matching Tupperware,Container Organization System,When food storage is frustrating and time-consuming,"# ⚙️ Get Organized: Matching Tupperware

**When food storage is frustrating and time-consuming**

- Try buy identical food storage containers to ensure that all lids and bottoms are interchangeable
- Set aside time to this strategy simplifies meal prep and reduces the frustration of searching for matching lids, addressing issues like time blindness and executive dysfunction
- Start small and build momentum
- Focus on progress, not perfection
","## ⏰ Morning Routine Chaos

**The Challenge:** Every morning feels like rushing through a tornado. You're always late and forget important things.

**The Matching Tupperware Solution:**
1. Set up everything the night before
2. Use a simple checklist by the door
3. Build in 10 extra minutes as buffer time
4. Celebrate when you leave on time

**Why This Works:** Small steps prevent overwhelm → builds momentum → creates sustainable progress!

---

## ⏰ Work Deadline Stress

**The Challenge:** Project deadlines sneak up on you, causing last-minute panic and all-nighters.

**The Matching Tupperware Solution:**
1. Break the project into 15-minute chunks
2. Schedule specific times for each chunk
3. Set daily check-in reminders
4. Reward yourself for staying on track

**Why This Works:** Small steps prevent overwhelm → builds momentum → creates sustainable progress!

## 💡 ADHD Pro Tips

**For Low Energy Days:** Cut the steps in half - even 1 step is progress!

**For Hyperfocus Days:** Set a timer so you don't burn out.

**For Rejection Sensitive Days:** Remember - this is about helping yourself, not being perfect.

",Frustrated,Defeated,,"Can't Finish, Disorganized","Executive Dysfunction, Time Blindness, Working Memory Engagement","Breaking Down Complexity, Externalizes Tasks, Frees Up Working Memory",,"Burnout, Low Energy, Overstimulated",,Gamification,"Gamified, Interactive",,,,,,Include container recommendations and transition strategies,$$,,,,,,settings
No,Meal Batch Cooking,Large Quantity Preparation,When daily cooking feels too time-consuming,"# ✨ Time Helper: Meal Batch Cooking

**When daily cooking feels too time-consuming**

- Try prepare large quantities of simple foods like rice, pasta, and roasted vegetables to mix and match throughout the week
- Use this when this strategy helps combat decision fatigue and time blindness by having ready-to-use components,
- Start small and build momentum
- Focus on progress, not perfection
","## ⏰ Morning Routine Chaos

**The Challenge:** Every morning feels like rushing through a tornado. You're always late and forget important things.

**The Meal Batch Cooking Solution:**
1. Set up everything the night before
2. Use a simple checklist by the door
3. Build in 10 extra minutes as buffer time
4. Celebrate when you leave on time

**Why This Works:** Small steps prevent overwhelm → builds momentum → creates sustainable progress!

---

## ⏰ Work Deadline Stress

**The Challenge:** Project deadlines sneak up on you, causing last-minute panic and all-nighters.

**The Meal Batch Cooking Solution:**
1. Break the project into 15-minute chunks
2. Schedule specific times for each chunk
3. Set daily check-in reminders
4. Reward yourself for staying on track

**Why This Works:** Small steps prevent overwhelm → builds momentum → creates sustainable progress!

## 💡 ADHD Pro Tips

**For Low Energy Days:** Cut the steps in half - even 1 step is progress!

**For Hyperfocus Days:** Set a timer so you don't burn out.

**For Rejection Sensitive Days:** Remember - this is about helping yourself, not being perfect.

",Frustrated,Defeated,"Quick Task Management, Task Initiation Support","Can't Finish, Task Initiation","Decision Fatigue, Executive Dysfunction, Time Blindness","Minimizes Friction, Reduces Decision Fatigue",,"Burnout, Frozen/Shut Down, Overstimulated",,"Gamification, Gamified",Gamified,Planning,,,,,Include batch cooking recipes and storage guidelines,Free,,,,,,utensils
No,Meal Delivery Apps,Convenience Eating Solution,When cooking is temporarily impossible due to overwhelm,"# 📱 Calm Down: Meal Delivery Apps

**When cooking is temporarily impossible due to overwhelm**

- Set aside time to order meals strategically when cooking feels overwhelming, especially during high-stress times
- Set aside time to by budgeting for food delivery as “crisis food,” you can alleviate the pressure of meal prep and combat time blindness
- Try this approach allows you to focus on other priorities without the guilt of skipping meals, ensuring you maintain your energy and nutrition when it matters most
","## 🌊 Pre-Meeting Panic

**The Challenge:** You have a big presentation in 30 minutes and your heart is racing.

**The Meal Delivery Apps Solution:**
1. Take 5 deep breaths, counting to 4 on each
2. List 3 things you know you do well
3. Splash cool water on your wrists
4. Remind yourself: ""I can handle whatever happens""

**Why This Works:** Small steps prevent overwhelm → builds momentum → creates sustainable progress!

---

## 🌊 Social Event Overwhelm

**The Challenge:** You're at a party and feeling overstimulated - too many voices, lights, and expectations.

**The Meal Delivery Apps Solution:**
1. Step outside or find a quiet corner
2. Focus on 3 things you can see clearly
3. Take slow breaths through your nose
4. Give yourself permission to leave early if needed

**Why This Works:** Small steps prevent overwhelm → builds momentum → creates sustainable progress!

## 💡 ADHD Pro Tips

**For Low Energy Days:** Cut the steps in half - even 1 step is progress!

**For Hyperfocus Days:** Set a timer so you don't burn out.

**For Rejection Sensitive Days:** Remember - this is about helping yourself, not being perfect.

",Burned out,Defeated,Being Kinder to Myself,"Poor Time Estimation, Sensory Overload","Emotional Dysregulation, Inertia, Time Blindness","Emotional Regulation, Minimizes Friction",,Burnout,,Checklist,Interactive,Decision Making,Working Professional,,"Avoidant, Frozen",,Include healthy ordering strategies and budget planning tips,$$,,,,,,utensils
No,Meal Kit Delivery,Decision-Free Cooking,When meal planning feels overwhelming but you want to cook,"# ✨ Calm Down: Meal Kit Delivery

**When meal planning feels overwhelming but you want to cook**

- Try subscribe to a meal kit delivery service to simplify your cooking routine
- Use this when this strategy helps alleviate decision fatigue by providing all necessary ingredients and instructions,  by reducing the mental load involved in meal planning, you enhance your working memory and improve task initiation,
- Start small and build momentum
- Focus on progress, not perfection
","## 🌊 Pre-Meeting Panic

**The Challenge:** You have a big presentation in 30 minutes and your heart is racing.

**The Meal Kit Delivery Solution:**
1. Take 5 deep breaths, counting to 4 on each
2. List 3 things you know you do well
3. Splash cool water on your wrists
4. Remind yourself: ""I can handle whatever happens""

**Why This Works:** Small steps prevent overwhelm → builds momentum → creates sustainable progress!

---

## 🌊 Social Event Overwhelm

**The Challenge:** You're at a party and feeling overstimulated - too many voices, lights, and expectations.

**The Meal Kit Delivery Solution:**
1. Step outside or find a quiet corner
2. Focus on 3 things you can see clearly
3. Take slow breaths through your nose
4. Give yourself permission to leave early if needed

**Why This Works:** Small steps prevent overwhelm → builds momentum → creates sustainable progress!

## 💡 ADHD Pro Tips

**For Low Energy Days:** Cut the steps in half - even 1 step is progress!

**For Hyperfocus Days:** Set a timer so you don't burn out.

**For Rejection Sensitive Days:** Remember - this is about helping yourself, not being perfect.

",Stuck,Overwhelmed,"Managing Emotional Dysregulation, Quick Task Management, Task Initiation Support","Can't Decide, Poor Time Estimation","Decision Fatigue, Task Initiation, Working Memory Engagement",Reduces Decision Fatigue,,"Low Energy, Overwhelmed, Shutdown",,Gamification,"Gamified, Sensory",Self-Compassion,,,"Avoidant, Frozen",,Include service comparisons and cost-benefit analysis,$$$,,,,,,utensils
No,Meal Planning Apps,Food Organization Tools,When meal planning decisions feel overwhelming,"# 📱 Calm Down: Meal Planning Apps

**When meal planning decisions feel overwhelming**

- Use meal planning apps to streamline your cooking process
- Try these apps suggest recipes based on your preferences and automatically generate shopping lists, reducing the cognitive load associated with meal prep
- Start small and build momentum
- Focus on progress, not perfection
","## 🌊 Pre-Meeting Panic

**The Challenge:** You have a big presentation in 30 minutes and your heart is racing.

**The Meal Planning Apps Solution:**
1. Take 5 deep breaths, counting to 4 on each
2. List 3 things you know you do well
3. Splash cool water on your wrists
4. Remind yourself: ""I can handle whatever happens""

**Why This Works:** Small steps prevent overwhelm → builds momentum → creates sustainable progress!

---

## 🌊 Social Event Overwhelm

**The Challenge:** You're at a party and feeling overstimulated - too many voices, lights, and expectations.

**The Meal Planning Apps Solution:**
1. Step outside or find a quiet corner
2. Focus on 3 things you can see clearly
3. Take slow breaths through your nose
4. Give yourself permission to leave early if needed

**Why This Works:** Small steps prevent overwhelm → builds momentum → creates sustainable progress!

## 💡 ADHD Pro Tips

**For Low Energy Days:** Cut the steps in half - even 1 step is progress!

**For Hyperfocus Days:** Set a timer so you don't burn out.

**For Rejection Sensitive Days:** Remember - this is about helping yourself, not being perfect.

",Stuck,Overwhelmed,"Managing my schedule, Quick Task Management","Can't Decide, Poor Time Estimation",Decision Fatigue,"Externalizes Tasks, Reduces Decision Fatigue",,"Low Energy, Overwhelmed, Shutdown",,Checklist,Interactive,Planning,,,"Frozen, Overthinking",,Include meal planning features and grocery integration benefits,$,,,,,,utensils
No,Meal Prep Containers,Food Organization System,When food preparation needs to be simplified,"# ⚙️ Get Organized: Meal Prep Containers

**When food preparation needs to be simplified**

- Try invest in quality, clear meal prep containers to simplify your cooking routine
- Start small and build momentum
- Focus on progress, not perfection
","## ✨ Daily Life Challenge

**The Challenge:** You're struggling with situations where When food preparation needs to be simplified.

**The Meal Prep Containers Solution:**
1. Start with the smallest possible step
2. Set a timer for 15 minutes maximum
3. Focus on progress, not perfection
4. Celebrate any forward movement

**Why This Works:** Small steps prevent overwhelm → builds momentum → creates sustainable progress!

## 💡 ADHD Pro Tips

**For Low Energy Days:** Cut the steps in half - even 1 step is progress!

**For Hyperfocus Days:** Set a timer so you don't burn out.

**For Rejection Sensitive Days:** Remember - this is about helping yourself, not being perfect.

",Anxious,Ashamed,"Starting Something Hard, Task Initiation","Avoidant, Can't Start","Task Initiation, Time Blindness","Externalizes Tasks, Minimizes Friction",,"Burnout, Frozen/Shut Down, Low Energy",,"Checklist, Routine",Visual,,,,"Avoidant, Frozen, Time Blind",,Include container selection criteria and meal prep efficiency tips,$$,,,,,,utensils
No,Meal Prep Sundays,Batch Cooking Strategy,When weekday meal decisions feel overwhelming,"# 📅 Calm Down: Meal Prep Sundays

**When weekday meal decisions feel overwhelming**

- Try dedicate a few hours on sunday to prepare meals for the week by washing and chopping vegetables, cooking grains, and grilling proteins
- Use this when this strategy helps mitigate decision fatigue, a common challenge for those with adhd, by having meal components ready to go
- Start small and build momentum
- Focus on progress, not perfection
","## 🌊 Pre-Meeting Panic

**The Challenge:** You have a big presentation in 30 minutes and your heart is racing.

**The Meal Prep Sundays Solution:**
1. Take 5 deep breaths, counting to 4 on each
2. List 3 things you know you do well
3. Splash cool water on your wrists
4. Remind yourself: ""I can handle whatever happens""

**Why This Works:** Small steps prevent overwhelm → builds momentum → creates sustainable progress!

---

## 🌊 Social Event Overwhelm

**The Challenge:** You're at a party and feeling overstimulated - too many voices, lights, and expectations.

**The Meal Prep Sundays Solution:**
1. Step outside or find a quiet corner
2. Focus on 3 things you can see clearly
3. Take slow breaths through your nose
4. Give yourself permission to leave early if needed

**Why This Works:** Small steps prevent overwhelm → builds momentum → creates sustainable progress!

## 💡 ADHD Pro Tips

**For Low Energy Days:** Cut the steps in half - even 1 step is progress!

**For Hyperfocus Days:** Set a timer so you don't burn out.

**For Rejection Sensitive Days:** Remember - this is about helping yourself, not being perfect.

",Frustrated,Defeated,"Quick Task Management, Task Initiation Support","Can't Finish, Task Initiation","Decision Fatigue, Executive Dysfunction, Task Initiation","Cognitive Load Management, Executive Function Support, Minimizes Friction",,"Crash Recovery, Low Energy, Wired but Tired",,"Checklist, Gamified",Gamified,Planning,,,Time Blind,,Include beginner-friendly prep ideas and storage solutions,Free,,,,,,utensils
No,Medication Reminder Apps,Health Management Tools,When medication consistency needs digital support,"# 📱 Medication Reminder Apps Strategy

**When medication consistency needs digital support**

- Set up medication reminder apps with customizable alerts to improve your medication adherence
- Use this when these tools help combat working memory failures by providing timely notifications, ensuring you take your adhd medication consistently
- Start small and build momentum
- Focus on progress, not perfection
","## ✨ Daily Life Challenge

**The Challenge:** You're struggling with situations where When medication consistency needs digital support.

**The Medication Reminder Apps Solution:**
1. Start with the smallest possible step
2. Set a timer for 15 minutes maximum
3. Focus on progress, not perfection
4. Celebrate any forward movement

**Why This Works:** Small steps prevent overwhelm → builds momentum → creates sustainable progress!

## 💡 ADHD Pro Tips

**For Low Energy Days:** Cut the steps in half - even 1 step is progress!

**For Hyperfocus Days:** Set a timer so you don't burn out.

**For Rejection Sensitive Days:** Remember - this is about helping yourself, not being perfect.

",Forgetful,Ashamed,"Managing Emotional Dysregulation, Quick Task Management, Task Initiation Support","Forgetful, Poor Time Estimation, Task Initiation","Emotional Dysregulation, Task Initiation, Working Memory Failures","Frees Up Working Memory, Minimizes Friction, Starts Small",,"Crash Recovery, Low Energy, Wired but Tired",,Gamification,"Gamified, Sensory","Planning, Time Planning",,,Avoidant,,Include reminder customization and tracking features,$,,,,,,camera
No,Medication Timing Optimizer,Peak Performance Scheduling,When medication timing isn't matching your needs,"# ✨ Medication Timing Optimizer Strategy

**When medication timing isn't matching your needs**

- Try collaborate with your doctor to find the best medication schedule that fits your daily routine
- Set aside time to adjusting the timing or dosage can significantly improve your focus and energy, especially if you struggle with time blindness
- Use this when this tailored approach helps manage your adhd symptoms more effectively,
","## ✨ Daily Life Challenge

**The Challenge:** You're struggling with situations where When medication timing isn't matching your needs.

**The Medication Timing Optimizer Solution:**
1. Start with the smallest possible step
2. Set a timer for 15 minutes maximum
3. Focus on progress, not perfection
4. Celebrate any forward movement

**Why This Works:** Small steps prevent overwhelm → builds momentum → creates sustainable progress!

## 💡 ADHD Pro Tips

**For Low Energy Days:** Cut the steps in half - even 1 step is progress!

**For Hyperfocus Days:** Set a timer so you don't burn out.

**For Rejection Sensitive Days:** Remember - this is about helping yourself, not being perfect.

",Scattered,Overwhelmed,"Starting Something Hard, Staying focused","Can't Focus, Forgetful, Poor Time Estimation","Executive Dysfunction, Time Blindness, Working Memory Failures",Starts Small,,"Burnout, Low Energy, Wired but Tired",,Checklist,Interactive,Time Planning,,,"Avoidant, Discouraged, Overthinking",,Include questions to ask your doctor and timing considerations,$$$,,,,,,grid
No,Meditation Apps,Mindfulness Support Tools,When traditional meditation feels too difficult,"# 🧘 Meditation Apps Strategy

**When traditional meditation feels too difficult**

- Try meditation apps that offer short, ADHD-friendly sessions ranging from 2 to 10 minutes
- Try these apps feature guided breathing, body scans, and movement-based mindfulness, making them ideal when traditional long sessions feel overwhelming
- Start small and build momentum
- Focus on progress, not perfection
","## ✨ Daily Life Challenge

**The Challenge:** You're struggling with situations where When traditional meditation feels too difficult.

**The Meditation Apps Solution:**
1. Start with the smallest possible step
2. Set a timer for 15 minutes maximum
3. Focus on progress, not perfection
4. Celebrate any forward movement

**Why This Works:** Small steps prevent overwhelm → builds momentum → creates sustainable progress!

## 💡 ADHD Pro Tips

**For Low Energy Days:** Cut the steps in half - even 1 step is progress!

**For Hyperfocus Days:** Set a timer so you don't burn out.

**For Rejection Sensitive Days:** Remember - this is about helping yourself, not being perfect.

",Overstimulated,Overwhelmed,"Being Kinder to Myself, Calming Down",Anxious,Emotional Dysregulation,"Externalizes Tasks, Gamifies Action, Starts Small",,"Crash Recovery, Low Energy, Overstimulated",,Gamification,,Emotional Regulation,,,"Avoidant, Discouraged, Overthinking",,Include features to look for and session length recommendations,$,,,,,,lotus
No,Meditation Timer Apps,Mindfulness Support Tools,When meditation practice needs supportive technology,"# ⏰ Time Helper: Meditation Timer Apps

**When meditation practice needs supportive technology**

- Use meditation timer apps with gentle sounds to enhance your mindfulness practice
- Use this when these apps help combat time blindness by providing structured intervals,  by creating a calming routine, they support emotional regulation and promote a more intentional practice, keeping you grounded and less overwhelmed
- Start small and build momentum
- Focus on progress, not perfection
","## ⏰ Morning Routine Chaos

**The Challenge:** Every morning feels like rushing through a tornado. You're always late and forget important things.

**The Meditation Timer Apps Solution:**
1. Set up everything the night before
2. Use a simple checklist by the door
3. Build in 10 extra minutes as buffer time
4. Celebrate when you leave on time

**Why This Works:** Small steps prevent overwhelm → builds momentum → creates sustainable progress!

---

## ⏰ Work Deadline Stress

**The Challenge:** Project deadlines sneak up on you, causing last-minute panic and all-nighters.

**The Meditation Timer Apps Solution:**
1. Break the project into 15-minute chunks
2. Schedule specific times for each chunk
3. Set daily check-in reminders
4. Reward yourself for staying on track

**Why This Works:** Small steps prevent overwhelm → builds momentum → creates sustainable progress!

## 💡 ADHD Pro Tips

**For Low Energy Days:** Cut the steps in half - even 1 step is progress!

**For Hyperfocus Days:** Set a timer so you don't burn out.

**For Rejection Sensitive Days:** Remember - this is about helping yourself, not being perfect.

",Overstimulated,Overwhelmed,"Being Kinder to Myself, Calming Down","Anxiety Management, Emotional Regulation","Emotional Dysregulation, Task Structuring, Time Blindness","Creates Accountability, Emotional Regulation, Gamifies Action",,"Overstimulated, Overwhelmed",,"Accountability, Gamification, Routine","Gamified, Mindful Awareness","Emotional Regulation, Self-Compassion",,,Overthinking,,Include timer features that support mindfulness practice,$,,,,,,lotus
No,Micro-Meditation,Quick Reset Breathing,When you need a quick mental reset,"# ⚡ Quick Win: Micro-Meditation

**When you need a quick mental reset**

- Take 2-5 minutes to focus on your breath whenever you feel overstimulated or overwhelmed
- Try simply count your breaths—in for 4, out for 6—to ground yourself before tackling challenging tasks or phone calls
- Start small and build momentum
- Focus on progress, not perfection
","## ✨ Daily Life Challenge

**The Challenge:** You're struggling with situations where When you need a quick mental reset.

**The Micro-Meditation Solution:**
1. Start with the smallest possible step
2. Set a timer for 15 minutes maximum
3. Focus on progress, not perfection
4. Celebrate any forward movement

**Why This Works:** Small steps prevent overwhelm → builds momentum → creates sustainable progress!

## 💡 ADHD Pro Tips

**For Low Energy Days:** Cut the steps in half - even 1 step is progress!

**For Hyperfocus Days:** Set a timer so you don't burn out.

**For Rejection Sensitive Days:** Remember - this is about helping yourself, not being perfect.

",Overstimulated,Overwhelmed,"Being Kinder to Myself, Calming Down","Anxiety Management, Can't Focus","Emotional Dysregulation, Task Structuring, Working Memory Engagement","Frees Up Working Memory, Starts Small",,"Overstimulated, Overwhelmed",,Quick Fix,"Embodied, Mindful Awareness",Emotional Regulation,,,"Avoidant, Frozen",,Include specific breathing patterns and app recommendations for ADHD,Free,The Anti-Planner by Dani Donovan,,,,,lotus
No,Micro-Task Method,Tiny Task Breakdown,When tasks feel too big to start,"# ☕ Take a Break: Micro-Task Method

**When tasks feel too big to start**

- Try transform overwhelming tasks into manageable pieces by focusing on micro-tasks
- Try instead of thinking about cleaning an entire room, start with something as simple as putting away one sock
- Use this when this method helps overcome task initiation barriers by making tasks feel less intimidating, ultimately building momentum and reducing overwhelm
","## 🚀 The Dreaded Email Inbox

**The Challenge:** You have 47 unread emails and the thought of opening them makes you want to hide.

**The Micro-Task Method Solution:**
1. Set a timer for just 10 minutes
2. Delete obvious junk mail first (easy wins)
3. Respond to one simple email
4. Stop when timer goes off, celebrate progress

**Why This Works:** Small steps prevent overwhelm → builds momentum → creates sustainable progress!

---

## 🚀 Exercise Avoidance

**The Challenge:** You know you should work out, but the thought of a full gym session feels overwhelming.

**The Micro-Task Method Solution:**
1. Put on workout clothes (that's it for now)
2. Walk around the block once
3. Do 5 pushups against the wall
4. Celebrate that you moved your body today

**Why This Works:** Small steps prevent overwhelm → builds momentum → creates sustainable progress!

## 💡 ADHD Pro Tips

**For Low Energy Days:** Cut the steps in half - even 1 step is progress!

**For Hyperfocus Days:** Set a timer so you don't burn out.

**For Rejection Sensitive Days:** Remember - this is about helping yourself, not being perfect.

",Stuck,Overwhelmed,"Cleaning Up, Overcoming Procrastination, Resetting My Space",Can't Start,"Decision Fatigue, Task Initiation, Working Memory Engagement","Breaking Down Complexity, Freeing Up Working Memory, Gamifies Action",,"Crash Recovery, Low Energy, Overwhelmed",,Gamification,"Gamified, Interactive","Cleaning, Incremental Progress, Task Initiation",,,Frozen,,Create micro-task examples for common overwhelming situations,Free,The Anti-Planner by Dani Donovan,,,,,check-square
No,Microdose Movement Strategy,2-Minute Movement Breaks,When traditional exercise feels too time-consuming,"# ☕ Quick Win: Microdose Movement Strategy

**When traditional exercise feels too time-consuming**

- Try incorporate 2-5 minute ""exercise snacks"" into your day to combat the overwhelm of lengthy workouts
- Try this strategy leverages task initiation by pairing movement with existing habits, like doing jumping jacks during commercial breaks or stretching between tasks
- Use this when by breaking exercise into manageable bursts, you reduce barriers to starting and keep your energy up, helping to combat feelings of being drained or stuck
","## ⏰ Morning Routine Chaos

**The Challenge:** Every morning feels like rushing through a tornado. You're always late and forget important things.

**The Microdose Movement Strategy Solution:**
1. Set up everything the night before
2. Use a simple checklist by the door
3. Build in 10 extra minutes as buffer time
4. Celebrate when you leave on time

**Why This Works:** Small steps prevent overwhelm → builds momentum → creates sustainable progress!

---

## ⏰ Work Deadline Stress

**The Challenge:** Project deadlines sneak up on you, causing last-minute panic and all-nighters.

**The Microdose Movement Strategy Solution:**
1. Break the project into 15-minute chunks
2. Schedule specific times for each chunk
3. Set daily check-in reminders
4. Reward yourself for staying on track

**Why This Works:** Small steps prevent overwhelm → builds momentum → creates sustainable progress!

## 💡 ADHD Pro Tips

**For Low Energy Days:** Cut the steps in half - even 1 step is progress!

**For Hyperfocus Days:** Set a timer so you don't burn out.

**For Rejection Sensitive Days:** Remember - this is about helping yourself, not being perfect.

",Drained,Stuck,"Maintaining Focus, Overcoming Procrastination, Task Initiation","Can't Start, Poor Time Estimation",Task Initiation,"Minimizes Friction, Starts Small",,"Crash Recovery, Low Energy, Wired but Tired",,"Environmental Hack, Quick Fix","Embodied, Interactive",,"Student, Working Professional",,"Avoidant, Disorganized, Frozen",,Include exercise snack ideas for different fitness levels and locations,Free,,,,,,activity
No,Mind-Body Wellness Combo,Integrated Mental Health Strategy,When you need both thought management and emotional regulation,"# 🧘‍♀️ Mind-Body Wellness Combo Strategy

**When you need both thought management and emotional regulation**

- Use this when identify unhelpful thought patterns with cbt and then practice meditation to create space between your thoughts and reactions
- Use this when this two-step approach can help with emotional regulation and improve working memory,  remember to start with just a few minutes of meditation to calm your mind,
- Start small and build momentum
- Focus on progress, not perfection
","## ✨ Daily Life Challenge

**The Challenge:** You're struggling with situations where When you need both thought management and emotional regulation.

**The Mind-Body Wellness Combo Solution:**
1. Start with the smallest possible step
2. Set a timer for 15 minutes maximum
3. Focus on progress, not perfection
4. Celebrate any forward movement

**Why This Works:** Small steps prevent overwhelm → builds momentum → creates sustainable progress!

## 💡 ADHD Pro Tips

**For Low Energy Days:** Cut the steps in half - even 1 step is progress!

**For Hyperfocus Days:** Set a timer so you don't burn out.

**For Rejection Sensitive Days:** Remember - this is about helping yourself, not being perfect.

",Overwhelmed,Frustrated,"Being Kinder to Myself, Calming Down","Anxiety Management, Emotional Regulation, Poor Time Estimation","Decision Fatigue, Emotional Dysregulation, Working Memory Engagement","Breaks Down Complexity, Frees Up Working Memory",,Burnout,,"Accountability, Gamification, Mindset Shift","Gamified, Interactive",,,,"Avoidant, Overthinking",,Include beginner-friendly CBT techniques and meditation combinations,Free,,,,,,heart
No,Mobile Cleaning Command,Portable Supply Station,When missing supplies interrupt cleaning momentum,"# 🧹 Mobile Cleaning Command Strategy

**When missing supplies interrupt cleaning momentum**

- Try keep all your cleaning supplies in a portable caddy that you can easily carry from room to room
- Try with a well-organized caddy, you can tackle tasks without losing momentum, making the process more efficient and less overwhelming
- Start small and build momentum
- Focus on progress, not perfection
","## 🧹 Kitchen Disaster Zone

**The Challenge:** Your kitchen looks like a food tornado hit it. Dirty dishes everywhere, counters covered in clutter.

**The Mobile Cleaning Command Solution:**
1. Start with just the sink area (5 minutes)
2. Load dishwasher or wash one sink of dishes
3. Clear one counter completely
4. Wipe down that clean counter to see the victory

**Why This Works:** Small steps prevent overwhelm → builds momentum → creates sustainable progress!

---

## 🧹 Bedroom Clothes Mountain

**The Challenge:** Clean and dirty clothes live together in mysterious piles around your room.

**The Mobile Cleaning Command Solution:**
1. Make three piles: clean, dirty, donate
2. Put away just the clean clothes first
3. Toss dirty clothes in hamper
4. Set a timer for 15 minutes max

**Why This Works:** Small steps prevent overwhelm → builds momentum → creates sustainable progress!

## 💡 ADHD Pro Tips

**For Low Energy Days:** Cut the steps in half - even 1 step is progress!

**For Hyperfocus Days:** Set a timer so you don't burn out.

**For Rejection Sensitive Days:** Remember - this is about helping yourself, not being perfect.

",Drained,Stuck,"Cleaning Up, Resetting My Space, Task Initiation","Avoidant, Cannot Finish, Task Initiation",Task Initiation,Starts Small,,"Burnout, Low Energy, Shutdown",,Gamification,Gamified,"Cleaning, Focus Enhancement, Task Initiation",,,"Avoidant, Disorganized, Frozen",,Include caddy setup suggestions and supply recommendations,$,,,,,,broom
No,Mood Boost Menu,Dopamine Regulation Toolkit,When you need reliable mood boosters,"# 🔧 Mood Boost Menu Strategy

**When you need reliable mood boosters**

- Create your personal dopamine menu to boost your mood and enhance task initiation
- Use this when this strategy effectively combats time blindness by providing a structured way to engage in activities, helping you break free from aimless scrolling and regain focus
- Start small and build momentum
- Focus on progress, not perfection
","## ⚡ Afternoon Energy Crash

**The Challenge:** By 2 PM, you feel like a phone with 5% battery. Everything seems impossible.

**The Mood Boost Menu Solution:**
1. Step outside for 5 minutes of sunlight
2. Do 10 jumping jacks or stretch
3. Drink a full glass of water
4. Listen to one energizing song

**Why This Works:** Small steps prevent overwhelm → builds momentum → creates sustainable progress!

---

## ⚡ Monday Morning Motivation Deficit

**The Challenge:** Monday mornings feel like climbing Mount Everest in flip-flops.

**The Mood Boost Menu Solution:**
1. Prep something you enjoy for Monday morning
2. Set one tiny, achievable goal for the day
3. Reward yourself for just showing up
4. Connect with a friend or colleague early on

**Why This Works:** Small steps prevent overwhelm → builds momentum → creates sustainable progress!

## 💡 ADHD Pro Tips

**For Low Energy Days:** Cut the steps in half - even 1 step is progress!

**For Hyperfocus Days:** Set a timer so you don't burn out.

**For Rejection Sensitive Days:** Remember - this is about helping yourself, not being perfect.

",Drained,Stuck,"Staying focused, Task Initiation","Can't Start, Poor Time Estimation","Emotional Dysregulation, Task Initiation, Time Blindness","Dopamine Activation, Executive Function Support, Externalizes Tasks",,"Crash Recovery, Low Energy, Wired but Tired",,"Challenge, Checklist, Routine",Embodied,Emotional Regulation,,,"Avoidant, Frozen",,Include dopamine activity suggestions categorized by time and energy requirements,Free,,,,,,trending-up
No,Morning Person Hacks,Morning Success Toolkit,When mornings are consistently difficult,"# 🌅 Morning Person Hacks Strategy

**When mornings are consistently difficult**

- Try place your alarm across the room and set it to require math problems to turn off
- Use this when this strategy tackles task initiation by forcing your brain to engage, helping combat morning inertia
- Set aside time to pair this with a special breakfast that you only allow yourself before a certain time to reinforce positive morning habits and provide instant rewards for getting out of bed
","## ✨ Daily Life Challenge

**The Challenge:** You're struggling with situations where When mornings are consistently difficult.

**The Morning Person Hacks Solution:**
1. Start with the smallest possible step
2. Set a timer for 15 minutes maximum
3. Focus on progress, not perfection
4. Celebrate any forward movement

**Why This Works:** Small steps prevent overwhelm → builds momentum → creates sustainable progress!

## 💡 ADHD Pro Tips

**For Low Energy Days:** Cut the steps in half - even 1 step is progress!

**For Hyperfocus Days:** Set a timer so you don't burn out.

**For Rejection Sensitive Days:** Remember - this is about helping yourself, not being perfect.

",Drained,Stuck,"Overcoming Procrastination, Quick Task Management, Task Initiation","Can't Start, Poor Time Estimation","Emotional Dysregulation, Inertia, Task Initiation","Emotional Regulation, Freeing Up Working Memory, Gamifies Action",,"Low Energy, Restless, Wired but Tired",,"Gamification, Quick Fix",Gamified,"Planning, Task Initiation",,,"Avoidant, Frozen",,Include multiple morning hack options and troubleshooting guides,Free,The Anti-Planner by Dani Donovan,,,,,sunrise
No,Motivation Emergency Kit,Personal Motivation Toolkit,When motivation has completely disappeared,"# 🚀 Energy Hack: Motivation Emergency Kit

**When motivation has completely disappeared**

- Create a personalized list of motivation boosters that actually work for you, like that one song or video that lifts your spirits
- Try for example, if you're struggling to start writing, put on a favorite song and dance for a few minutes to shift your energy and focus
- Start small and build momentum
- Focus on progress, not perfection
","## ⚡ Afternoon Energy Crash

**The Challenge:** By 2 PM, you feel like a phone with 5% battery. Everything seems impossible.

**The Motivation Emergency Kit Solution:**
1. Step outside for 5 minutes of sunlight
2. Do 10 jumping jacks or stretch
3. Drink a full glass of water
4. Listen to one energizing song

**Why This Works:** Small steps prevent overwhelm → builds momentum → creates sustainable progress!

---

## ⚡ Monday Morning Motivation Deficit

**The Challenge:** Monday mornings feel like climbing Mount Everest in flip-flops.

**The Motivation Emergency Kit Solution:**
1. Prep something you enjoy for Monday morning
2. Set one tiny, achievable goal for the day
3. Reward yourself for just showing up
4. Connect with a friend or colleague early on

**Why This Works:** Small steps prevent overwhelm → builds momentum → creates sustainable progress!

## 💡 ADHD Pro Tips

**For Low Energy Days:** Cut the steps in half - even 1 step is progress!

**For Hyperfocus Days:** Set a timer so you don't burn out.

**For Rejection Sensitive Days:** Remember - this is about helping yourself, not being perfect.

",Drained,Stuck,"Focus Enhancement, Overcoming Procrastination, Task Initiation","Can't Start, Poor Time Estimation","Emotional Dysregulation, Task Initiation, Working Memory Engagement","Externalizes Tasks, Frees Up Working Memory, Gamifies Action",,"Low Energy, Overwhelmed, Wired but Tired",,"Checklist, Routine",,"Emotional Regulation, Focus Enhancement, Task Initiation",,,"Avoidant, Discouraged, Overthinking",,"Create template with different categories: 2-minute, 5-minute, and 10-minute boosters",Free,The Anti-Planner by Dani Donovan,,,,,list
No,Multitasking Meals,Efficient Meal Strategy,When cooking and kitchen tasks feel tedious,"# ✅ Multitasking Meals Strategy

**When cooking and kitchen tasks feel tedious**

- Try combine meal prep with activities you enjoy, like listening to podcasts or chatting with friends
- Use this when this strategy helps combat boredom and low motivation, making kitchen tasks feel less tedious
- Start small and build momentum
- Focus on progress, not perfection
","## ✨ Daily Life Challenge

**The Challenge:** You're struggling with situations where When cooking and kitchen tasks feel tedious.

**The Multitasking Meals Solution:**
1. Start with the smallest possible step
2. Set a timer for 15 minutes maximum
3. Focus on progress, not perfection
4. Celebrate any forward movement

**Why This Works:** Small steps prevent overwhelm → builds momentum → creates sustainable progress!

## 💡 ADHD Pro Tips

**For Low Energy Days:** Cut the steps in half - even 1 step is progress!

**For Hyperfocus Days:** Set a timer so you don't burn out.

**For Rejection Sensitive Days:** Remember - this is about helping yourself, not being perfect.

",Drained,Stuck,Finding motivation,"Avoidant, Bored, Task Initiation","Emotional Dysregulation, Inertia, Task Initiation","Externalizes Tasks, Frees Up Working Memory, Minimizes Friction",,Low Energy,,"Checklist, Routine","Interactive, Sensory",,,,"Avoidant, Frozen",,Include activity pairing suggestions and safety considerations,Free,The Anti-Planner by Dani Donovan,,,,,utensils
No,Must-Haves First Method,Priority Triage System,When your to-do list feels overwhelming,"# ⚙️ Get Organized: Must-Haves First Method

**When your to-do list feels overwhelming**

- Try split your to-do list into two columns: 'must-haves' for the essentials and 'nice-to-haves' for extra tasks
- Use this when this strategy helps combat time blindness and overwhelm by
- Start small and build momentum
- Focus on progress, not perfection
","## 🌊 Pre-Meeting Panic

**The Challenge:** You have a big presentation in 30 minutes and your heart is racing.

**The Must-Haves First Method Solution:**
1. Take 5 deep breaths, counting to 4 on each
2. List 3 things you know you do well
3. Splash cool water on your wrists
4. Remind yourself: ""I can handle whatever happens""

**Why This Works:** Small steps prevent overwhelm → builds momentum → creates sustainable progress!

---

## 🌊 Social Event Overwhelm

**The Challenge:** You're at a party and feeling overstimulated - too many voices, lights, and expectations.

**The Must-Haves First Method Solution:**
1. Step outside or find a quiet corner
2. Focus on 3 things you can see clearly
3. Take slow breaths through your nose
4. Give yourself permission to leave early if needed

**Why This Works:** Small steps prevent overwhelm → builds momentum → creates sustainable progress!

## 💡 ADHD Pro Tips

**For Low Energy Days:** Cut the steps in half - even 1 step is progress!

**For Hyperfocus Days:** Set a timer so you don't burn out.

**For Rejection Sensitive Days:** Remember - this is about helping yourself, not being perfect.

",Frustrated,Defeated,"Managing my schedule, Planning my time, Task Initiation Support","Cannot Finish, Task Initiation","Executive Dysfunction, Task Structuring, Time Blindness","Externalizes Tasks, Gamifies Action, Starts Small",,Burnout,,Checklist,"Interactive, Task Simplification, Time Management","Planning, Time Planning",,,Frozen,,"Provide templates for different scenarios (events, work projects, daily tasks)",Free,The Anti-Planner by Dani Donovan,,,,,calendar
No,My Favorite Excuses,Excuse Buster List,When excuses are blocking you from starting,"# 📝 Get Started: My Favorite Excuses

**When excuses are blocking you from starting**

- Create a two-column list of your go-to excuses paired with a reality check
- Try for example, if you think, ""i need several uninterrupted hours,"" remind yourself that you can gather receipts for just 10 minutes today
- Starting small is better than waiting for the perfect moment that may never come
","## 🚀 The Dreaded Email Inbox

**The Challenge:** You have 47 unread emails and the thought of opening them makes you want to hide.

**The My Favorite Excuses Solution:**
1. Set a timer for just 10 minutes
2. Delete obvious junk mail first (easy wins)
3. Respond to one simple email
4. Stop when timer goes off, celebrate progress

**Why This Works:** Small steps prevent overwhelm → builds momentum → creates sustainable progress!

---

## 🚀 Exercise Avoidance

**The Challenge:** You know you should work out, but the thought of a full gym session feels overwhelming.

**The My Favorite Excuses Solution:**
1. Put on workout clothes (that's it for now)
2. Walk around the block once
3. Do 5 pushups against the wall
4. Celebrate that you moved your body today

**Why This Works:** Small steps prevent overwhelm → builds momentum → creates sustainable progress!

## 💡 ADHD Pro Tips

**For Low Energy Days:** Cut the steps in half - even 1 step is progress!

**For Hyperfocus Days:** Set a timer so you don't burn out.

**For Rejection Sensitive Days:** Remember - this is about helping yourself, not being perfect.

",Anxious,Ashamed,"Maintaining Focus, Overcoming Procrastination, Task Initiation","Avoidant, Can't Start",Task Initiation,"Creates Accountability, Externalizes Tasks, Starts Small",,,,"Checklist, Gamified",Gamified,Task Initiation Support,,,"Avoidant, Frozen",,Add common ADHD excuses as starter examples,Free,The Anti-Planner by Dani Donovan,,,,,rotate-cw
No,Negative Thought Spotter,Thought Pattern Detective,When negative thoughts are spiraling,"# ✨ Negative Thought Spotter Strategy

**When negative thoughts are spiraling**

- Try catch and challenge your negative thought patterns, like ""i'm terrible at this
- Try "" write down the thought, identify its type (e
- Try , catastrophizing), and create a more realistic alternative
- Use this when this strategy helps improve working memory by externalizing thoughts,
","## ✨ Daily Life Challenge

**The Challenge:** You're struggling with situations where When negative thoughts are spiraling.

**The Negative Thought Spotter Solution:**
1. Start with the smallest possible step
2. Set a timer for 15 minutes maximum
3. Focus on progress, not perfection
4. Celebrate any forward movement

**Why This Works:** Small steps prevent overwhelm → builds momentum → creates sustainable progress!

## 💡 ADHD Pro Tips

**For Low Energy Days:** Cut the steps in half - even 1 step is progress!

**For Hyperfocus Days:** Set a timer so you don't burn out.

**For Rejection Sensitive Days:** Remember - this is about helping yourself, not being perfect.

",Ashamed,Guilty,"Being Kinder to Myself, Calming Down","Anxious, Poor Time Estimation, Spiraling","Emotional Dysregulation, Task Structuring, Working Memory Engagement","Externalizes Tasks, Gamifies Action",,,Black,"Checklist, Gamified","Gamified, Interactive, Reflective Practice","Emotional Regulation, Self-Compassion",,,,,Include common thought traps reference sheet and reframing examples,Free,"CBT, The Anti-Planner by Dani Donovan",,,,,lightbulb
No,Never Eat Alone,Social Eating Strategy,When eating feels boring and gets skipped,"# ✨ Never Eat Alone Strategy

**When eating feels boring and gets skipped**

- Try eat meals while doing something enjoyable, like watching a show or listening to a podcast
- Set aside time to this strategy tackles time blindness by making mealtime more stimulating, which can prevent you from skipping meals due to boredom
- Try pairing lunch with a 20-minute video you love; this keeps your working memory engaged and ensures you finish your meal instead of wandering away mid-bite
","## ✨ Daily Life Challenge

**The Challenge:** You're struggling with situations where When eating feels boring and gets skipped.

**The Never Eat Alone Solution:**
1. Start with the smallest possible step
2. Set a timer for 15 minutes maximum
3. Focus on progress, not perfection
4. Celebrate any forward movement

**Why This Works:** Small steps prevent overwhelm → builds momentum → creates sustainable progress!

## 💡 ADHD Pro Tips

**For Low Energy Days:** Cut the steps in half - even 1 step is progress!

**For Hyperfocus Days:** Set a timer so you don't burn out.

**For Rejection Sensitive Days:** Remember - this is about helping yourself, not being perfect.

",Drained,Stuck,Finding motivation,"Avoidant, Task Initiation","Emotional Dysregulation, Time Blindness, Working Memory Engagement","Externalizes Tasks, Frees Up Working Memory",,"Low Energy, Restless, Wired but Tired",,"Checklist, Routine","Interactive, Sensory",,,,"Avoidant, Frozen",,Include engaging activity suggestions and mindful eating balance tips,Free,The Anti-Planner by Dani Donovan,,,,,sliders
No,Never-Miss Reminder System,Multi-Layer Memory Support,When you frequently forget important appointments,"### ⏰ Triple Reminder SystemSet multiple reminders for important appointments using phone alerts, calendar notifications, and sticky notes. This strategy helps combat working memory failures by creating external structures that keep you accountable and reduce the chance of forgetting. For best results, schedule reminders well in advance—one week, one day, and two hours before—and reinforce them with visual cues like sticky notes in your environment.","## ✨ Daily Life Challenge

**The Challenge:** You're struggling with situations where When you frequently forget important appointments.

**The Never-Miss Reminder System Solution:**
1. Start with the smallest possible step
2. Set a timer for 15 minutes maximum
3. Focus on progress, not perfection
4. Celebrate any forward movement

**Why This Works:** Small steps prevent overwhelm → builds momentum → creates sustainable progress!

## 💡 ADHD Pro Tips

**For Low Energy Days:** Cut the steps in half - even 1 step is progress!

**For Hyperfocus Days:** Set a timer so you don't burn out.

**For Rejection Sensitive Days:** Remember - this is about helping yourself, not being perfect.

",Forgetful,Ashamed,"Managing my schedule, Planning my time","Forgetful, Missed Appointments, Poor Time Estimation","Environmental Cues, Task Structuring, Working Memory Failures","Externalizes Tasks, Frees Up Working Memory, Provides External Structure",,Wired but Tired,,"Accountability, Checklist","Task Simplification, Time Management","Planning, Time Planning",,,Avoidant,,Include reminder timing strategies and multiple backup systems,Free,,,,,,bell
No,No-Brainer Meals,Minimal Decision Cooking,When meal decisions feel overwhelming,"# 🧠 Calm Down: No-Brainer Meals

**When meal decisions feel overwhelming**

- Create a short list of 5-7 meals that you can prepare with minimal decisions and effort
- Use this when this strategy helps combat decision fatigue and supports task initiation by providing easy, go-to options when you're feeling overwhelmed
- Start small and build momentum
- Focus on progress, not perfection
","## 🌊 Pre-Meeting Panic

**The Challenge:** You have a big presentation in 30 minutes and your heart is racing.

**The No-Brainer Meals Solution:**
1. Take 5 deep breaths, counting to 4 on each
2. List 3 things you know you do well
3. Splash cool water on your wrists
4. Remind yourself: ""I can handle whatever happens""

**Why This Works:** Small steps prevent overwhelm → builds momentum → creates sustainable progress!

---

## 🌊 Social Event Overwhelm

**The Challenge:** You're at a party and feeling overstimulated - too many voices, lights, and expectations.

**The No-Brainer Meals Solution:**
1. Step outside or find a quiet corner
2. Focus on 3 things you can see clearly
3. Take slow breaths through your nose
4. Give yourself permission to leave early if needed

**Why This Works:** Small steps prevent overwhelm → builds momentum → creates sustainable progress!

## 💡 ADHD Pro Tips

**For Low Energy Days:** Cut the steps in half - even 1 step is progress!

**For Hyperfocus Days:** Set a timer so you don't burn out.

**For Rejection Sensitive Days:** Remember - this is about helping yourself, not being perfect.

",Stuck,Overwhelmed,"Overcoming Procrastination, Quick Task Management, Task Initiation Support","Cant Decide, Task Initiation","Decision Fatigue, Task Initiation, Working Memory Engagement","Externalizes Tasks, Frees Up Working Memory, Reduces Decision Fatigue",,"Crash Recovery, Low Energy, Overwhelmed",,Checklist,Sensory,Decision Making,,,"Avoidant, Frozen",,Include meal suggestions for different dietary needs and prep levels,Free,The Anti-Planner by Dani Donovan,,,,,trending-up
No,No-Cook Meal Guide: 100 Ready-to-Eat Options,100 No-Cook Meal Ideas,When cooking feels impossible but you need to eat,"# 💭 No-Cook Meal Guide: 100 Ready-to-Eat Options Strategy

**When cooking feels impossible but you need to eat**

- Create a no-cook meal list to simplify your food choices when cooking feels overwhelming
- Use this when this strategy helps combat decision fatigue and supports task initiation by providing ready-to-eat options that require zero preparation
- Try for best results, keep this list easily accessible on your phone, so you can quickly scan and choose meals even on low-energy days
","## ✨ Daily Life Challenge

**The Challenge:** You're struggling with situations where When cooking feels impossible but you need to eat.

**The No-Cook Meal Guide: 100 Ready-to-Eat Options Solution:**
1. Start with the smallest possible step
2. Set a timer for 15 minutes maximum
3. Focus on progress, not perfection
4. Celebrate any forward movement

**Why This Works:** Small steps prevent overwhelm → builds momentum → creates sustainable progress!

## 💡 ADHD Pro Tips

**For Low Energy Days:** Cut the steps in half - even 1 step is progress!

**For Hyperfocus Days:** Set a timer so you don't burn out.

**For Rejection Sensitive Days:** Remember - this is about helping yourself, not being perfect.

",Drained,Stuck,"Quick Task Management, Starting Something Hard, Task Initiation Support","Avoidant, Can't Start","Decision Fatigue, Task Initiation, Working Memory Engagement","Externalizes Tasks, Minimizes Friction, Reduces Decision Fatigue",,"Low Energy, Overwhelmed, Wired but Tired",,Checklist,"Incremental Motivation, Task Simplification",Cleaning,,,"Avoidant, Overthinking",,Add visual icons for each category to make scanning faster,Free,https://blackgirllostkeys.com/adhd/100-no-cook-meal-items/,,,,,life-buoy
No,No-Stress Shopping System,Friction-Free Errands,When shopping environments feel overwhelming,"# ⚙️ Get Organized: No-Stress Shopping System

**When shopping environments feel overwhelming**

- Try order groceries online and use curbside pickup to simplify your shopping trips
- Use this when this strategy helps combat sensory overload and improves task initiation by
- Start small and build momentum
- Focus on progress, not perfection
","## 🌊 Pre-Meeting Panic

**The Challenge:** You have a big presentation in 30 minutes and your heart is racing.

**The No-Stress Shopping System Solution:**
1. Take 5 deep breaths, counting to 4 on each
2. List 3 things you know you do well
3. Splash cool water on your wrists
4. Remind yourself: ""I can handle whatever happens""

**Why This Works:** Small steps prevent overwhelm → builds momentum → creates sustainable progress!

---

## 🌊 Social Event Overwhelm

**The Challenge:** You're at a party and feeling overstimulated - too many voices, lights, and expectations.

**The No-Stress Shopping System Solution:**
1. Step outside or find a quiet corner
2. Focus on 3 things you can see clearly
3. Take slow breaths through your nose
4. Give yourself permission to leave early if needed

**Why This Works:** Small steps prevent overwhelm → builds momentum → creates sustainable progress!

## 💡 ADHD Pro Tips

**For Low Energy Days:** Cut the steps in half - even 1 step is progress!

**For Hyperfocus Days:** Set a timer so you don't burn out.

**For Rejection Sensitive Days:** Remember - this is about helping yourself, not being perfect.

",Overstimulated,Overwhelmed,"Maintaining Focus, Overcoming Procrastination, Quick Task Management","Poor Time Estimation, Sensory Overload","Decision Fatigue, Emotional Dysregulation, Task Initiation","Minimizes Friction, Provides External Structure, Reduces Decision Fatigue",,"Burnout, Overstimulated, Wired but Tired",,"Checklist, Routine",Sensory,,,,"Frozen, Time Blind",,Include ordering strategies and store comparison tips,Free,,,,,,shopping-cart
No,No-Think Food Playbook,Emergency Meal System,When decision fatigue is preventing you from eating,"# ⚙️ Get Organized: No-Think Food Playbook

**When decision fatigue is preventing you from eating**

- Try grab a list of easy meal options to eliminate the stress of deciding what to eat
- Use this when this strategy helps combat decision fatigue, a common challenge for those with adhd, by providing a ready-made plan that supports task initiation
- Try stick this list on your fridge so you can quickly choose a meal without overthinking, ensuring you actually eat instead of being overwhelmed by choices
","## ✨ Daily Life Challenge

**The Challenge:** You're struggling with situations where When decision fatigue is preventing you from eating.

**The No-Think Food Playbook Solution:**
1. Start with the smallest possible step
2. Set a timer for 15 minutes maximum
3. Focus on progress, not perfection
4. Celebrate any forward movement

**Why This Works:** Small steps prevent overwhelm → builds momentum → creates sustainable progress!

## 💡 ADHD Pro Tips

**For Low Energy Days:** Cut the steps in half - even 1 step is progress!

**For Hyperfocus Days:** Set a timer so you don't burn out.

**For Rejection Sensitive Days:** Remember - this is about helping yourself, not being perfect.

",Stuck,Overwhelmed,"Overcoming Procrastination, Quick Task Management, Task Initiation Support","Avoidant, Can't Decide","Decision Fatigue, Task Initiation, Working Memory Engagement","Externalizes Tasks, Provides External Structure, Reduces Decision Fatigue",,"Overwhelmed, Shutdown",,Gamification,"Gamified, Interactive",Decision Making,Parent,,"Frozen, Overthinking",,Organize by prep time and include options for different dietary needs,Free,The Anti-Planner by Dani Donovan,,,,,tasks
No,Noise-Cancelling Headphones,Sensory Management Tool,When environmental noise is disrupting focus or causing overwhelm,"# 🔧 Focus Boost: Noise-Cancelling Headphones

**When environmental noise is disrupting focus or causing overwhelm**

- Try put on noise-cancelling headphones to create a distraction-free environment that enhances your concentration
- Use this when this strategy helps combat time blindness by reducing auditory overwhelm, allowing your brain to focus on tasks without the interference of background noise
- Try consider different headphone options based on your budget and needs to find the best fit for your sensory preferences
","## 🎯 Zoom Meeting Brain Fog

**The Challenge:** You're in an important video call but your mind keeps wandering to random thoughts.

**The Noise-Cancelling Headphones Solution:**
1. Take notes by hand (engages your brain)
2. Repeat key points in your head
3. Use fidget tools off-camera
4. Sit in a spot with minimal distractions

**Why This Works:** Small steps prevent overwhelm → builds momentum → creates sustainable progress!

---

## 🎯 Study Session Struggles

**The Challenge:** You sit down to study but end up reading the same paragraph 5 times without absorbing it.

**The Noise-Cancelling Headphones Solution:**
1. Read for just 10 minutes at a time
2. Summarize each section out loud
3. Use a fidget or stress ball while reading
4. Take movement breaks between sections

**Why This Works:** Small steps prevent overwhelm → builds momentum → creates sustainable progress!

## 💡 ADHD Pro Tips

**For Low Energy Days:** Cut the steps in half - even 1 step is progress!

**For Hyperfocus Days:** Set a timer so you don't burn out.

**For Rejection Sensitive Days:** Remember - this is about helping yourself, not being perfect.

",Overstimulated,Overwhelmed,"Starting Something Hard, Staying focused","Can't Focus, Forgetful, Sensory Overload","Decision Fatigue, Emotional Dysregulation, Time Blindness","Reduces Decision Fatigue, Sensory Engagement",Urban,"Overstimulated, Overwhelmed",,Gamification,"Gamified, Interactive","Emotional Regulation, Work",,,"Avoidant, Frozen",,Include headphone recommendations for different budgets and use cases,$$,,,,,,phone
No,Note-Taking Apps,Information Capture Tools,When thoughts and information need reliable external storage,"# 📱 Note-Taking Apps Strategy

**When thoughts and information need reliable external storage**

- Use note-taking apps with robust search functionality to capture ideas on-the-go
- Try this strategy is effective for managing working memory failures,  choose apps that sync across devices and support voice-to-text input,
- Start small and build momentum
- Focus on progress, not perfection
","## ✨ Daily Life Challenge

**The Challenge:** You're struggling with situations where When thoughts and information need reliable external storage.

**The Note-Taking Apps Solution:**
1. Start with the smallest possible step
2. Set a timer for 15 minutes maximum
3. Focus on progress, not perfection
4. Celebrate any forward movement

**Why This Works:** Small steps prevent overwhelm → builds momentum → creates sustainable progress!

## 💡 ADHD Pro Tips

**For Low Energy Days:** Cut the steps in half - even 1 step is progress!

**For Hyperfocus Days:** Set a timer so you don't burn out.

**For Rejection Sensitive Days:** Remember - this is about helping yourself, not being perfect.

",Forgetful,Ashamed,"Starting Something Hard, Staying focused","Disorganized, Poor Time Estimation, Task Initiation",Working Memory Failures,"Externalizes Tasks, Minimizes Friction",,,,Quick Fix,,"Focus Enhancement, Task Initiation Support, Work",,,Avoidant,,Include key features for ADHD needs and organization strategies,$,,,,,,diamond
No,Numbered Cleaning Game,Systematic Organization Strategy,When cleaning feels overwhelming and you don't know where to start,"# ⚙️ Get Organized: Numbered Cleaning Game

**When cleaning feels overwhelming and you don't know where to start**

- Try assign numbers to cleaning tasks in your space to make the process feel like a game
- Try roll a die to determine which section to clean next,  with a clear structure, you can tackle clutter without feeling stuck or overwhelmed
- Start small and build momentum
- Focus on progress, not perfection
","## 🧹 Kitchen Disaster Zone

**The Challenge:** Your kitchen looks like a food tornado hit it. Dirty dishes everywhere, counters covered in clutter.

**The Numbered Cleaning Game Solution:**
1. Start with just the sink area (5 minutes)
2. Load dishwasher or wash one sink of dishes
3. Clear one counter completely
4. Wipe down that clean counter to see the victory

**Why This Works:** Small steps prevent overwhelm → builds momentum → creates sustainable progress!

---

## 🧹 Bedroom Clothes Mountain

**The Challenge:** Clean and dirty clothes live together in mysterious piles around your room.

**The Numbered Cleaning Game Solution:**
1. Make three piles: clean, dirty, donate
2. Put away just the clean clothes first
3. Toss dirty clothes in hamper
4. Set a timer for 15 minutes max

**Why This Works:** Small steps prevent overwhelm → builds momentum → creates sustainable progress!

## 💡 ADHD Pro Tips

**For Low Energy Days:** Cut the steps in half - even 1 step is progress!

**For Hyperfocus Days:** Set a timer so you don't burn out.

**For Rejection Sensitive Days:** Remember - this is about helping yourself, not being perfect.

",Stuck,Overwhelmed,"Cleaning Up, Resetting My Space, Task Initiation","Can't Start, Disorganized","Decision Fatigue, Task Initiation, Working Memory Engagement","Breaks Down Complexity, Externalizes Tasks, Gamifies Action",,"Overwhelmed, Shutdown, Wired but Tired",,"Challenge, Checklist, Gamification","Gamified, Interactive","Cleaning, Focus Enhancement, Task Initiation",,,"Frozen, Overthinking",,Add printable room division templates and timer suggestions,Free,The Anti-Planner by Dani Donovan,,,,,broom
No,One Touch Rule,Immediate Action Principle,When small tasks accumulate into overwhelming piles,"### ⚡️ Tackle Tasks Immediately

Handle tasks right away to prevent them from piling up and overwhelming you.  For example, when you receive mail, sort it immediately instead of letting it accumulate, which can trigger feelings of being stuck or overwhelmed.","## 🌊 Pre-Meeting Panic

**The Challenge:** You have a big presentation in 30 minutes and your heart is racing.

**The One Touch Rule Solution:**
1. Take 5 deep breaths, counting to 4 on each
2. List 3 things you know you do well
3. Splash cool water on your wrists
4. Remind yourself: ""I can handle whatever happens""

**Why This Works:** Small steps prevent overwhelm → builds momentum → creates sustainable progress!

---

## 🌊 Social Event Overwhelm

**The Challenge:** You're at a party and feeling overstimulated - too many voices, lights, and expectations.

**The One Touch Rule Solution:**
1. Step outside or find a quiet corner
2. Focus on 3 things you can see clearly
3. Take slow breaths through your nose
4. Give yourself permission to leave early if needed

**Why This Works:** Small steps prevent overwhelm → builds momentum → creates sustainable progress!

## 💡 ADHD Pro Tips

**For Low Energy Days:** Cut the steps in half - even 1 step is progress!

**For Hyperfocus Days:** Set a timer so you don't burn out.

**For Rejection Sensitive Days:** Remember - this is about helping yourself, not being perfect.

",Stuck,Overwhelmed,"Staying focused, Task Initiation","Can't Start, Task Initiation",Task Initiation,"Breaks Down Complexity, Minimizes Friction, Starts Small",,"Crash Recovery, Low Energy, Overwhelmed",,Quick Fix,"Task Simplification, Time Management","Focus Enhancement, Task Initiation, Time Planning",,,"Avoidant, Disorganized",,Include one-touch examples for different areas of life and habit-building tips,Free,The Anti-Planner by Dani Donovan,,,,,settings
No,Paper Plate Hack,Disposable Convenience Strategy,When dish washing is preventing you from eating well,"# ✨ Paper Plate Hack Strategy

**When dish washing is preventing you from eating well**

- Set aside time to give yourself permission to use paper plates and disposable utensils for a limited time
- Use this when this strategy helps reduce task initiation barriers,  by minimizing friction during stressful periods, like work deadlines, you can better manage your executive function challenges and maintain proper nutrition without the burden of cleanup
- Start small and build momentum
- Focus on progress, not perfection
","## ✨ Daily Life Challenge

**The Challenge:** You're struggling with situations where When dish washing is preventing you from eating well.

**The Paper Plate Hack Solution:**
1. Start with the smallest possible step
2. Set a timer for 15 minutes maximum
3. Focus on progress, not perfection
4. Celebrate any forward movement

**Why This Works:** Small steps prevent overwhelm → builds momentum → creates sustainable progress!

## 💡 ADHD Pro Tips

**For Low Energy Days:** Cut the steps in half - even 1 step is progress!

**For Hyperfocus Days:** Set a timer so you don't burn out.

**For Rejection Sensitive Days:** Remember - this is about helping yourself, not being perfect.

",Drained,Stuck,"Overcoming Procrastination, Quick Task Management, Starting Something Hard","Avoidant, Can't Start","Decision Fatigue, Executive Dysfunction, Task Initiation","Freeing Up Working Memory, Minimizes Friction, Reduces Decision Fatigue",,"Burnout, Frozen/Shut Down, Low Energy",,"Engaging Gamification, Gamification",Gamified,"Decision Making, Task Initiation Support",Working Professional,,"Avoidant, Frozen",,Include cost considerations and transition strategies back to regular dishes,$,How to Keep House While Drowning by KC Davis,,,,,settings
No,PARA Digital Organization,Four-Folder File System,When digital files are chaotic and hard to find,"# 📁 Get Organized: PARA Digital Organization

**When digital files are chaotic and hard to find**

- Try sort your digital chaos into just four folders: projects, areas, resources, and archive
- Use this when this method helps ease working memory challenges by providing a clear structure,  create these folders on your desktop to ensure you're not sifting through random files, which can exacerbate time blindness and forgetfulness
- Try with this system, you can quickly locate important documents and stay on top of your responsibilities
","## ✨ Daily Life Challenge

**The Challenge:** You're struggling with situations where When digital files are chaotic and hard to find.

**The PARA Digital Organization Solution:**
1. Start with the smallest possible step
2. Set a timer for 15 minutes maximum
3. Focus on progress, not perfection
4. Celebrate any forward movement

**Why This Works:** Small steps prevent overwhelm → builds momentum → creates sustainable progress!

## 💡 ADHD Pro Tips

**For Low Energy Days:** Cut the steps in half - even 1 step is progress!

**For Hyperfocus Days:** Set a timer so you don't burn out.

**For Rejection Sensitive Days:** Remember - this is about helping yourself, not being perfect.

",Frustrated,Defeated,"Staying focused, Task Initiation","Can't Finish, Forgetful, Poor Time Estimation","Executive Dysfunction, Time Blindness, Working Memory Failures","Externalizes Tasks, Frees Up Working Memory, Minimizes Friction",,"Overwhelmed, Restless, Wired but Tired",,Gamification,"Gamified, Interactive","Time Planning, Work",,,"Avoidant, Disorganized, Frozen",,Include setup guides and file naming conventions for each category,Free,,,,,,layout
No,Parking Lot Method,Thought Management System,When random thoughts interrupt your focus,"# ⚙️ Get Organized: Parking Lot Method

**When random thoughts interrupt your focus**

- Create a “parking lot” document to quickly jot down distracting thoughts or tasks while you focus
- Start small and build momentum
- Focus on progress, not perfection
","## 🎯 Zoom Meeting Brain Fog

**The Challenge:** You're in an important video call but your mind keeps wandering to random thoughts.

**The Parking Lot Method Solution:**
1. Take notes by hand (engages your brain)
2. Repeat key points in your head
3. Use fidget tools off-camera
4. Sit in a spot with minimal distractions

**Why This Works:** Small steps prevent overwhelm → builds momentum → creates sustainable progress!

---

## 🎯 Study Session Struggles

**The Challenge:** You sit down to study but end up reading the same paragraph 5 times without absorbing it.

**The Parking Lot Method Solution:**
1. Read for just 10 minutes at a time
2. Summarize each section out loud
3. Use a fidget or stress ball while reading
4. Take movement breaks between sections

**Why This Works:** Small steps prevent overwhelm → builds momentum → creates sustainable progress!

## 💡 ADHD Pro Tips

**For Low Energy Days:** Cut the steps in half - even 1 step is progress!

**For Hyperfocus Days:** Set a timer so you don't burn out.

**For Rejection Sensitive Days:** Remember - this is about helping yourself, not being perfect.

",Scattered,Overwhelmed,"Starting Something Hard, Staying focused","Can't Focus, Forgetful, Poor Time Estimation","Emotional Dysregulation, Task Structuring, Working Memory Failures","Externalizes Tasks, Provides External Structure",,"Overwhelmed, Wired but Tired",Women,Quick Fix,Sensory,"Focus Enhancement, Work",,,"Discouraged, Frozen, Overthinking",,Include parking lot formats and review scheduling suggestions,Free,The Anti-Planner by Dani Donovan,,,,,fast-forward
No,Password Manager Apps,Security Simplification Tools,When password management creates workflow interruptions,"# 📱 Password Manager Apps Strategy

**When password management creates workflow interruptions**

- Use a password manager to automatically generate and store secure passwords, eliminating the need to remember multiple passwords
- Try this tool significantly reduces working memory load, minimizing the risk of being locked out of accounts and allowing for seamless access without the stress of memory failures
- Start small and build momentum
- Focus on progress, not perfection
","## ✨ Daily Life Challenge

**The Challenge:** You're struggling with situations where When password management creates workflow interruptions.

**The Password Manager Apps Solution:**
1. Start with the smallest possible step
2. Set a timer for 15 minutes maximum
3. Focus on progress, not perfection
4. Celebrate any forward movement

**Why This Works:** Small steps prevent overwhelm → builds momentum → creates sustainable progress!

## 💡 ADHD Pro Tips

**For Low Energy Days:** Cut the steps in half - even 1 step is progress!

**For Hyperfocus Days:** Set a timer so you don't burn out.

**For Rejection Sensitive Days:** Remember - this is about helping yourself, not being perfect.

",Forgetful,Ashamed,"Starting Something Hard, Staying focused","Avoidant, Disorganized, Task Initiation","Decision Fatigue, Emotional Dysregulation, Working Memory Failures","Frees Up Working Memory, Minimizes Friction",,"Burnout, Crash Recovery, Overstimulated",,Gamification,"Gamified, Interactive","Task Initiation Support, Work",,,Avoidant,,Include security benefits and setup strategies,$$,,,,,,watch
No,Peace-of-Mind Backup System,Data Protection Safety Net,When data loss anxiety creates background stress,"# ⚙️ Get Organized: Peace-of-Mind Backup System

**When data loss anxiety creates background stress**

- Set up automatic backup apps to continuously save your important files to the cloud
- Use this when this strategy helps alleviate anxiety about data loss, addressing challenges like working memory and task initiation by providing a structured way to ensure your information is safe
- Try knowing your data is protected reduces background stress,
","## 🌊 Pre-Meeting Panic

**The Challenge:** You have a big presentation in 30 minutes and your heart is racing.

**The Peace-of-Mind Backup System Solution:**
1. Take 5 deep breaths, counting to 4 on each
2. List 3 things you know you do well
3. Splash cool water on your wrists
4. Remind yourself: ""I can handle whatever happens""

**Why This Works:** Small steps prevent overwhelm → builds momentum → creates sustainable progress!

---

## 🌊 Social Event Overwhelm

**The Challenge:** You're at a party and feeling overstimulated - too many voices, lights, and expectations.

**The Peace-of-Mind Backup System Solution:**
1. Step outside or find a quiet corner
2. Focus on 3 things you can see clearly
3. Take slow breaths through your nose
4. Give yourself permission to leave early if needed

**Why This Works:** Small steps prevent overwhelm → builds momentum → creates sustainable progress!

## 💡 ADHD Pro Tips

**For Low Energy Days:** Cut the steps in half - even 1 step is progress!

**For Hyperfocus Days:** Set a timer so you don't burn out.

**For Rejection Sensitive Days:** Remember - this is about helping yourself, not being perfect.

",Frustrated,Defeated,"Starting Something Hard, Staying focused","Anxious, Avoidant, Task Initiation","Emotional Dysregulation, Executive Dysfunction, Task Initiation","Externalizes Tasks, Gamifies Action",,"Crash Recovery, Low Energy, Wired but Tired",,Checklist,"Gamified, Incremental Engagement",Emotional Regulation,,,Avoidant,,Include backup strategy recommendations and peace of mind benefits,$$,,,,,,hard-drive
No,Pep Talk Playlist,Motivational Video Collection,When you need a quick motivation boost,"# 📝 Quick Win: Pep Talk Playlist

**When you need a quick motivation boost**

- Try watch short motivational videos to overcome feelings of being stuck or drained
- Use this when these videos activate dopamine, helping with task initiation and breaking down complex projects into manageable steps
- Try limit your viewing to clips under 5 minutes to stay focused and avoid distractions,
","## ⚡ Afternoon Energy Crash

**The Challenge:** By 2 PM, you feel like a phone with 5% battery. Everything seems impossible.

**The Pep Talk Playlist Solution:**
1. Step outside for 5 minutes of sunlight
2. Do 10 jumping jacks or stretch
3. Drink a full glass of water
4. Listen to one energizing song

**Why This Works:** Small steps prevent overwhelm → builds momentum → creates sustainable progress!

---

## ⚡ Monday Morning Motivation Deficit

**The Challenge:** Monday mornings feel like climbing Mount Everest in flip-flops.

**The Pep Talk Playlist Solution:**
1. Prep something you enjoy for Monday morning
2. Set one tiny, achievable goal for the day
3. Reward yourself for just showing up
4. Connect with a friend or colleague early on

**Why This Works:** Small steps prevent overwhelm → builds momentum → creates sustainable progress!

## 💡 ADHD Pro Tips

**For Low Energy Days:** Cut the steps in half - even 1 step is progress!

**For Hyperfocus Days:** Set a timer so you don't burn out.

**For Rejection Sensitive Days:** Remember - this is about helping yourself, not being perfect.

",Drained,Stuck,"Focus Enhancement, Task Initiation","Can't Start, Poor Time Estimation","Emotional Dysregulation, Inertia, Task Initiation","Breaking Down Complexity, Dopamine Activation, Externalizes Tasks, Starts Small",,"Low Energy, Overwhelmed, Wired but Tired",,Gamification,"Gamified, Visual","Emotional Regulation, Time Planning",,,"Avoidant, Frozen",,Limit to videos under 5 minutes to prevent rabbit holes,Free,The Anti-Planner by Dani Donovan,,,,,list
No,Permission Slips,Self-Authorization System,When guilt is preventing self-care or practical choices,"# ⚙️ Get Organized: Permission Slips

**When guilt is preventing self-care or practical choices**

- Write yourself permission slips for activities that often induce guilt, like resting or ordering takeout
- Use this when this strategy helps combat time blindness and task initiation challenges by providing a tangible reminder that prioritizing your well-being is essential
- Try keep your slips visible to reinforce the idea that it's okay to choose convenience when you need it most
","## ✨ Daily Life Challenge

**The Challenge:** You're struggling with situations where When guilt is preventing self-care or practical choices.

**The Permission Slips Solution:**
1. Start with the smallest possible step
2. Set a timer for 15 minutes maximum
3. Focus on progress, not perfection
4. Celebrate any forward movement

**Why This Works:** Small steps prevent overwhelm → builds momentum → creates sustainable progress!

## 💡 ADHD Pro Tips

**For Low Energy Days:** Cut the steps in half - even 1 step is progress!

**For Hyperfocus Days:** Set a timer so you don't burn out.

**For Rejection Sensitive Days:** Remember - this is about helping yourself, not being perfect.

",Ashamed,Guilty,Being Kinder to Myself,"Poor Time Estimation, Spiraling, Task Initiation","Task Initiation, Time Blindness","Externalizes Tasks, Provides External Structure",,"Burnout, Low Energy, Wired but Tired",,Checklist,Visual,,,,"Frozen, Overthinking",,Include common permission slip examples and guilt-reduction techniques,Free,The Anti-Planner by Dani Donovan,,,,,target
No,Personal Best Challenge,Self-Competition Game,When routine tasks feel boring,"# ✨ Build Habits: Personal Best Challenge

**When routine tasks feel boring**

- Try transform boring tasks into exciting personal challenges by timing how quickly you can complete them
- Use this when this strategy helps combat time blindness and task initiation issues by turning mundane chores into games, making them more engaging
- Set aside time to for instance, set a timer when folding laundry and aim to beat your previous score next time
- Try this gamification encourages accountability and motivation, making routine tasks feel less daunting
","## ✨ Daily Life Challenge

**The Challenge:** You're struggling with situations where When routine tasks feel boring.

**The Personal Best Challenge Solution:**
1. Start with the smallest possible step
2. Set a timer for 15 minutes maximum
3. Focus on progress, not perfection
4. Celebrate any forward movement

**Why This Works:** Small steps prevent overwhelm → builds momentum → creates sustainable progress!

## 💡 ADHD Pro Tips

**For Low Energy Days:** Cut the steps in half - even 1 step is progress!

**For Hyperfocus Days:** Set a timer so you don't burn out.

**For Rejection Sensitive Days:** Remember - this is about helping yourself, not being perfect.

",Drained,Stuck,"Cleaning Up, Overcoming Procrastination, Quick Task Management","Avoidant, Can't Start","Inertia, Task Initiation, Time Blindness","Breaks Down Complexity, Frees Up Working Memory, Gamifies Action",,"Low Energy, Wired but Tired",,"Challenge, Gamified, Quick Fix",Gamified,"Cleaning, Focus Enhancement, Task Initiation",,,"Avoidant, Frozen",,Include tracking sheets and suggested metrics for different tasks,Free,The Anti-Planner by Dani Donovan,,,,,trophy
No,Personal Burnout Radar,Early Warning System,When you want to prevent burnout before it hits,"# ⚙️ Get Organized: Personal Burnout Radar

**When you want to prevent burnout before it hits**

- Create a personalized list of your unique burnout warning signs, like irritability and forgetfulness
- Use this when this proactive approach can prevent overwhelm and help manage your energy effectively
- Start small and build momentum
- Focus on progress, not perfection
","## ✨ Daily Life Challenge

**The Challenge:** You're struggling with situations where When you want to prevent burnout before it hits.

**The Personal Burnout Radar Solution:**
1. Start with the smallest possible step
2. Set a timer for 15 minutes maximum
3. Focus on progress, not perfection
4. Celebrate any forward movement

**Why This Works:** Small steps prevent overwhelm → builds momentum → creates sustainable progress!

## 💡 ADHD Pro Tips

**For Low Energy Days:** Cut the steps in half - even 1 step is progress!

**For Hyperfocus Days:** Set a timer so you don't burn out.

**For Rejection Sensitive Days:** Remember - this is about helping yourself, not being perfect.

",Burned out,Defeated,Recovering from a crash,"Overcommitted, Sensory Overload","Emotional Dysregulation, Task Structuring, Working Memory Engagement","Externalizes Tasks, Frees Up Working Memory, Provides External Structure",,"Burnout, Crash Recovery, Overwhelmed",,"Checklist, Gamified",Gamified,,,,"Discouraged, Frozen",,Include common burnout signs checklist and prevention action plans,Free,The Anti-Planner by Dani Donovan,,,,,list
No,Personal Strategy Coach,Professional Brain Support,When you need professional guidance for ADHD management,"# 🧠 Personal Strategy Coach Strategy

**When you need professional guidance for ADHD management**

- Try work with a specialized adhd coach to develop strategies tailored to your unique challenges
- Use this when this approach directly addresses executive dysfunction by creating accountability systems that help improve organization and time management
- Try expect to identify your specific patterns and receive ongoing support that makes a significant difference in your daily life
","## ✨ Daily Life Challenge

**The Challenge:** You're struggling with situations where When you need professional guidance for ADHD management.

**The Personal Strategy Coach Solution:**
1. Start with the smallest possible step
2. Set a timer for 15 minutes maximum
3. Focus on progress, not perfection
4. Celebrate any forward movement

**Why This Works:** Small steps prevent overwhelm → builds momentum → creates sustainable progress!

## 💡 ADHD Pro Tips

**For Low Energy Days:** Cut the steps in half - even 1 step is progress!

**For Hyperfocus Days:** Set a timer so you don't burn out.

**For Rejection Sensitive Days:** Remember - this is about helping yourself, not being perfect.

",Frustrated,Defeated,"Starting Something Hard, Staying focused","Cannot Finish, Disorganized, Task Initiation","Executive Dysfunction, Time Blindness, Working Memory Engagement","Externalizes Tasks, Frees Up Working Memory, Gamifies Action",,"Crash Recovery, Low Energy, Wired but Tired",,"Accountability, Gamified",Gamified,"Task Initiation Support, Time Planning, Work",Working Professional,,Disorganized,,Include how to find qualified coaches and what to expect from coaching,$$$$,,,,,,handshake
No,Phone a Friend,Social Support System,When you need external perspective or emotional support,"# ⚙️ Get Organized: Phone a Friend

**When you need external perspective or emotional support**

- Try reach out to a friend who understands your adhd challenges when you're feeling stuck or overwhelmed
- Use this when this strategy leverages external perspective to help with task initiation and break down projects into manageable steps
- Try by sharing your thoughts, you create accountability and reduce decision fatigue,  don't hesitate to use this free resource to strengthen your support network
","## ✨ Daily Life Challenge

**The Challenge:** You're struggling with situations where When you need external perspective or emotional support.

**The Phone a Friend Solution:**
1. Start with the smallest possible step
2. Set a timer for 15 minutes maximum
3. Focus on progress, not perfection
4. Celebrate any forward movement

**Why This Works:** Small steps prevent overwhelm → builds momentum → creates sustainable progress!

## 💡 ADHD Pro Tips

**For Low Energy Days:** Cut the steps in half - even 1 step is progress!

**For Hyperfocus Days:** Set a timer so you don't burn out.

**For Rejection Sensitive Days:** Remember - this is about helping yourself, not being perfect.

",Stuck,Overwhelmed,"Focus Enhancement, Overcoming Procrastination, Task Initiation","Anxious, Can't Start","Decision Fatigue, Emotional Dysregulation, Task Initiation","Externalizes Tasks, Gamifies Action, Reduces Decision Fatigue",,"Burnout, Low Energy, Restless",,"Gamification, Quick Fix",Gamified,"Emotional Regulation, Focus Enhancement, Task Initiation",,,"Avoidant, Disorganized, Frozen",,Include conversation starters and how to build an ADHD support network,Free,The Anti-Planner by Dani Donovan,,,,,phone
No,Physical Movement Reset,Body-Based Reset Strategy,When mental fog or stuckness needs a physical reset,"### ⚡ Quick Body Reset

Get your body moving for just 2-10 minutes with activities like jumping jacks, walking, or dancing. This strategy helps to clear mental fog and improve focus by freeing up your working memory.  Remember, even small actions can create significant shifts in your mental state!","## ✨ Daily Life Challenge

**The Challenge:** You're struggling with situations where When mental fog or stuckness needs a physical reset.

**The Physical Movement Reset Solution:**
1. Start with the smallest possible step
2. Set a timer for 15 minutes maximum
3. Focus on progress, not perfection
4. Celebrate any forward movement

**Why This Works:** Small steps prevent overwhelm → builds momentum → creates sustainable progress!

## 💡 ADHD Pro Tips

**For Low Energy Days:** Cut the steps in half - even 1 step is progress!

**For Hyperfocus Days:** Set a timer so you don't burn out.

**For Rejection Sensitive Days:** Remember - this is about helping yourself, not being perfect.

",Drained,Stuck,"Starting Something Hard, Staying focused",Can't Start,"Inertia, Task Initiation, Working Memory Engagement","Breaks Down Complexity, Minimizes Friction",,"Low Energy, Wired but Tired",,Environmental Hack,"Embodied, Interactive","Focus Enhancement, Task Initiation Support",,,"Discouraged, Frozen",,Include movement options for different energy levels and spaces,Free,The Anti-Planner by Dani Donovan,,,,,bolt
No,Plan B Safety Net,Contingency Victory System,When unexpected problems create disproportionate stress,"# ⚙️ Get Organized: Plan B Safety Net

**When unexpected problems create disproportionate stress**

- Try always have a backup plan for important situations like traffic or childcare
- Use this when this strategy helps combat time blindness by ensuring you have alternate routes and solutions ready, reducing anxiety when unexpected issues arise
- Try implement this by researching multiple routes or creating templates for common challenges,
","## 🌊 Pre-Meeting Panic

**The Challenge:** You have a big presentation in 30 minutes and your heart is racing.

**The Plan B Safety Net Solution:**
1. Take 5 deep breaths, counting to 4 on each
2. List 3 things you know you do well
3. Splash cool water on your wrists
4. Remind yourself: ""I can handle whatever happens""

**Why This Works:** Small steps prevent overwhelm → builds momentum → creates sustainable progress!

---

## 🌊 Social Event Overwhelm

**The Challenge:** You're at a party and feeling overstimulated - too many voices, lights, and expectations.

**The Plan B Safety Net Solution:**
1. Step outside or find a quiet corner
2. Focus on 3 things you can see clearly
3. Take slow breaths through your nose
4. Give yourself permission to leave early if needed

**Why This Works:** Small steps prevent overwhelm → builds momentum → creates sustainable progress!

## 💡 ADHD Pro Tips

**For Low Energy Days:** Cut the steps in half - even 1 step is progress!

**For Hyperfocus Days:** Set a timer so you don't burn out.

**For Rejection Sensitive Days:** Remember - this is about helping yourself, not being perfect.

",Frustrated,Defeated,"Managing my schedule, Planning my time, Task Initiation Support","Anxiety Management, Can't Finish, Poor Time Estimation","Executive Dysfunction, Task Structuring, Time Blindness","Breaks Down Complexity, Externalizes Tasks, Starts Small",,Crash Recovery,,"Checklist, Routine","Incremental Engagement, Task Simplification, Visual","Planning, Work","Parent, Working Professional",,Time Blind,,Include backup planning templates for common ADHD challenges,Free,,,,,,map
No,Playlist for Every Mood,Curated Music Collection,When you need mood regulation through music,"# 📝 Playlist for Every Mood Strategy

**When you need mood regulation through music**

- Create specific playlists tailored to your emotional states and tasks
- Use upbeat music to boost your motivation when tackling chores, which can help combat task initiation challenges common in ADHD
- Start small and build momentum
- Focus on progress, not perfection
","## ⚡ Afternoon Energy Crash

**The Challenge:** By 2 PM, you feel like a phone with 5% battery. Everything seems impossible.

**The Playlist for Every Mood Solution:**
1. Step outside for 5 minutes of sunlight
2. Do 10 jumping jacks or stretch
3. Drink a full glass of water
4. Listen to one energizing song

**Why This Works:** Small steps prevent overwhelm → builds momentum → creates sustainable progress!

---

## ⚡ Monday Morning Motivation Deficit

**The Challenge:** Monday mornings feel like climbing Mount Everest in flip-flops.

**The Playlist for Every Mood Solution:**
1. Prep something you enjoy for Monday morning
2. Set one tiny, achievable goal for the day
3. Reward yourself for just showing up
4. Connect with a friend or colleague early on

**Why This Works:** Small steps prevent overwhelm → builds momentum → creates sustainable progress!

## 💡 ADHD Pro Tips

**For Low Energy Days:** Cut the steps in half - even 1 step is progress!

**For Hyperfocus Days:** Set a timer so you don't burn out.

**For Rejection Sensitive Days:** Remember - this is about helping yourself, not being perfect.

",Drained,Stuck,"Cleaning Up, Overcoming Procrastination, Resetting My Space","Can't Start, Poor Time Estimation","Emotional Dysregulation, Task Initiation, Working Memory Engagement","Dopamine Activation, Emotional Regulation, Externalizes Tasks",,"Low Energy, Overwhelmed, Wired but Tired",,"Accountability, Challenge, Mindset Shift","Interactive, Sensory","Cleaning, Emotional Regulation",,Recently Moved,Discouraged,,Include playlist suggestions for different moods and activities,Free,The Anti-Planner by Dani Donovan,,,,,list
No,Podcast Buddy System,Audio Companionship Strategy,When you need company to start boring tasks,"# ⚙️ Get Organized: Podcast Buddy System

**When you need company to start boring tasks**

- Try tune into a podcast while tackling dull tasks to create a sense of audio companionship
- Use this when this strategy helps bypass task initiation hurdles by tricking your brain into feeling less alone,  with engaging voices in the background, you can combat feelings of avoidance and enhance focus, allowing time to pass more smoothly as you complete your tasks
- Start small and build momentum
- Focus on progress, not perfection
","## 🚀 The Dreaded Email Inbox

**The Challenge:** You have 47 unread emails and the thought of opening them makes you want to hide.

**The Podcast Buddy System Solution:**
1. Set a timer for just 10 minutes
2. Delete obvious junk mail first (easy wins)
3. Respond to one simple email
4. Stop when timer goes off, celebrate progress

**Why This Works:** Small steps prevent overwhelm → builds momentum → creates sustainable progress!

---

## 🚀 Exercise Avoidance

**The Challenge:** You know you should work out, but the thought of a full gym session feels overwhelming.

**The Podcast Buddy System Solution:**
1. Put on workout clothes (that's it for now)
2. Walk around the block once
3. Do 5 pushups against the wall
4. Celebrate that you moved your body today

**Why This Works:** Small steps prevent overwhelm → builds momentum → creates sustainable progress!

## 💡 ADHD Pro Tips

**For Low Energy Days:** Cut the steps in half - even 1 step is progress!

**For Hyperfocus Days:** Set a timer so you don't burn out.

**For Rejection Sensitive Days:** Remember - this is about helping yourself, not being perfect.

",Drained,Stuck,"Cleaning Up, Overcoming Procrastination, Task Initiation Support","Avoidant, Can't Start",Task Initiation,"Externalizes Tasks, Frees Up Working Memory",,"Low Energy, Overwhelmed, Wired but Tired",,Gamification,"Gamified, Interactive, Sensory","Cleaning, Focus Enhancement, Task Initiation Support",,,"Avoidant, Overthinking",,Create curated podcast recommendations for different task types,Free,Reddit /r/ADHDWomen,,,,,phone
No,Pomodoro Technique,Time-Boxed Focus Method,When you need structured focus time with built-in breaks,"# ⏰ Take a Break: Pomodoro Technique

**When you need structured focus time with built-in breaks**

- Try **work for 25 minutes, then take a 5-minute break
- Set aside time to **

- set timer for 25 minutes
- focus on one task only
- when timer rings, take 5-minute break
- after 4 cycles, take longer break
- Start small and build momentum
- Focus on progress, not perfection
","## ⏰ Morning Routine Chaos

**The Challenge:** Every morning feels like rushing through a tornado. You're always late and forget important things.

**The Pomodoro Technique Solution:**
1. Set up everything the night before
2. Use a simple checklist by the door
3. Build in 10 extra minutes as buffer time
4. Celebrate when you leave on time

**Why This Works:** Small steps prevent overwhelm → builds momentum → creates sustainable progress!

---

## ⏰ Work Deadline Stress

**The Challenge:** Project deadlines sneak up on you, causing last-minute panic and all-nighters.

**The Pomodoro Technique Solution:**
1. Break the project into 15-minute chunks
2. Schedule specific times for each chunk
3. Set daily check-in reminders
4. Reward yourself for staying on track

**Why This Works:** Small steps prevent overwhelm → builds momentum → creates sustainable progress!

## 💡 ADHD Pro Tips

**For Low Energy Days:** Cut the steps in half - even 1 step is progress!

**For Hyperfocus Days:** Set a timer so you don't burn out.

**For Rejection Sensitive Days:** Remember - this is about helping yourself, not being perfect.

",Scattered,Overwhelmed,"Staying focused, Task Initiation Support","Can't Focus, Can't Start, Poor Time Estimation","Task Initiation, Time Blindness, Working Memory Failures","Gamifies Action, Provides External Structure",,"Burnout, Low Energy",,"Accountability, Checklist, Routine","Interactive, Task Simplification, Time Management","Focus Enhancement, Task Initiation Support, Time Planning",,,"Avoidant, Overthinking",,Include timer app recommendations and break activity suggestions,Free,Francesco Cirillo,,,,,timer
No,Priority Decision Matrix,Task Urgency Grid,When everything feels equally urgent,"# ✅ Priority Decision Matrix Strategy

**When everything feels equally urgent**

- Try draw a simple 2×2 grid to classify your tasks based on urgency and importance
- Use this when this method helps combat decision paralysis by visually sorting what truly matters,
- Start small and build momentum
- Focus on progress, not perfection
","## ✨ Daily Life Challenge

**The Challenge:** You're struggling with situations where When everything feels equally urgent.

**The Priority Decision Matrix Solution:**
1. Start with the smallest possible step
2. Set a timer for 15 minutes maximum
3. Focus on progress, not perfection
4. Celebrate any forward movement

**Why This Works:** Small steps prevent overwhelm → builds momentum → creates sustainable progress!

## 💡 ADHD Pro Tips

**For Low Energy Days:** Cut the steps in half - even 1 step is progress!

**For Hyperfocus Days:** Set a timer so you don't burn out.

**For Rejection Sensitive Days:** Remember - this is about helping yourself, not being perfect.

",Stuck,Overwhelmed,"Focus Enhancement, Staying focused, Task Initiation","Can't Decide, Can't Start","Decision Fatigue, Task Structuring, Working Memory Engagement","Minimizes Friction, Reduces Decision Fatigue",,Burnout,,Checklist,"Task Simplification, Time Management, Visual","Planning, Time Planning",,,"Frozen, Overthinking",,Include decision criteria guides and digital template options,Free,The Anti-Planner by Dani Donovan,,,,,target
No,Procrastination Surfing,Productive Procrastination,When procrastination energy can be redirected productively,"# ✨ Energy Hack: Procrastination Surfing

**When procrastination energy can be redirected productively**

- Try redirect your procrastination energy toward a different productive task instead of fighting it
- Start small and build momentum
- Focus on progress, not perfection
","## ⚡ Afternoon Energy Crash

**The Challenge:** By 2 PM, you feel like a phone with 5% battery. Everything seems impossible.

**The Procrastination Surfing Solution:**
1. Step outside for 5 minutes of sunlight
2. Do 10 jumping jacks or stretch
3. Drink a full glass of water
4. Listen to one energizing song

**Why This Works:** Small steps prevent overwhelm → builds momentum → creates sustainable progress!

---

## ⚡ Monday Morning Motivation Deficit

**The Challenge:** Monday mornings feel like climbing Mount Everest in flip-flops.

**The Procrastination Surfing Solution:**
1. Prep something you enjoy for Monday morning
2. Set one tiny, achievable goal for the day
3. Reward yourself for just showing up
4. Connect with a friend or colleague early on

**Why This Works:** Small steps prevent overwhelm → builds momentum → creates sustainable progress!

## 💡 ADHD Pro Tips

**For Low Energy Days:** Cut the steps in half - even 1 step is progress!

**For Hyperfocus Days:** Set a timer so you don't burn out.

**For Rejection Sensitive Days:** Remember - this is about helping yourself, not being perfect.

",Anxious,Ashamed,"Overcoming Procrastination, Staying focused, Task Initiation","Avoidant, Can't Start","Emotional Dysregulation, Task Initiation, Working Memory Engagement","Dopamine Activation, Emotional Regulation, Frees Up Working Memory",,,,Gamification,"Gamified, Sensory","Cleaning, Focus Enhancement, Task Initiation",,,"Avoidant, Discouraged, Overthinking",,Include task-switching strategies and energy-matching techniques,Free,The Anti-Planner by Dani Donovan,,,,,lightbulb
No,Progress Over Perfect,Anti-Perfectionism Mindset,When perfectionism prevents any action,"# 📊 Progress Over Perfect Strategy

**When perfectionism prevents any action**

- Try replace ""all or nothing"" thinking with ""all or something
- Try "" instead of aiming for perfection, do something imperfectly—even a small effort is better than none
- Try when faced with perfectionism, remember that even 20 minutes of exercise is a victory
","## ✨ Daily Life Challenge

**The Challenge:** You're struggling with situations where When perfectionism prevents any action.

**The Progress Over Perfect Solution:**
1. Start with the smallest possible step
2. Set a timer for 15 minutes maximum
3. Focus on progress, not perfection
4. Celebrate any forward movement

**Why This Works:** Small steps prevent overwhelm → builds momentum → creates sustainable progress!

## 💡 ADHD Pro Tips

**For Low Energy Days:** Cut the steps in half - even 1 step is progress!

**For Hyperfocus Days:** Set a timer so you don't burn out.

**For Rejection Sensitive Days:** Remember - this is about helping yourself, not being perfect.

",Stuck,Overwhelmed,"Maintaining Focus, Overcoming Procrastination, Starting Something Hard","Can't Decide, Can't Start","Emotional Dysregulation, Perfectionism, Task Initiation","Breaks Down Complexity, Starts Small",,"Crash Recovery, Low Energy, Wired but Tired",,"Engaging Gamification, Gamification",Gamified,,,,"Frozen, Overthinking",,"Include ""something"" alternatives for common perfectionism traps",Free,The Anti-Planner by Dani Donovan,,,,,brain
No,Progress Photos,Visual Motivation,When progress feels invisible or insufficient,"# 🚀 Energy Hack: Progress Photos

**When progress feels invisible or insufficient**

- Take photos of your projects and goals to create visual documentation
- Use this when this strategy helps combat time blindness and feelings of stagnation by visually showcasing your improvements over time, which can enhance motivation and clarity
- Start small and build momentum
- Focus on progress, not perfection
","## ⚡ Afternoon Energy Crash

**The Challenge:** By 2 PM, you feel like a phone with 5% battery. Everything seems impossible.

**The Progress Photos Solution:**
1. Step outside for 5 minutes of sunlight
2. Do 10 jumping jacks or stretch
3. Drink a full glass of water
4. Listen to one energizing song

**Why This Works:** Small steps prevent overwhelm → builds momentum → creates sustainable progress!

---

## ⚡ Monday Morning Motivation Deficit

**The Challenge:** Monday mornings feel like climbing Mount Everest in flip-flops.

**The Progress Photos Solution:**
1. Prep something you enjoy for Monday morning
2. Set one tiny, achievable goal for the day
3. Reward yourself for just showing up
4. Connect with a friend or colleague early on

**Why This Works:** Small steps prevent overwhelm → builds momentum → creates sustainable progress!

## 💡 ADHD Pro Tips

**For Low Energy Days:** Cut the steps in half - even 1 step is progress!

**For Hyperfocus Days:** Set a timer so you don't burn out.

**For Rejection Sensitive Days:** Remember - this is about helping yourself, not being perfect.

",Hopeless,Defeated,"Being Kinder to Myself, Finding motivation","Emotional Regulation, Poor Time Estimation","Emotional Dysregulation, Time Blindness, Working Memory Engagement","Dopamine Activation, Emotional Regulation",Work From Home,Crash Recovery,,Checklist,"Incremental Motivation, Visual","Emotional Regulation, Self-Compassion",Working Professional,,"Discouraged, Overthinking",,Include photo documentation strategies and progress celebration ideas,Free,,,,,,camera
No,Protein-Rich Breakfast,Stable Energy Foundation,When morning energy crashes affect focus,"# ☕ Take a Break: Protein-Rich Breakfast

**When morning energy crashes affect focus**

- Start your day with a protein-rich breakfast like eggs or Greek yogurt with nuts
- Use this when this simple switch can help you maintain steady blood sugar levels, reducing feelings of shakiness and improving focus throughout the morning
- Set aside time to by fueling your brain with protein, you enhance task initiation and combat the common adhd challenge of time blindness, allowing for smoother transitions into your day
","## 🎯 Zoom Meeting Brain Fog

**The Challenge:** You're in an important video call but your mind keeps wandering to random thoughts.

**The Protein-Rich Breakfast Solution:**
1. Take notes by hand (engages your brain)
2. Repeat key points in your head
3. Use fidget tools off-camera
4. Sit in a spot with minimal distractions

**Why This Works:** Small steps prevent overwhelm → builds momentum → creates sustainable progress!

---

## 🎯 Study Session Struggles

**The Challenge:** You sit down to study but end up reading the same paragraph 5 times without absorbing it.

**The Protein-Rich Breakfast Solution:**
1. Read for just 10 minutes at a time
2. Summarize each section out loud
3. Use a fidget or stress ball while reading
4. Take movement breaks between sections

**Why This Works:** Small steps prevent overwhelm → builds momentum → creates sustainable progress!

## 💡 ADHD Pro Tips

**For Low Energy Days:** Cut the steps in half - even 1 step is progress!

**For Hyperfocus Days:** Set a timer so you don't burn out.

**For Rejection Sensitive Days:** Remember - this is about helping yourself, not being perfect.

",Forgetful,Stuck,"Maintaining Focus, Overcoming Procrastination, Task Initiation Support","Can't Focus, Can't Start, Forgetful",Working Memory Failures,"Breaks Down Complexity, Dopamine Activation, Externalizes Tasks",,"Crash Recovery, Low Energy, Wired but Tired",,Quick Fix,Sensory,Emotional Regulation,,,Frozen,,Include quick protein breakfast ideas and meal prep strategies,$,,,,,,layout
No,Prove-Me-Wrong Task Board,Reverse Psychology Board,When reverse psychology might motivate you,"# ✅ Prove-Me-Wrong Task Board Strategy

**When reverse psychology might motivate you**

- Create a challenge board with tasks framed as bets against yourself, like ""Bet you can't clean the bathroom today
- Try ""   remember to keep your statements specific and use them to gamify your actions for better results
- Start small and build momentum
- Focus on progress, not perfection
","## ⚡ Afternoon Energy Crash

**The Challenge:** By 2 PM, you feel like a phone with 5% battery. Everything seems impossible.

**The Prove-Me-Wrong Task Board Solution:**
1. Step outside for 5 minutes of sunlight
2. Do 10 jumping jacks or stretch
3. Drink a full glass of water
4. Listen to one energizing song

**Why This Works:** Small steps prevent overwhelm → builds momentum → creates sustainable progress!

---

## ⚡ Monday Morning Motivation Deficit

**The Challenge:** Monday mornings feel like climbing Mount Everest in flip-flops.

**The Prove-Me-Wrong Task Board Solution:**
1. Prep something you enjoy for Monday morning
2. Set one tiny, achievable goal for the day
3. Reward yourself for just showing up
4. Connect with a friend or colleague early on

**Why This Works:** Small steps prevent overwhelm → builds momentum → creates sustainable progress!

## 💡 ADHD Pro Tips

**For Low Energy Days:** Cut the steps in half - even 1 step is progress!

**For Hyperfocus Days:** Set a timer so you don't burn out.

**For Rejection Sensitive Days:** Remember - this is about helping yourself, not being perfect.

",Anxious,Ashamed,"Cleaning Up, Overcoming Procrastination, Resetting My Space","Avoidant, Can't Start","Emotional Dysregulation, Task Initiation, Working Memory Engagement",Gamifies Action,,"Overwhelmed, Restless, Wired but Tired",,"Challenge, Gamification","Action-Oriented, Gamified, Incremental Motivation","Cleaning, Emotional Regulation, Task Initiation",,,"Avoidant, Discouraged, Overthinking",,Provide template boards and example challenge statements,Free,The Anti-Planner by Dani Donovan,,,,,check-square
No,Quick Capture System,Thought Collection Method,When important thoughts pop up at inconvenient times,"# ⚙️ Quick Win: Quick Capture System

**When important thoughts pop up at inconvenient times**

- Try capture thoughts instantly in a designated spot like a notes app or notebook
- Start small and build momentum
- Focus on progress, not perfection
","## ⏰ Morning Routine Chaos

**The Challenge:** Every morning feels like rushing through a tornado. You're always late and forget important things.

**The Quick Capture System Solution:**
1. Set up everything the night before
2. Use a simple checklist by the door
3. Build in 10 extra minutes as buffer time
4. Celebrate when you leave on time

**Why This Works:** Small steps prevent overwhelm → builds momentum → creates sustainable progress!

---

## ⏰ Work Deadline Stress

**The Challenge:** Project deadlines sneak up on you, causing last-minute panic and all-nighters.

**The Quick Capture System Solution:**
1. Break the project into 15-minute chunks
2. Schedule specific times for each chunk
3. Set daily check-in reminders
4. Reward yourself for staying on track

**Why This Works:** Small steps prevent overwhelm → builds momentum → creates sustainable progress!

## 💡 ADHD Pro Tips

**For Low Energy Days:** Cut the steps in half - even 1 step is progress!

**For Hyperfocus Days:** Set a timer so you don't burn out.

**For Rejection Sensitive Days:** Remember - this is about helping yourself, not being perfect.

",Forgetful,Ashamed,"Starting Something Hard, Staying focused","Avoidant, Forgetful, Poor Time Estimation",Working Memory Failures,"Breaks Down Complexity, Externalizes Tasks, Starts Small",,"Overwhelmed, Restless, Wired but Tired",,"Accountability, Checklist, Routine",Interactive,"Time Planning, Work",,,"Avoidant, Disorganized, Frozen",,Include capture method comparisons and review system suggestions,Free,The Anti-Planner by Dani Donovan,,,,,rocket
No,Quiet Quitting Your To-Do List,Priority Simplification,When perfectionism is wasting energy on unimportant tasks,"# 📝 Energy Hack: Quiet Quitting Your To-Do List

**When perfectionism is wasting energy on unimportant tasks**

- Try deliberately eliminate or ignore non-essential tasks that drain your energy
- Use this when this strategy helps combat time blindness by
- Start small and build momentum
- Focus on progress, not perfection
","## ⚡ Afternoon Energy Crash

**The Challenge:** By 2 PM, you feel like a phone with 5% battery. Everything seems impossible.

**The Quiet Quitting Your To-Do List Solution:**
1. Step outside for 5 minutes of sunlight
2. Do 10 jumping jacks or stretch
3. Drink a full glass of water
4. Listen to one energizing song

**Why This Works:** Small steps prevent overwhelm → builds momentum → creates sustainable progress!

---

## ⚡ Monday Morning Motivation Deficit

**The Challenge:** Monday mornings feel like climbing Mount Everest in flip-flops.

**The Quiet Quitting Your To-Do List Solution:**
1. Prep something you enjoy for Monday morning
2. Set one tiny, achievable goal for the day
3. Reward yourself for just showing up
4. Connect with a friend or colleague early on

**Why This Works:** Small steps prevent overwhelm → builds momentum → creates sustainable progress!

## 💡 ADHD Pro Tips

**For Low Energy Days:** Cut the steps in half - even 1 step is progress!

**For Hyperfocus Days:** Set a timer so you don't burn out.

**For Rejection Sensitive Days:** Remember - this is about helping yourself, not being perfect.

",Anxious,Stuck,"Managing my schedule, Planning my time, Quick Task Management",Can't Decide,"Decision Fatigue, Perfectionism, Time Blindness","Emotional Regulation, Externalizes Tasks, Gamifies Action",,"Burnout, Low Energy, Overwhelmed",,Gamification,"Gamified, Visual","Planning, Time Planning",,,Overthinking,,Include task evaluation criteria and permission-giving frameworks,Free,The Anti-Planner by Dani Donovan,,,,,list
No,Race the Takeout Timer,Delivery Deadline Sprint,When you need external deadlines to motivate action,"# ⏰ Time Helper: Race the Takeout Timer

**When you need external deadlines to motivate action**

- Set aside time to order your food and use the wait time as a mini burst of focus
- Try this strategy leverages the natural deadline of your meal delivery to combat task initiation issues, motivating you to quickly tidy your space or complete small tasks
- Use this when by setting a timer for 30 minutes, you create a structured timeframe that helps overcome time blindness and makes the most of your waiting period
","## ⏰ Morning Routine Chaos

**The Challenge:** Every morning feels like rushing through a tornado. You're always late and forget important things.

**The Race the Takeout Timer Solution:**
1. Set up everything the night before
2. Use a simple checklist by the door
3. Build in 10 extra minutes as buffer time
4. Celebrate when you leave on time

**Why This Works:** Small steps prevent overwhelm → builds momentum → creates sustainable progress!

---

## ⏰ Work Deadline Stress

**The Challenge:** Project deadlines sneak up on you, causing last-minute panic and all-nighters.

**The Race the Takeout Timer Solution:**
1. Break the project into 15-minute chunks
2. Schedule specific times for each chunk
3. Set daily check-in reminders
4. Reward yourself for staying on track

**Why This Works:** Small steps prevent overwhelm → builds momentum → creates sustainable progress!

## 💡 ADHD Pro Tips

**For Low Energy Days:** Cut the steps in half - even 1 step is progress!

**For Hyperfocus Days:** Set a timer so you don't burn out.

**For Rejection Sensitive Days:** Remember - this is about helping yourself, not being perfect.

",Stuck,Overwhelmed,"Cleaning Up, Quick Task Management, Resetting My Space","Avoidant, Can't Start","Task Initiation, Task Structuring, Time Blindness","Externalizes Tasks, Gamifies Action, Provides External Structure",,"Low Energy, Overwhelmed, Wired but Tired",,"Challenge, Quick Fix","Gamified, Interactive, Time Management","Cleaning, Task Initiation Support, Time Planning",Working Professional,,"Avoidant, Frozen",,Add a list of 15-30 minute tasks perfect for delivery windows,$$,How to Keep House While Drowning by KC Davis,,,,,pizza
No,Radical Acceptance,Emotional Processing Technique,When fighting emotions is making them worse,"# 💭 Radical Acceptance Strategy

**When fighting emotions is making them worse**

- Try practice accepting difficult emotions without the urge to fix them right away
- Try for instance, when feeling anxious, acknowledge it by saying, ""i'm feeling anxious, and that's okay,""
- Start small and build momentum
- Focus on progress, not perfection
","## ✨ Daily Life Challenge

**The Challenge:** You're struggling with situations where When fighting emotions is making them worse.

**The Radical Acceptance Solution:**
1. Start with the smallest possible step
2. Set a timer for 15 minutes maximum
3. Focus on progress, not perfection
4. Celebrate any forward movement

**Why This Works:** Small steps prevent overwhelm → builds momentum → creates sustainable progress!

## 💡 ADHD Pro Tips

**For Low Energy Days:** Cut the steps in half - even 1 step is progress!

**For Hyperfocus Days:** Set a timer so you don't burn out.

**For Rejection Sensitive Days:** Remember - this is about helping yourself, not being perfect.

",Overstimulated,Overwhelmed,"Being Kinder to Myself, Calming Down",Anxiety Management,"Decision Fatigue, Emotional Dysregulation, Working Memory Failures","Cognitive Load Management, Emotional Regulation, Executive Function Support",,Overstimulated,,Quick Fix,"Interactive, Reflective Practice","Emotional Regulation, Self-Compassion",,,"Avoidant, Frozen",,Include acceptance phrases and mindfulness techniques for different emotions,Free,The Anti-Planner by Dani Donovan,,,,,refresh-cw
No,Random Reward Generator,Motivation Surprise System,When predictable rewards lose their motivational power,"# ⚙️ Get Organized: Random Reward Generator

**When predictable rewards lose their motivational power**

- Create a list of small rewards and use a random generator to pick one after completing tasks
- Try this strategy leverages the element of surprise to enhance motivation for tasks that may feel tedious, addressing challenges like task initiation and low energy
- Try consider including categories for rewards and setting up your generator for a tailored experience
","## ⚡ Afternoon Energy Crash

**The Challenge:** By 2 PM, you feel like a phone with 5% battery. Everything seems impossible.

**The Random Reward Generator Solution:**
1. Step outside for 5 minutes of sunlight
2. Do 10 jumping jacks or stretch
3. Drink a full glass of water
4. Listen to one energizing song

**Why This Works:** Small steps prevent overwhelm → builds momentum → creates sustainable progress!

---

## ⚡ Monday Morning Motivation Deficit

**The Challenge:** Monday mornings feel like climbing Mount Everest in flip-flops.

**The Random Reward Generator Solution:**
1. Prep something you enjoy for Monday morning
2. Set one tiny, achievable goal for the day
3. Reward yourself for just showing up
4. Connect with a friend or colleague early on

**Why This Works:** Small steps prevent overwhelm → builds momentum → creates sustainable progress!

## 💡 ADHD Pro Tips

**For Low Energy Days:** Cut the steps in half - even 1 step is progress!

**For Hyperfocus Days:** Set a timer so you don't burn out.

**For Rejection Sensitive Days:** Remember - this is about helping yourself, not being perfect.

",Drained,Stuck,"Staying focused, Task Initiation","Cannot Finish, Task Initiation","Decision Fatigue, Task Initiation, Time Blindness","Activates Dopamine, Externalizes Tasks, Gamifies Action",,"Burnout, Crash Recovery, Wired but Tired",,"Challenge, Checklist, Gamification","Gamified, Interactive, Sensory","Decision Making, Focus Enhancement, Task Initiation",,,"Disorganized, Overthinking",,Include reward categories and generator setup instructions,Free,The Anti-Planner by Dani Donovan,,,,,gift
No,Randomizer Apps,Decision-Making Tools,When decision fatigue is blocking action,"# 📱 Randomizer Apps Strategy

**When decision fatigue is blocking action**

- Use apps or websites that make random choices for you to combat decision fatigue
- Try simply input your tasks into a randomizer app, and let it decide for you,
- Start small and build momentum
- Focus on progress, not perfection
","## ✨ Daily Life Challenge

**The Challenge:** You're struggling with situations where When decision fatigue is blocking action.

**The Randomizer Apps Solution:**
1. Start with the smallest possible step
2. Set a timer for 15 minutes maximum
3. Focus on progress, not perfection
4. Celebrate any forward movement

**Why This Works:** Small steps prevent overwhelm → builds momentum → creates sustainable progress!

## 💡 ADHD Pro Tips

**For Low Energy Days:** Cut the steps in half - even 1 step is progress!

**For Hyperfocus Days:** Set a timer so you don't burn out.

**For Rejection Sensitive Days:** Remember - this is about helping yourself, not being perfect.

",Stuck,Overwhelmed,"Maintaining Focus, Overcoming Procrastination, Task Initiation","Can't Decide, Can't Start","Decision Fatigue, Task Initiation, Working Memory Engagement","Minimizes Friction, Reduces Decision Fatigue",,"Burnout, Low Energy",,Gamification,"Gamified, Interactive","Decision Making, Task Initiation Support",,,Frozen,,Include app recommendations and decision category suggestions,Free,,,,,,graduation-cap
No,Reduce Friction,Task Simplification Strategy,When too many steps are preventing task completion,"# ✅ Reduce Friction Strategy

**When too many steps are preventing task completion**

- Try remove unnecessary steps between you and your goals to enhance your task initiation
- Set aside time to for instance, by laying out your workout clothes the night before, you eliminate barriers that can trigger time blindness and prevent you from starting
- Use this when this strategy helps by
","## ✨ Daily Life Challenge

**The Challenge:** You're struggling with situations where When too many steps are preventing task completion.

**The Reduce Friction Solution:**
1. Start with the smallest possible step
2. Set a timer for 15 minutes maximum
3. Focus on progress, not perfection
4. Celebrate any forward movement

**Why This Works:** Small steps prevent overwhelm → builds momentum → creates sustainable progress!

## 💡 ADHD Pro Tips

**For Low Energy Days:** Cut the steps in half - even 1 step is progress!

**For Hyperfocus Days:** Set a timer so you don't burn out.

**For Rejection Sensitive Days:** Remember - this is about helping yourself, not being perfect.

",Drained,Stuck,"Focus Enhancement, Overcoming Procrastination, Task Initiation Support","Avoidant, Can't Start, Poor Time Estimation","Environmental Cues, Task Initiation, Time Blindness","Breaks Down Complexity, Minimizes Friction",,"Burnout, Low Energy",,"Environmental Hack, Gamification",Gamified,"Focus Enhancement, Task Initiation Support",,,Avoidant,,Include friction analysis worksheets and setup suggestions for common goals,Free,The Anti-Planner by Dani Donovan,,,,,grid
No,Regular Exercise,Symptom Management Tool,When ADHD symptoms need natural management support,"# 💪 Regular Exercise Strategy

**When ADHD symptoms need natural management support**

- Try engage in regular physical activity to naturally manage adhd symptoms
- Try exercise increases dopamine and norepinephrine, which can enhance focus and control impulsivity, addressing challenges like task initiation and working memory
- Try for best results, incorporate a simple routine, like a 20-minute walk each morning, to make movement a cornerstone of your adhd management strategy
","## ✨ Daily Life Challenge

**The Challenge:** You're struggling with situations where When ADHD symptoms need natural management support.

**The Regular Exercise Solution:**
1. Start with the smallest possible step
2. Set a timer for 15 minutes maximum
3. Focus on progress, not perfection
4. Celebrate any forward movement

**Why This Works:** Small steps prevent overwhelm → builds momentum → creates sustainable progress!

## 💡 ADHD Pro Tips

**For Low Energy Days:** Cut the steps in half - even 1 step is progress!

**For Hyperfocus Days:** Set a timer so you don't burn out.

**For Rejection Sensitive Days:** Remember - this is about helping yourself, not being perfect.

",Drained,Stuck,"Starting Something Hard, Staying focused","Can't Focus, Task Initiation","Emotional Dysregulation, Task Initiation, Working Memory Failures","Dopamine Activation, Frees Up Working Memory",,"Crash Recovery, Low Energy, Wired but Tired",,"Accountability, Challenge, Routine","Action-Oriented, Embodied, Interactive",Work,,Recently Moved,"Avoidant, Discouraged, Frozen",,Include exercise types that work well for ADHD and scheduling strategies,Free,,,,,,activity
No,Rejection Sensitivity Dysphoria (RSD) Toolkit,Emotional Regulation Strategies,When criticism or perceived rejection triggers intense emotions,"### ⚡️ Manage RSD with Actionable Steps
Take control of your Rejection Sensitivity Dysphoria (RSD) episodes by implementing specific strategies like deep breathing and reality-checking your thoughts.  Remember to have a trusted person on speed dial to provide support and reinforce that feedback does not equal rejection.","## ✨ Daily Life Challenge

**The Challenge:** You're struggling with situations where When criticism or perceived rejection triggers intense emotions.

**The Rejection Sensitivity Dysphoria (RSD) Toolkit Solution:**
1. Start with the smallest possible step
2. Set a timer for 15 minutes maximum
3. Focus on progress, not perfection
4. Celebrate any forward movement

**Why This Works:** Small steps prevent overwhelm → builds momentum → creates sustainable progress!

## 💡 ADHD Pro Tips

**For Low Energy Days:** Cut the steps in half - even 1 step is progress!

**For Hyperfocus Days:** Set a timer so you don't burn out.

**For Rejection Sensitive Days:** Remember - this is about helping yourself, not being perfect.

",Ashamed,Guilty,"Being Kinder to Myself, Calming Down","Anxious, Poor Time Estimation","Decision Fatigue, Emotional Dysregulation, Working Memory Engagement","Emotional Regulation, Executive Function Support, Gamifies Action",,,,Gamification,"Gamified, Visual","Emotional Regulation, Self-Compassion",,,"Avoidant, Frozen",,Include RSD recognition signs and multiple coping strategy options,Free,The Anti-Planner by Dani Donovan,,,,,lightning
No,Rescue Time,Digital Activity Tracking,When you want to understand your actual time usage,"### ⏳ Time Tracking Awareness

Use automatic time-tracking software to gain insights into where your time is spent, helping you combat time blindness. This strategy reveals patterns in your digital habits,","## ⏰ Morning Routine Chaos

**The Challenge:** Every morning feels like rushing through a tornado. You're always late and forget important things.

**The Rescue Time Solution:**
1. Set up everything the night before
2. Use a simple checklist by the door
3. Build in 10 extra minutes as buffer time
4. Celebrate when you leave on time

**Why This Works:** Small steps prevent overwhelm → builds momentum → creates sustainable progress!

---

## ⏰ Work Deadline Stress

**The Challenge:** Project deadlines sneak up on you, causing last-minute panic and all-nighters.

**The Rescue Time Solution:**
1. Break the project into 15-minute chunks
2. Schedule specific times for each chunk
3. Set daily check-in reminders
4. Reward yourself for staying on track

**Why This Works:** Small steps prevent overwhelm → builds momentum → creates sustainable progress!

## 💡 ADHD Pro Tips

**For Low Energy Days:** Cut the steps in half - even 1 step is progress!

**For Hyperfocus Days:** Set a timer so you don't burn out.

**For Rejection Sensitive Days:** Remember - this is about helping yourself, not being perfect.

",Scattered,Overwhelmed,"Staying focused, Task Initiation","Can't Focus, Task Initiation, Time Blindness","Decision Fatigue, Task Initiation, Time Blindness","Minimizes Friction, Reduces Decision Fatigue",,"Crash Recovery, Low Energy, Wired but Tired",,Gamification,"Gamified, Visual","Focus Enhancement, Task Initiation, Time Planning",,,"Disorganized, Overthinking, Time Blind",,Include privacy considerations and data interpretation guides,$,RescueTime app,,,,,compass
No,Reverse Pomodoro,Break-First Productivity,When traditional productivity methods feel too rigid,"# 🍅 Take a Break: Reverse Pomodoro

**When traditional productivity methods feel too rigid**

- Start your work session with a planned break or enjoyable activity to ease into productivity
- Use this when this strategy helps overcome task initiation challenges by allowing your mind to relax before diving into work,  for instance, take a 20-minute walk before tackling a daunting task; this simple act can clear your head and reduce feelings of being overwhelmed, ultimately enhancing your working memory and readiness to engage with tasks
- Start small and build momentum
- Focus on progress, not perfection
","## ✨ Daily Life Challenge

**The Challenge:** You're struggling with situations where When traditional productivity methods feel too rigid.

**The Reverse Pomodoro Solution:**
1. Start with the smallest possible step
2. Set a timer for 15 minutes maximum
3. Focus on progress, not perfection
4. Celebrate any forward movement

**Why This Works:** Small steps prevent overwhelm → builds momentum → creates sustainable progress!

## 💡 ADHD Pro Tips

**For Low Energy Days:** Cut the steps in half - even 1 step is progress!

**For Hyperfocus Days:** Set a timer so you don't burn out.

**For Rejection Sensitive Days:** Remember - this is about helping yourself, not being perfect.

",Drained,Stuck,"Focus Enhancement, Overcoming Procrastination, Task Initiation Support","Avoidant, Can't Start","Emotional Dysregulation, Task Initiation, Working Memory Engagement","Frees Up Working Memory, Minimizes Friction, Starts Small",,"Low Energy, Overwhelmed, Wired but Tired",,"Checklist, Routine","Mindful Awareness, Sensory","Focus Enhancement, Task Initiation Support, Work",,,"Avoidant, Overthinking",,Include break activity suggestions and transition techniques,Free,The Anti-Planner by Dani Donovan,,,,,timer
No,Reward Yourself for Doing Hard Things,Achievement Celebration System,When you need motivation to tackle difficult tasks,"# ⚙️ Get Organized: Reward Yourself for Doing Hard Things

**When you need motivation to tackle difficult tasks**

- Plan specific rewards for completing challenging tasks to boost your motivation
- Use this when this strategy helps combat task initiation issues by creating positive associations with hard work,  remember to follow through on your rewards, as this reinforces your efforts and enhances your working memory regarding task completion
- Try consider different reward ideas based on your budget and the difficulty of the tasks to ensure you stay engaged and motivated
","## ⚡ Afternoon Energy Crash

**The Challenge:** By 2 PM, you feel like a phone with 5% battery. Everything seems impossible.

**The Reward Yourself for Doing Hard Things Solution:**
1. Step outside for 5 minutes of sunlight
2. Do 10 jumping jacks or stretch
3. Drink a full glass of water
4. Listen to one energizing song

**Why This Works:** Small steps prevent overwhelm → builds momentum → creates sustainable progress!

---

## ⚡ Monday Morning Motivation Deficit

**The Challenge:** Monday mornings feel like climbing Mount Everest in flip-flops.

**The Reward Yourself for Doing Hard Things Solution:**
1. Prep something you enjoy for Monday morning
2. Set one tiny, achievable goal for the day
3. Reward yourself for just showing up
4. Connect with a friend or colleague early on

**Why This Works:** Small steps prevent overwhelm → builds momentum → creates sustainable progress!

## 💡 ADHD Pro Tips

**For Low Energy Days:** Cut the steps in half - even 1 step is progress!

**For Hyperfocus Days:** Set a timer so you don't burn out.

**For Rejection Sensitive Days:** Remember - this is about helping yourself, not being perfect.

",Drained,Stuck,"Overcoming Procrastination, Starting Something Hard, Staying focused","Avoidant, Can't Start","Decision Fatigue, Emotional Dysregulation, Task Initiation","Gamifies Action, Provides Instant Rewards",,"Burnout, Low Energy, Wired but Tired",,"Engaging Gamification, Gamification","Action-Oriented, Gamified, Incremental Motivation","Decision Making, Focus Enhancement, Task Initiation Support",,,"Avoidant, Frozen",,Include reward ideas for different budgets and task difficulty levels,$,The Anti-Planner by Dani Donovan,,,,,gift
No,Roadblock Detective,Problem Detective Method,When you're stuck and don't know why,"# ✨ Roadblock Detective Strategy

**When you're stuck and don't know why**

- Write down specifically what's stopping you—whether it's missing information or unclear steps—to clarify your barriers
- Try this strategy enhances task initiation by externalizing your mental blocks, freeing up your working memory to focus on solutions
- Use this method to break down overwhelming tasks into manageable pieces and move forward with confidence
","## ✨ Daily Life Challenge

**The Challenge:** You're struggling with situations where When you're stuck and don't know why.

**The Roadblock Detective Solution:**
1. Start with the smallest possible step
2. Set a timer for 15 minutes maximum
3. Focus on progress, not perfection
4. Celebrate any forward movement

**Why This Works:** Small steps prevent overwhelm → builds momentum → creates sustainable progress!

## 💡 ADHD Pro Tips

**For Low Energy Days:** Cut the steps in half - even 1 step is progress!

**For Hyperfocus Days:** Set a timer so you don't burn out.

**For Rejection Sensitive Days:** Remember - this is about helping yourself, not being perfect.

",Stuck,Overwhelmed,"Focus Enhancement, Task Initiation","Anxious, Can't Start",Task Initiation,"Breaks Down Complexity, Externalizes Tasks",,"Crash Recovery, Overwhelmed, Restless",,Quick Fix,"Reflective Practice, Visual","Emotional Regulation, Focus Enhancement, Task Initiation",Working Professional,,"Frozen, Overthinking",,"Create a ""detective questions"" template to guide the investigation",Free,The Anti-Planner by Dani Donovan,,,,,book
No,Rotation Cleaning,Zone-Based Cleaning System,When house cleaning feels overwhelming,"# ⚙️ Get Organized: Rotation Cleaning

**When house cleaning feels overwhelming**

- Try assign each day of the week a specific cleaning zone to make the task feel less overwhelming
- Try for instance, monday can be for the kitchen and tuesday for the bathroom
- Start small and build momentum
- Focus on progress, not perfection
","## 🧹 Kitchen Disaster Zone

**The Challenge:** Your kitchen looks like a food tornado hit it. Dirty dishes everywhere, counters covered in clutter.

**The Rotation Cleaning Solution:**
1. Start with just the sink area (5 minutes)
2. Load dishwasher or wash one sink of dishes
3. Clear one counter completely
4. Wipe down that clean counter to see the victory

**Why This Works:** Small steps prevent overwhelm → builds momentum → creates sustainable progress!

---

## 🧹 Bedroom Clothes Mountain

**The Challenge:** Clean and dirty clothes live together in mysterious piles around your room.

**The Rotation Cleaning Solution:**
1. Make three piles: clean, dirty, donate
2. Put away just the clean clothes first
3. Toss dirty clothes in hamper
4. Set a timer for 15 minutes max

**Why This Works:** Small steps prevent overwhelm → builds momentum → creates sustainable progress!

## 💡 ADHD Pro Tips

**For Low Energy Days:** Cut the steps in half - even 1 step is progress!

**For Hyperfocus Days:** Set a timer so you don't burn out.

**For Rejection Sensitive Days:** Remember - this is about helping yourself, not being perfect.

",Drained,Stuck,"Cleaning Up, Resetting My Space, Task Initiation","Can't Start, Task Initiation",Task Initiation,"Breaks Down Complexity, Externalizes Tasks, Minimizes Friction",,"Burnout, Low Energy, Restless",,"Challenge, Checklist, Routine","Task Simplification, Time Management","Cleaning, Task Initiation",,,"Disorganized, Frozen",,Include rotation schedules for different home sizes and cleaning preferences,Free,The Anti-Planner by Dani Donovan,,,,,folder
No,Rubber Duck Debugging,Problem-Solving Conversation,When you're stuck and need to think through problems,"# ✨ Rubber Duck Debugging Strategy

**When you're stuck and need to think through problems**

- Try explain your problem to an inanimate object like a rubber duck or a plant
- Start small and build momentum
- Focus on progress, not perfection
","## ✨ Daily Life Challenge

**The Challenge:** You're struggling with situations where When you're stuck and need to think through problems.

**The Rubber Duck Debugging Solution:**
1. Start with the smallest possible step
2. Set a timer for 15 minutes maximum
3. Focus on progress, not perfection
4. Celebrate any forward movement

**Why This Works:** Small steps prevent overwhelm → builds momentum → creates sustainable progress!

## 💡 ADHD Pro Tips

**For Low Energy Days:** Cut the steps in half - even 1 step is progress!

**For Hyperfocus Days:** Set a timer so you don't burn out.

**For Rejection Sensitive Days:** Remember - this is about helping yourself, not being perfect.

",Stuck,Overwhelmed,"Starting Something Hard, Staying focused","Can't Start, Forgetful",Working Memory Failures,"Externalizes Tasks, Frees Up Working Memory, Starts Small",,"Crash Recovery, Low Energy, Overwhelmed",,"Accountability, Gamification, Mindset Shift","Interactive, Visual","Planning, Work",,,Frozen,,"Include conversation starter prompts and different ""listener"" options",Free,The Anti-Planner by Dani Donovan,,,,,zap
No,Rule of Two/Never Leave a Room Empty Handed,Continuous Tidying System,When you want to maintain tidiness without formal cleaning sessions,"# ⚙️ Get Organized: Rule of Two/Never Leave a Room Empty Handed

**When you want to maintain tidiness without formal cleaning sessions**

- Try follow the ""rule of two"" by taking at least two items with you whenever you move from one room to another
- Use this when this simple habit helps combat task initiation challenges by creating a structure that reduces clutter over time,  by incorporating small, manageable actions into your routine, you can improve your working memory and keep your space organized without dedicating large blocks of time to cleaning
- Start small and build momentum
- Focus on progress, not perfection
","## 🧹 Kitchen Disaster Zone

**The Challenge:** Your kitchen looks like a food tornado hit it. Dirty dishes everywhere, counters covered in clutter.

**The Rule of Two/Never Leave a Room Empty Handed Solution:**
1. Start with just the sink area (5 minutes)
2. Load dishwasher or wash one sink of dishes
3. Clear one counter completely
4. Wipe down that clean counter to see the victory

**Why This Works:** Small steps prevent overwhelm → builds momentum → creates sustainable progress!

---

## 🧹 Bedroom Clothes Mountain

**The Challenge:** Clean and dirty clothes live together in mysterious piles around your room.

**The Rule of Two/Never Leave a Room Empty Handed Solution:**
1. Make three piles: clean, dirty, donate
2. Put away just the clean clothes first
3. Toss dirty clothes in hamper
4. Set a timer for 15 minutes max

**Why This Works:** Small steps prevent overwhelm → builds momentum → creates sustainable progress!

## 💡 ADHD Pro Tips

**For Low Energy Days:** Cut the steps in half - even 1 step is progress!

**For Hyperfocus Days:** Set a timer so you don't burn out.

**For Rejection Sensitive Days:** Remember - this is about helping yourself, not being perfect.

",Scattered,Stuck,"Cleaning Up, Resetting My Space","Disorganized, Task Initiation","Task Initiation, Task Structuring, Working Memory Engagement","Breaks Down Complexity, Externalizes Tasks",,Overwhelmed,,"Checklist, Routine","Incremental Engagement, Task Simplification","Cleaning, Emotional Regulation, Task Initiation",,Recently Moved,"Disorganized, Frozen",,Include room-to-room item suggestions and habit-building tips,Free,The Anti-Planner by Dani Donovan,,,,,sunrise
No,Scared and Still Doing It,Courage Over Confidence,When fear is preventing you from taking important actions,"# ✨ Scared and Still Doing It  Strategy

**When fear is preventing you from taking important actions**

- Take action even when you're feeling scared or uncertain
- Use this when this approach can help combat task initiation challenges often faced with adhd, as waiting for confidence can lead to inaction
- Try by reminding yourself, “i’ll do it scared,” you create a pathway to build confidence step by step,
","## ✨ Daily Life Challenge

**The Challenge:** You're struggling with situations where When fear is preventing you from taking important actions.

**The Scared and Still Doing It  Solution:**
1. Start with the smallest possible step
2. Set a timer for 15 minutes maximum
3. Focus on progress, not perfection
4. Celebrate any forward movement

**Why This Works:** Small steps prevent overwhelm → builds momentum → creates sustainable progress!

## 💡 ADHD Pro Tips

**For Low Energy Days:** Cut the steps in half - even 1 step is progress!

**For Hyperfocus Days:** Set a timer so you don't burn out.

**For Rejection Sensitive Days:** Remember - this is about helping yourself, not being perfect.

",Stuck,Overwhelmed,"Overcoming Procrastination, Overcoming Resistance, Starting Something Hard","Anxious, Can't Start, Poor Time Estimation","Emotional Dysregulation, Task Initiation","Breaking Down Complexity, Emotional Regulation, Starts Small",,Shutdown,,Mindset Shift,"Reflective Practice, Sensory","Emotional Regulation, Self-Compassion",,,"Avoidant, Frozen",,Include fear-management techniques and action-despite-anxiety strategies,Free,,,,,,shield-check
No,Scent Support System,Aromatherapy Toolkit,When scent can support mood and focus regulation,"# ⚙️ Get Organized: Scent Support System

**When scent can support mood and focus regulation**

- Use essential oils like peppermint to boost alertness and support mood regulation
- Use this when this strategy leverages scent to activate dopamine, which can enhance working memory and help combat feelings of low motivation
- Try keep an essential oil roller at your desk for quick access when you need to refocus during the day
","## 🎯 Zoom Meeting Brain Fog

**The Challenge:** You're in an important video call but your mind keeps wandering to random thoughts.

**The Scent Support System Solution:**
1. Take notes by hand (engages your brain)
2. Repeat key points in your head
3. Use fidget tools off-camera
4. Sit in a spot with minimal distractions

**Why This Works:** Small steps prevent overwhelm → builds momentum → creates sustainable progress!

---

## 🎯 Study Session Struggles

**The Challenge:** You sit down to study but end up reading the same paragraph 5 times without absorbing it.

**The Scent Support System Solution:**
1. Read for just 10 minutes at a time
2. Summarize each section out loud
3. Use a fidget or stress ball while reading
4. Take movement breaks between sections

**Why This Works:** Small steps prevent overwhelm → builds momentum → creates sustainable progress!

## 💡 ADHD Pro Tips

**For Low Energy Days:** Cut the steps in half - even 1 step is progress!

**For Hyperfocus Days:** Set a timer so you don't burn out.

**For Rejection Sensitive Days:** Remember - this is about helping yourself, not being perfect.

",Drained,Stuck,"Starting Something Hard, Staying focused","Can't Focus, Poor Time Estimation","Emotional Dysregulation, Working Memory Engagement","Dopamine Activation, Emotional Regulation, Frees Up Working Memory",,"Crash Recovery, Low Energy, Wired but Tired",,Quick Fix,"Interactive, Sensory",Emotional Regulation,,,"Avoidant, Frozen",,Include oil recommendations for different needs and safe usage guidelines,$,,,,,,life-buoy
No,Scheduled Guilt-Free Breaks,Intentional Rest Breaks,When you need permission to rest,"# 📅 Take a Break: Scheduled Guilt-Free Breaks

**When you need permission to rest**

- Plan short rest breaks like you would important meetings to combat time blindness and prevent burnout
- Set aside time to for example, after working for two hours, set a timer for 15 minutes and step outside for fresh air; this intentional pause can significantly enhance your productivity and reduce feelings of defeat
- Start small and build momentum
- Focus on progress, not perfection
","## ⏰ Morning Routine Chaos

**The Challenge:** Every morning feels like rushing through a tornado. You're always late and forget important things.

**The Scheduled Guilt-Free Breaks Solution:**
1. Set up everything the night before
2. Use a simple checklist by the door
3. Build in 10 extra minutes as buffer time
4. Celebrate when you leave on time

**Why This Works:** Small steps prevent overwhelm → builds momentum → creates sustainable progress!

---

## ⏰ Work Deadline Stress

**The Challenge:** Project deadlines sneak up on you, causing last-minute panic and all-nighters.

**The Scheduled Guilt-Free Breaks Solution:**
1. Break the project into 15-minute chunks
2. Schedule specific times for each chunk
3. Set daily check-in reminders
4. Reward yourself for staying on track

**Why This Works:** Small steps prevent overwhelm → builds momentum → creates sustainable progress!

## 💡 ADHD Pro Tips

**For Low Energy Days:** Cut the steps in half - even 1 step is progress!

**For Hyperfocus Days:** Set a timer so you don't burn out.

**For Rejection Sensitive Days:** Remember - this is about helping yourself, not being perfect.

",Burned out,Defeated,"Calming Down, Maintaining Focus, Task Initiation","Can't Focus, Sensory Overload","Emotional Dysregulation, Task Initiation, Working Memory Engagement","Emotional Regulation, Frees Up Working Memory, Minimizes Friction",,Burnout,,Gamification,"Gamified, Sensory",Time Planning,,,"Avoidant, Frozen",,Include break activity suggestions and optimal timing guidelines,Free,The Anti-Planner by Dani Donovan,,,,,calendar
No,See-It-Grab-It Storage,Visual Organization System,When storage systems are too complicated to maintain,"# ⚙️ Get Organized: See-It-Grab-It Storage

**When storage systems are too complicated to maintain**

- Try store frequently used items in clear containers at eye level to ensure they are easily accessible
- Use this when this strategy helps combat working memory failures by providing a visual cue for what you need,  if an item is hard to access, it can lead to disorganization and forgetfulness, so keep your space tidy and your essentials visible
- Start small and build momentum
- Focus on progress, not perfection
","## ✨ Daily Life Challenge

**The Challenge:** You're struggling with situations where When storage systems are too complicated to maintain.

**The See-It-Grab-It Storage Solution:**
1. Start with the smallest possible step
2. Set a timer for 15 minutes maximum
3. Focus on progress, not perfection
4. Celebrate any forward movement

**Why This Works:** Small steps prevent overwhelm → builds momentum → creates sustainable progress!

## 💡 ADHD Pro Tips

**For Low Energy Days:** Cut the steps in half - even 1 step is progress!

**For Hyperfocus Days:** Set a timer so you don't burn out.

**For Rejection Sensitive Days:** Remember - this is about helping yourself, not being perfect.

",Forgetful,Scattered,"Managing Emotional Dysregulation, Quick Task Management, Task Initiation Support","Disorganized, Forgetful, Poor Time Estimation","Emotional Dysregulation, Task Structuring, Working Memory Failures","Breaking Down Complexity, Externalizes Tasks, Freeing Up Working Memory",,,,Checklist,"Sensory, Visual","Planning, Work",,,Disorganized,,Include accessibility guidelines and storage solutions for different items,$,,,,,,power
No,See-Through Success,Visual Achievement System,When hidden storage leads to forgotten items,"# ⚙️ Get Organized: See-Through Success

**When hidden storage leads to forgotten items**

- Try transform your storage into a visual achievement system by using clear containers and fun labels
- Try by creating 'loading bars' that visually indicate when items are at optimal levels and taking before/after photos, you'll not only stay organized but also enjoy the instant rewards of your efforts
- Start small and build momentum
- Focus on progress, not perfection
","## ✨ Daily Life Challenge

**The Challenge:** You're struggling with situations where When hidden storage leads to forgotten items.

**The See-Through Success Solution:**
1. Start with the smallest possible step
2. Set a timer for 15 minutes maximum
3. Focus on progress, not perfection
4. Celebrate any forward movement

**Why This Works:** Small steps prevent overwhelm → builds momentum → creates sustainable progress!

## 💡 ADHD Pro Tips

**For Low Energy Days:** Cut the steps in half - even 1 step is progress!

**For Hyperfocus Days:** Set a timer so you don't burn out.

**For Rejection Sensitive Days:** Remember - this is about helping yourself, not being perfect.

",Forgetful,Scattered,"Managing my schedule, Planning my time, Task Initiation Support","Disorganized, Forgetful, Poor Time Estimation","Task Structuring, Time Blindness, Working Memory Failures","Externalizes Tasks, Gamifies Action",,,,Gamification,"Gamified, Visual","Planning, Time Planning",,,Disorganized,,Adds gamification with loading bars and achievement photos,$,,,,,,power
No,Seeing the Real You,Self-Perception Exercise,When negative self-perception is overwhelming your identity,"# 💪 Calm Down: Seeing the Real You

**When negative self-perception is overwhelming your identity**

- Write a kind description of yourself as if you're an outside observer
- Use this when this exercise helps combat negative self-talk by externalizing your strengths,
- Start small and build momentum
- Focus on progress, not perfection
","## 🌊 Pre-Meeting Panic

**The Challenge:** You have a big presentation in 30 minutes and your heart is racing.

**The Seeing the Real You Solution:**
1. Take 5 deep breaths, counting to 4 on each
2. List 3 things you know you do well
3. Splash cool water on your wrists
4. Remind yourself: ""I can handle whatever happens""

**Why This Works:** Small steps prevent overwhelm → builds momentum → creates sustainable progress!

---

## 🌊 Social Event Overwhelm

**The Challenge:** You're at a party and feeling overstimulated - too many voices, lights, and expectations.

**The Seeing the Real You Solution:**
1. Step outside or find a quiet corner
2. Focus on 3 things you can see clearly
3. Take slow breaths through your nose
4. Give yourself permission to leave early if needed

**Why This Works:** Small steps prevent overwhelm → builds momentum → creates sustainable progress!

## 💡 ADHD Pro Tips

**For Low Energy Days:** Cut the steps in half - even 1 step is progress!

**For Hyperfocus Days:** Set a timer so you don't burn out.

**For Rejection Sensitive Days:** Remember - this is about helping yourself, not being perfect.

",Ashamed,Guilty,"Being Kinder to Myself, Finding motivation","Poor Time Estimation, Spiraling","Emotional Dysregulation, Working Memory Engagement","Externalizes Tasks, Gamifies Action",,"Crash Recovery, Overwhelmed, Wired but Tired",,"Challenge, Engaging Gamification, Gamification",Gamified,"Emotional Regulation, Self-Compassion",,,"Discouraged, Overthinking",,Include prompts for identifying strengths and writing compassionate self-descriptions,Free,The Anti-Planner by Dani Donovan,,,,,notebook
No,Self-Care Checklist,Basic Needs Tracker,When you need reminders to take care of basic needs,"# 📝 Self-Care Checklist Strategy

**When you need reminders to take care of basic needs**

- Create a basic self-care checklist to track essential daily tasks like taking medication, drinking water, and showering
- Use this when this strategy helps combat time blindness by providing clear, visible reminders of your accomplishments, which can boost motivation and build confidence
- Try customize your checklist to fit different life situations, making it a tailored tool to support your unique needs
","## ✨ Daily Life Challenge

**The Challenge:** You're struggling with situations where When you need reminders to take care of basic needs.

**The Self-Care Checklist Solution:**
1. Start with the smallest possible step
2. Set a timer for 15 minutes maximum
3. Focus on progress, not perfection
4. Celebrate any forward movement

**Why This Works:** Small steps prevent overwhelm → builds momentum → creates sustainable progress!

## 💡 ADHD Pro Tips

**For Low Energy Days:** Cut the steps in half - even 1 step is progress!

**For Hyperfocus Days:** Set a timer so you don't burn out.

**For Rejection Sensitive Days:** Remember - this is about helping yourself, not being perfect.

",Drained,Stuck,"Being Kinder to Myself, Finding motivation",Spiraling,"Emotional Dysregulation, Inertia, Time Blindness","Externalizes Tasks, Gamifies Action",,Low Energy,,"Checklist, Gamified",Gamified,"Emotional Regulation, Self-Compassion",,,"Avoidant, Frozen",,Include customizable checklists for different life situations and needs,Free,The Anti-Planner by Dani Donovan,,,,,hand
No,Self-Compassion Pep Talk (How You'd Talk to a Friend vs Yourself),Friend Perspective Technique,When self-criticism is harsh and unhelpful,"# 👫 Self-Compassion Pep Talk (How You'd Talk to a Friend vs Yourself) Strategy

**When self-criticism is harsh and unhelpful**

- Try pause and imagine a close friend facing the same challenge you're dealing with
- Try instead of self-criticism, offer yourself the same kindness you would give them
- Try by treating yourself with compassion, you improve your ability to initiate tasks and reduce feelings of guilt
","## ✨ Daily Life Challenge

**The Challenge:** You're struggling with situations where When self-criticism is harsh and unhelpful.

**The Self-Compassion Pep Talk (How You'd Talk to a Friend vs Yourself) Solution:**
1. Start with the smallest possible step
2. Set a timer for 15 minutes maximum
3. Focus on progress, not perfection
4. Celebrate any forward movement

**Why This Works:** Small steps prevent overwhelm → builds momentum → creates sustainable progress!

## 💡 ADHD Pro Tips

**For Low Energy Days:** Cut the steps in half - even 1 step is progress!

**For Hyperfocus Days:** Set a timer so you don't burn out.

**For Rejection Sensitive Days:** Remember - this is about helping yourself, not being perfect.

",Ashamed,Guilty,"Being Kinder to Myself, Calming Down, Overcoming Resistance","Poor Time Estimation, Spiraling","Decision Fatigue, Emotional Dysregulation, Working Memory Engagement","Emotional Regulation, Externalizes Tasks",,"Burnout, Shutdown, Wired but Tired",,Gamification,"Gamified, Visual","Emotional Regulation, Self-Compassion",,,"Frozen, Overthinking",,Include common self-criticism scenarios and friend-response examples,Free,The Anti-Planner by Dani Donovan,,,,,user-plus
No,Self-Compassion Practice,Emotional Regulation Strategy,When self-criticism is making struggles worse,"# 🎯 Self-Compassion Practice Strategy

**When self-criticism is making struggles worse**

- Try treat yourself with kindness when mistakes happen
- Use this when this self-compassion strategy helps combat self-criticism, which can exacerbate adhd symptoms like time blindness and task initiation issues
- Start small and build momentum
- Focus on progress, not perfection
","## ✨ Daily Life Challenge

**The Challenge:** You're struggling with situations where When self-criticism is making struggles worse.

**The Self-Compassion Practice Solution:**
1. Start with the smallest possible step
2. Set a timer for 15 minutes maximum
3. Focus on progress, not perfection
4. Celebrate any forward movement

**Why This Works:** Small steps prevent overwhelm → builds momentum → creates sustainable progress!

## 💡 ADHD Pro Tips

**For Low Energy Days:** Cut the steps in half - even 1 step is progress!

**For Hyperfocus Days:** Set a timer so you don't burn out.

**For Rejection Sensitive Days:** Remember - this is about helping yourself, not being perfect.

",Ashamed,Guilty,"Being Kinder to Myself, Calming Down, Managing Emotional Dysregulation","Avoidant, Poor Time Estimation, Spiraling","Emotional Dysregulation, Task Initiation, Time Blindness","Creates Accountability, Emotional Regulation",,"Crash Recovery, Overstimulated, Wired but Tired",,Gamification,"Gamified, Sensory","Emotional Regulation, Self-Compassion",Working Professional,,"Avoidant, Overthinking",,Include self-compassion exercises and inner dialogue reframing,Free,,,,,,flag
No,Self-Forgiveness Reset,Compassionate Reset Ritual,When shame is paralyzing you after a mistake,"# ✨ Self-Forgiveness Reset Strategy

**When shame is paralyzing you after a mistake**

- Try consciously practice self-forgiveness by saying, ""i'm human and i forgive myself for this
- Use this when "" this strategy helps combat shame spirals that can overwhelm your working memory, making it difficult to move forward after a mistake
- Start small and build momentum
- Focus on progress, not perfection
","## ✨ Daily Life Challenge

**The Challenge:** You're struggling with situations where When shame is paralyzing you after a mistake.

**The Self-Forgiveness Reset Solution:**
1. Start with the smallest possible step
2. Set a timer for 15 minutes maximum
3. Focus on progress, not perfection
4. Celebrate any forward movement

**Why This Works:** Small steps prevent overwhelm → builds momentum → creates sustainable progress!

## 💡 ADHD Pro Tips

**For Low Energy Days:** Cut the steps in half - even 1 step is progress!

**For Hyperfocus Days:** Set a timer so you don't burn out.

**For Rejection Sensitive Days:** Remember - this is about helping yourself, not being perfect.

",Ashamed,Guilty,"Being Kinder to Myself, Starting Something Hard","Can't Start, Poor Time Estimation, Spiraling","Emotional Dysregulation, Task Initiation, Working Memory Failures","Emotional Regulation, Gamifies Action",,"Crash Recovery, Overwhelmed, Wired but Tired",,"Accountability, Gamification, Mindset Shift","Gamified, Sensory",Self-Compassion,Working Professional,Recently Moved,"Discouraged, Overthinking",,Include self-forgiveness scripts for common ADHD challenges,Free,The Anti-Planner by Dani Donovan,,,,,sunrise
No,Semi-Related Environment,Context Pairing Strategy,When tasks feel unpleasant and you need positive associations,"### ☕️ Make Tasks Enjoyable

Pair boring tasks with a pleasant setting to make them more tolerable. For instance, do your monthly budget at your favorite coffee shop to create a positive association, which helps combat task initiation difficulties often faced in ADHD.","## ✨ Daily Life Challenge

**The Challenge:** You're struggling with situations where When tasks feel unpleasant and you need positive associations.

**The Semi-Related Environment Solution:**
1. Start with the smallest possible step
2. Set a timer for 15 minutes maximum
3. Focus on progress, not perfection
4. Celebrate any forward movement

**Why This Works:** Small steps prevent overwhelm → builds momentum → creates sustainable progress!

## 💡 ADHD Pro Tips

**For Low Energy Days:** Cut the steps in half - even 1 step is progress!

**For Hyperfocus Days:** Set a timer so you don't burn out.

**For Rejection Sensitive Days:** Remember - this is about helping yourself, not being perfect.

",Drained,Stuck,"Overcoming Procrastination, Starting Something Hard, Staying focused","Avoidant, Can't Start","Emotional Dysregulation, Environmental Cues, Task Initiation","Emotional Regulation, Gamifies Action, Starts Small",,"Crash Recovery, Low Energy, Wired but Tired",,Gamification,"Gamified, Interactive","Emotional Regulation, Focus Enhancement, Work",,,"Avoidant, Frozen",,Include pairing suggestions for common dreaded tasks and different environments,$,The Anti-Planner by Dani Donovan,,,,,settings
No,Sensory Breaks,Regulation Support,When sensory input becomes overwhelming,"# ☕ Take a Break: Sensory Breaks

**When sensory input becomes overwhelming**

- Take regular sensory breaks to help manage overwhelm and boost focus
- Try aim for 5-minute breaks every 2 hours to create a structured approach that enhances your ability to stay engaged and reduces anxiety in chaotic environments
- Start small and build momentum
- Focus on progress, not perfection
","## 🌊 Pre-Meeting Panic

**The Challenge:** You have a big presentation in 30 minutes and your heart is racing.

**The Sensory Breaks Solution:**
1. Take 5 deep breaths, counting to 4 on each
2. List 3 things you know you do well
3. Splash cool water on your wrists
4. Remind yourself: ""I can handle whatever happens""

**Why This Works:** Small steps prevent overwhelm → builds momentum → creates sustainable progress!

---

## 🌊 Social Event Overwhelm

**The Challenge:** You're at a party and feeling overstimulated - too many voices, lights, and expectations.

**The Sensory Breaks Solution:**
1. Step outside or find a quiet corner
2. Focus on 3 things you can see clearly
3. Take slow breaths through your nose
4. Give yourself permission to leave early if needed

**Why This Works:** Small steps prevent overwhelm → builds momentum → creates sustainable progress!

## 💡 ADHD Pro Tips

**For Low Energy Days:** Cut the steps in half - even 1 step is progress!

**For Hyperfocus Days:** Set a timer so you don't burn out.

**For Rejection Sensitive Days:** Remember - this is about helping yourself, not being perfect.

",Overstimulated,Overwhelmed,"Calming Down, Recovering from a crash","Anxiety Management, Sensory Overload","Emotional Dysregulation, Task Initiation, Working Memory Failures","Breaks Down Complexity, Externalizes Tasks, Reduces Decision Fatigue",,"Overstimulated, Overwhelmed",,"Checklist, Routine",Sensory Engagement,"Cleaning, Sensory Management",Working Professional,,"Avoidant, Frozen, Overthinking",,Include sensory break ideas for different environments,Free,,,,,,lightning
No,Set Realistic Expectations at Work,Workplace Boundary Management,When work expectations are consistently unrealistic,"# 📝 Set Realistic Expectations at Work Strategy

**When work expectations are consistently unrealistic**

- Try communicate your expectations about what you can realistically handle to avoid overwhelm
- Set aside time to instead of over-promising and risking stress, set clear deadlines with extra time for tasks
- Start small and build momentum
- Focus on progress, not perfection
","## ✨ Daily Life Challenge

**The Challenge:** You're struggling with situations where When work expectations are consistently unrealistic.

**The Set Realistic Expectations at Work Solution:**
1. Start with the smallest possible step
2. Set a timer for 15 minutes maximum
3. Focus on progress, not perfection
4. Celebrate any forward movement

**Why This Works:** Small steps prevent overwhelm → builds momentum → creates sustainable progress!

## 💡 ADHD Pro Tips

**For Low Energy Days:** Cut the steps in half - even 1 step is progress!

**For Hyperfocus Days:** Set a timer so you don't burn out.

**For Rejection Sensitive Days:** Remember - this is about helping yourself, not being perfect.

",Frustrated,Defeated,"Starting Something Hard, Staying focused","Anxious, Can't Finish","Executive Dysfunction, Time Blindness, Working Memory Engagement","Breaks Down Complexity, Externalizes Tasks, Frees Up Working Memory",,"Burnout, Crash Recovery, Overwhelmed",,Checklist,Visual,"Emotional Regulation, Time Planning",,,Overthinking,,Include communication scripts and deadline calculation methods,Free,The Anti-Planner by Dani Donovan,,,,,watch
No,Setting Goals That Don't Suck,ADHD-Friendly Goal Framework,When you want to set goals that you'll actually achieve,"# 👫 Setting Goals That Don't Suck Strategy

**When you want to set goals that you'll actually achieve**

- Set aside time to break down your goals into manageable steps that are specific and time-sensitive
- Set aside time to this approach tackles time blindness by providing clear deadlines and rewards,  for example, instead of saying ""get organized,"" aim to ""organize my desk drawer by friday by spending 15 minutes each day
- Try "" this way, you create a system that supports your executive function challenges and keeps you on track
","## ✨ Daily Life Challenge

**The Challenge:** You're struggling with situations where When you want to set goals that you'll actually achieve.

**The Setting Goals That Don't Suck Solution:**
1. Start with the smallest possible step
2. Set a timer for 15 minutes maximum
3. Focus on progress, not perfection
4. Celebrate any forward movement

**Why This Works:** Small steps prevent overwhelm → builds momentum → creates sustainable progress!

## 💡 ADHD Pro Tips

**For Low Energy Days:** Cut the steps in half - even 1 step is progress!

**For Hyperfocus Days:** Set a timer so you don't burn out.

**For Rejection Sensitive Days:** Remember - this is about helping yourself, not being perfect.

",Frustrated,Defeated,"Managing my schedule, Planning my time, Task Initiation Support","Cannot Finish, Task Initiation","Executive Dysfunction, Task Initiation, Time Blindness","Breaks Down Complexity, Externalizes Tasks, Provides Instant Rewards",,"Low Energy, Wired but Tired",,"Accountability, Checklist, Routine","Incremental Engagement, Task Simplification, Time Management","Planning, Time Planning",,,"Avoidant, Discouraged",,Include goal-setting templates and ADHD-specific considerations,Free,The Anti-Planner by Dani Donovan,,,,,target
No,Shower Toothbrush,Habit Bundling Hack,When you consistently forget daily hygiene tasks,"# ✨ Build Habits: Shower Toothbrush

**When you consistently forget daily hygiene tasks**

- Try keep a toothbrush and toothpaste in the shower to make brushing teeth a part of your daily routine
- Use this when this strategy helps overcome working memory failures by providing a visual cue during your shower,  consider using a small plastic basket mounted on the shower wall for easy access, ensuring that you can tackle this hygiene task effortlessly while you already have the warm water running
- Start small and build momentum
- Focus on progress, not perfection
","## ✨ Daily Life Challenge

**The Challenge:** You're struggling with situations where When you consistently forget daily hygiene tasks.

**The Shower Toothbrush Solution:**
1. Start with the smallest possible step
2. Set a timer for 15 minutes maximum
3. Focus on progress, not perfection
4. Celebrate any forward movement

**Why This Works:** Small steps prevent overwhelm → builds momentum → creates sustainable progress!

## 💡 ADHD Pro Tips

**For Low Energy Days:** Cut the steps in half - even 1 step is progress!

**For Hyperfocus Days:** Set a timer so you don't burn out.

**For Rejection Sensitive Days:** Remember - this is about helping yourself, not being perfect.

",Forgetful,Ashamed,"Maintaining Focus, Overcoming Procrastination, Task Initiation Support","Avoidant, Forgetful","Environmental Cues, Task Initiation, Working Memory Failures","Externalizes Tasks, Frees Up Working Memory",,"Crash Recovery, Low Energy, Restless",,Routine,"Incremental Engagement, Task Simplification, Visual","Planning, Time Planning",,,"Avoidant, Frozen",,Include other habit bundling examples and waterproof storage solutions,$,Reddit /r/ADHDWomen,,,,,sliders
No,Shutting Up the Scumbag Brain,Negative Voice Management,When negative self-talk is sabotaging your efforts,"# 🧠 Shutting Up the Scumbag Brain Strategy

**When negative self-talk is sabotaging your efforts**

- Try name your negative voice (like ""scumbag brain"") and treat it as a heckler
- Start small and build momentum
- Focus on progress, not perfection
","## ✨ Daily Life Challenge

**The Challenge:** You're struggling with situations where When negative self-talk is sabotaging your efforts.

**The Shutting Up the Scumbag Brain Solution:**
1. Start with the smallest possible step
2. Set a timer for 15 minutes maximum
3. Focus on progress, not perfection
4. Celebrate any forward movement

**Why This Works:** Small steps prevent overwhelm → builds momentum → creates sustainable progress!

## 💡 ADHD Pro Tips

**For Low Energy Days:** Cut the steps in half - even 1 step is progress!

**For Hyperfocus Days:** Set a timer so you don't burn out.

**For Rejection Sensitive Days:** Remember - this is about helping yourself, not being perfect.

",Ashamed,Guilty,"Being Kinder to Myself, Calming Down","Anxious, Poor Time Estimation, Spiraling","Emotional Dysregulation, Task Initiation, Working Memory Engagement","Emotional Regulation, Externalizes Tasks",,"Crash Recovery, Low Energy, Wired but Tired",,Gamification,"Gamified, Interactive","Decision Making, Emotional Regulation",,,Overthinking,,Include naming strategies and comeback phrases for common negative thoughts,Free,The Anti-Planner by Dani Donovan,,,,,mic
No,Sleep Tracking Apps,Rest Optimization Tools,When sleep quality needs monitoring and improvement,"# 😴 Sleep Tracking Apps Strategy

**When sleep quality needs monitoring and improvement**

- Try track your sleep using a sleep tracking app to gain insights into your sleep stages and patterns
- Use this when this strategy helps address time blindness by revealing how much quality sleep you’re actually getting, allowing for adjustments to your routine
- Start small and build momentum
- Focus on progress, not perfection
","## ✨ Daily Life Challenge

**The Challenge:** You're struggling with situations where When sleep quality needs monitoring and improvement.

**The Sleep Tracking Apps Solution:**
1. Start with the smallest possible step
2. Set a timer for 15 minutes maximum
3. Focus on progress, not perfection
4. Celebrate any forward movement

**Why This Works:** Small steps prevent overwhelm → builds momentum → creates sustainable progress!

## 💡 ADHD Pro Tips

**For Low Energy Days:** Cut the steps in half - even 1 step is progress!

**For Hyperfocus Days:** Set a timer so you don't burn out.

**For Rejection Sensitive Days:** Remember - this is about helping yourself, not being perfect.

",Stuck,Overwhelmed,Starting Something Hard,"Can't Start, Cannot Finish","Executive Dysfunction, Time Blindness, Working Memory Engagement","Breaks Down Complexity, Frees Up Working Memory, Starts Small",,"Crash Recovery, Low Energy, Shutdown",,"Checklist, Gamified",Gamified,,Parent,,"Avoidant, Frozen, Overthinking",,Include sleep hygiene tips and pattern recognition strategies,$,,,,,,moon
No,Small Wins Trophy Shelf,Achievement Display System,When you need visual proof of progress,"# ⚙️ Get Organized: Small Wins Trophy Shelf

**When you need visual proof of progress**

- Create a dedicated space for displaying symbols of your achievements, like marbles for workouts or sticky notes for completed tasks
- Try this strategy leverages visual cues to enhance working memory and combat feelings of being overwhelmed
- Try by seeing your progress accumulate, you receive instant motivation boosts and a sense of accomplishment,
","## ✨ Daily Life Challenge

**The Challenge:** You're struggling with situations where When you need visual proof of progress.

**The Small Wins Trophy Shelf Solution:**
1. Start with the smallest possible step
2. Set a timer for 15 minutes maximum
3. Focus on progress, not perfection
4. Celebrate any forward movement

**Why This Works:** Small steps prevent overwhelm → builds momentum → creates sustainable progress!

## 💡 ADHD Pro Tips

**For Low Energy Days:** Cut the steps in half - even 1 step is progress!

**For Hyperfocus Days:** Set a timer so you don't burn out.

**For Rejection Sensitive Days:** Remember - this is about helping yourself, not being perfect.

",Drained,Stuck,"Starting Something Hard, Staying focused","Can't Focus, Task Initiation","Environmental Cues, Task Structuring, Working Memory Engagement","Activates Dopamine, Breaks Down Complexity, Gamifies Action",,"Crash Recovery, Overwhelmed, Wired but Tired",,"Accountability, Gamification, Mindset Shift","Gamified, Incremental Motivation, Visual",Work,,,Discouraged,,Include different trophy ideas for various goals and achievement tracking methods,$,The Anti-Planner by Dani Donovan,,,,,grid
No,Smart Alarm Labels,Context-Rich Reminders,When you forget why you set alarms,"# 🖼️ Smart Alarm Labels Strategy

**When you forget why you set alarms**

- Set aside time to label your phone alarms with specific actions instead of just times
- Use this when this strategy helps combat working memory failures by providing immediate reminders of what needs to be done when the alarm goes off
- Try for instance, instead of setting an alarm for “8:00 am,” try “8:00 am - take meds” to make it clear and actionable, reducing confusion and enhancing task initiation
","## ✨ Daily Life Challenge

**The Challenge:** You're struggling with situations where When you forget why you set alarms.

**The Smart Alarm Labels Solution:**
1. Start with the smallest possible step
2. Set a timer for 15 minutes maximum
3. Focus on progress, not perfection
4. Celebrate any forward movement

**Why This Works:** Small steps prevent overwhelm → builds momentum → creates sustainable progress!

## 💡 ADHD Pro Tips

**For Low Energy Days:** Cut the steps in half - even 1 step is progress!

**For Hyperfocus Days:** Set a timer so you don't burn out.

**For Rejection Sensitive Days:** Remember - this is about helping yourself, not being perfect.

",Forgetful,Ashamed,"Managing my schedule, Planning my time, Task Initiation Support","Disorganized, Poor Time Estimation, Task Initiation","Decision Fatigue, Task Initiation, Working Memory Failures","Externalizes Tasks, Frees Up Working Memory",,"Low Energy, Shutdown",,Gamification,"Gamified, Interactive","Planning, Work",,,Avoidant,,Include alarm labeling strategies and timing optimization,Free,,,,,,alarm-clock
No,Smart Calendar System,Digital Schedule Manager,When basic calendars aren't providing enough support,"# 📅 Get Organized: Smart Calendar System

**When basic calendars aren't providing enough support**

- Set aside time to utilize calendar apps with adhd-friendly features such as color coding, multiple reminders, and time blocking
- Use this when this strategy helps combat time blindness by providing clear visual cues that enhance your working memory and organization
- Start small and build momentum
- Focus on progress, not perfection
","## ⏰ Morning Routine Chaos

**The Challenge:** Every morning feels like rushing through a tornado. You're always late and forget important things.

**The Smart Calendar System Solution:**
1. Set up everything the night before
2. Use a simple checklist by the door
3. Build in 10 extra minutes as buffer time
4. Celebrate when you leave on time

**Why This Works:** Small steps prevent overwhelm → builds momentum → creates sustainable progress!

---

## ⏰ Work Deadline Stress

**The Challenge:** Project deadlines sneak up on you, causing last-minute panic and all-nighters.

**The Smart Calendar System Solution:**
1. Break the project into 15-minute chunks
2. Schedule specific times for each chunk
3. Set daily check-in reminders
4. Reward yourself for staying on track

**Why This Works:** Small steps prevent overwhelm → builds momentum → creates sustainable progress!

## 💡 ADHD Pro Tips

**For Low Energy Days:** Cut the steps in half - even 1 step is progress!

**For Hyperfocus Days:** Set a timer so you don't burn out.

**For Rejection Sensitive Days:** Remember - this is about helping yourself, not being perfect.

",Forgetful,Ashamed,"Managing my schedule, Planning my time","Forgetful, Missed Appointments, Poor Time Estimation","Decision Fatigue, Task Structuring, Working Memory Failures","Externalizes Tasks, Provides External Structure, Reduces Decision Fatigue",,"Overwhelmed, Wired but Tired",,"Checklist, Routine","Time Management, Visual","Planning, Time Planning",,,Overthinking,,Include calendar features that support ADHD needs and organization strategies,$,,,,,,calendar
No,Smart Email Templates,Communication Speed System,,"# ⚙️ Get Organized: Smart Email Templates

**Communication Speed System**

- Create templates for common emails to streamline communication and reduce overwhelm
- Start small and build momentum
- Focus on progress, not perfection
","## ✨ Daily Life Challenge

**The Challenge:** You're struggling with situations where this strategy applies.

**The Smart Email Templates Solution:**
1. Start with the smallest possible step
2. Set a timer for 15 minutes maximum
3. Focus on progress, not perfection
4. Celebrate any forward movement

**Why This Works:** Small steps prevent overwhelm → builds momentum → creates sustainable progress!

## 💡 ADHD Pro Tips

**For Low Energy Days:** Cut the steps in half - even 1 step is progress!

**For Hyperfocus Days:** Set a timer so you don't burn out.

**For Rejection Sensitive Days:** Remember - this is about helping yourself, not being perfect.

",Stuck,Overwhelmed,"Staying focused, Task Initiation","Can't Start, Task Initiation","Decision Fatigue, Emotional Dysregulation, Task Initiation","Externalizes Tasks, Frees Up Working Memory, Minimizes Friction",,"Crash Recovery, Low Energy, Overwhelmed",,Gamification,"Gamified, Interactive","Emails, Work",Working Professional,,"Frozen, Overthinking",,,,,,,,,mail
No,Social Support System,Comprehensive Accountability Network,When you need company to focus,"# ⚙️ Get Organized: Social Support System

**When you need company to focus**

- Try work alongside a friend through video chat to enhance focus and productivity
- Try this strategy leverages social accountability to combat task initiation challenges by creating a supportive environment where both parties work on their own tasks
- Start small and build momentum
- Focus on progress, not perfection
","## 🎯 Zoom Meeting Brain Fog

**The Challenge:** You're in an important video call but your mind keeps wandering to random thoughts.

**The Social Support System Solution:**
1. Take notes by hand (engages your brain)
2. Repeat key points in your head
3. Use fidget tools off-camera
4. Sit in a spot with minimal distractions

**Why This Works:** Small steps prevent overwhelm → builds momentum → creates sustainable progress!

---

## 🎯 Study Session Struggles

**The Challenge:** You sit down to study but end up reading the same paragraph 5 times without absorbing it.

**The Social Support System Solution:**
1. Read for just 10 minutes at a time
2. Summarize each section out loud
3. Use a fidget or stress ball while reading
4. Take movement breaks between sections

**Why This Works:** Small steps prevent overwhelm → builds momentum → creates sustainable progress!

## 💡 ADHD Pro Tips

**For Low Energy Days:** Cut the steps in half - even 1 step is progress!

**For Hyperfocus Days:** Set a timer so you don't burn out.

**For Rejection Sensitive Days:** Remember - this is about helping yourself, not being perfect.

",Drained,Stuck,"Focus Enhancement, Focused Task Execution, Task Initiation Support","Can't Focus, Can't Start",Task Initiation,"Executive Function Support, Externalizes Tasks",,Low Energy,,Accountability,Interactive,"Focus Enhancement, Task Initiation Support",,,"Avoidant, Frozen",,Include virtual body doubling platform recommendations and etiquette tips,Free,The Anti-Planner by Dani Donovan,,,,,users
No,Speed Run - countdown timer,Task Racing Game,When routine tasks feel boring and you need energy,"### ⏳ Speed-Running Tasks

Set a short countdown timer (5-10 minutes) to tackle chores like cleaning or organizing. This strategy helps combat time blindness by creating a sense of urgency, making mundane tasks feel like a fun challenge.","## ⏰ Morning Routine Chaos

**The Challenge:** Every morning feels like rushing through a tornado. You're always late and forget important things.

**The Speed Run - countdown timer Solution:**
1. Set up everything the night before
2. Use a simple checklist by the door
3. Build in 10 extra minutes as buffer time
4. Celebrate when you leave on time

**Why This Works:** Small steps prevent overwhelm → builds momentum → creates sustainable progress!

---

## ⏰ Work Deadline Stress

**The Challenge:** Project deadlines sneak up on you, causing last-minute panic and all-nighters.

**The Speed Run - countdown timer Solution:**
1. Break the project into 15-minute chunks
2. Schedule specific times for each chunk
3. Set daily check-in reminders
4. Reward yourself for staying on track

**Why This Works:** Small steps prevent overwhelm → builds momentum → creates sustainable progress!

## 💡 ADHD Pro Tips

**For Low Energy Days:** Cut the steps in half - even 1 step is progress!

**For Hyperfocus Days:** Set a timer so you don't burn out.

**For Rejection Sensitive Days:** Remember - this is about helping yourself, not being perfect.

",Drained,Stuck,"Cleaning Up, Resetting My Space, Task Initiation Support","Avoidant, Can't Start","Emotional Dysregulation, Task Initiation, Time Blindness","Dopamine Activation, Gamifies Action, Starts Small",,"Low Energy, Restless, Wired but Tired",,"Engaging Gamification, Gamification","Action-Oriented, Gamified, Time-Limited Challenge","Cleaning, Focus Enhancement, Task Initiation Support",,,Avoidant,,Include optimal timer lengths for different tasks and scoring systems,Free,The Anti-Planner by Dani Donovan,,,,,timer
No,Sprint Box,Random Task Selection,When you have multiple tasks and can't choose where to start,"# ✅ Get Started: Sprint Box

**When you have multiple tasks and can't choose where to start**

- Write tasks on slips of paper and place them in a box
- Use this when this method helps combat decision paralysis and enhances task initiation by externalizing choices,  the randomness of selection reduces the pressure of decision-making,
- Start small and build momentum
- Focus on progress, not perfection
","## 🚀 The Dreaded Email Inbox

**The Challenge:** You have 47 unread emails and the thought of opening them makes you want to hide.

**The Sprint Box Solution:**
1. Set a timer for just 10 minutes
2. Delete obvious junk mail first (easy wins)
3. Respond to one simple email
4. Stop when timer goes off, celebrate progress

**Why This Works:** Small steps prevent overwhelm → builds momentum → creates sustainable progress!

---

## 🚀 Exercise Avoidance

**The Challenge:** You know you should work out, but the thought of a full gym session feels overwhelming.

**The Sprint Box Solution:**
1. Put on workout clothes (that's it for now)
2. Walk around the block once
3. Do 5 pushups against the wall
4. Celebrate that you moved your body today

**Why This Works:** Small steps prevent overwhelm → builds momentum → creates sustainable progress!

## 💡 ADHD Pro Tips

**For Low Energy Days:** Cut the steps in half - even 1 step is progress!

**For Hyperfocus Days:** Set a timer so you don't burn out.

**For Rejection Sensitive Days:** Remember - this is about helping yourself, not being perfect.

",Stuck,Overwhelmed,"Focus Enhancement, Focused Task Execution, Task Initiation Support","Can't Decide, Can't Start","Decision Fatigue, Inertia, Task Initiation","Breaks Down Complexity, Externalizes Tasks, Minimizes Friction",,"Crash Recovery, Low Energy, Shutdown",,Gamification,"Gamified, Interactive","Decision Making, Focus Enhancement, Task Initiation Support",,,"Avoidant, Frozen",,Include sprint timing suggestions and task categorization methods,Free,The Anti-Planner by Dani Donovan,,,,,dice
No,Stealth Cleaning System,Continuous Maintenance Strategy,When messes accumulate into overwhelming situations,"# ⚙️ Get Organized: Stealth Cleaning System

**When messes accumulate into overwhelming situations**

- Try wipe down surfaces while coffee brews and load the dishwasher immediately after meals
- Start small and build momentum
- Focus on progress, not perfection
","## 🧹 Kitchen Disaster Zone

**The Challenge:** Your kitchen looks like a food tornado hit it. Dirty dishes everywhere, counters covered in clutter.

**The Stealth Cleaning System Solution:**
1. Start with just the sink area (5 minutes)
2. Load dishwasher or wash one sink of dishes
3. Clear one counter completely
4. Wipe down that clean counter to see the victory

**Why This Works:** Small steps prevent overwhelm → builds momentum → creates sustainable progress!

---

## 🧹 Bedroom Clothes Mountain

**The Challenge:** Clean and dirty clothes live together in mysterious piles around your room.

**The Stealth Cleaning System Solution:**
1. Make three piles: clean, dirty, donate
2. Put away just the clean clothes first
3. Toss dirty clothes in hamper
4. Set a timer for 15 minutes max

**Why This Works:** Small steps prevent overwhelm → builds momentum → creates sustainable progress!

## 💡 ADHD Pro Tips

**For Low Energy Days:** Cut the steps in half - even 1 step is progress!

**For Hyperfocus Days:** Set a timer so you don't burn out.

**For Rejection Sensitive Days:** Remember - this is about helping yourself, not being perfect.

",Scattered,Stuck,"Cleaning Up, Resetting My Space","Can't Start, Disorganized",Task Initiation,"Breaks Down Complexity, Externalizes Tasks, Starts Small",,Frozen/Shut Down,,Gamification,"Gamified, Task Simplification","Cleaning, Task Initiation",,,"Disorganized, Frozen",,Include clean-as-you-go strategies for different areas and situations,Free,,,,,,broom
No,Sticky Notes Everywhere,Ubiquitous Reminder System,When thoughts and reminders pop up at inconvenient times,"# ⚙️ Get Organized: Sticky Notes Everywhere

**When thoughts and reminders pop up at inconvenient times**

- Try place sticky notes and pens in key areas around your home and in your bag or car
- Use this when this strategy helps combat working memory failures by  by using visual cues in your environment, you create a supportive structure that aids in task initiation and helps you stay focused on what matters
- Start small and build momentum
- Focus on progress, not perfection
","## ⏰ Morning Routine Chaos

**The Challenge:** Every morning feels like rushing through a tornado. You're always late and forget important things.

**The Sticky Notes Everywhere Solution:**
1. Set up everything the night before
2. Use a simple checklist by the door
3. Build in 10 extra minutes as buffer time
4. Celebrate when you leave on time

**Why This Works:** Small steps prevent overwhelm → builds momentum → creates sustainable progress!

---

## ⏰ Work Deadline Stress

**The Challenge:** Project deadlines sneak up on you, causing last-minute panic and all-nighters.

**The Sticky Notes Everywhere Solution:**
1. Break the project into 15-minute chunks
2. Schedule specific times for each chunk
3. Set daily check-in reminders
4. Reward yourself for staying on track

**Why This Works:** Small steps prevent overwhelm → builds momentum → creates sustainable progress!

## 💡 ADHD Pro Tips

**For Low Energy Days:** Cut the steps in half - even 1 step is progress!

**For Hyperfocus Days:** Set a timer so you don't burn out.

**For Rejection Sensitive Days:** Remember - this is about helping yourself, not being perfect.

",Forgetful,Ashamed,"Staying focused, Task Initiation","Disorganized, Poor Time Estimation, Task Initiation","Environmental Cues, Task Initiation, Working Memory Failures","Externalizes Tasks, Frees Up Working Memory, Provides External Structure",,"Burnout, Low Energy, Overstimulated",,Quick Fix,"Sensory, Visual","Focus Enhancement, Task Initiation, Work",,,"Avoidant, Disorganized",,Include strategic placement guides and color-coding systems,$,Reddit /r/ADHDWomen,,,,,coffee
No,Stop Should-ing All Over Yourself,Language Reframing,"When ""should"" thoughts are creating guilt and pressure","# ✨ Stop Should-ing All Over Yourself Strategy

**When ""should"" thoughts are creating guilt and pressure**

- Try catch yourself when you think or say “i should do ___” and replace it with “i will” if it’s a true priority, or simply let it go
- Use this when this shift helps reduce guilt and pressure, making tasks feel like choices instead of obligations
- Start small and build momentum
- Focus on progress, not perfection
","## ✨ Daily Life Challenge

**The Challenge:** You're struggling with situations where When ""should"" thoughts are creating guilt and pressure.

**The Stop Should-ing All Over Yourself Solution:**
1. Start with the smallest possible step
2. Set a timer for 15 minutes maximum
3. Focus on progress, not perfection
4. Celebrate any forward movement

**Why This Works:** Small steps prevent overwhelm → builds momentum → creates sustainable progress!

## 💡 ADHD Pro Tips

**For Low Energy Days:** Cut the steps in half - even 1 step is progress!

**For Hyperfocus Days:** Set a timer so you don't burn out.

**For Rejection Sensitive Days:** Remember - this is about helping yourself, not being perfect.

",Ashamed,Guilty,"Being Kinder to Myself, Maintaining Focus","Anxiety Management, Can't Start, Emotional Regulation","Decision Fatigue, Emotional Dysregulation, Task Initiation","Emotional Regulation, Externalizes Tasks",,"Overwhelmed, Restless, Wired but Tired",,"Gamification, Mindset Shift","Gamified, Interactive","Decision Making, Self-Compassion",,,"Discouraged, Overthinking",,"Include common ""should"" statements and reframing alternatives",Free,The Anti-Planner by Dani Donovan,,,,,eye
No,Strategic Brain Spending,Smart Investment Strategy,When frugality is working against your ADHD needs,"# 🧠 Strategic Brain Spending Strategy

**When frugality is working against your ADHD needs**

- Try choose pre-cut vegetables to make healthy eating easier and reduce food waste
- Start small and build momentum
- Focus on progress, not perfection
","## ✨ Daily Life Challenge

**The Challenge:** You're struggling with situations where When frugality is working against your ADHD needs.

**The Strategic Brain Spending Solution:**
1. Start with the smallest possible step
2. Set a timer for 15 minutes maximum
3. Focus on progress, not perfection
4. Celebrate any forward movement

**Why This Works:** Small steps prevent overwhelm → builds momentum → creates sustainable progress!

## 💡 ADHD Pro Tips

**For Low Energy Days:** Cut the steps in half - even 1 step is progress!

**For Hyperfocus Days:** Set a timer so you don't burn out.

**For Rejection Sensitive Days:** Remember - this is about helping yourself, not being perfect.

",Anxious,Ashamed,Starting Something Hard,"Avoidant, Can't Start","Decision Fatigue, Task Initiation, Working Memory Engagement","Emotional Regulation, Freeing Up Working Memory, Minimizes Friction",,"Burnout, Crash Recovery, Wired but Tired",,Mindset Shift,Sensory,Cleaning,,,"Avoidant, Frozen",,Include cost-benefit analysis frameworks and strategic spending guidelines,$$,,,,,,brain
No,Strategic Caffeine System,Smart Stimulant Strategy,When caffeine can support focus without negative effects,"### ☕ Caffeine for Focus

Use caffeine strategically to enhance your focus, especially if you have ADHD.  This approach provides the external structure needed to manage symptoms like feeling scattered or overwhelmed.","## 🎯 Zoom Meeting Brain Fog

**The Challenge:** You're in an important video call but your mind keeps wandering to random thoughts.

**The Strategic Caffeine System Solution:**
1. Take notes by hand (engages your brain)
2. Repeat key points in your head
3. Use fidget tools off-camera
4. Sit in a spot with minimal distractions

**Why This Works:** Small steps prevent overwhelm → builds momentum → creates sustainable progress!

---

## 🎯 Study Session Struggles

**The Challenge:** You sit down to study but end up reading the same paragraph 5 times without absorbing it.

**The Strategic Caffeine System Solution:**
1. Read for just 10 minutes at a time
2. Summarize each section out loud
3. Use a fidget or stress ball while reading
4. Take movement breaks between sections

**Why This Works:** Small steps prevent overwhelm → builds momentum → creates sustainable progress!

## 💡 ADHD Pro Tips

**For Low Energy Days:** Cut the steps in half - even 1 step is progress!

**For Hyperfocus Days:** Set a timer so you don't burn out.

**For Rejection Sensitive Days:** Remember - this is about helping yourself, not being perfect.

",Scattered,Overwhelmed,"Focus Enhancement, Staying focused, Task Initiation Support","Can't Focus, Can't Start, Poor Time Estimation","Task Initiation, Time Blindness, Working Memory Failures","Breaks Down Complexity, Externalizes Tasks, Frees Up Working Memory",,Wired but Tired,,Gamification,Gamified,"Focus Enhancement, Task Initiation Support, Time Planning",,,"Avoidant, Overthinking",,Include timing guidelines and interaction considerations with ADHD medication,$,,,,,,home
No,Strategic Help Requests,Smart Support Seeking,When struggling alone is less effective than seeking support,"# 🤝 Strategic Help Requests Strategy

**When struggling alone is less effective than seeking support**

- Try actively reach out for assistance instead of struggling alone
- Try this approach combats task initiation challenges by reducing feelings of being overwhelmed,  utilize clear scripts when asking for support to enhance your working memory and ensure you articulate your needs effectively
- Start small and build momentum
- Focus on progress, not perfection
","## ✨ Daily Life Challenge

**The Challenge:** You're struggling with situations where When struggling alone is less effective than seeking support.

**The Strategic Help Requests Solution:**
1. Start with the smallest possible step
2. Set a timer for 15 minutes maximum
3. Focus on progress, not perfection
4. Celebrate any forward movement

**Why This Works:** Small steps prevent overwhelm → builds momentum → creates sustainable progress!

## 💡 ADHD Pro Tips

**For Low Energy Days:** Cut the steps in half - even 1 step is progress!

**For Hyperfocus Days:** Set a timer so you don't burn out.

**For Rejection Sensitive Days:** Remember - this is about helping yourself, not being perfect.

",Stuck,Overwhelmed,"Staying focused, Task Initiation","Anxious, Can't Start","Emotional Dysregulation, Task Initiation, Working Memory Engagement","Creates Accountability, Frees Up Working Memory, Minimizes Friction",,"Burnout, Crash Recovery, Overwhelmed",,"Accountability, Checklist","Interactive, Reflective Practice",Emotional Regulation,Working Professional,,"Avoidant, Frozen",,Include help-asking scripts and how to build a support network,Free,,,,,,help-circle
No,Strategic Music System,Comprehensive Playlist Strategy,When silence is too distracting but regular music is too stimulating,"# 📝 Get Organized: Strategic Music System

**When silence is too distracting but regular music is too stimulating**

- Create dedicated playlists tailored for different tasks and moods to improve concentration and motivation
- Use this when this strategy helps manage working memory failures by externalizing your task environment,  consider using instrumental music or lo-fi beats in your 'focus' playlist to minimize distractions from lyrics while keeping your brain engaged and ready to work
- Start small and build momentum
- Focus on progress, not perfection
","## 🎯 Zoom Meeting Brain Fog

**The Challenge:** You're in an important video call but your mind keeps wandering to random thoughts.

**The Strategic Music System Solution:**
1. Take notes by hand (engages your brain)
2. Repeat key points in your head
3. Use fidget tools off-camera
4. Sit in a spot with minimal distractions

**Why This Works:** Small steps prevent overwhelm → builds momentum → creates sustainable progress!

---

## 🎯 Study Session Struggles

**The Challenge:** You sit down to study but end up reading the same paragraph 5 times without absorbing it.

**The Strategic Music System Solution:**
1. Read for just 10 minutes at a time
2. Summarize each section out loud
3. Use a fidget or stress ball while reading
4. Take movement breaks between sections

**Why This Works:** Small steps prevent overwhelm → builds momentum → creates sustainable progress!

## 💡 ADHD Pro Tips

**For Low Energy Days:** Cut the steps in half - even 1 step is progress!

**For Hyperfocus Days:** Set a timer so you don't burn out.

**For Rejection Sensitive Days:** Remember - this is about helping yourself, not being perfect.

",Scattered,Overwhelmed,"Starting Something Hard, Staying focused","Can't Focus, Forgetful","Emotional Dysregulation, Task Structuring, Working Memory Failures","Externalizes Tasks, Frees Up Working Memory, Gamifies Action",,"Overwhelmed, Wired but Tired",,"Gamification, Mindset Shift, Routine","Interactive, Sensory","Emotional Regulation, Work",,,"Discouraged, Overthinking",,Include music genre recommendations and volume guidelines for focus,Free,,,,,,music
No,Strategic Outsourcing,Energy Investment Strategy,When certain tasks consistently drain your energy,"### ☀️ Buy Back Your Time

Outsource tasks that drain your energy, like cleaning or meal prep. This strategy helps you overcome time blindness by   Consider the cost-benefit and choose what works best for you!","## ⚡ Afternoon Energy Crash

**The Challenge:** By 2 PM, you feel like a phone with 5% battery. Everything seems impossible.

**The Strategic Outsourcing Solution:**
1. Step outside for 5 minutes of sunlight
2. Do 10 jumping jacks or stretch
3. Drink a full glass of water
4. Listen to one energizing song

**Why This Works:** Small steps prevent overwhelm → builds momentum → creates sustainable progress!

---

## ⚡ Monday Morning Motivation Deficit

**The Challenge:** Monday mornings feel like climbing Mount Everest in flip-flops.

**The Strategic Outsourcing Solution:**
1. Prep something you enjoy for Monday morning
2. Set one tiny, achievable goal for the day
3. Reward yourself for just showing up
4. Connect with a friend or colleague early on

**Why This Works:** Small steps prevent overwhelm → builds momentum → creates sustainable progress!

## 💡 ADHD Pro Tips

**For Low Energy Days:** Cut the steps in half - even 1 step is progress!

**For Hyperfocus Days:** Set a timer so you don't burn out.

**For Rejection Sensitive Days:** Remember - this is about helping yourself, not being perfect.

",Burned out,Defeated,"Cleaning Up, Resetting My Space","Avoidant, Cant Finish",Executive Dysfunction,"Dopamine Activation, Emotional Regulation, Frees Up Working Memory",,"Burnout, Crash Recovery, Wired but Tired",,Gamification,"Gamified, Sensory","Cleaning, Work",,,"Avoidant, Frozen",,Include cost-benefit calculators and service comparison guides,$$,ADDitude Magazine,,,,,sunrise
No,Strategic Saying No,Boundary Protection,When overcommitment is creating overwhelm,"# ✨ Calm Down: Strategic Saying No

**When overcommitment is creating overwhelm**

- Try practice saying no to commitments that don’t align with your priorities to avoid overwhelm
- Use this when this strategy helps combat time blindness by  by protecting your schedule, you enhance your working memory and focus on what truly matters, leading to better outcomes in your important tasks
- Start small and build momentum
- Focus on progress, not perfection
","## 🌊 Pre-Meeting Panic

**The Challenge:** You have a big presentation in 30 minutes and your heart is racing.

**The Strategic Saying No Solution:**
1. Take 5 deep breaths, counting to 4 on each
2. List 3 things you know you do well
3. Splash cool water on your wrists
4. Remind yourself: ""I can handle whatever happens""

**Why This Works:** Small steps prevent overwhelm → builds momentum → creates sustainable progress!

---

## 🌊 Social Event Overwhelm

**The Challenge:** You're at a party and feeling overstimulated - too many voices, lights, and expectations.

**The Strategic Saying No Solution:**
1. Step outside or find a quiet corner
2. Focus on 3 things you can see clearly
3. Take slow breaths through your nose
4. Give yourself permission to leave early if needed

**Why This Works:** Small steps prevent overwhelm → builds momentum → creates sustainable progress!

## 💡 ADHD Pro Tips

**For Low Energy Days:** Cut the steps in half - even 1 step is progress!

**For Hyperfocus Days:** Set a timer so you don't burn out.

**For Rejection Sensitive Days:** Remember - this is about helping yourself, not being perfect.

",Frustrated,Defeated,"Managing my schedule, Planning my time","Poor Time Estimation, Task Initiation","Decision Fatigue, Executive Dysfunction, Time Blindness","Dopamine Activation, Executive Function Support",,"Burnout, Low Energy, Overstimulated",,"Checklist, Routine","Reflective Practice, Time Management","Planning, Time Planning",,,"Avoidant, Frozen",,Include saying no scripts and priority alignment strategies,Free,,,,,,graduation-cap
No,Strategic Task Elimination,Permission to Quit,When you're spending energy on things that don't matter,"### ✂️ Cut Out the Clutter

Stop forcing yourself to complete tasks that drain your energy. Instead, ask yourself: ""Can I eliminate this completely?""  For example, if you dread meal prep, consider buying pre-chopped vegetables to make cooking easier and more enjoyable. Prioritizing energy toward meaningful activities enhances your ability to manage ADHD challenges.","## ⚡ Afternoon Energy Crash

**The Challenge:** By 2 PM, you feel like a phone with 5% battery. Everything seems impossible.

**The Strategic Task Elimination Solution:**
1. Step outside for 5 minutes of sunlight
2. Do 10 jumping jacks or stretch
3. Drink a full glass of water
4. Listen to one energizing song

**Why This Works:** Small steps prevent overwhelm → builds momentum → creates sustainable progress!

---

## ⚡ Monday Morning Motivation Deficit

**The Challenge:** Monday mornings feel like climbing Mount Everest in flip-flops.

**The Strategic Task Elimination Solution:**
1. Prep something you enjoy for Monday morning
2. Set one tiny, achievable goal for the day
3. Reward yourself for just showing up
4. Connect with a friend or colleague early on

**Why This Works:** Small steps prevent overwhelm → builds momentum → creates sustainable progress!

## 💡 ADHD Pro Tips

**For Low Energy Days:** Cut the steps in half - even 1 step is progress!

**For Hyperfocus Days:** Set a timer so you don't burn out.

**For Rejection Sensitive Days:** Remember - this is about helping yourself, not being perfect.

",Burned out,Defeated,,"Avoidant, Can't Finish",Executive Dysfunction,"Dopamine Activation, Minimizes Friction",,"Burnout, Crash Recovery, Overwhelmed",,Gamification,"Gamified, Interactive",Work,Working Professional,,"Avoidant, Frozen",,Include cost-benefit analysis templates for common elimination decisions,$,The Anti-Planner by Dani Donovan,,,,,check-square
No,Stress Action Plan - Why? What? When? (Be Realistic),Crisis Management Framework,When high stress is making everything feel impossible,"# 📝 Stress Action Plan - Why? What? When? (Be Realistic) Strategy

**When high stress is making everything feel impossible**

- Create a written plan during high-stress times to clarify your motivations and identify top priorities
- Use this when this strategy helps combat time blindness by breaking tasks into manageable steps,  remember to include self-care actions to recharge, ensuring you maintain your well-being while tackling challenging situations
- Start small and build momentum
- Focus on progress, not perfection
","## 🌊 Pre-Meeting Panic

**The Challenge:** You have a big presentation in 30 minutes and your heart is racing.

**The Stress Action Plan - Why? What? When? (Be Realistic) Solution:**
1. Take 5 deep breaths, counting to 4 on each
2. List 3 things you know you do well
3. Splash cool water on your wrists
4. Remind yourself: ""I can handle whatever happens""

**Why This Works:** Small steps prevent overwhelm → builds momentum → creates sustainable progress!

---

## 🌊 Social Event Overwhelm

**The Challenge:** You're at a party and feeling overstimulated - too many voices, lights, and expectations.

**The Stress Action Plan - Why? What? When? (Be Realistic) Solution:**
1. Step outside or find a quiet corner
2. Focus on 3 things you can see clearly
3. Take slow breaths through your nose
4. Give yourself permission to leave early if needed

**Why This Works:** Small steps prevent overwhelm → builds momentum → creates sustainable progress!

## 💡 ADHD Pro Tips

**For Low Energy Days:** Cut the steps in half - even 1 step is progress!

**For Hyperfocus Days:** Set a timer so you don't burn out.

**For Rejection Sensitive Days:** Remember - this is about helping yourself, not being perfect.

",Burned out,Defeated,"Starting Something Hard, Staying focused","Avoidant, Can't Start","Emotional Dysregulation, Executive Dysfunction, Time Blindness","Breaks Down Complexity, Dopamine Activation, Externalizes Tasks, Frees Up Working Memory",,"Burnout, Crash Recovery, Low Energy, Overstimulated",,Checklist,"Interactive, Visual","Emotional Regulation, Planning",,,"Avoidant, Frozen",,Include template frameworks and self-care menu options,Free,The Anti-Planner by Dani Donovan,,,,,trash-2
No,Stuck-Buster Action List,Paralysis Breaking Toolkit,When you're completely stuck and can't start anything,"# ☕ Take a Break: Stuck-Buster Action List

**When you're completely stuck and can't start anything**

- Use this when keep a list of simple actions that can help you when you're feeling stuck or overwhelmed
- Try "" these small changes can effectively combat task initiation difficulties by breaking down complexity and refreshing your mind,
- Start small and build momentum
- Focus on progress, not perfection
","## 🚀 The Dreaded Email Inbox

**The Challenge:** You have 47 unread emails and the thought of opening them makes you want to hide.

**The Stuck-Buster Action List Solution:**
1. Set a timer for just 10 minutes
2. Delete obvious junk mail first (easy wins)
3. Respond to one simple email
4. Stop when timer goes off, celebrate progress

**Why This Works:** Small steps prevent overwhelm → builds momentum → creates sustainable progress!

---

## 🚀 Exercise Avoidance

**The Challenge:** You know you should work out, but the thought of a full gym session feels overwhelming.

**The Stuck-Buster Action List Solution:**
1. Put on workout clothes (that's it for now)
2. Walk around the block once
3. Do 5 pushups against the wall
4. Celebrate that you moved your body today

**Why This Works:** Small steps prevent overwhelm → builds momentum → creates sustainable progress!

## 💡 ADHD Pro Tips

**For Low Energy Days:** Cut the steps in half - even 1 step is progress!

**For Hyperfocus Days:** Set a timer so you don't burn out.

**For Rejection Sensitive Days:** Remember - this is about helping yourself, not being perfect.

",Stuck,Overwhelmed,"Focus Enhancement, Task Initiation",Can't Start,Task Initiation,"Breaks Down Complexity, Externalizes Tasks, Minimizes Friction",,"Overwhelmed, Shutdown, Wired but Tired",,Checklist,"Action-Oriented, Visual","Decision Making, Focus Enhancement, Task Initiation Support",,,"Frozen, Overthinking",,Include paralysis breaker options for different settings and energy levels,Free,,,,,,list
No,Suit Up Card Game,Task Selection Game,When decision paralysis is preventing task selection,"# ✅ Suit Up Card Game Strategy

**When decision paralysis is preventing task selection**

- Try turn tasks into a card game by writing them on index cards, shuffling them, and drawing one to see what to do next
- Use this when this method helps combat decision paralysis—a common adhd challenge—by externalizing tasks and making selection fun
- Try assign point values to tasks for added motivation and to encourage task initiation without feeling overwhelmed
","## ✨ Daily Life Challenge

**The Challenge:** You're struggling with situations where When decision paralysis is preventing task selection.

**The Suit Up Card Game Solution:**
1. Start with the smallest possible step
2. Set a timer for 15 minutes maximum
3. Focus on progress, not perfection
4. Celebrate any forward movement

**Why This Works:** Small steps prevent overwhelm → builds momentum → creates sustainable progress!

## 💡 ADHD Pro Tips

**For Low Energy Days:** Cut the steps in half - even 1 step is progress!

**For Hyperfocus Days:** Set a timer so you don't burn out.

**For Rejection Sensitive Days:** Remember - this is about helping yourself, not being perfect.

",Stuck,Overwhelmed,"Cleaning Up, Overcoming Procrastination, Task Initiation Support","Can't Decide, Can't Start","Decision Fatigue, Executive Dysfunction, Task Initiation","Externalizes Tasks, Gamifies Action",,Shutdown,,"Engaging Gamification, Gamification",Gamified,"Cleaning, Emotional Regulation, Task Initiation Support",,,"Avoidant, Frozen",,"Include card templates, scoring systems, and category suggestions",Free,The Anti-Planner by Dani Donovan,,,,,gamepad
No,Sunlight Exposure,Natural Mood Regulation,When mood and energy need natural regulation,"# 💡 Energy Hack: Sunlight Exposure

**When mood and energy need natural regulation**

- Try get natural sunlight exposure in the morning to enhance your mood and energy levels
- Use this when this simple action helps combat time blindness and improves task initiation by regulating your circadian rhythm
- Try just 10-15 minutes outside can make a significant difference in how alert and focused you feel throughout the day
","## ⚡ Afternoon Energy Crash

**The Challenge:** By 2 PM, you feel like a phone with 5% battery. Everything seems impossible.

**The Sunlight Exposure Solution:**
1. Step outside for 5 minutes of sunlight
2. Do 10 jumping jacks or stretch
3. Drink a full glass of water
4. Listen to one energizing song

**Why This Works:** Small steps prevent overwhelm → builds momentum → creates sustainable progress!

---

## ⚡ Monday Morning Motivation Deficit

**The Challenge:** Monday mornings feel like climbing Mount Everest in flip-flops.

**The Sunlight Exposure Solution:**
1. Prep something you enjoy for Monday morning
2. Set one tiny, achievable goal for the day
3. Reward yourself for just showing up
4. Connect with a friend or colleague early on

**Why This Works:** Small steps prevent overwhelm → builds momentum → creates sustainable progress!

## 💡 ADHD Pro Tips

**For Low Energy Days:** Cut the steps in half - even 1 step is progress!

**For Hyperfocus Days:** Set a timer so you don't burn out.

**For Rejection Sensitive Days:** Remember - this is about helping yourself, not being perfect.

",Drained,Stuck,"Finding motivation, Overcoming Procrastination, Starting Something Hard","Can't Focus, Can't Start","Emotional Dysregulation, Task Initiation, Time Blindness","Dopamine Activation, Emotional Regulation, Frees Up Working Memory",,Low Energy,,Gamification,"Gamified, Interactive","Emotional Regulation, Task Initiation, Time Planning",,,"Discouraged, Overthinking",,Include timing recommendations and seasonal considerations,Free,,,,,,sliders
No,Survival Mode Productivity,Crisis Management Framework,When life crisis is affecting your ability to function,"# ✨ Survival Mode Productivity Strategy

**When life crisis is affecting your ability to function**

- Try cut your to-do list to only what's essential and communicate with your team about operating at reduced capacity
- Use this when this strategy helps manage task initiation during overwhelming times by breaking down work into 15-minute sprints followed by short breaks
- Try it provides a clear structure,
","## ✨ Daily Life Challenge

**The Challenge:** You're struggling with situations where When life crisis is affecting your ability to function.

**The Survival Mode Productivity Solution:**
1. Start with the smallest possible step
2. Set a timer for 15 minutes maximum
3. Focus on progress, not perfection
4. Celebrate any forward movement

**Why This Works:** Small steps prevent overwhelm → builds momentum → creates sustainable progress!

## 💡 ADHD Pro Tips

**For Low Energy Days:** Cut the steps in half - even 1 step is progress!

**For Hyperfocus Days:** Set a timer so you don't burn out.

**For Rejection Sensitive Days:** Remember - this is about helping yourself, not being perfect.

",Burned out,Defeated,"Staying focused, Task Initiation","Avoidant, Task Initiation","Emotional Dysregulation, Task Initiation, Working Memory Engagement","Breaks Down Complexity, Externalizes Tasks, Provides External Structure",,"Burnout, Crash Recovery, Overwhelmed",,"Checklist, Routine",Interactive,"Emails, Task Initiation, Time Planning",,,"Avoidant, Disorganized, Frozen",,Include crisis communication templates and essential task identification guides,Free,The Anti-Planner by Dani Donovan,,,,,sunrise
No,Switch it Up - Change Environment,Environment Reset Strategy,When you're stuck and need a mental reset,"# 🌿 Switch it Up - Change Environment Strategy

**When you're stuck and need a mental reset**

- Try switch up your environment when you're feeling stuck to boost your focus and creativity
- Use this when moving to a different location or rearranging your workspace can help reset your working memory and break the cycle of inertia that often accompanies adhd challenges
- Use this when for example, if you’ve been unproductive, try working from the kitchen table with a new playlist—this change can provide fresh sensory input that helps you get back on track
","## ✨ Daily Life Challenge

**The Challenge:** You're struggling with situations where When you're stuck and need a mental reset.

**The Switch it Up - Change Environment Solution:**
1. Start with the smallest possible step
2. Set a timer for 15 minutes maximum
3. Focus on progress, not perfection
4. Celebrate any forward movement

**Why This Works:** Small steps prevent overwhelm → builds momentum → creates sustainable progress!

## 💡 ADHD Pro Tips

**For Low Energy Days:** Cut the steps in half - even 1 step is progress!

**For Hyperfocus Days:** Set a timer so you don't burn out.

**For Rejection Sensitive Days:** Remember - this is about helping yourself, not being perfect.

",Stuck,Overwhelmed,"Focus Enhancement, Overcoming Resistance, Resetting My Space",Can't Start,"Environmental Cues, Inertia, Working Memory Engagement","Breaks Down Complexity, Externalizes Tasks, Sensory Engagement",,"Burnout, Overwhelmed, Shutdown",,Environmental Hack,"Interactive, Sensory, Visual",Focus Enhancement,,Recently Moved,Frozen,,Include environment change ideas for different situations and spaces,Free,The Anti-Planner by Dani Donovan,,,,,grid
No,System Clone Strategy,Proven Model Adoption,When you need a proven system to start with,"# ⚙️ Get Organized: System Clone Strategy

**When you need a proven system to start with**

- Find and adapt a system from someone you admire instead of starting from scratch
- Use this when this strategy helps mitigate time blindness by providing an external structure that clarifies your planning process
- Set aside time to by copying a simple method, like a bullet journal, you can save time and reduce frustration associated with poor time estimation and feeling overwhelmed
- Try look for systems that resonate with your workflow, and don’t hesitate to ask for guidance in setting them up
","## 🚀 The Dreaded Email Inbox

**The Challenge:** You have 47 unread emails and the thought of opening them makes you want to hide.

**The System Clone Strategy Solution:**
1. Set a timer for just 10 minutes
2. Delete obvious junk mail first (easy wins)
3. Respond to one simple email
4. Stop when timer goes off, celebrate progress

**Why This Works:** Small steps prevent overwhelm → builds momentum → creates sustainable progress!

---

## 🚀 Exercise Avoidance

**The Challenge:** You know you should work out, but the thought of a full gym session feels overwhelming.

**The System Clone Strategy Solution:**
1. Put on workout clothes (that's it for now)
2. Walk around the block once
3. Do 5 pushups against the wall
4. Celebrate that you moved your body today

**Why This Works:** Small steps prevent overwhelm → builds momentum → creates sustainable progress!

## 💡 ADHD Pro Tips

**For Low Energy Days:** Cut the steps in half - even 1 step is progress!

**For Hyperfocus Days:** Set a timer so you don't burn out.

**For Rejection Sensitive Days:** Remember - this is about helping yourself, not being perfect.

",Frustrated,Defeated,"Managing my schedule, Planning my time",Cannot Finish,"Executive Dysfunction, Task Structuring, Time Blindness","Breaks Down Complexity, Executive Function Support, Externalizes Tasks",,"Overwhelmed, Wired but Tired",,"Checklist, Mindset Shift, Routine",Sensory,"Planning, Time Planning",,,"Disorganized, Frozen",,Include system adaptation strategies and where to find good models,Free,,,,,,layout
No,Ta-Da List (Everything You've Already Done Today),Accomplishment Documentation,When you feel unproductive despite doing things,"# 📝 Ta-Da List (Everything You've Already Done Today) Strategy

**When you feel unproductive despite doing things**

- Try keep a ""ta-da"" list of your accomplishments each day, no matter how small
- Use this when this strategy helps combat time blindness by
- Start small and build momentum
- Focus on progress, not perfection
","## ✨ Daily Life Challenge

**The Challenge:** You're struggling with situations where When you feel unproductive despite doing things.

**The Ta-Da List (Everything You've Already Done Today) Solution:**
1. Start with the smallest possible step
2. Set a timer for 15 minutes maximum
3. Focus on progress, not perfection
4. Celebrate any forward movement

**Why This Works:** Small steps prevent overwhelm → builds momentum → creates sustainable progress!

## 💡 ADHD Pro Tips

**For Low Energy Days:** Cut the steps in half - even 1 step is progress!

**For Hyperfocus Days:** Set a timer so you don't burn out.

**For Rejection Sensitive Days:** Remember - this is about helping yourself, not being perfect.

",Ashamed,Guilty,"Being Kinder to Myself, Finding motivation","Poor Time Estimation, Task Initiation","Emotional Dysregulation, Time Blindness, Working Memory Engagement","Breaking Down Complexity, Externalizes Tasks, Provides Instant Rewards, Starts Small",,"Restless, Wired but Tired",,Checklist,"Incremental Motivation, Visual",Emails,,,"Discouraged, Overthinking",,Include prompts for different types of accomplishments and daily/weekly formats,Free,The Anti-Planner by Dani Donovan,,,,,music
No,Task Avoidance BINGO,Avoidance Task Game,When you have many small tasks you're avoiding,"# 💃 Task Avoidance BINGO Strategy

**When you have many small tasks you're avoiding**

- Try turn chores into a game
- Create a 5x5 bingo card filled with small tasks you've been avoiding
- Use this when this strategy helps combat task initiation challenges by breaking down daunting tasks into manageable actions, providing instant rewards as you mark off completed tasks
- Try the gamified format activates dopamine and transforms boring chores into a motivating visual challenge,
","## ✨ Daily Life Challenge

**The Challenge:** You're struggling with situations where When you have many small tasks you're avoiding.

**The Task Avoidance BINGO Solution:**
1. Start with the smallest possible step
2. Set a timer for 15 minutes maximum
3. Focus on progress, not perfection
4. Celebrate any forward movement

**Why This Works:** Small steps prevent overwhelm → builds momentum → creates sustainable progress!

## 💡 ADHD Pro Tips

**For Low Energy Days:** Cut the steps in half - even 1 step is progress!

**For Hyperfocus Days:** Set a timer so you don't burn out.

**For Rejection Sensitive Days:** Remember - this is about helping yourself, not being perfect.

",Drained,Stuck,"Focus Enhancement, Task Initiation","Avoidant, Can't Start",Task Initiation,"Activates Dopamine, Breaks Down Complexity, Gamifies Action",,"Low Energy, Wired but Tired",,Gamification,"Gamified, Interactive","Focus Enhancement, Task Initiation, Time Planning",,,"Avoidant, Frozen",,Provide printable BINGO templates and task suggestion lists,Free,The Anti-Planner by Dani Donovan,,,,,grid
No,Task Avoidance Bingo,Gamified Procrastination Buster,When accumulated avoided tasks need gamification motivation,"# 💃 Energy Hack: Task Avoidance Bingo

**When accumulated avoided tasks need gamification motivation**

- Create a 5x5 bingo card filled with small tasks you've been avoiding
- Use this when this gamified approach helps tackle task initiation challenges by turning overwhelming chores into a fun game, activating dopamine rewards with each completed task
- Try as you mark off each task, you build momentum,
","## ⚡ Afternoon Energy Crash

**The Challenge:** By 2 PM, you feel like a phone with 5% battery. Everything seems impossible.

**The Task Avoidance Bingo Solution:**
1. Step outside for 5 minutes of sunlight
2. Do 10 jumping jacks or stretch
3. Drink a full glass of water
4. Listen to one energizing song

**Why This Works:** Small steps prevent overwhelm → builds momentum → creates sustainable progress!

---

## ⚡ Monday Morning Motivation Deficit

**The Challenge:** Monday mornings feel like climbing Mount Everest in flip-flops.

**The Task Avoidance Bingo Solution:**
1. Prep something you enjoy for Monday morning
2. Set one tiny, achievable goal for the day
3. Reward yourself for just showing up
4. Connect with a friend or colleague early on

**Why This Works:** Small steps prevent overwhelm → builds momentum → creates sustainable progress!

## 💡 ADHD Pro Tips

**For Low Energy Days:** Cut the steps in half - even 1 step is progress!

**For Hyperfocus Days:** Set a timer so you don't burn out.

**For Rejection Sensitive Days:** Remember - this is about helping yourself, not being perfect.

",Anxious,Ashamed,"Cleaning Up, Overcoming Procrastination, Task Initiation","Avoidant, Can't Start, Poor Time Estimation",Task Initiation,"Activates Dopamine, Breaks Down Complexity, Gamifies Action",,"Low Energy, Overwhelmed, Wired but Tired",,"Challenge, Engaging Gamification, Gamification",Gamified,"Cleaning, Planning, Task Initiation",,Job Search,"Avoidant, Discouraged, Overthinking",,"Include bingo card templates, task suggestion lists, and reward ideas for completed lines",Free,The Anti-Planner by Dani Donovan,,,,,map-pin
No,Task Batching Power-Hour,Efficiency Grouping System,When context switching is draining your energy,"### ⏳ Batch Your Tasks

Group similar tasks together and tackle them all at once to minimize context switching. For individuals with ADHD, this technique helps improve task initiation and reduces feelings of being overwhelmed. By blocking off a specific time to complete multiple related tasks, you create a structured approach that enhances focus and makes tasks feel more achievable.","## ⚡ Afternoon Energy Crash

**The Challenge:** By 2 PM, you feel like a phone with 5% battery. Everything seems impossible.

**The Task Batching Power-Hour Solution:**
1. Step outside for 5 minutes of sunlight
2. Do 10 jumping jacks or stretch
3. Drink a full glass of water
4. Listen to one energizing song

**Why This Works:** Small steps prevent overwhelm → builds momentum → creates sustainable progress!

---

## ⚡ Monday Morning Motivation Deficit

**The Challenge:** Monday mornings feel like climbing Mount Everest in flip-flops.

**The Task Batching Power-Hour Solution:**
1. Prep something you enjoy for Monday morning
2. Set one tiny, achievable goal for the day
3. Reward yourself for just showing up
4. Connect with a friend or colleague early on

**Why This Works:** Small steps prevent overwhelm → builds momentum → creates sustainable progress!

## 💡 ADHD Pro Tips

**For Low Energy Days:** Cut the steps in half - even 1 step is progress!

**For Hyperfocus Days:** Set a timer so you don't burn out.

**For Rejection Sensitive Days:** Remember - this is about helping yourself, not being perfect.

",Frustrated,Defeated,"Focus Enhancement, Focused Task Execution, Task Initiation Support","Can't Finish, Task Initiation","Executive Dysfunction, Task Structuring, Time Blindness","Breaks Down Complexity, Externalizes Tasks",,"Overwhelmed, Restless",,Gamification,Gamified,"Focus Enhancement, Planning, Task Initiation Support",,,"Avoidant, Disorganized",,Include batching strategies for different types of tasks,Free,,,,,,check-square
No,Task Battle,Competitive Task Challenge,When you need social motivation for boring tasks,"# ✅ Energy Hack: Task Battle

**When you need social motivation for boring tasks**

- Set aside time to engage a friend or family member in a “task battle” where each of you chooses a chore and races to complete it in a set time
- Use this when this friendly competition helps tackle task initiation challenges by creating momentum and making the task more enjoyable
- Set a timer, play some music, and see who can make the most progress—this approach not only gamifies the process but also combats feelings of being stuck and low motivation
","## ⚡ Afternoon Energy Crash

**The Challenge:** By 2 PM, you feel like a phone with 5% battery. Everything seems impossible.

**The Task Battle Solution:**
1. Step outside for 5 minutes of sunlight
2. Do 10 jumping jacks or stretch
3. Drink a full glass of water
4. Listen to one energizing song

**Why This Works:** Small steps prevent overwhelm → builds momentum → creates sustainable progress!

---

## ⚡ Monday Morning Motivation Deficit

**The Challenge:** Monday mornings feel like climbing Mount Everest in flip-flops.

**The Task Battle Solution:**
1. Prep something you enjoy for Monday morning
2. Set one tiny, achievable goal for the day
3. Reward yourself for just showing up
4. Connect with a friend or colleague early on

**Why This Works:** Small steps prevent overwhelm → builds momentum → creates sustainable progress!

## 💡 ADHD Pro Tips

**For Low Energy Days:** Cut the steps in half - even 1 step is progress!

**For Hyperfocus Days:** Set a timer so you don't burn out.

**For Rejection Sensitive Days:** Remember - this is about helping yourself, not being perfect.

",Drained,Stuck,"Cleaning Up, Overcoming Procrastination, Task Initiation","Can't Start, Poor Time Estimation","Emotional Dysregulation, Inertia, Task Initiation",Gamifies Action,,"Burnout, Low Energy, Wired but Tired",,"Challenge, Gamified",Gamified,Cleaning,,,"Avoidant, Frozen",,Include task pairing suggestions and virtual competition options,Free,The Anti-Planner by Dani Donovan,,,,,check-square
No,Task Bracelet,Physical Progress Tracker,When you need tangible progress tracking,"# 🏋️ Task Bracelet Strategy

**When you need tangible progress tracking**

- Try wear a bracelet or hair tie for each task you need to complete
- Try as you finish a task, remove the bracelet and place it in a bowl to visually track your progress
- Try by seeing the collected items at the end of the day, you gain a tangible sense of accomplishment that boosts motivation
","## ✨ Daily Life Challenge

**The Challenge:** You're struggling with situations where When you need tangible progress tracking.

**The Task Bracelet Solution:**
1. Start with the smallest possible step
2. Set a timer for 15 minutes maximum
3. Focus on progress, not perfection
4. Celebrate any forward movement

**Why This Works:** Small steps prevent overwhelm → builds momentum → creates sustainable progress!

## 💡 ADHD Pro Tips

**For Low Energy Days:** Cut the steps in half - even 1 step is progress!

**For Hyperfocus Days:** Set a timer so you don't burn out.

**For Rejection Sensitive Days:** Remember - this is about helping yourself, not being perfect.

",Drained,Stuck,"Focus Enhancement, Overcoming Procrastination, Task Initiation Support","Can't Finish, Can't Start",Task Initiation,"Dopamine Activation, Gamifies Action, Starts Small",,"Crash Recovery, Low Energy, Wired but Tired",,"Checklist, Gamification","Sensory, Visual","Focus Enhancement, Task Initiation Support, Time Planning",,Recently Moved,"Avoidant, Disorganized, Frozen",,Include bracelet alternatives and task categorization by colors,$,Reddit /r/ADHD,,,,,check-square
No,Task Complaint Form,Frustration Processing Tool,When frustration is blocking you from starting,"# 🔧 Get Started: Task Complaint Form

**When frustration is blocking you from starting**

- Write out your grievances about a task on a mock complaint form to help alleviate frustration
- Try this strategy is effective for task initiation, as it allows you to externalize feelings of anxiety and overwhelm,   consider using templates for added structure and follow-up actions to keep you on track
- Start small and build momentum
- Focus on progress, not perfection
","## 🚀 The Dreaded Email Inbox

**The Challenge:** You have 47 unread emails and the thought of opening them makes you want to hide.

**The Task Complaint Form Solution:**
1. Set a timer for just 10 minutes
2. Delete obvious junk mail first (easy wins)
3. Respond to one simple email
4. Stop when timer goes off, celebrate progress

**Why This Works:** Small steps prevent overwhelm → builds momentum → creates sustainable progress!

---

## 🚀 Exercise Avoidance

**The Challenge:** You know you should work out, but the thought of a full gym session feels overwhelming.

**The Task Complaint Form Solution:**
1. Put on workout clothes (that's it for now)
2. Walk around the block once
3. Do 5 pushups against the wall
4. Celebrate that you moved your body today

**Why This Works:** Small steps prevent overwhelm → builds momentum → creates sustainable progress!

## 💡 ADHD Pro Tips

**For Low Energy Days:** Cut the steps in half - even 1 step is progress!

**For Hyperfocus Days:** Set a timer so you don't burn out.

**For Rejection Sensitive Days:** Remember - this is about helping yourself, not being perfect.

",Anxious,Ashamed,"Maintaining Focus, Overcoming Procrastination, Starting Something Hard","Avoidant, Can't Start","Emotional Dysregulation, Task Initiation, Working Memory Engagement","Emotional Regulation, Externalizes Tasks, Frees Up Working Memory",,"Low Energy, Overwhelmed, Wired but Tired",,Gamification,"Gamified, Visual","Emotional Regulation, Task Initiation Support",,Recently Moved,"Avoidant, Overthinking",,Include complaint form templates and follow-up action suggestions,Free,The Anti-Planner by Dani Donovan,,,,,check-square
No,Task Context Grouping,Context-Based Task Lists,When your to-do list feels random and overwhelming,"# 📝 Calm Down: Task Context Grouping

**When your to-do list feels random and overwhelming**

- Try group your to-dos by context, such as ""calls,"" ""computer,"" and ""errands,"" instead of tackling a giant list
- Use this when this strategy helps externalize tasks, reducing overwhelm and improving working memory
- Start small and build momentum
- Focus on progress, not perfection
","## 🌊 Pre-Meeting Panic

**The Challenge:** You have a big presentation in 30 minutes and your heart is racing.

**The Task Context Grouping Solution:**
1. Take 5 deep breaths, counting to 4 on each
2. List 3 things you know you do well
3. Splash cool water on your wrists
4. Remind yourself: ""I can handle whatever happens""

**Why This Works:** Small steps prevent overwhelm → builds momentum → creates sustainable progress!

---

## 🌊 Social Event Overwhelm

**The Challenge:** You're at a party and feeling overstimulated - too many voices, lights, and expectations.

**The Task Context Grouping Solution:**
1. Step outside or find a quiet corner
2. Focus on 3 things you can see clearly
3. Take slow breaths through your nose
4. Give yourself permission to leave early if needed

**Why This Works:** Small steps prevent overwhelm → builds momentum → creates sustainable progress!

## 💡 ADHD Pro Tips

**For Low Energy Days:** Cut the steps in half - even 1 step is progress!

**For Hyperfocus Days:** Set a timer so you don't burn out.

**For Rejection Sensitive Days:** Remember - this is about helping yourself, not being perfect.

",Frustrated,Defeated,"Focus Enhancement, Focused Task Execution, Task Initiation Support","Can't Finish, Task Initiation",Executive Dysfunction,"Externalizes Tasks, Frees Up Working Memory",,Wired but Tired,,Checklist,"Sensory, Task Simplification, Visual",,,,Disorganized,,Include context category templates and color-coding suggestions,Free,The Anti-Planner by Dani Donovan,,,,,flower
No,Task Dice Decision,Random Selection System,When you have multiple tasks and can't choose,"# ⚙️ Get Organized: Task Dice Decision

**When you have multiple tasks and can't choose**

- Try assign each task a number and roll a die to break through decision paralysis
- Use this when this fun, interactive strategy helps with task initiation by providing an external cue to start working, reducing the overwhelm of trying to choose where to begin
- Try whether you have six tasks or more, this method encourages you to take action and bypass the stress of indecision
","## ✨ Daily Life Challenge

**The Challenge:** You're struggling with situations where When you have multiple tasks and can't choose.

**The Task Dice Decision Solution:**
1. Start with the smallest possible step
2. Set a timer for 15 minutes maximum
3. Focus on progress, not perfection
4. Celebrate any forward movement

**Why This Works:** Small steps prevent overwhelm → builds momentum → creates sustainable progress!

## 💡 ADHD Pro Tips

**For Low Energy Days:** Cut the steps in half - even 1 step is progress!

**For Hyperfocus Days:** Set a timer so you don't burn out.

**For Rejection Sensitive Days:** Remember - this is about helping yourself, not being perfect.

",Stuck,Overwhelmed,"Focus Enhancement, Overcoming Procrastination, Task Initiation","Can't Decide, Can't Start","Decision Fatigue, Executive Dysfunction, Task Initiation","Externalizes Tasks, Frees Up Working Memory, Reduces Decision Fatigue",,"Crash Recovery, Low Energy, Overwhelmed",,"Challenge, Checklist, Gamification","Gamified, Interactive","Decision Making, Focus Enhancement, Task Initiation",,,"Frozen, Overthinking",,Include templates for different numbers of tasks and decision scenarios,Free,The Anti-Planner by Dani Donovan,,,,,dice
No,Task Management Apps,Digital Organization Tools,When traditional to-do lists aren't working,"### ☕️ Engage Your Tasks

Use task management apps designed specifically for ADHD brains to transform your approach to organization. By incorporating features like gamification and visual progress tracking, these tools help overcome executive dysfunction by making task initiation and completion feel more engaging. Start by selecting apps that allow you to break tasks into smaller, manageable steps,","## ✨ Daily Life Challenge

**The Challenge:** You're struggling with situations where When traditional to-do lists aren't working.

**The Task Management Apps Solution:**
1. Start with the smallest possible step
2. Set a timer for 15 minutes maximum
3. Focus on progress, not perfection
4. Celebrate any forward movement

**Why This Works:** Small steps prevent overwhelm → builds momentum → creates sustainable progress!

## 💡 ADHD Pro Tips

**For Low Energy Days:** Cut the steps in half - even 1 step is progress!

**For Hyperfocus Days:** Set a timer so you don't burn out.

**For Rejection Sensitive Days:** Remember - this is about helping yourself, not being perfect.

",Frustrated,Defeated,"Starting Something Hard, Staying focused","Can't Finish, Task Initiation","Decision Fatigue, Executive Dysfunction, Working Memory Engagement","Frees Up Working Memory, Gamifies Action, Reduces Decision Fatigue",,"Overwhelmed, Wired but Tired",,"Checklist, Engaging Gamification, Gamification","Gamified, Interactive, Visual","Task Initiation Support, Time Planning",,,"Disorganized, Frozen",,Include key features to look for and setup strategies for ADHD needs,$,,,,,,coffee
No,Task-Specific Playlists,Task Playlists,When you need motivation to start dreaded tasks,"# 📝 Energy Hack: Task-Specific Playlists

**When you need motivation to start dreaded tasks**

- Create dedicated playlists for specific tasks or moods to enhance motivation and focus
- Try for example, when cleaning, play high-energy songs to turn the task into a mini dance party,
- Start small and build momentum
- Focus on progress, not perfection
","## ⚡ Afternoon Energy Crash

**The Challenge:** By 2 PM, you feel like a phone with 5% battery. Everything seems impossible.

**The Task-Specific Playlists Solution:**
1. Step outside for 5 minutes of sunlight
2. Do 10 jumping jacks or stretch
3. Drink a full glass of water
4. Listen to one energizing song

**Why This Works:** Small steps prevent overwhelm → builds momentum → creates sustainable progress!

---

## ⚡ Monday Morning Motivation Deficit

**The Challenge:** Monday mornings feel like climbing Mount Everest in flip-flops.

**The Task-Specific Playlists Solution:**
1. Prep something you enjoy for Monday morning
2. Set one tiny, achievable goal for the day
3. Reward yourself for just showing up
4. Connect with a friend or colleague early on

**Why This Works:** Small steps prevent overwhelm → builds momentum → creates sustainable progress!

## 💡 ADHD Pro Tips

**For Low Energy Days:** Cut the steps in half - even 1 step is progress!

**For Hyperfocus Days:** Set a timer so you don't burn out.

**For Rejection Sensitive Days:** Remember - this is about helping yourself, not being perfect.

",Drained,Stuck,"Cleaning Up, Overcoming Procrastination, Resetting My Space","Can't Start, Poor Time Estimation","Emotional Dysregulation, Task Initiation, Working Memory Engagement","Dopamine Activation, Externalizes Tasks",,"Overwhelmed, Wired but Tired",,"Challenge, Gamification, Mindset Shift","Gamified, Interactive","Cleaning, Emotional Regulation",,Recently Moved,"Avoidant, Frozen",,Include suggested song types and BPM ranges for different activities,Free,The Anti-Planner by Dani Donovan,,,,,shopping-cart
No,The 1% Rule,Incremental Improvement,When big changes feel overwhelming,"# 📈 Calm Down: The 1% Rule

**When big changes feel overwhelming**

- Try focus on being just 1% better each day to create manageable improvements
- Use this when this strategy helps combat task initiation challenges by breaking overwhelming tasks into tiny, achievable actions
- Try for example, instead of committing to a long workout, start with 5 jumping jacks today and gradually increase
- Try these small wins build momentum and make it easier to stay engaged without feeling overwhelmed
","## 🌊 Pre-Meeting Panic

**The Challenge:** You have a big presentation in 30 minutes and your heart is racing.

**The The 1% Rule Solution:**
1. Take 5 deep breaths, counting to 4 on each
2. List 3 things you know you do well
3. Splash cool water on your wrists
4. Remind yourself: ""I can handle whatever happens""

**Why This Works:** Small steps prevent overwhelm → builds momentum → creates sustainable progress!

---

## 🌊 Social Event Overwhelm

**The Challenge:** You're at a party and feeling overstimulated - too many voices, lights, and expectations.

**The The 1% Rule Solution:**
1. Step outside or find a quiet corner
2. Focus on 3 things you can see clearly
3. Take slow breaths through your nose
4. Give yourself permission to leave early if needed

**Why This Works:** Small steps prevent overwhelm → builds momentum → creates sustainable progress!

## 💡 ADHD Pro Tips

**For Low Energy Days:** Cut the steps in half - even 1 step is progress!

**For Hyperfocus Days:** Set a timer so you don't burn out.

**For Rejection Sensitive Days:** Remember - this is about helping yourself, not being perfect.

",Drained,Stuck,"Starting Something Hard, Staying focused","Can't Decide, Task Initiation","Decision Fatigue, Perfectionism, Task Initiation","Breaks Down Complexity, Frees Up Working Memory, Starts Small",,"Burnout, Low Energy, Wired but Tired",,Gamification,"Action-Oriented, Incremental Engagement, Sensory",,,,"Avoidant, Discouraged, Frozen",,Include 1% improvement examples for different life areas,Free,,,,,,refresh-cw
No,The 2-Minute Rule,Immediate Action Principle,When small tasks accumulate into big problems,"### ⚡ Quick Task Action

Tackle tasks under 2 minutes immediately to prevent them from piling up.  For example, rather than letting an email response linger, reply within 30 seconds to keep your momentum going and reduce decision fatigue. Implementing this can significantly enhance your focus and productivity.","## ✨ Daily Life Challenge

**The Challenge:** You're struggling with situations where When small tasks accumulate into big problems.

**The The 2-Minute Rule Solution:**
1. Start with the smallest possible step
2. Set a timer for 15 minutes maximum
3. Focus on progress, not perfection
4. Celebrate any forward movement

**Why This Works:** Small steps prevent overwhelm → builds momentum → creates sustainable progress!

## 💡 ADHD Pro Tips

**For Low Energy Days:** Cut the steps in half - even 1 step is progress!

**For Hyperfocus Days:** Set a timer so you don't burn out.

**For Rejection Sensitive Days:** Remember - this is about helping yourself, not being perfect.

",Anxious,Ashamed,"Staying focused, Task Initiation","Avoidant, Can't Start","Decision Fatigue, Task Initiation","Breaks Down Complexity, Externalizes Tasks, Reduces Decision Fatigue, Starts Small",,"Crash Recovery, Low Energy, Wired but Tired",,Quick Fix,"Interactive, Task Simplification, Time Management","Emails, Focus Enhancement, Task Initiation",,,"Avoidant, Frozen",,Include 2-minute task examples and decision-making guidelines,Free,,,,,,zap
No,The 3-Spot Victory Game,Item Location Victory System,When you frequently lose important items,"# ⚙️ Get Organized: The 3-Spot Victory Game

**When you frequently lose important items**

- Try transform your organization into a fun challenge by choosing 3 items that you frequently misplace
- Set aside time to assign each item a bright, obvious 'home' and use a timer to race against your best time when returning them
- Use this when this strategy helps combat working memory failures by creating a structured, gamified approach to item retrieval,
","## ✨ Daily Life Challenge

**The Challenge:** You're struggling with situations where When you frequently lose important items.

**The The 3-Spot Victory Game Solution:**
1. Start with the smallest possible step
2. Set a timer for 15 minutes maximum
3. Focus on progress, not perfection
4. Celebrate any forward movement

**Why This Works:** Small steps prevent overwhelm → builds momentum → creates sustainable progress!

## 💡 ADHD Pro Tips

**For Low Energy Days:** Cut the steps in half - even 1 step is progress!

**For Hyperfocus Days:** Set a timer so you don't burn out.

**For Rejection Sensitive Days:** Remember - this is about helping yourself, not being perfect.

",Forgetful,Ashamed,"Focus Enhancement, Quick Task Management, Task Initiation Support","Disorganized, Poor Time Estimation, Task Initiation","Decision Fatigue, Task Initiation, Working Memory Failures","Dopamine Activation, Externalizes Tasks, Gamifies Action",,Wired but Tired,,Gamification,Gamified,"Planning, Time Planning",,,Avoidant,,Uses timer races and victory photos for dopamine hits,Free,,,,,,gamepad
No,The 5-Minute Rule,Momentum Building,When starting feels impossible,"### ⚡ Just 5 Minutes

Commit to working on a task for only 5 minutes to overcome the challenge of task initiation. This strategy is effective for individuals with ADHD because it lowers the barrier to starting, allowing momentum to build once you begin. By tackling tasks, like sending an important email, in short bursts, you can manage feelings of being overwhelmed and improve your focus without the pressure of a lengthy commitment.","## 🚀 The Dreaded Email Inbox

**The Challenge:** You have 47 unread emails and the thought of opening them makes you want to hide.

**The The 5-Minute Rule Solution:**
1. Set a timer for just 10 minutes
2. Delete obvious junk mail first (easy wins)
3. Respond to one simple email
4. Stop when timer goes off, celebrate progress

**Why This Works:** Small steps prevent overwhelm → builds momentum → creates sustainable progress!

---

## 🚀 Exercise Avoidance

**The Challenge:** You know you should work out, but the thought of a full gym session feels overwhelming.

**The The 5-Minute Rule Solution:**
1. Put on workout clothes (that's it for now)
2. Walk around the block once
3. Do 5 pushups against the wall
4. Celebrate that you moved your body today

**Why This Works:** Small steps prevent overwhelm → builds momentum → creates sustainable progress!

## 💡 ADHD Pro Tips

**For Low Energy Days:** Cut the steps in half - even 1 step is progress!

**For Hyperfocus Days:** Set a timer so you don't burn out.

**For Rejection Sensitive Days:** Remember - this is about helping yourself, not being perfect.

",Stuck,Overwhelmed,"Focus Enhancement, Overcoming Procrastination, Task Initiation","Can't Start, Task Initiation",Task Initiation,"Dopamine Activation, Gamifies Action, Starts Small",,"Low Energy, Overwhelmed, Wired but Tired",,Gamification,"Gamified, Interactive","Emails, Focus Enhancement, Task Initiation",,,"Avoidant, Frozen",,Include 5-minute task examples and momentum strategies,Free,The Anti-Planner by Dani Donovan,,,,,zap
No,The 80/20 Rule,Priority Focus Strategy,When busy work is crowding out important tasks,"# 🎯 Focus Boost: The 80/20 Rule

**When busy work is crowding out important tasks**

- Try concentrate 80% of your efforts on the 20% of tasks that yield the most significant results
- Use this when this strategy is particularly effective for adhd because it helps combat time blindness and improves task initiation by directing your focus on what truly matters
- Start small and build momentum
- Focus on progress, not perfection
","## 🎯 Zoom Meeting Brain Fog

**The Challenge:** You're in an important video call but your mind keeps wandering to random thoughts.

**The The 80/20 Rule Solution:**
1. Take notes by hand (engages your brain)
2. Repeat key points in your head
3. Use fidget tools off-camera
4. Sit in a spot with minimal distractions

**Why This Works:** Small steps prevent overwhelm → builds momentum → creates sustainable progress!

---

## 🎯 Study Session Struggles

**The Challenge:** You sit down to study but end up reading the same paragraph 5 times without absorbing it.

**The The 80/20 Rule Solution:**
1. Read for just 10 minutes at a time
2. Summarize each section out loud
3. Use a fidget or stress ball while reading
4. Take movement breaks between sections

**Why This Works:** Small steps prevent overwhelm → builds momentum → creates sustainable progress!

## 💡 ADHD Pro Tips

**For Low Energy Days:** Cut the steps in half - even 1 step is progress!

**For Hyperfocus Days:** Set a timer so you don't burn out.

**For Rejection Sensitive Days:** Remember - this is about helping yourself, not being perfect.

",Frustrated,Defeated,"Staying focused, Task Initiation","Cannot Finish, Task Initiation","Executive Dysfunction, Task Initiation, Time Blindness","Breaks Down Complexity, Dopamine Activation, Executive Function Support",,"Overstimulated, Wired but Tired",,Checklist,Sensory,Work,,,"Frozen, Overthinking",,Include impact assessment strategies and priority identification methods,Free,Pareto Principle,,,,,cooking-pot
No,The Anchor Habit,Routine Building Strategy,When you want to build new habits consistently,"# 🔄 Build Habits: The Anchor Habit

**When you want to build new habits consistently**

- Try attach new habits to strong routines to enhance consistency and reduce forgetfulness
- Use this when by linking behaviors, like taking vitamins after brushing your teeth, you create external reminders that help overcome challenges like working memory failures
- Set aside time to this strategy is effective for individuals with adhd, as it leverages established habits to initiate new tasks and reduce the impact of time blindness
","## ✨ Daily Life Challenge

**The Challenge:** You're struggling with situations where When you want to build new habits consistently.

**The The Anchor Habit Solution:**
1. Start with the smallest possible step
2. Set a timer for 15 minutes maximum
3. Focus on progress, not perfection
4. Celebrate any forward movement

**Why This Works:** Small steps prevent overwhelm → builds momentum → creates sustainable progress!

## 💡 ADHD Pro Tips

**For Low Energy Days:** Cut the steps in half - even 1 step is progress!

**For Hyperfocus Days:** Set a timer so you don't burn out.

**For Rejection Sensitive Days:** Remember - this is about helping yourself, not being perfect.

",Forgetful,Ashamed,"Managing my schedule, Planning my time, Task Initiation Support","Disorganized, Poor Time Estimation, Task Initiation","Task Initiation, Time Blindness, Working Memory Failures","Breaking Down Complexity, Externalizes Tasks, Starts Small",,"Low Energy, Wired but Tired",,"Gamification, Routine",Gamified,"Planning, Time Planning",,,Avoidant,,Include anchor habit examples and chain-building strategies,Free,,,,,,repeat
No,The Backup Plan,Contingency Preparation,When unexpected problems create disproportionate stress,"# ✨ The Backup Plan Strategy

**When unexpected problems create disproportionate stress**

- Try prepare alternate routes and extra supplies to alleviate stress in unexpected situations
- Use this when this strategy aids in overcoming time blindness by providing immediate options when plans go awry,  implementing this approach can help you feel more in control and reduce anxiety linked to poor time estimation
- Start small and build momentum
- Focus on progress, not perfection
","## 🌊 Pre-Meeting Panic

**The Challenge:** You have a big presentation in 30 minutes and your heart is racing.

**The The Backup Plan Solution:**
1. Take 5 deep breaths, counting to 4 on each
2. List 3 things you know you do well
3. Splash cool water on your wrists
4. Remind yourself: ""I can handle whatever happens""

**Why This Works:** Small steps prevent overwhelm → builds momentum → creates sustainable progress!

---

## 🌊 Social Event Overwhelm

**The Challenge:** You're at a party and feeling overstimulated - too many voices, lights, and expectations.

**The The Backup Plan Solution:**
1. Step outside or find a quiet corner
2. Focus on 3 things you can see clearly
3. Take slow breaths through your nose
4. Give yourself permission to leave early if needed

**Why This Works:** Small steps prevent overwhelm → builds momentum → creates sustainable progress!

## 💡 ADHD Pro Tips

**For Low Energy Days:** Cut the steps in half - even 1 step is progress!

**For Hyperfocus Days:** Set a timer so you don't burn out.

**For Rejection Sensitive Days:** Remember - this is about helping yourself, not being perfect.

",Frustrated,Defeated,"Managing my schedule, Planning my time, Task Initiation Support","Anxiety Management, Poor Time Estimation, Task Initiation","Emotional Dysregulation, Executive Dysfunction, Time Blindness","Breaks Down Complexity, Starts Small",,"Crash Recovery, Low Energy, Overwhelmed",,Gamification,"Gamified, Sensory","Planning, Time Planning",Parent,,"Disorganized, Time Blind",,Include backup planning templates for common ADHD challenges,Free,,,,,,hard-drive
No,The Buddy System,Social Accountability,When you need external support and accountability,"# ⚙️ Get Organized: The Buddy System

**When you need external support and accountability**

- Try partner with a friend to tackle your goals or challenging tasks together
- Use this when this buddy system helps combat task initiation and low motivation by providing mutual support and accountability
- Start small and build momentum
- Focus on progress, not perfection
","## ✨ Daily Life Challenge

**The Challenge:** You're struggling with situations where When you need external support and accountability.

**The The Buddy System Solution:**
1. Start with the smallest possible step
2. Set a timer for 15 minutes maximum
3. Focus on progress, not perfection
4. Celebrate any forward movement

**Why This Works:** Small steps prevent overwhelm → builds momentum → creates sustainable progress!

## 💡 ADHD Pro Tips

**For Low Energy Days:** Cut the steps in half - even 1 step is progress!

**For Hyperfocus Days:** Set a timer so you don't burn out.

**For Rejection Sensitive Days:** Remember - this is about helping yourself, not being perfect.

",Drained,Stuck,"Staying focused, Task Initiation","Can't Start, Poor Time Estimation","Emotional Dysregulation, Inertia, Task Initiation","Creates Accountability, Gamifies Action, Provides External Structure",,"Crash Recovery, Low Energy, Wired but Tired",,Accountability,Interactive,"Emotional Regulation, Task Initiation Support, Work",,,"Avoidant, Discouraged, Frozen",,Include buddy system setup and communication strategies,Free,,,,,,handshake
No,The Capture & Conquer System,Gamified External Memory,When important thoughts and ideas get lost,"# ⚙️ Get Organized: The Capture & Conquer System

**When important thoughts and ideas get lost**

- Try capture your ideas using voice notes throughout the week, and then engage in weekly treasure hunts to organize them
- Use this when this strategy helps combat working memory failures by externalizing your thoughts,  set aside just 20 minutes each week to listen to your recordings and sort them, turning the task into a fun challenge that enhances focus and reduces forgetfulness
- Start small and build momentum
- Focus on progress, not perfection
","## ✨ Daily Life Challenge

**The Challenge:** You're struggling with situations where When important thoughts and ideas get lost.

**The The Capture & Conquer System Solution:**
1. Start with the smallest possible step
2. Set a timer for 15 minutes maximum
3. Focus on progress, not perfection
4. Celebrate any forward movement

**Why This Works:** Small steps prevent overwhelm → builds momentum → creates sustainable progress!

## 💡 ADHD Pro Tips

**For Low Energy Days:** Cut the steps in half - even 1 step is progress!

**For Hyperfocus Days:** Set a timer so you don't burn out.

**For Rejection Sensitive Days:** Remember - this is about helping yourself, not being perfect.

",Forgetful,Ashamed,"Starting Something Hard, Staying focused","Avoidant, Forgetful, Poor Time Estimation","Emotional Dysregulation, Task Structuring, Working Memory Failures","Externalizes Tasks, Frees Up Working Memory, Gamifies Action",,"Crash Recovery, Low Energy, Wired but Tired",,"Challenge, Checklist, Gamification","Action-Oriented, Gamified, Interactive","Emails, Planning",,,"Avoidant, Overthinking",,Adds gamification with treasure hunts and timer challenges,Free,,,,,,star
No,The Closing Ritual,Transition Support,When work thoughts intrude on personal time,"# 🤝 Time Helper: The Closing Ritual

**When work thoughts intrude on personal time**

- Create a consistent ritual to signal the end of your workday
- Use this when this practice helps free up your working memory by  to implement this, review your accomplishments, jot down priorities for tomorrow, and physically close your laptop as a signal that work is done
- Set aside time to this structured approach is especially beneficial for those with adhd, as it combats time blindness and enhances task initiation,
","## ⏰ Morning Routine Chaos

**The Challenge:** Every morning feels like rushing through a tornado. You're always late and forget important things.

**The The Closing Ritual Solution:**
1. Set up everything the night before
2. Use a simple checklist by the door
3. Build in 10 extra minutes as buffer time
4. Celebrate when you leave on time

**Why This Works:** Small steps prevent overwhelm → builds momentum → creates sustainable progress!

---

## ⏰ Work Deadline Stress

**The Challenge:** Project deadlines sneak up on you, causing last-minute panic and all-nighters.

**The The Closing Ritual Solution:**
1. Break the project into 15-minute chunks
2. Schedule specific times for each chunk
3. Set daily check-in reminders
4. Reward yourself for staying on track

**Why This Works:** Small steps prevent overwhelm → builds momentum → creates sustainable progress!

## 💡 ADHD Pro Tips

**For Low Energy Days:** Cut the steps in half - even 1 step is progress!

**For Hyperfocus Days:** Set a timer so you don't burn out.

**For Rejection Sensitive Days:** Remember - this is about helping yourself, not being perfect.

",Frustrated,Defeated,"Maintaining Focus, Task Initiation Support","Can't Finish, Task Initiation","Executive Dysfunction, Task Initiation, Time Blindness","Breaks Down Complexity, Creates Accountability, Freeing Up Working Memory",,"Overwhelmed, Wired but Tired",,"Engaging Gamification, Gamification, Gamified",Gamified,"Focus Enhancement, Task Initiation Support, Work",,,"Avoidant, Frozen, Overthinking",,Include ritual ideas for different work situations and transition activities,Free,,,,,,briefcase
No,The Dopamine Dive,Energy-Building Start Strategy,When dreaded tasks create all-day anxiety,"# ⚡ Energy Hack: The Dopamine Dive

**When dreaded tasks create all-day anxiety**

- Start with a 5-minute task that you enjoy to activate dopamine and build momentum
- Use this when this simple strategy helps with task initiation,
- Start small and build momentum
- Focus on progress, not perfection
","## ⚡ Afternoon Energy Crash

**The Challenge:** By 2 PM, you feel like a phone with 5% battery. Everything seems impossible.

**The The Dopamine Dive Solution:**
1. Step outside for 5 minutes of sunlight
2. Do 10 jumping jacks or stretch
3. Drink a full glass of water
4. Listen to one energizing song

**Why This Works:** Small steps prevent overwhelm → builds momentum → creates sustainable progress!

---

## ⚡ Monday Morning Motivation Deficit

**The Challenge:** Monday mornings feel like climbing Mount Everest in flip-flops.

**The The Dopamine Dive Solution:**
1. Prep something you enjoy for Monday morning
2. Set one tiny, achievable goal for the day
3. Reward yourself for just showing up
4. Connect with a friend or colleague early on

**Why This Works:** Small steps prevent overwhelm → builds momentum → creates sustainable progress!

## 💡 ADHD Pro Tips

**For Low Energy Days:** Cut the steps in half - even 1 step is progress!

**For Hyperfocus Days:** Set a timer so you don't burn out.

**For Rejection Sensitive Days:** Remember - this is about helping yourself, not being perfect.

",Anxious,Ashamed,Task Initiation,"Anxious, Can't Start, Poor Time Estimation",Task Initiation,"Dopamine Activation, Gamifies Action, Starts Small",,"Crash Recovery, Low Energy, Wired but Tired",,"Challenge, Gamification, Quick Fix","Gamified, Interactive","Focus Enhancement, Task Initiation, Time Planning",,,"Avoidant, Frozen",,Builds energy through dopamine before tackling hard tasks,Free,,,,,,fast-forward
No,The Dopamine Menu,Mood Regulation Toolkit,When you need reliable mood and motivation boosters,"# 🔧 Energy Hack: The Dopamine Menu

**When you need reliable mood and motivation boosters**

- Create a ""dopamine menu"" of activities based on your available time and energy levels to help combat low motivation
- Try this strategy is effective for managing task initiation by providing quick, enjoyable options that prevent you from falling into decision fatigue or aimless scrolling
- Start small and build momentum
- Focus on progress, not perfection
","## ⚡ Afternoon Energy Crash

**The Challenge:** By 2 PM, you feel like a phone with 5% battery. Everything seems impossible.

**The The Dopamine Menu Solution:**
1. Step outside for 5 minutes of sunlight
2. Do 10 jumping jacks or stretch
3. Drink a full glass of water
4. Listen to one energizing song

**Why This Works:** Small steps prevent overwhelm → builds momentum → creates sustainable progress!

---

## ⚡ Monday Morning Motivation Deficit

**The Challenge:** Monday mornings feel like climbing Mount Everest in flip-flops.

**The The Dopamine Menu Solution:**
1. Prep something you enjoy for Monday morning
2. Set one tiny, achievable goal for the day
3. Reward yourself for just showing up
4. Connect with a friend or colleague early on

**Why This Works:** Small steps prevent overwhelm → builds momentum → creates sustainable progress!

## 💡 ADHD Pro Tips

**For Low Energy Days:** Cut the steps in half - even 1 step is progress!

**For Hyperfocus Days:** Set a timer so you don't burn out.

**For Rejection Sensitive Days:** Remember - this is about helping yourself, not being perfect.

",Drained,Stuck,"Focus Enhancement, Task Initiation","Can't Decide, Poor Time Estimation","Decision Fatigue, Emotional Dysregulation, Task Initiation","Cognitive Load Management, Dopamine Activation, Executive Function Support",,"Burnout, Crash Recovery, Low Energy",,Gamification,Gamified,"Cleaning, Decision Making, Focus Enhancement",,,"Avoidant, Frozen, Overthinking",,Include dopamine activity suggestions categorized by time and energy requirements,Free,,,,,,check-circle
No,The Energy Audit,Personal Energy Management,When you're working against your natural energy rhythms,"### ⚡ Energy Tracking for Productivity
Track your energy levels throughout the day to pinpoint when you feel most alert and focused.  This strategy not only enhances your ability to manage your time but also helps you optimize your schedule according to your natural rhythms.","## ⚡ Afternoon Energy Crash

**The Challenge:** By 2 PM, you feel like a phone with 5% battery. Everything seems impossible.

**The The Energy Audit Solution:**
1. Step outside for 5 minutes of sunlight
2. Do 10 jumping jacks or stretch
3. Drink a full glass of water
4. Listen to one energizing song

**Why This Works:** Small steps prevent overwhelm → builds momentum → creates sustainable progress!

---

## ⚡ Monday Morning Motivation Deficit

**The Challenge:** Monday mornings feel like climbing Mount Everest in flip-flops.

**The The Energy Audit Solution:**
1. Prep something you enjoy for Monday morning
2. Set one tiny, achievable goal for the day
3. Reward yourself for just showing up
4. Connect with a friend or colleague early on

**Why This Works:** Small steps prevent overwhelm → builds momentum → creates sustainable progress!

## 💡 ADHD Pro Tips

**For Low Energy Days:** Cut the steps in half - even 1 step is progress!

**For Hyperfocus Days:** Set a timer so you don't burn out.

**For Rejection Sensitive Days:** Remember - this is about helping yourself, not being perfect.

",Frustrated,Defeated,"Managing Emotional Dysregulation, Quick Task Management, Task Initiation Support","Can't Finish, Task Initiation","Executive Dysfunction, Task Initiation, Time Blindness","Dopamine Activation, Executive Function Support",,"Crash Recovery, Low Energy",,Checklist,Sensory,"Planning, Time Planning",,,"Overthinking, Time Blind",,Include energy tracking methods and schedule optimization strategies,Free,,,,,,battery
No,The Goldilocks Zone,Optimal Challenge Finding,When tasks are either too boring or too overwhelming,"# ✨ Calm Down: The Goldilocks Zone

**When tasks are either too boring or too overwhelming**

- Try adjust task difficulty to match your engagement level—not too boring and not too overwhelming
- Use this when this strategy helps manage working memory by breaking down large projects into smaller, manageable pieces and adding interesting elements to mundane tasks
- Start small and build momentum
- Focus on progress, not perfection
","## 🌊 Pre-Meeting Panic

**The Challenge:** You have a big presentation in 30 minutes and your heart is racing.

**The The Goldilocks Zone Solution:**
1. Take 5 deep breaths, counting to 4 on each
2. List 3 things you know you do well
3. Splash cool water on your wrists
4. Remind yourself: ""I can handle whatever happens""

**Why This Works:** Small steps prevent overwhelm → builds momentum → creates sustainable progress!

---

## 🌊 Social Event Overwhelm

**The Challenge:** You're at a party and feeling overstimulated - too many voices, lights, and expectations.

**The The Goldilocks Zone Solution:**
1. Step outside or find a quiet corner
2. Focus on 3 things you can see clearly
3. Take slow breaths through your nose
4. Give yourself permission to leave early if needed

**Why This Works:** Small steps prevent overwhelm → builds momentum → creates sustainable progress!

## 💡 ADHD Pro Tips

**For Low Energy Days:** Cut the steps in half - even 1 step is progress!

**For Hyperfocus Days:** Set a timer so you don't burn out.

**For Rejection Sensitive Days:** Remember - this is about helping yourself, not being perfect.

",Stuck,Overwhelmed,"Starting Something Hard, Staying focused","Can't Start, Poor Time Estimation","Emotional Dysregulation, Task Initiation, Working Memory Engagement","Frees Up Working Memory, Gamifies Action, Minimizes Friction",,"Low Energy, Overwhelmed, Wired but Tired",,"Challenge, Gamification, Mindset Shift","Gamified, Interactive","Task Initiation Support, Work",,,"Frozen, Overthinking",,Include challenge adjustment strategies and engagement optimization,Free,,,,,,sunrise
No,The Minimum Viable Day,Low-Energy Planning,When low energy days lead to complete shutdown,"### ⚡ Minimum Viable Day

Establish a bare-minimum plan for days when your energy or motivation is low. This strategy helps combat task initiation difficulties by defining what you can realistically accomplish, such as taking medication, eating a decent meal, or doing just 10 minutes of work.","## ⚡ Afternoon Energy Crash

**The Challenge:** By 2 PM, you feel like a phone with 5% battery. Everything seems impossible.

**The The Minimum Viable Day Solution:**
1. Step outside for 5 minutes of sunlight
2. Do 10 jumping jacks or stretch
3. Drink a full glass of water
4. Listen to one energizing song

**Why This Works:** Small steps prevent overwhelm → builds momentum → creates sustainable progress!

---

## ⚡ Monday Morning Motivation Deficit

**The Challenge:** Monday mornings feel like climbing Mount Everest in flip-flops.

**The The Minimum Viable Day Solution:**
1. Prep something you enjoy for Monday morning
2. Set one tiny, achievable goal for the day
3. Reward yourself for just showing up
4. Connect with a friend or colleague early on

**Why This Works:** Small steps prevent overwhelm → builds momentum → creates sustainable progress!

## 💡 ADHD Pro Tips

**For Low Energy Days:** Cut the steps in half - even 1 step is progress!

**For Hyperfocus Days:** Set a timer so you don't burn out.

**For Rejection Sensitive Days:** Remember - this is about helping yourself, not being perfect.

",Drained,Stuck,"Managing Emotional Dysregulation, Overcoming Procrastination, Task Initiation Support","Can't Finish, Task Initiation","Emotional Dysregulation, Inertia, Task Initiation","Breaks Down Complexity, Gamifies Action, Starts Small",,"Crash Recovery, Low Energy, Shutdown",,"Gamification, Mindset Shift, Routine","Gamified, Sensory","Planning, Task Initiation Support, Time Planning",Working Professional,,"Avoidant, Discouraged, Frozen",,Include minimum viable day planning and self-compassion strategies,Free,The Anti-Planner by Dani Donovan,,,,,refresh-cw
No,The Next Right Thing,Decision Simplification,When big decisions or changes feel overwhelming,"# ✨ Calm Down: The Next Right Thing

**When big decisions or changes feel overwhelming**

- Use this when this strategy helps combat decision fatigue by breaking complex tasks into manageable steps,  by focusing on a single action, you reduce the pressure on your working memory,
- Start small and build momentum
- Focus on progress, not perfection
","## 🌊 Pre-Meeting Panic

**The Challenge:** You have a big presentation in 30 minutes and your heart is racing.

**The The Next Right Thing Solution:**
1. Take 5 deep breaths, counting to 4 on each
2. List 3 things you know you do well
3. Splash cool water on your wrists
4. Remind yourself: ""I can handle whatever happens""

**Why This Works:** Small steps prevent overwhelm → builds momentum → creates sustainable progress!

---

## 🌊 Social Event Overwhelm

**The Challenge:** You're at a party and feeling overstimulated - too many voices, lights, and expectations.

**The The Next Right Thing Solution:**
1. Step outside or find a quiet corner
2. Focus on 3 things you can see clearly
3. Take slow breaths through your nose
4. Give yourself permission to leave early if needed

**Why This Works:** Small steps prevent overwhelm → builds momentum → creates sustainable progress!

## 💡 ADHD Pro Tips

**For Low Energy Days:** Cut the steps in half - even 1 step is progress!

**For Hyperfocus Days:** Set a timer so you don't burn out.

**For Rejection Sensitive Days:** Remember - this is about helping yourself, not being perfect.

",Stuck,Overwhelmed,"Starting Something Hard, Staying focused","Can't Decide, Can't Start","Decision Fatigue, Inertia, Working Memory Failures","Breaks Down Complexity, Gamifies Action, Reduces Decision Fatigue",,"Crash Recovery, Low Energy, Shutdown",,"Checklist, Gamification, Mindset Shift","Gamified, Interactive","Decision Making, Focus Enhancement, Task Initiation",,Recently Moved,"Frozen, Overthinking",,Include decision-breaking strategies and momentum-building techniques,Free,,,,,,sunrise
No,The Victory Trio,Priority Victory System,When long to-do lists create overwhelm,"# ⚙️ Get Organized: The Victory Trio

**When long to-do lists create overwhelm**

- Try transform your daily tasks into a fun achievement game by brain dumping all your tasks onto sticky notes
- Use this when circle the urgent ones and pick your victory trio to focus on, which helps combat time blindness by narrowing your attention
- Try as you complete tasks, cross them off and take photos to celebrate your accomplishments, providing instant rewards that enhance motivation and free up working memory
- Use this when this strategy is especially helpful when feeling overwhelmed by long to-do lists
","## 🌊 Pre-Meeting Panic

**The Challenge:** You have a big presentation in 30 minutes and your heart is racing.

**The The Victory Trio Solution:**
1. Take 5 deep breaths, counting to 4 on each
2. List 3 things you know you do well
3. Splash cool water on your wrists
4. Remind yourself: ""I can handle whatever happens""

**Why This Works:** Small steps prevent overwhelm → builds momentum → creates sustainable progress!

---

## 🌊 Social Event Overwhelm

**The Challenge:** You're at a party and feeling overstimulated - too many voices, lights, and expectations.

**The The Victory Trio Solution:**
1. Step outside or find a quiet corner
2. Focus on 3 things you can see clearly
3. Take slow breaths through your nose
4. Give yourself permission to leave early if needed

**Why This Works:** Small steps prevent overwhelm → builds momentum → creates sustainable progress!

## 💡 ADHD Pro Tips

**For Low Energy Days:** Cut the steps in half - even 1 step is progress!

**For Hyperfocus Days:** Set a timer so you don't burn out.

**For Rejection Sensitive Days:** Remember - this is about helping yourself, not being perfect.

",Frustrated,Defeated,"Focus Enhancement, Quick Task Management, Task Initiation Support","Can't Finish, Task Initiation","Executive Dysfunction, Task Structuring, Time Blindness","Externalizes Tasks, Freeing Up Working Memory, Gamifies Action",,"Burnout, Overwhelmed, Restless",,"Engaging Gamification, Gamification","Action-Oriented, Gamified, Incremental Motivation","Planning, Time Planning",,,"Avoidant, Frozen",,Adds gamification with sticky notes and victory photos,Free,,,,,,target
No,Theme Days,Weekly Organization Strategy,When daily decisions feel overwhelming,"# 📅 Calm Down: Theme Days

**When daily decisions feel overwhelming**

- Try assign different themes to each day of the week to improve task initiation and reduce decision fatigue
- Try for example, designate monday for meal prep and tuesday for errands to create a clear structure
- Start small and build momentum
- Focus on progress, not perfection
","## 🌊 Pre-Meeting Panic

**The Challenge:** You have a big presentation in 30 minutes and your heart is racing.

**The Theme Days Solution:**
1. Take 5 deep breaths, counting to 4 on each
2. List 3 things you know you do well
3. Splash cool water on your wrists
4. Remind yourself: ""I can handle whatever happens""

**Why This Works:** Small steps prevent overwhelm → builds momentum → creates sustainable progress!

---

## 🌊 Social Event Overwhelm

**The Challenge:** You're at a party and feeling overstimulated - too many voices, lights, and expectations.

**The Theme Days Solution:**
1. Step outside or find a quiet corner
2. Focus on 3 things you can see clearly
3. Take slow breaths through your nose
4. Give yourself permission to leave early if needed

**Why This Works:** Small steps prevent overwhelm → builds momentum → creates sustainable progress!

## 💡 ADHD Pro Tips

**For Low Energy Days:** Cut the steps in half - even 1 step is progress!

**For Hyperfocus Days:** Set a timer so you don't burn out.

**For Rejection Sensitive Days:** Remember - this is about helping yourself, not being perfect.

",Stuck,Overwhelmed,"Managing my schedule, Planning my time","Can't Decide, Task Initiation","Decision Fatigue, Task Structuring, Time Blindness","Externalizes Tasks, Provides External Structure, Reduces Decision Fatigue",,"Frozen/Shut Down, Overwhelmed",,"Checklist, Routine","Time Management, Visual",Planning,,,"Discouraged, Frozen",,Include theme day examples and weekly planning strategies,Free,The Anti-Planner by Dani Donovan,,,,,compass
No,Theme Weeks,Weekly Focus System,When similar tasks keep getting scattered throughout your schedule,"# ⚙️ Get Organized: Theme Weeks

**When similar tasks keep getting scattered throughout your schedule**

- Use this when assign a theme to each day of the week to help structure your tasks and combat time blindness
- Try for example, designate tuesdays as ""phone day"" to batch all your calls into one focused session, reducing the overwhelm of scattered tasks
- Try this strategy provides an external structure that enhances task initiation,
","## ⏰ Morning Routine Chaos

**The Challenge:** Every morning feels like rushing through a tornado. You're always late and forget important things.

**The Theme Weeks Solution:**
1. Set up everything the night before
2. Use a simple checklist by the door
3. Build in 10 extra minutes as buffer time
4. Celebrate when you leave on time

**Why This Works:** Small steps prevent overwhelm → builds momentum → creates sustainable progress!

---

## ⏰ Work Deadline Stress

**The Challenge:** Project deadlines sneak up on you, causing last-minute panic and all-nighters.

**The Theme Weeks Solution:**
1. Break the project into 15-minute chunks
2. Schedule specific times for each chunk
3. Set daily check-in reminders
4. Reward yourself for staying on track

**Why This Works:** Small steps prevent overwhelm → builds momentum → creates sustainable progress!

## 💡 ADHD Pro Tips

**For Low Energy Days:** Cut the steps in half - even 1 step is progress!

**For Hyperfocus Days:** Set a timer so you don't burn out.

**For Rejection Sensitive Days:** Remember - this is about helping yourself, not being perfect.

",Frustrated,Defeated,"Staying focused, Task Initiation","Cannot Finish, Disorganized, Task Initiation","Executive Dysfunction, Task Structuring, Time Blindness","Breaks Down Complexity, Externalizes Tasks",,"Low Energy, Overwhelmed, Wired but Tired",,"Checklist, Routine","Task Simplification, Time Management","Focus Enhancement, Planning, Task Initiation",,,"Avoidant, Time Blind",,Include theme suggestions for different life areas and scheduling templates,Free,The Anti-Planner by Dani Donovan,,,,,check-circle
No,Thought Capture Pad,Brain Parking Lot,When random thoughts derail your focus,"# 🧠 Focus Boost: Thought Capture Pad

**When random thoughts derail your focus**

- Try keep a notepad nearby to jot down random thoughts that interrupt your focus, like ""buy cat food
- Try "" or ""text mom back
- Try ""  to implement, choose a specific notepad size and place it within easy reach, enabling quick notes that prevent overwhelm and promote task initiation
","## 🎯 Zoom Meeting Brain Fog

**The Challenge:** You're in an important video call but your mind keeps wandering to random thoughts.

**The Thought Capture Pad Solution:**
1. Take notes by hand (engages your brain)
2. Repeat key points in your head
3. Use fidget tools off-camera
4. Sit in a spot with minimal distractions

**Why This Works:** Small steps prevent overwhelm → builds momentum → creates sustainable progress!

---

## 🎯 Study Session Struggles

**The Challenge:** You sit down to study but end up reading the same paragraph 5 times without absorbing it.

**The Thought Capture Pad Solution:**
1. Read for just 10 minutes at a time
2. Summarize each section out loud
3. Use a fidget or stress ball while reading
4. Take movement breaks between sections

**Why This Works:** Small steps prevent overwhelm → builds momentum → creates sustainable progress!

## 💡 ADHD Pro Tips

**For Low Energy Days:** Cut the steps in half - even 1 step is progress!

**For Hyperfocus Days:** Set a timer so you don't burn out.

**For Rejection Sensitive Days:** Remember - this is about helping yourself, not being perfect.

",Scattered,Overwhelmed,"Staying focused, Task Initiation","Can't Focus, Forgetful","Task Initiation, Working Memory Failures","Breaks Down Complexity, Externalizes Tasks, Starts Small",,"Overwhelmed, Wired but Tired",Women,"Gamification, Quick Fix","Gamified, Interactive, Task Simplification","Focus Enhancement, Task Initiation, Work",Parent,,"Avoidant, Overthinking",,Suggest specific notepad sizes and placement strategies,Free,The Anti-Planner by Dani Donovan,,,,,zap
No,Thought Download,Brain Dump Technique,When mental clutter is overwhelming,"# 🧠 Calm Down: Thought Download

**When mental clutter is overwhelming**

- Write down everything on your mind to tackle feelings of overwhelm and boost focus
- Try spend just a few minutes jotting down your thoughts — from work deadlines to grocery lists — and notice how clarity replaces chaos, making task initiation much easier
- Start small and build momentum
- Focus on progress, not perfection
","## 🌊 Pre-Meeting Panic

**The Challenge:** You have a big presentation in 30 minutes and your heart is racing.

**The Thought Download Solution:**
1. Take 5 deep breaths, counting to 4 on each
2. List 3 things you know you do well
3. Splash cool water on your wrists
4. Remind yourself: ""I can handle whatever happens""

**Why This Works:** Small steps prevent overwhelm → builds momentum → creates sustainable progress!

---

## 🌊 Social Event Overwhelm

**The Challenge:** You're at a party and feeling overstimulated - too many voices, lights, and expectations.

**The Thought Download Solution:**
1. Step outside or find a quiet corner
2. Focus on 3 things you can see clearly
3. Take slow breaths through your nose
4. Give yourself permission to leave early if needed

**Why This Works:** Small steps prevent overwhelm → builds momentum → creates sustainable progress!

## 💡 ADHD Pro Tips

**For Low Energy Days:** Cut the steps in half - even 1 step is progress!

**For Hyperfocus Days:** Set a timer so you don't burn out.

**For Rejection Sensitive Days:** Remember - this is about helping yourself, not being perfect.

",Scattered,Overwhelmed,"Focus Enhancement, Task Initiation","Can't Focus, Task Initiation","Decision Fatigue, Task Initiation, Working Memory Failures","Externalizes Tasks, Frees Up Working Memory, Reduces Decision Fatigue",,"Frozen/Shut Down, Overwhelmed",,"Checklist, Mindset Shift",,"Cleaning, Focus Enhancement, Task Initiation",,,"Disorganized, Frozen, Overthinking",,Include different brain dump formats and follow-up organization methods,Free,I Have ADHD podcast,,,,,book
No,Thought Reframing Challenge,Balanced Thinking Practice,When self-criticism is taking over,"# 🎯 Thought Reframing Challenge Strategy

**When self-criticism is taking over**

- Try jot down the critical thoughts you often tell yourself, then counter each one with a balanced truth
- Try for instance, if you think, ""i'm lazy,"" remind yourself, ""i worked hard on my project last week
- Try "" this practice can significantly reduce anxiety and self-criticism,
","## ✨ Daily Life Challenge

**The Challenge:** You're struggling with situations where When self-criticism is taking over.

**The Thought Reframing Challenge Solution:**
1. Start with the smallest possible step
2. Set a timer for 15 minutes maximum
3. Focus on progress, not perfection
4. Celebrate any forward movement

**Why This Works:** Small steps prevent overwhelm → builds momentum → creates sustainable progress!

## 💡 ADHD Pro Tips

**For Low Energy Days:** Cut the steps in half - even 1 step is progress!

**For Hyperfocus Days:** Set a timer so you don't burn out.

**For Rejection Sensitive Days:** Remember - this is about helping yourself, not being perfect.

",Ashamed,Guilty,"Being Kinder to Myself, Calming Down","Anxiety Management, Emotional Regulation, Spiraling","Emotional Dysregulation, Task Structuring, Working Memory Engagement","Freeing Up Working Memory, Gamifies Action",,Burnout,,"Gamified, Quick Fix","Gamified, Interactive, Reflective Practice","Emotional Regulation, Work",,,Overthinking,,Create thought record templates with common negative thoughts and balanced alternatives,Free,The Anti-Planner by Dani Donovan,,,,,trophy
No,TickTick,ADHD-Friendly Task App,When you need integrated productivity tools,"# 👫 TickTick Strategy

**When you need integrated productivity tools**

- Set aside time to combine tasks, timers, and calendars in one app to streamline your planning and minimize distractions
- Use this when this approach is particularly beneficial for those facing time blindness as it externalizes responsibilities and helps you focus without needing to switch between multiple tools
- Start small and build momentum
- Focus on progress, not perfection
","## ✨ Daily Life Challenge

**The Challenge:** You're struggling with situations where When you need integrated productivity tools.

**The TickTick Solution:**
1. Start with the smallest possible step
2. Set a timer for 15 minutes maximum
3. Focus on progress, not perfection
4. Celebrate any forward movement

**Why This Works:** Small steps prevent overwhelm → builds momentum → creates sustainable progress!

## 💡 ADHD Pro Tips

**For Low Energy Days:** Cut the steps in half - even 1 step is progress!

**For Hyperfocus Days:** Set a timer so you don't burn out.

**For Rejection Sensitive Days:** Remember - this is about helping yourself, not being perfect.

",Frustrated,Defeated,"Staying focused, Task Initiation","Cannot Finish, Disorganized, Task Initiation","Decision Fatigue, Executive Dysfunction, Time Blindness","Externalizes Tasks, Gamifies Action, Reduces Decision Fatigue",,"Low Energy, Restless, Wired but Tired",,"Checklist, Gamification, Routine","Gamified, Interactive","Planning, Time Planning",,,"Disorganized, Time Blind",,Include setup guides and feature recommendations specific to ADHD needs,$,Zapier review,,,,,help-circle
No,Time Blocking,Schedule Structure Strategy,When tasks expand to fill all available time,"# ⏰ Time Helper: Time Blocking

**When tasks expand to fill all available time**

- Set aside time to **assign specific time slots to different activities
- Set aside time to **

- block out time for specific tasks
- include buffer time between activities
- color-code different types of work
- stick to the schedule as much as possible
- Start small and build momentum
- Focus on progress, not perfection
","## ⏰ Morning Routine Chaos

**The Challenge:** Every morning feels like rushing through a tornado. You're always late and forget important things.

**The Time Blocking Solution:**
1. Set up everything the night before
2. Use a simple checklist by the door
3. Build in 10 extra minutes as buffer time
4. Celebrate when you leave on time

**Why This Works:** Small steps prevent overwhelm → builds momentum → creates sustainable progress!

---

## ⏰ Work Deadline Stress

**The Challenge:** Project deadlines sneak up on you, causing last-minute panic and all-nighters.

**The Time Blocking Solution:**
1. Break the project into 15-minute chunks
2. Schedule specific times for each chunk
3. Set daily check-in reminders
4. Reward yourself for staying on track

**Why This Works:** Small steps prevent overwhelm → builds momentum → creates sustainable progress!

## 💡 ADHD Pro Tips

**For Low Energy Days:** Cut the steps in half - even 1 step is progress!

**For Hyperfocus Days:** Set a timer so you don't burn out.

**For Rejection Sensitive Days:** Remember - this is about helping yourself, not being perfect.

",Frustrated,Defeated,"Managing my schedule, Planning my time, Task Initiation Support","Can't Finish, Task Initiation","Executive Dysfunction, Task Structuring, Time Blindness","Externalizes Tasks, Provides External Structure",,"Frozen/Shut Down, Overstimulated",,"Checklist, Routine","Interactive, Task Simplification, Time Management","Planning, Time Planning",,,"Avoidant, Frozen",,Include time blocking templates and boundary-setting strategies,Free,,,,,,compass
No,Time Containers,Time Blocking System,When your schedule feels chaotic and overbooked,"# ⏰ Get Organized: Time Containers

**When your schedule feels chaotic and overbooked**

- Set aside time to divide your day into fixed blocks to manage your time effectively
- Use this when by allocating specific periods for tasks like 'deep work' or 'emails,' you create a clear structure that combats time blindness and helps with task initiation
- Try this method enables you to say no to distractions, ensuring your schedule feels more controlled and intentional, which is essential for maintaining focus and productivity
","## ⏰ Morning Routine Chaos

**The Challenge:** Every morning feels like rushing through a tornado. You're always late and forget important things.

**The Time Containers Solution:**
1. Set up everything the night before
2. Use a simple checklist by the door
3. Build in 10 extra minutes as buffer time
4. Celebrate when you leave on time

**Why This Works:** Small steps prevent overwhelm → builds momentum → creates sustainable progress!

---

## ⏰ Work Deadline Stress

**The Challenge:** Project deadlines sneak up on you, causing last-minute panic and all-nighters.

**The Time Containers Solution:**
1. Break the project into 15-minute chunks
2. Schedule specific times for each chunk
3. Set daily check-in reminders
4. Reward yourself for staying on track

**Why This Works:** Small steps prevent overwhelm → builds momentum → creates sustainable progress!

## 💡 ADHD Pro Tips

**For Low Energy Days:** Cut the steps in half - even 1 step is progress!

**For Hyperfocus Days:** Set a timer so you don't burn out.

**For Rejection Sensitive Days:** Remember - this is about helping yourself, not being perfect.

",Frustrated,Defeated,"Managing my schedule, Planning my time, Task Initiation Support","Poor Time Estimation, Task Initiation","Executive Dysfunction, Task Structuring, Time Blindness","Externalizes Tasks, Minimizes Friction, Provides External Structure",,"Low Energy, Overstimulated, Wired but Tired",,"Checklist, Routine","Incremental Engagement, Task Simplification, Time Management","Planning, Time Planning",Working Professional,,"Avoidant, Disorganized, Frozen",,Include template schedules for different work styles and life situations,Free,I'm Busy Being Awesome podcast,,,,,laptop
No,Time Estimation Challenge,Time Awareness Building,When you want to improve time awareness,"### ⏳ Time Estimation Challenge

Practice predicting how long tasks will take and then track your actual time to improve your time awareness. This strategy helps combat time blindness and enhances your working memory by creating a clearer understanding of how long activities truly require.","## ⏰ Morning Routine Chaos

**The Challenge:** Every morning feels like rushing through a tornado. You're always late and forget important things.

**The Time Estimation Challenge Solution:**
1. Set up everything the night before
2. Use a simple checklist by the door
3. Build in 10 extra minutes as buffer time
4. Celebrate when you leave on time

**Why This Works:** Small steps prevent overwhelm → builds momentum → creates sustainable progress!

---

## ⏰ Work Deadline Stress

**The Challenge:** Project deadlines sneak up on you, causing last-minute panic and all-nighters.

**The Time Estimation Challenge Solution:**
1. Break the project into 15-minute chunks
2. Schedule specific times for each chunk
3. Set daily check-in reminders
4. Reward yourself for staying on track

**Why This Works:** Small steps prevent overwhelm → builds momentum → creates sustainable progress!

## 💡 ADHD Pro Tips

**For Low Energy Days:** Cut the steps in half - even 1 step is progress!

**For Hyperfocus Days:** Set a timer so you don't burn out.

**For Rejection Sensitive Days:** Remember - this is about helping yourself, not being perfect.

",Forgetful,,"Focus Enhancement, Managing my schedule, Planning my time","Can't Focus, Forgetful, Poor Time Estimation","Task Structuring, Time Blindness, Working Memory Engagement",Gamifies Action,,"Low Energy, Shutdown",,"Challenge, Gamification","Gamified, Incremental Motivation, Time Management","Planning, Time Planning",,,"Avoidant, Frozen, Time Blind",,Include tracking sheets and calibration exercises for common tasks,Free,The Anti-Planner by Dani Donovan,,,,,trophy
No,Time Shield Blocking,Calendar Protection System,When important activities get squeezed out by other commitments,"# ⏰ Get Organized: Time Shield Blocking

**When important activities get squeezed out by other commitments**

- Try block out your calendar for important activities like exercise or writing
- Use this when this strategy helps combat time blindness by making your priorities visible and scheduled, ensuring they don't get overlooked by other commitments
- Start small and build momentum
- Focus on progress, not perfection
","## ⏰ Morning Routine Chaos

**The Challenge:** Every morning feels like rushing through a tornado. You're always late and forget important things.

**The Time Shield Blocking Solution:**
1. Set up everything the night before
2. Use a simple checklist by the door
3. Build in 10 extra minutes as buffer time
4. Celebrate when you leave on time

**Why This Works:** Small steps prevent overwhelm → builds momentum → creates sustainable progress!

---

## ⏰ Work Deadline Stress

**The Challenge:** Project deadlines sneak up on you, causing last-minute panic and all-nighters.

**The Time Shield Blocking Solution:**
1. Break the project into 15-minute chunks
2. Schedule specific times for each chunk
3. Set daily check-in reminders
4. Reward yourself for staying on track

**Why This Works:** Small steps prevent overwhelm → builds momentum → creates sustainable progress!

## 💡 ADHD Pro Tips

**For Low Energy Days:** Cut the steps in half - even 1 step is progress!

**For Hyperfocus Days:** Set a timer so you don't burn out.

**For Rejection Sensitive Days:** Remember - this is about helping yourself, not being perfect.

",Frustrated,Defeated,"Planning my time, Task Initiation Support","Can't Finish, Task Initiation","Executive Dysfunction, Task Initiation, Time Blindness","Externalizes Tasks, Provides External Structure",,"Burnout, Crash Recovery, Low Energy",,"Engaging Gamification, Gamification",Gamified,"Planning, Time Planning",Working Professional,,"Frozen, Overthinking",,Include time blocking strategies for different life areas,Free,,,,,,calendar
No,Time Sink Awareness,Distraction Awareness List,When you lose time to unconscious habits,"# ⏰ Time Helper: Time Sink Awareness

**When you lose time to unconscious habits**

- Set aside time to identify your top 3 time drains—like tiktok or reddit—and write them down to boost your awareness
- Use this when this strategy helps combat time blindness by externalizing distractions,  place your list somewhere visible, and when you notice you're off track, it serves as a reminder to make conscious decisions about how to spend your time
- Start small and build momentum
- Focus on progress, not perfection
","## ⏰ Morning Routine Chaos

**The Challenge:** Every morning feels like rushing through a tornado. You're always late and forget important things.

**The Time Sink Awareness Solution:**
1. Set up everything the night before
2. Use a simple checklist by the door
3. Build in 10 extra minutes as buffer time
4. Celebrate when you leave on time

**Why This Works:** Small steps prevent overwhelm → builds momentum → creates sustainable progress!

---

## ⏰ Work Deadline Stress

**The Challenge:** Project deadlines sneak up on you, causing last-minute panic and all-nighters.

**The Time Sink Awareness Solution:**
1. Break the project into 15-minute chunks
2. Schedule specific times for each chunk
3. Set daily check-in reminders
4. Reward yourself for staying on track

**Why This Works:** Small steps prevent overwhelm → builds momentum → creates sustainable progress!

## 💡 ADHD Pro Tips

**For Low Energy Days:** Cut the steps in half - even 1 step is progress!

**For Hyperfocus Days:** Set a timer so you don't burn out.

**For Rejection Sensitive Days:** Remember - this is about helping yourself, not being perfect.

",Scattered,Overwhelmed,"Maintaining Focus, Overcoming Procrastination, Task Initiation","Can't Focus, Forgetful, Poor Time Estimation","Decision Fatigue, Time Blindness, Working Memory Failures","Externalizes Tasks, Reduces Decision Fatigue",,"Overwhelmed, Restless, Wired but Tired",,Checklist,"Task Simplification, Time Management, Visual","Emotional Regulation, Self-Compassion",,,Overthinking,,Add time-tracking suggestions and replacement activity ideas,Free,The Anti-Planner by Dani Donovan,,,,,refresh-cw
No,Time Timer,Visual Countdown Clock,When time blindness makes it hard to stay on track,"### ⏳ Visual Time Management

Use a visual countdown timer like the Time Timer to manage your tasks effectively. This strategy helps combat time blindness by providing a visual representation of time passing,  Set the timer for your task duration, and as the colored section shrinks, it gives you a clear sense of how much time is left, reducing the chance of losing track.

Consider placing the timer in a visible spot to reinforce your focus and support task initiation.","## ⏰ Morning Routine Chaos

**The Challenge:** Every morning feels like rushing through a tornado. You're always late and forget important things.

**The Time Timer Solution:**
1. Set up everything the night before
2. Use a simple checklist by the door
3. Build in 10 extra minutes as buffer time
4. Celebrate when you leave on time

**Why This Works:** Small steps prevent overwhelm → builds momentum → creates sustainable progress!

---

## ⏰ Work Deadline Stress

**The Challenge:** Project deadlines sneak up on you, causing last-minute panic and all-nighters.

**The Time Timer Solution:**
1. Break the project into 15-minute chunks
2. Schedule specific times for each chunk
3. Set daily check-in reminders
4. Reward yourself for staying on track

**Why This Works:** Small steps prevent overwhelm → builds momentum → creates sustainable progress!

## 💡 ADHD Pro Tips

**For Low Energy Days:** Cut the steps in half - even 1 step is progress!

**For Hyperfocus Days:** Set a timer so you don't burn out.

**For Rejection Sensitive Days:** Remember - this is about helping yourself, not being perfect.

",Forgetful,,"Staying focused, Task Initiation Support","Can't Focus, Task Initiation, Time Blindness","Task Initiation, Time Blindness, Working Memory Engagement","Frees Up Working Memory, Gamifies Action",,Wired but Tired,,"Challenge, Gamification, Mindset Shift","Interactive, Visual","Task Initiation Support, Time Planning",,,"Frozen, Time Blind",,Include size options and placement strategies for different work environments,$$,ADDitude,,,,,timer
No,Time Travel Visualization,Future Self Visualization,When you need motivation to start something you're avoiding,"# ⏰ Energy Hack: Time Travel Visualization

**When you need motivation to start something you're avoiding**

- Try picture yourself completing a task in three steps: first, imagine the process of doing it; next, visualize the satisfaction after finishing; finally, contrast this with how you’d feel if you procrastinated
- Start small and build momentum
- Focus on progress, not perfection
","## ⏰ Morning Routine Chaos

**The Challenge:** Every morning feels like rushing through a tornado. You're always late and forget important things.

**The Time Travel Visualization Solution:**
1. Set up everything the night before
2. Use a simple checklist by the door
3. Build in 10 extra minutes as buffer time
4. Celebrate when you leave on time

**Why This Works:** Small steps prevent overwhelm → builds momentum → creates sustainable progress!

---

## ⏰ Work Deadline Stress

**The Challenge:** Project deadlines sneak up on you, causing last-minute panic and all-nighters.

**The Time Travel Visualization Solution:**
1. Break the project into 15-minute chunks
2. Schedule specific times for each chunk
3. Set daily check-in reminders
4. Reward yourself for staying on track

**Why This Works:** Small steps prevent overwhelm → builds momentum → creates sustainable progress!

## 💡 ADHD Pro Tips

**For Low Energy Days:** Cut the steps in half - even 1 step is progress!

**For Hyperfocus Days:** Set a timer so you don't burn out.

**For Rejection Sensitive Days:** Remember - this is about helping yourself, not being perfect.

",Anxious,Ashamed,"Cleaning Up, Resetting My Space, Task Initiation","Avoidant, Can't Start","Emotional Dysregulation, Task Initiation, Working Memory Engagement","Breaks Down Complexity, Frees Up Working Memory",,"Restless, Wired but Tired",,Gamification,"Gamified, Visual",Cleaning,,,"Avoidant, Discouraged",,Create guided visualization scripts for common avoided tasks,Free,The Anti-Planner by Dani Donovan,,,,,map
No,Timer Apps,Focus Support Tools,When time awareness and focus need digital support,"### ⏳ Visual Timer for Focus

Use timer apps with features designed for ADHD, such as visual countdowns and customizable intervals. These tools help combat time blindness by providing a clear visual representation of time,","## ⏰ Morning Routine Chaos

**The Challenge:** Every morning feels like rushing through a tornado. You're always late and forget important things.

**The Timer Apps Solution:**
1. Set up everything the night before
2. Use a simple checklist by the door
3. Build in 10 extra minutes as buffer time
4. Celebrate when you leave on time

**Why This Works:** Small steps prevent overwhelm → builds momentum → creates sustainable progress!

---

## ⏰ Work Deadline Stress

**The Challenge:** Project deadlines sneak up on you, causing last-minute panic and all-nighters.

**The Timer Apps Solution:**
1. Break the project into 15-minute chunks
2. Schedule specific times for each chunk
3. Set daily check-in reminders
4. Reward yourself for staying on track

**Why This Works:** Small steps prevent overwhelm → builds momentum → creates sustainable progress!

## 💡 ADHD Pro Tips

**For Low Energy Days:** Cut the steps in half - even 1 step is progress!

**For Hyperfocus Days:** Set a timer so you don't burn out.

**For Rejection Sensitive Days:** Remember - this is about helping yourself, not being perfect.

",Scattered,Overwhelmed,"Staying focused, Task Initiation Support","Can't Focus, Forgetful, Poor Time Estimation","Task Initiation, Time Blindness, Working Memory Engagement","Creates Accountability, Gamifies Action, Meets You Where You Are",,"Overwhelmed, Wired but Tired",,Gamification,"Gamified, Interactive","Focus Enhancement, Task Initiation Support, Time Planning",,,Time Blind,,Include timer features that work well for ADHD and usage strategies,$,,,,,,timer
No,Timer Cube Game,Physical Timer Challenge,When you need urgency and gamification to start tasks,"### ⏳ Beat the Clock Challenge

Use a timer cube to create a fun and engaging way to tackle tasks.  The physical cube provides a visual countdown,  For example, challenge yourself to see how many documents you can file before the timer goes off!","## ⏰ Morning Routine Chaos

**The Challenge:** Every morning feels like rushing through a tornado. You're always late and forget important things.

**The Timer Cube Game Solution:**
1. Set up everything the night before
2. Use a simple checklist by the door
3. Build in 10 extra minutes as buffer time
4. Celebrate when you leave on time

**Why This Works:** Small steps prevent overwhelm → builds momentum → creates sustainable progress!

---

## ⏰ Work Deadline Stress

**The Challenge:** Project deadlines sneak up on you, causing last-minute panic and all-nighters.

**The Timer Cube Game Solution:**
1. Break the project into 15-minute chunks
2. Schedule specific times for each chunk
3. Set daily check-in reminders
4. Reward yourself for staying on track

**Why This Works:** Small steps prevent overwhelm → builds momentum → creates sustainable progress!

## 💡 ADHD Pro Tips

**For Low Energy Days:** Cut the steps in half - even 1 step is progress!

**For Hyperfocus Days:** Set a timer so you don't burn out.

**For Rejection Sensitive Days:** Remember - this is about helping yourself, not being perfect.

",Drained,Stuck,"Cleaning Up, Overcoming Procrastination, Task Initiation","Can't Start, Poor Time Estimation","Task Initiation, Time Blindness","Frees Up Working Memory, Gamifies Action",,"Low Energy, Wired but Tired",,"Challenge, Gamification, Time-Limited Challenge","Gamified, Time-Limited Challenge",Cleaning,,,"Avoidant, Frozen",,Include timer cube recommendations and task suggestions for different time intervals,$,Reddit /r/ADHDWomen,,,,,timer
No,Tomorrow's Victory Setup,Evening Care Package Ritual,When mornings feel chaotic and rushed,"# 🌙 Tomorrow's Victory Setup Strategy

**When mornings feel chaotic and rushed**

- Try transform your evening prep into a gift-giving ritual
- Try spend 10 minutes creating care packages for tomorrow-you by laying out clothes and packing your bag with everything needed, including a small treat
- Use this when this strategy helps combat time blindness and task initiation challenges by externalizing your tasks and gamifying the process, making mornings feel less chaotic
- Try plus, leave encouraging sticky notes on items to boost motivation and take a photo of your setup to inspire you in the morning
","## ✨ Daily Life Challenge

**The Challenge:** You're struggling with situations where When mornings feel chaotic and rushed.

**The Tomorrow's Victory Setup Solution:**
1. Start with the smallest possible step
2. Set a timer for 15 minutes maximum
3. Focus on progress, not perfection
4. Celebrate any forward movement

**Why This Works:** Small steps prevent overwhelm → builds momentum → creates sustainable progress!

## 💡 ADHD Pro Tips

**For Low Energy Days:** Cut the steps in half - even 1 step is progress!

**For Hyperfocus Days:** Set a timer so you don't burn out.

**For Rejection Sensitive Days:** Remember - this is about helping yourself, not being perfect.

",Stuck,Overwhelmed,"Managing my schedule, Planning my time, Task Initiation Support","Anxious, Can't Finish, Can't Start","Executive Dysfunction, Task Initiation, Time Blindness","Externalizes Tasks, Gamifies Action",,"Low Energy, Overwhelmed, Wired but Tired",,"Challenge, Gamification, Mindset Shift","Gamified, Incremental Motivation, Sensory","Planning, Time Planning",,,"Disorganized, Overthinking",,Creates gift-giving ritual with encouraging notes and photos,Free,Reddit /r/ADHDWomen,,,,,rotate-cw
No,Towel Warmer Treat,Sensory Comfort Reward,When sensory transitions make self-care difficult,"# ☁️ Towel Warmer Treat Strategy

**When sensory transitions make self-care difficult**

- Try warm up your towel in the dryer for a few minutes before your shower
- Use this when this simple act can transform your experience, helping to combat time blindness and making the transition from warm water to cold air much more pleasant
- Start small and build momentum
- Focus on progress, not perfection
","## ✨ Daily Life Challenge

**The Challenge:** You're struggling with situations where When sensory transitions make self-care difficult.

**The Towel Warmer Treat Solution:**
1. Start with the smallest possible step
2. Set a timer for 15 minutes maximum
3. Focus on progress, not perfection
4. Celebrate any forward movement

**Why This Works:** Small steps prevent overwhelm → builds momentum → creates sustainable progress!

## 💡 ADHD Pro Tips

**For Low Energy Days:** Cut the steps in half - even 1 step is progress!

**For Hyperfocus Days:** Set a timer so you don't burn out.

**For Rejection Sensitive Days:** Remember - this is about helping yourself, not being perfect.

",Anxious,Ashamed,"Calming Down, Overcoming Procrastination, Starting Something Hard","Avoidant, Sensory Overload","Emotional Dysregulation, Time Blindness, Working Memory Engagement","Gamifies Action, Provides Instant Rewards, Sensory Engagement",,"Crash Recovery, Low Energy, Overwhelmed",,"Checklist, Gamification, Immediate Cleanup Solution","Gamified, Sensory","Planning, Time Planning",,,"Avoidant, Frozen",,Include alternatives like heated towel racks and timing suggestions,$,Reddit /r/ADHDWomen,,,,,hourglass
No,Transition Rituals,Mental Switching Support,When switching between activities feels jarring,"# 🤝 Transition Rituals Strategy

**When switching between activities feels jarring**

- Create small rituals to help your brain shift gears between activities, like making tea before work or playing a specific song when you finish your day
- Set aside time to these rituals are effective for managing time blindness and task initiation, as they signal to your brain that it's time to move from one mode to another
- Try by establishing a clear routine, you reduce the inertia that can make transitions feel jarring, ultimately improving your focus and memory
","## ✨ Daily Life Challenge

**The Challenge:** You're struggling with situations where When switching between activities feels jarring.

**The Transition Rituals Solution:**
1. Start with the smallest possible step
2. Set a timer for 15 minutes maximum
3. Focus on progress, not perfection
4. Celebrate any forward movement

**Why This Works:** Small steps prevent overwhelm → builds momentum → creates sustainable progress!

## 💡 ADHD Pro Tips

**For Low Energy Days:** Cut the steps in half - even 1 step is progress!

**For Hyperfocus Days:** Set a timer so you don't burn out.

**For Rejection Sensitive Days:** Remember - this is about helping yourself, not being perfect.

",Forgetful,,"Focus Enhancement, Maintaining Focus, Task Initiation Support","Can't Focus, Poor Time Estimation, Task Initiation","Inertia, Task Initiation, Time Blindness","Breaks Down Complexity, Frees Up Working Memory, Starts Small",,Shutdown,,"Checklist, Routine","Interactive, Mindful Awareness","Focus Enhancement, Task Initiation, Work",,,Time Blind,,Include transition ritual ideas for different activity switches,Free,,,,,,check-circle
No,Transportation Apps,Travel Efficiency Tools,When travel timing creates anxiety and planning challenges,"# 📱 Calm Down: Transportation Apps

**When travel timing creates anxiety and planning challenges**

- Use transportation apps to get real-time updates and accurate route planning for your travels
- Set aside time to this strategy directly addresses time blindness by providing you with reliable travel estimates, which can significantly reduce anxiety around being late
- Set aside time to by knowing your exact travel times, you enhance your working memory and can plan your schedule more effectively, leading to less stress and better time management
","## 🌊 Pre-Meeting Panic

**The Challenge:** You have a big presentation in 30 minutes and your heart is racing.

**The Transportation Apps Solution:**
1. Take 5 deep breaths, counting to 4 on each
2. List 3 things you know you do well
3. Splash cool water on your wrists
4. Remind yourself: ""I can handle whatever happens""

**Why This Works:** Small steps prevent overwhelm → builds momentum → creates sustainable progress!

---

## 🌊 Social Event Overwhelm

**The Challenge:** You're at a party and feeling overstimulated - too many voices, lights, and expectations.

**The Transportation Apps Solution:**
1. Step outside or find a quiet corner
2. Focus on 3 things you can see clearly
3. Take slow breaths through your nose
4. Give yourself permission to leave early if needed

**Why This Works:** Small steps prevent overwhelm → builds momentum → creates sustainable progress!

## 💡 ADHD Pro Tips

**For Low Energy Days:** Cut the steps in half - even 1 step is progress!

**For Hyperfocus Days:** Set a timer so you don't burn out.

**For Rejection Sensitive Days:** Remember - this is about helping yourself, not being perfect.

",Anxious,Stressed,"Managing my schedule, Planning my time","Anxiety Management, Can't Start, Poor Time Estimation","Emotional Dysregulation, Time Blindness, Working Memory Engagement","Frees Up Working Memory, Gamifies Action, Minimizes Friction",,,,Gamification,Gamified,"Planning, Time Planning",,,"Overthinking, Time Blind",,Include route planning strategies and backup option preparation,Free,,,,,,feather
No,Treasure Hunt Cleaning,Gamified Organization Quest,When cleaning feels overwhelming and you don't know where to start,"# 🧹 Calm Down: Treasure Hunt Cleaning

**When cleaning feels overwhelming and you don't know where to start**

- Try turn cleaning into a game by creating a treasure hunt list of specific items to find
- Set a timer for 15 minutes to tackle just a few items, making the process feel achievable and even fun, rather than a daunting chore
- Start small and build momentum
- Focus on progress, not perfection
","## 🧹 Kitchen Disaster Zone

**The Challenge:** Your kitchen looks like a food tornado hit it. Dirty dishes everywhere, counters covered in clutter.

**The Treasure Hunt Cleaning Solution:**
1. Start with just the sink area (5 minutes)
2. Load dishwasher or wash one sink of dishes
3. Clear one counter completely
4. Wipe down that clean counter to see the victory

**Why This Works:** Small steps prevent overwhelm → builds momentum → creates sustainable progress!

---

## 🧹 Bedroom Clothes Mountain

**The Challenge:** Clean and dirty clothes live together in mysterious piles around your room.

**The Treasure Hunt Cleaning Solution:**
1. Make three piles: clean, dirty, donate
2. Put away just the clean clothes first
3. Toss dirty clothes in hamper
4. Set a timer for 15 minutes max

**Why This Works:** Small steps prevent overwhelm → builds momentum → creates sustainable progress!

## 💡 ADHD Pro Tips

**For Low Energy Days:** Cut the steps in half - even 1 step is progress!

**For Hyperfocus Days:** Set a timer so you don't burn out.

**For Rejection Sensitive Days:** Remember - this is about helping yourself, not being perfect.

",Drained,Stuck,"Cleaning Up, Overcoming Procrastination, Resetting My Space","Can't Start, Disorganized",Task Initiation,"Breaks Down Complexity, Externalizes Tasks, Gamifies Action",,"Burnout, Low Energy, Shutdown",,"Checklist, Gamified",Gamified,"Cleaning, Focus Enhancement, Task Initiation",,,"Avoidant, Frozen",,Include scavenger hunt lists for different rooms and mess types,Free,The Anti-Planner by Dani Donovan,,,,,broom
No,Treat Yo Self - After doing something you really don't want to,Task Reward System,When you need motivation to do dreaded tasks,"# ⚙️ Get Organized: Treat Yo Self - After doing something you really don't want to

**When you need motivation to do dreaded tasks**

- Plan a meaningful treat right after completing a task you dread, like making a phone call or tackling emails
- Use this when this strategy leverages task initiation by providing an immediate reward, helping to boost motivation and combat feelings of being stuck
- Set aside time to consider what makes you feel good—whether it's a fancy latte or game time—to make the reward enticing and keep your working memory focused on the task at hand
","## ⚡ Afternoon Energy Crash

**The Challenge:** By 2 PM, you feel like a phone with 5% battery. Everything seems impossible.

**The Treat Yo Self - After doing something you really don't want to Solution:**
1. Step outside for 5 minutes of sunlight
2. Do 10 jumping jacks or stretch
3. Drink a full glass of water
4. Listen to one energizing song

**Why This Works:** Small steps prevent overwhelm → builds momentum → creates sustainable progress!

---

## ⚡ Monday Morning Motivation Deficit

**The Challenge:** Monday mornings feel like climbing Mount Everest in flip-flops.

**The Treat Yo Self - After doing something you really don't want to Solution:**
1. Prep something you enjoy for Monday morning
2. Set one tiny, achievable goal for the day
3. Reward yourself for just showing up
4. Connect with a friend or colleague early on

**Why This Works:** Small steps prevent overwhelm → builds momentum → creates sustainable progress!

## 💡 ADHD Pro Tips

**For Low Energy Days:** Cut the steps in half - even 1 step is progress!

**For Hyperfocus Days:** Set a timer so you don't burn out.

**For Rejection Sensitive Days:** Remember - this is about helping yourself, not being perfect.

",Drained,Stuck,"Overcoming Procrastination, Starting Something Hard, Staying focused","Avoidant, Can't Start","Emotional Dysregulation, Inertia, Task Initiation","Gamifies Action, Provides External Structure, Provides Instant Rewards",,"Burnout, Low Energy, Wired but Tired",,Gamification,"Action-Oriented, Gamified, Incremental Motivation","Emails, Focus Enhancement, Task Initiation Support",,,Avoidant,,Include reward ideas for different budgets and time constraints,$,The Anti-Planner by Dani Donovan,,,,,shield
No,Velcroed Supply Stations,Stick-On Organization,When you need visual reminders for important items,"# ✨ Velcroed Supply Stations Strategy

**When you need visual reminders for important items**

- Use Velcro to attach small shelves or containers in key places to keep essential items visible and accessible
- Use this when this strategy helps improve working memory by breaking down complexity— for instance, sticking a clear bin by the door can mitigate forgetfulness, ensuring you always have your essentials within reach
- Start small and build momentum
- Focus on progress, not perfection
","## ✨ Daily Life Challenge

**The Challenge:** You're struggling with situations where When you need visual reminders for important items.

**The Velcroed Supply Stations Solution:**
1. Start with the smallest possible step
2. Set a timer for 15 minutes maximum
3. Focus on progress, not perfection
4. Celebrate any forward movement

**Why This Works:** Small steps prevent overwhelm → builds momentum → creates sustainable progress!

## 💡 ADHD Pro Tips

**For Low Energy Days:** Cut the steps in half - even 1 step is progress!

**For Hyperfocus Days:** Set a timer so you don't burn out.

**For Rejection Sensitive Days:** Remember - this is about helping yourself, not being perfect.

",Forgetful,Ashamed,"Managing my schedule, Planning my time, Task Initiation Support","Forgetful, Poor Time Estimation, Task Initiation",Working Memory Failures,"Breaks Down Complexity, Frees Up Working Memory, Starts Small",,"Burnout, Crash Recovery, Wired but Tired",,"Checklist, Routine",Visual,"Cleaning, Planning",,,"Avoidant, Overthinking",,Include Velcro strength guides and container recommendations for different items,$,Reddit /r/ADHDWomen,,,,,leaf
No,Vent Space,Safe Emotional Release,When emotions need a safe outlet,"# 🏠 Vent Space Strategy

**When emotions need a safe outlet**

- Create a dedicated space to vent your feelings, such as a private journal or voice memo app
- Start small and build momentum
- Focus on progress, not perfection
","## ✨ Daily Life Challenge

**The Challenge:** You're struggling with situations where When emotions need a safe outlet.

**The Vent Space Solution:**
1. Start with the smallest possible step
2. Set a timer for 15 minutes maximum
3. Focus on progress, not perfection
4. Celebrate any forward movement

**Why This Works:** Small steps prevent overwhelm → builds momentum → creates sustainable progress!

## 💡 ADHD Pro Tips

**For Low Energy Days:** Cut the steps in half - even 1 step is progress!

**For Hyperfocus Days:** Set a timer so you don't burn out.

**For Rejection Sensitive Days:** Remember - this is about helping yourself, not being perfect.

",Overwhelmed,Frustrated,"Being Kinder to Myself, Calming Down","Anxiety Management, Poor Time Estimation","Emotional Dysregulation, Task Structuring, Working Memory Engagement","Emotional Regulation, Externalizes Tasks, Frees Up Working Memory",,"Burnout, Crash Recovery, Low Energy",,Gamification,Gamified,"Emotional Regulation, Focus Enhancement, Self-Compassion",,,"Discouraged, Overthinking",,Include different venting methods and emotional processing techniques,Free,The Anti-Planner by Dani Donovan,,,,,file-text
No,Verbal Processor,Think-Out-Loud Strategy,When you're stuck and need to think through problems,"### ⚡ Talk It Out

Use verbalizing as a tool to clarify your thoughts when feeling stuck or overwhelmed. By explaining the problem out loud—whether to yourself, a pet, or a friend—you engage your working memory and can often uncover solutions just by hearing your own reasoning. This strategy is particularly helpful for task initiation,","## ✨ Daily Life Challenge

**The Challenge:** You're struggling with situations where When you're stuck and need to think through problems.

**The Verbal Processor Solution:**
1. Start with the smallest possible step
2. Set a timer for 15 minutes maximum
3. Focus on progress, not perfection
4. Celebrate any forward movement

**Why This Works:** Small steps prevent overwhelm → builds momentum → creates sustainable progress!

## 💡 ADHD Pro Tips

**For Low Energy Days:** Cut the steps in half - even 1 step is progress!

**For Hyperfocus Days:** Set a timer so you don't burn out.

**For Rejection Sensitive Days:** Remember - this is about helping yourself, not being perfect.

",Stuck,Overwhelmed,"Staying focused, Task Initiation",Can't Start,"Emotional Dysregulation, Task Initiation, Working Memory Engagement","Breaks Down Complexity, Frees Up Working Memory, Starts Small",,"Low Energy, Overwhelmed",,Gamification,"Gamified, Sensory","Emotional Regulation, Task Initiation Support",Working Professional,,"Frozen, Overthinking",,Include conversation starters and self-talk frameworks,Free,The Anti-Planner by Dani Donovan,,,,,bolt
No,Victory List Tracker,Accomplishment Celebration System,When you feel unproductive despite being busy,"# 📝 Get Organized: Victory List Tracker

**When you feel unproductive despite being busy**

- Try keep a ""done list"" alongside your to-do list to track everything you complete, no matter how small
- Use this when this strategy helps combat time blindness and feelings of unproductivity by visually showcasing your accomplishments
- Try when you see tasks like ""responded to 5 emails"" or ""paid electric bill,"" it boosts your motivation and reinforces positive behaviors,
","## ✨ Daily Life Challenge

**The Challenge:** You're struggling with situations where When you feel unproductive despite being busy.

**The Victory List Tracker Solution:**
1. Start with the smallest possible step
2. Set a timer for 15 minutes maximum
3. Focus on progress, not perfection
4. Celebrate any forward movement

**Why This Works:** Small steps prevent overwhelm → builds momentum → creates sustainable progress!

## 💡 ADHD Pro Tips

**For Low Energy Days:** Cut the steps in half - even 1 step is progress!

**For Hyperfocus Days:** Set a timer so you don't burn out.

**For Rejection Sensitive Days:** Remember - this is about helping yourself, not being perfect.

",Ashamed,Guilty,"Being Kinder to Myself, Finding motivation, Overcoming Procrastination",Anxiety Management,"Emotional Dysregulation, Inertia, Time Blindness","Breaks Down Complexity, Dopamine Activation, Gamifies Action",,"Crash Recovery, Low Energy, Restless",Women,"Accountability, Checklist, Gamification","Action-Oriented, Incremental Motivation, Visual","Emotional Regulation, Self-Compassion",Parent,,"Avoidant, Disorganized, Frozen",,Include done list formats and accomplishment celebration ideas,Free,The Anti-Planner by Dani Donovan,,,,,list
No,Victory Stakes Challenge,Motivational Betting System,When you need external motivation to follow through,"# ⚙️ Get Organized: Victory Stakes Challenge

**When you need external motivation to follow through**

- Create small bets with yourself or others to enhance task completion
- Use this when this strategy helps combat low motivation and task initiation challenges by gamifying your actions and providing external pressure
- Try for instance, you can add $5 to your vacation fund for every study session completed, or face a fun consequence if you don’t
- Try this approach not only breaks down tasks into manageable parts but also activates dopamine,
","## ⚡ Afternoon Energy Crash

**The Challenge:** By 2 PM, you feel like a phone with 5% battery. Everything seems impossible.

**The Victory Stakes Challenge Solution:**
1. Step outside for 5 minutes of sunlight
2. Do 10 jumping jacks or stretch
3. Drink a full glass of water
4. Listen to one energizing song

**Why This Works:** Small steps prevent overwhelm → builds momentum → creates sustainable progress!

---

## ⚡ Monday Morning Motivation Deficit

**The Challenge:** Monday mornings feel like climbing Mount Everest in flip-flops.

**The Victory Stakes Challenge Solution:**
1. Prep something you enjoy for Monday morning
2. Set one tiny, achievable goal for the day
3. Reward yourself for just showing up
4. Connect with a friend or colleague early on

**Why This Works:** Small steps prevent overwhelm → builds momentum → creates sustainable progress!

## 💡 ADHD Pro Tips

**For Low Energy Days:** Cut the steps in half - even 1 step is progress!

**For Hyperfocus Days:** Set a timer so you don't burn out.

**For Rejection Sensitive Days:** Remember - this is about helping yourself, not being perfect.

",Drained,Stuck,"Staying focused, Task Initiation","Avoidant, Can't Finish, Can't Start","Emotional Dysregulation, Inertia, Task Initiation","Activates Dopamine, Breaks Down Complexity, Gamifies Action",,"Low Energy, Wired but Tired",,Gamification,"Gamified, Interactive",Time Planning,Student,,"Avoidant, Frozen",,Add guidelines for appropriate bet amounts and consequences,$,The Anti-Planner by Dani Donovan,,,,,trophy
No,Visual Schedules,Time Structure Support,When text-based schedules aren't engaging enough,"# ⏰ Time Helper: Visual Schedules

**When text-based schedules aren't engaging enough**

- Create engaging visual schedules using pictures or icons to outline your daily routine
- Use this when this strategy helps combat time blindness by providing clear, visual representations of tasks,  by transforming a mundane text checklist into an appealing visual format, you enhance your task initiation and reduce forgetfulness, allowing for a more structured day
- Start small and build momentum
- Focus on progress, not perfection
","## ⏰ Morning Routine Chaos

**The Challenge:** Every morning feels like rushing through a tornado. You're always late and forget important things.

**The Visual Schedules Solution:**
1. Set up everything the night before
2. Use a simple checklist by the door
3. Build in 10 extra minutes as buffer time
4. Celebrate when you leave on time

**Why This Works:** Small steps prevent overwhelm → builds momentum → creates sustainable progress!

---

## ⏰ Work Deadline Stress

**The Challenge:** Project deadlines sneak up on you, causing last-minute panic and all-nighters.

**The Visual Schedules Solution:**
1. Break the project into 15-minute chunks
2. Schedule specific times for each chunk
3. Set daily check-in reminders
4. Reward yourself for staying on track

**Why This Works:** Small steps prevent overwhelm → builds momentum → creates sustainable progress!

## 💡 ADHD Pro Tips

**For Low Energy Days:** Cut the steps in half - even 1 step is progress!

**For Hyperfocus Days:** Set a timer so you don't burn out.

**For Rejection Sensitive Days:** Remember - this is about helping yourself, not being perfect.

",Forgetful,Stuck,"Managing my schedule, Planning my time, Task Initiation Support","Disorganized, Task Initiation","Task Initiation, Time Blindness, Working Memory Failures","Externalizes Tasks, Frees Up Working Memory, Gamifies Action",,Crash Recovery,,Routine,Visual,"Planning, Task Initiation Support",,,"Avoidant, Disorganized, Frozen",,Include visual schedule creation and customization ideas,Free,,,,,,droplet
No,Visual Task Board,Kanban Task Flow,When you need visual progress tracking,"# 🌊 Visual Task Board Strategy

**When you need visual progress tracking**

- Set up three columns (To-Do, Doing, Done) to organize your tasks visually
- Use this when this method activates dopamine and helps combat working memory issues by  as you physically move tasks across the board, you gain tangible evidence of progress,
- Start small and build momentum
- Focus on progress, not perfection
","## ✨ Daily Life Challenge

**The Challenge:** You're struggling with situations where When you need visual progress tracking.

**The Visual Task Board Solution:**
1. Start with the smallest possible step
2. Set a timer for 15 minutes maximum
3. Focus on progress, not perfection
4. Celebrate any forward movement

**Why This Works:** Small steps prevent overwhelm → builds momentum → creates sustainable progress!

## 💡 ADHD Pro Tips

**For Low Energy Days:** Cut the steps in half - even 1 step is progress!

**For Hyperfocus Days:** Set a timer so you don't burn out.

**For Rejection Sensitive Days:** Remember - this is about helping yourself, not being perfect.

",Frustrated,Defeated,"Focus Enhancement, Focused Task Execution, Task Initiation Support","Can't Finish, Task Initiation","Executive Dysfunction, Task Initiation, Working Memory Engagement","Externalizes Tasks, Frees Up Working Memory, Gamifies Action",,"Low Energy, Wired but Tired",,Environmental Hack,"Interactive, Visual","Focus Enhancement, Task Initiation Support, Work",,Recently Moved,"Disorganized, Overthinking",,Include digital tool recommendations and board setup guides,Free,The Anti-Planner by Dani Donovan,,,,,music
No,Visual Timers,Time Awareness Tools,When time blindness makes it hard to track time,"### ⏳ Visual Countdown Timers

Use visual countdown timers to help combat time blindness by showing time passing in a tangible way. These tools, like shrinking pie charts or decreasing colored bars, can significantly enhance your awareness of time and support task initiation. By visually representing time, you free up working memory,","## ⏰ Morning Routine Chaos

**The Challenge:** Every morning feels like rushing through a tornado. You're always late and forget important things.

**The Visual Timers Solution:**
1. Set up everything the night before
2. Use a simple checklist by the door
3. Build in 10 extra minutes as buffer time
4. Celebrate when you leave on time

**Why This Works:** Small steps prevent overwhelm → builds momentum → creates sustainable progress!

---

## ⏰ Work Deadline Stress

**The Challenge:** Project deadlines sneak up on you, causing last-minute panic and all-nighters.

**The Visual Timers Solution:**
1. Break the project into 15-minute chunks
2. Schedule specific times for each chunk
3. Set daily check-in reminders
4. Reward yourself for staying on track

**Why This Works:** Small steps prevent overwhelm → builds momentum → creates sustainable progress!

## 💡 ADHD Pro Tips

**For Low Energy Days:** Cut the steps in half - even 1 step is progress!

**For Hyperfocus Days:** Set a timer so you don't burn out.

**For Rejection Sensitive Days:** Remember - this is about helping yourself, not being perfect.

",Forgetful,,"Starting Something Hard, Staying focused","Can't Focus, Poor Time Estimation, Task Initiation","Task Initiation, Time Blindness, Working Memory Engagement","Freeing Up Working Memory, Gamifies Action",,,,Gamification,"Gamified, Visual","Focus Enhancement, Task Initiation Support",,,"Avoidant, Frozen, Time Blind",,Include visual timer recommendations and placement strategies,$$,,,,,,timer
No,Vitamin D Supplements,Mood Support Supplement,When mood and energy may be affected by vitamin D deficiency,"# 🤝 Energy Hack: Vitamin D Supplements

**When mood and energy may be affected by vitamin D deficiency**

- Try consider taking vitamin d supplements if you struggle with low energy or mood swings, especially during periods of limited sunlight
- Set aside time to vitamin d can enhance your mood and motivation, addressing challenges like time blindness and task initiation
- Try be sure to consult your healthcare provider for testing recommendations and dosage guidance to ensure effective support
","## ⚡ Afternoon Energy Crash

**The Challenge:** By 2 PM, you feel like a phone with 5% battery. Everything seems impossible.

**The Vitamin D Supplements Solution:**
1. Step outside for 5 minutes of sunlight
2. Do 10 jumping jacks or stretch
3. Drink a full glass of water
4. Listen to one energizing song

**Why This Works:** Small steps prevent overwhelm → builds momentum → creates sustainable progress!

---

## ⚡ Monday Morning Motivation Deficit

**The Challenge:** Monday mornings feel like climbing Mount Everest in flip-flops.

**The Vitamin D Supplements Solution:**
1. Prep something you enjoy for Monday morning
2. Set one tiny, achievable goal for the day
3. Reward yourself for just showing up
4. Connect with a friend or colleague early on

**Why This Works:** Small steps prevent overwhelm → builds momentum → creates sustainable progress!

## 💡 ADHD Pro Tips

**For Low Energy Days:** Cut the steps in half - even 1 step is progress!

**For Hyperfocus Days:** Set a timer so you don't burn out.

**For Rejection Sensitive Days:** Remember - this is about helping yourself, not being perfect.

",Drained,Stuck,"Focus Enhancement, Managing Emotional Dysregulation, Task Initiation Support","Poor Time Estimation, Task Initiation","Emotional Dysregulation, Task Initiation, Time Blindness","Dopamine Activation, Gamifies Action",,Low Energy,,Gamification,"Gamified, Interactive","Planning, Time Planning",,,"Discouraged, Frozen",,Include testing recommendations and dosage guidance from healthcare providers,$,,,,,,layout
No,Voice Memos,Audio Capture System,When thoughts come faster than you can write,"# ⚙️ Get Organized: Voice Memos

**When thoughts come faster than you can write**

- Use voice memos to record thoughts and ideas when you're overwhelmed by writing
- Try you can transcribe the memos later or listen back to capture key points, which is especially useful when task initiation feels daunting
- Start small and build momentum
- Focus on progress, not perfection
","## ✨ Daily Life Challenge

**The Challenge:** You're struggling with situations where When thoughts come faster than you can write.

**The Voice Memos Solution:**
1. Start with the smallest possible step
2. Set a timer for 15 minutes maximum
3. Focus on progress, not perfection
4. Celebrate any forward movement

**Why This Works:** Small steps prevent overwhelm → builds momentum → creates sustainable progress!

## 💡 ADHD Pro Tips

**For Low Energy Days:** Cut the steps in half - even 1 step is progress!

**For Hyperfocus Days:** Set a timer so you don't burn out.

**For Rejection Sensitive Days:** Remember - this is about helping yourself, not being perfect.

",Forgetful,Ashamed,"Starting Something Hard, Staying focused","Avoidant, Can't Start, Poor Time Estimation","Emotional Dysregulation, Task Initiation, Working Memory Failures","Externalizes Tasks, Frees Up Working Memory",,"Burnout, Crash Recovery, Low Energy",,Checklist,,"Focus Enhancement, Task Initiation, Work",,,"Avoidant, Overthinking",,Include voice memo organization and transcription strategies,Free,,,,,,bolt
No,Voice-to-Victory Workflow,Complete Voice-to-Text System,When writing tasks feel slow or overwhelming,"# ⚙️ Get Organized: Voice-to-Victory Workflow

**When writing tasks feel slow or overwhelming**

- Set aside time to record your thoughts with a timer to capture ideas quickly and gamify your editing process with rewards
- Use this when this strategy helps combat task initiation issues by breaking down overwhelming tasks into manageable segments,  celebrate the process of capturing and refining your ideas, ensuring you remain engaged and motivated throughout
- Start small and build momentum
- Focus on progress, not perfection
","## 🌊 Pre-Meeting Panic

**The Challenge:** You have a big presentation in 30 minutes and your heart is racing.

**The Voice-to-Victory Workflow Solution:**
1. Take 5 deep breaths, counting to 4 on each
2. List 3 things you know you do well
3. Splash cool water on your wrists
4. Remind yourself: ""I can handle whatever happens""

**Why This Works:** Small steps prevent overwhelm → builds momentum → creates sustainable progress!

---

## 🌊 Social Event Overwhelm

**The Challenge:** You're at a party and feeling overstimulated - too many voices, lights, and expectations.

**The Voice-to-Victory Workflow Solution:**
1. Step outside or find a quiet corner
2. Focus on 3 things you can see clearly
3. Take slow breaths through your nose
4. Give yourself permission to leave early if needed

**Why This Works:** Small steps prevent overwhelm → builds momentum → creates sustainable progress!

## 💡 ADHD Pro Tips

**For Low Energy Days:** Cut the steps in half - even 1 step is progress!

**For Hyperfocus Days:** Set a timer so you don't burn out.

**For Rejection Sensitive Days:** Remember - this is about helping yourself, not being perfect.

",Stuck,Overwhelmed,"Staying focused, Task Initiation","Avoidant, Can't Start, Task Initiation","Emotional Dysregulation, Executive Dysfunction, Task Initiation","Dopamine Activation, Executive Function Support, Gamifies Action",,"Crash Recovery, Low Energy, Wired but Tired",,Gamification,"Gamified, Incremental Motivation, Interactive","Focus Enhancement, Task Initiation, Work",,,"Avoidant, Frozen",,Adds complete workflow with dopamine hits at each stage,$,,,,,,briefcase
No,Walking Meetings,Movement Integration,When sitting still makes it hard to focus,"# 🚶 Focus Boost: Walking Meetings

**When sitting still makes it hard to focus**

- Take your phone calls or meetings on the go
- Use this when this strategy can help combat time blindness and improve focus by integrating movement into your routine
- Try as you walk, your body activates dopamine, which enhances engagement and clarity,  just remember to choose safe routes and stay mindful of your surroundings for a productive walking meeting
","## 🎯 Zoom Meeting Brain Fog

**The Challenge:** You're in an important video call but your mind keeps wandering to random thoughts.

**The Walking Meetings Solution:**
1. Take notes by hand (engages your brain)
2. Repeat key points in your head
3. Use fidget tools off-camera
4. Sit in a spot with minimal distractions

**Why This Works:** Small steps prevent overwhelm → builds momentum → creates sustainable progress!

---

## 🎯 Study Session Struggles

**The Challenge:** You sit down to study but end up reading the same paragraph 5 times without absorbing it.

**The Walking Meetings Solution:**
1. Read for just 10 minutes at a time
2. Summarize each section out loud
3. Use a fidget or stress ball while reading
4. Take movement breaks between sections

**Why This Works:** Small steps prevent overwhelm → builds momentum → creates sustainable progress!

## 💡 ADHD Pro Tips

**For Low Energy Days:** Cut the steps in half - even 1 step is progress!

**For Hyperfocus Days:** Set a timer so you don't burn out.

**For Rejection Sensitive Days:** Remember - this is about helping yourself, not being perfect.

",Scattered,Overwhelmed,"Starting Something Hard, Staying focused","Can't Focus, Disorganized, Poor Time Estimation","Emotional Dysregulation, Time Blindness, Working Memory Failures","Dopamine Activation, Frees Up Working Memory",Suburban,"Overwhelmed, Wired but Tired",,"Checklist, Routine","Embodied, Interactive, Sensory Engagement",Work,,,"Avoidant, Disorganized",,Include walking meeting guidelines and safety considerations,Free,,,,,,footprints
No,Weather Apps,Planning Support Tools,When weather affects your ADHD symptoms and planning,"### ☀️ Weather-Based Planning

Check the weather daily to align your tasks with how you feel.  This strategy helps combat time blindness and enhances your task initiation by creating a clear plan based on your energy levels,","## ✨ Daily Life Challenge

**The Challenge:** You're struggling with situations where When weather affects your ADHD symptoms and planning.

**The Weather Apps Solution:**
1. Start with the smallest possible step
2. Set a timer for 15 minutes maximum
3. Focus on progress, not perfection
4. Celebrate any forward movement

**Why This Works:** Small steps prevent overwhelm → builds momentum → creates sustainable progress!

## 💡 ADHD Pro Tips

**For Low Energy Days:** Cut the steps in half - even 1 step is progress!

**For Hyperfocus Days:** Set a timer so you don't burn out.

**For Rejection Sensitive Days:** Remember - this is about helping yourself, not being perfect.

",Frustrated,Defeated,"Managing my schedule, Planning my time, Task Initiation Support","Can't Finish, Task Initiation","Emotional Dysregulation, Executive Dysfunction, Time Blindness","Executive Function Support, Gamifies Action",,"Low Energy, Overwhelmed, Wired but Tired",,Checklist,"Gamified, Interactive","Planning, Time Planning",,,"Overthinking, Time Blind",,Include weather pattern awareness and energy planning strategies,Free,,,,,,umbrella
No,Weekly Review,Planning Reflection,When you want to improve your systems and strategies,"# 📅 Get Organized: Weekly Review

**When you want to improve your systems and strategies**

- Use this when spend 15-30 minutes each week to review what worked and what didn’t, helping you adjust strategies for the upcoming week
- Set aside time to this practice enhances task initiation by gamifying the review process,  for effective implementation, choose a consistent time, like sunday evenings, to reflect on your productivity patterns and plan accordingly
- Start small and build momentum
- Focus on progress, not perfection
","## ✨ Daily Life Challenge

**The Challenge:** You're struggling with situations where When you want to improve your systems and strategies.

**The Weekly Review Solution:**
1. Start with the smallest possible step
2. Set a timer for 15 minutes maximum
3. Focus on progress, not perfection
4. Celebrate any forward movement

**Why This Works:** Small steps prevent overwhelm → builds momentum → creates sustainable progress!

## 💡 ADHD Pro Tips

**For Low Energy Days:** Cut the steps in half - even 1 step is progress!

**For Hyperfocus Days:** Set a timer so you don't burn out.

**For Rejection Sensitive Days:** Remember - this is about helping yourself, not being perfect.

",Frustrated,Defeated,"Managing Emotional Dysregulation, Planning my time, Task Initiation Support","Can't Finish, Task Initiation","Executive Dysfunction, Task Initiation, Time Blindness",Gamifies Action,,"Low Energy, Restless, Wired but Tired",,Gamification,"Gamified, Interactive","Planning, Time Planning",,,"Disorganized, Frozen",,Include weekly review templates and reflection questions,Free,,,,,,mail
No,Weighted Blanket & White Noise,Sleep Optimization Combo,When sleep is disrupted by anxiety or overstimulation,"# 😴 Calm Down: Weighted Blanket & White Noise

**When sleep is disrupted by anxiety or overstimulation**

- Use a weighted blanket and play white noise to tackle insomnia and restlessness
- Use this when the blanket's gentle pressure helps reduce anxiety and fidgetiness, while the steady noise masks distracting sounds,  this strategy aids in managing time blindness, ensuring you can transition into a restful state without getting overwhelmed
- Try incorporate weight guidelines and recommend sound types for optimal results
","## 🌊 Pre-Meeting Panic

**The Challenge:** You have a big presentation in 30 minutes and your heart is racing.

**The Weighted Blanket & White Noise Solution:**
1. Take 5 deep breaths, counting to 4 on each
2. List 3 things you know you do well
3. Splash cool water on your wrists
4. Remind yourself: ""I can handle whatever happens""

**Why This Works:** Small steps prevent overwhelm → builds momentum → creates sustainable progress!

---

## 🌊 Social Event Overwhelm

**The Challenge:** You're at a party and feeling overstimulated - too many voices, lights, and expectations.

**The Weighted Blanket & White Noise Solution:**
1. Step outside or find a quiet corner
2. Focus on 3 things you can see clearly
3. Take slow breaths through your nose
4. Give yourself permission to leave early if needed

**Why This Works:** Small steps prevent overwhelm → builds momentum → creates sustainable progress!

## 💡 ADHD Pro Tips

**For Low Energy Days:** Cut the steps in half - even 1 step is progress!

**For Hyperfocus Days:** Set a timer so you don't burn out.

**For Rejection Sensitive Days:** Remember - this is about helping yourself, not being perfect.

",Overstimulated,Overwhelmed,Calming Down,"Anxiety Management, Sensory Overload","Emotional Dysregulation, Time Blindness","Emotional Regulation, Sensory Engagement, Starts Small",Urban,"Overstimulated, Overwhelmed",,Gamification,"Gamified, Sensory Engagement",Emotional Regulation,,,"Frozen, Time Blind",,Include weight guidelines and sound type recommendations,$$,Reddit /r/ADHDWomen,,,,,sliders
No,Weighted Blankets,Sensory Regulation Tool,When sensory input can support calm and sleep,"# 🔧 Weighted Blankets Strategy

**When sensory input can support calm and sleep**

- Use a weighted blanket to provide gentle, even pressure during rest or when feeling overwhelmed
- Use this when this strategy helps regulate your nervous system, improving sleep quality and addressing issues like time blindness by creating a calming environment
- Try to implement, ensure the blanket's weight is appropriate for your body and use it consistently when you feel overstimulated or anxious
","## ✨ Daily Life Challenge

**The Challenge:** You're struggling with situations where When sensory input can support calm and sleep.

**The Weighted Blankets Solution:**
1. Start with the smallest possible step
2. Set a timer for 15 minutes maximum
3. Focus on progress, not perfection
4. Celebrate any forward movement

**Why This Works:** Small steps prevent overwhelm → builds momentum → creates sustainable progress!

## 💡 ADHD Pro Tips

**For Low Energy Days:** Cut the steps in half - even 1 step is progress!

**For Hyperfocus Days:** Set a timer so you don't burn out.

**For Rejection Sensitive Days:** Remember - this is about helping yourself, not being perfect.

",Overstimulated,Overwhelmed,"Calming Down, Recovering from a crash","Anxiety Management, Sensory Overload","Decision Fatigue, Emotional Dysregulation, Time Blindness","Breaking Down Complexity, Emotional Regulation, Frees Up Working Memory",,"Crash Recovery, Low Energy, Overstimulated",,"Gamification, Mindset Shift, Routine","Interactive, Mindful Awareness, Sensory",Emotional Regulation,,,"Overthinking, Time Blind",,Include weight guidelines and usage recommendations,$$,,,,,,cloud
No,Work Mode Activation Ritual,Work Mode Ritual,When you need to transition into work mode,"### ☕ Work Mode Activation

Create a mini-routine that signals to your brain it's time to focus. By brewing a special coffee or putting on your work sweater, you establish consistent cues that help combat task initiation challenges often faced by those with ADHD. This simple ritual not only activates dopamine but also externalizes tasks,","## ✨ Daily Life Challenge

**The Challenge:** You're struggling with situations where When you need to transition into work mode.

**The Work Mode Activation Ritual Solution:**
1. Start with the smallest possible step
2. Set a timer for 15 minutes maximum
3. Focus on progress, not perfection
4. Celebrate any forward movement

**Why This Works:** Small steps prevent overwhelm → builds momentum → creates sustainable progress!

## 💡 ADHD Pro Tips

**For Low Energy Days:** Cut the steps in half - even 1 step is progress!

**For Hyperfocus Days:** Set a timer so you don't burn out.

**For Rejection Sensitive Days:** Remember - this is about helping yourself, not being perfect.

",Anxious,Ashamed,"Staying focused, Task Initiation","Avoidant, Can't Start",Task Initiation,"Dopamine Activation, Externalizes Tasks, Frees Up Working Memory, Gamifies Action",,"Low Energy, Wired but Tired",,Routine,"Interactive, Sensory, Visual","Task Initiation Support, Work",,,"Avoidant, Frozen, Overthinking",,"Create a ritual builder with sensory options (smell, sound, touch, taste)",Free,The Anti-Planner by Dani Donovan,,,,,briefcase
No,Work Sprint & Reward Rhythm,Sustainable Energy Cycling,When you need sustainable focus for longer tasks,"# ⚡ Focus Boost: Work Sprint & Reward Rhythm

**When you need sustainable focus for longer tasks**

- Try work for 20 minutes, then take a 10-minute break
- Use this when this strategy helps combat time blindness by creating structured intervals that make tasks feel more manageable
- Try frequent breaks not only prevent burnout but also refresh your mind,  implementing this rhythm can significantly improve your working memory and momentum,
","## 🎯 Zoom Meeting Brain Fog

**The Challenge:** You're in an important video call but your mind keeps wandering to random thoughts.

**The Work Sprint & Reward Rhythm Solution:**
1. Take notes by hand (engages your brain)
2. Repeat key points in your head
3. Use fidget tools off-camera
4. Sit in a spot with minimal distractions

**Why This Works:** Small steps prevent overwhelm → builds momentum → creates sustainable progress!

---

## 🎯 Study Session Struggles

**The Challenge:** You sit down to study but end up reading the same paragraph 5 times without absorbing it.

**The Work Sprint & Reward Rhythm Solution:**
1. Read for just 10 minutes at a time
2. Summarize each section out loud
3. Use a fidget or stress ball while reading
4. Take movement breaks between sections

**Why This Works:** Small steps prevent overwhelm → builds momentum → creates sustainable progress!

## 💡 ADHD Pro Tips

**For Low Energy Days:** Cut the steps in half - even 1 step is progress!

**For Hyperfocus Days:** Set a timer so you don't burn out.

**For Rejection Sensitive Days:** Remember - this is about helping yourself, not being perfect.

",Scattered,Overwhelmed,"Starting Something Hard, Staying focused","Can't Finish, Can't Start, Poor Time Estimation","Task Structuring, Time Blindness, Working Memory Failures","Breaks Down Complexity, Dopamine Activation, Frees Up Working Memory",,Wired but Tired,,Gamification,"Gamified, Interactive","Focus Enhancement, Time Planning, Work",,,,,Include break activity suggestions and timing variations,Free,,,,,,gift
No,Workspace Lighting,Environmental Optimization,When poor lighting is affecting focus and mood,"# 🏠 Focus Boost: Workspace Lighting

**When poor lighting is affecting focus and mood**

- Try optimize your lighting to improve focus and reduce eye strain
- Use this when proper lighting can combat time blindness and help you feel more alert, especially on cloudy days
- Try consider adding a bright desk lamp that minimizes glare, which can significantly enhance your ability to concentrate and manage your working memory effectively
","## 🎯 Zoom Meeting Brain Fog

**The Challenge:** You're in an important video call but your mind keeps wandering to random thoughts.

**The Workspace Lighting Solution:**
1. Take notes by hand (engages your brain)
2. Repeat key points in your head
3. Use fidget tools off-camera
4. Sit in a spot with minimal distractions

**Why This Works:** Small steps prevent overwhelm → builds momentum → creates sustainable progress!

---

## 🎯 Study Session Struggles

**The Challenge:** You sit down to study but end up reading the same paragraph 5 times without absorbing it.

**The Workspace Lighting Solution:**
1. Read for just 10 minutes at a time
2. Summarize each section out loud
3. Use a fidget or stress ball while reading
4. Take movement breaks between sections

**Why This Works:** Small steps prevent overwhelm → builds momentum → creates sustainable progress!

## 💡 ADHD Pro Tips

**For Low Energy Days:** Cut the steps in half - even 1 step is progress!

**For Hyperfocus Days:** Set a timer so you don't burn out.

**For Rejection Sensitive Days:** Remember - this is about helping yourself, not being perfect.

",Scattered,Overwhelmed,"Focus Enhancement, Starting Something Hard, Staying focused","Can't Focus, Forgetful, Poor Time Estimation","Environmental Cues, Working Memory Failures","Dopamine Activation, Executive Function Support, Frees Up Working Memory",,"Low Energy, Wired but Tired",,Environmental Hack,Sensory,"Emotional Regulation, Work",,,"Overthinking, Time Blind",,Include lighting recommendations and setup guidelines,$$,,,,,,briefcase
No,Yoga or Stretching,Movement-Based Regulation,When body tension is affecting mental state,"# 🏃 Yoga or Stretching Strategy

**When body tension is affecting mental state**

- Use this when incorporate gentle yoga or stretching into your day to help manage feelings of overwhelm and improve focus
- Try this practice can free up your working memory by alleviating physical tension,  aim for short sessions, like 10 minutes, to quickly return to a productive state without feeling overstimulated
- Start small and build momentum
- Focus on progress, not perfection
","## ✨ Daily Life Challenge

**The Challenge:** You're struggling with situations where When body tension is affecting mental state.

**The Yoga or Stretching Solution:**
1. Start with the smallest possible step
2. Set a timer for 15 minutes maximum
3. Focus on progress, not perfection
4. Celebrate any forward movement

**Why This Works:** Small steps prevent overwhelm → builds momentum → creates sustainable progress!

## 💡 ADHD Pro Tips

**For Low Energy Days:** Cut the steps in half - even 1 step is progress!

**For Hyperfocus Days:** Set a timer so you don't burn out.

**For Rejection Sensitive Days:** Remember - this is about helping yourself, not being perfect.

",Overstimulated,Overwhelmed,"Calming Down, Staying focused","Anxious, Sensory Overload","Emotional Dysregulation, Environmental Cues, Working Memory Engagement","Frees Up Working Memory, Meets You Where You Are, Provides External Structure",,"Low Energy, Overstimulated, Overwhelmed",,"Environmental Hack, Routine",Embodied,Self-Compassion,,,"Frozen, Overthinking, Time Blind",,Include beginner-friendly routines and timing suggestions,Free,,,,,,lotus
No,You Can Do 5 (Minutes),Micro-Commitment Strategy,When starting feels impossible,"### ⏩ Start with Just 5 Minutes

Commit to working on a task for just 5 minutes to overcome the challenge of task initiation, a common hurdle for those with ADHD. Often, the hardest part is simply starting; by allowing yourself to stop after 5 minutes, you reduce pressure and guilt. This strategy helps build momentum and enhances working memory by breaking tasks into manageable chunks,","## 🚀 The Dreaded Email Inbox

**The Challenge:** You have 47 unread emails and the thought of opening them makes you want to hide.

**The You Can Do 5 (Minutes) Solution:**
1. Set a timer for just 10 minutes
2. Delete obvious junk mail first (easy wins)
3. Respond to one simple email
4. Stop when timer goes off, celebrate progress

**Why This Works:** Small steps prevent overwhelm → builds momentum → creates sustainable progress!

---

## 🚀 Exercise Avoidance

**The Challenge:** You know you should work out, but the thought of a full gym session feels overwhelming.

**The You Can Do 5 (Minutes) Solution:**
1. Put on workout clothes (that's it for now)
2. Walk around the block once
3. Do 5 pushups against the wall
4. Celebrate that you moved your body today

**Why This Works:** Small steps prevent overwhelm → builds momentum → creates sustainable progress!

## 💡 ADHD Pro Tips

**For Low Energy Days:** Cut the steps in half - even 1 step is progress!

**For Hyperfocus Days:** Set a timer so you don't burn out.

**For Rejection Sensitive Days:** Remember - this is about helping yourself, not being perfect.

",Stuck,Overwhelmed,"Cleaning Up, Overcoming Procrastination, Task Initiation","Can't Start, Poor Time Estimation","Emotional Dysregulation, Task Initiation, Working Memory Engagement","Breaking Down Complexity, Gamifies Action, Starts Small",,"Burnout, Overwhelmed",,"Gamification, Incremental Progress, Mindset Shift","Gamified, Incremental Engagement, Interactive","Cleaning, Emotional Regulation, Task Initiation",,,"Avoidant, Frozen",,Include 5-minute task examples and momentum strategies,Free,"Acceptance and Commitment Therapy, Cognitive Behavioral Therapy, The Anti-Planner by Dani Donovan",,,,,fast-forward
No,Z- Brain-Friendly Tech Tools,Digital Support Arsenal,When you need digital tools designed for ADHD,"# 🧠 Z- Brain-Friendly Tech Tools Strategy

**When you need digital tools designed for ADHD**

- Use apps designed for ADHD to enhance your daily structure and motivation
- Set aside time to these tools, like task managers with gamification and focus timers, specifically address challenges such as working memory failures and time blindness
- Try for instance, an adhd-specific app can send you medication reminders and track your progress visually,
","## ✨ Daily Life Challenge

**The Challenge:** You're struggling with situations where When you need digital tools designed for ADHD.

**The Z- Brain-Friendly Tech Tools Solution:**
1. Start with the smallest possible step
2. Set a timer for 15 minutes maximum
3. Focus on progress, not perfection
4. Celebrate any forward movement

**Why This Works:** Small steps prevent overwhelm → builds momentum → creates sustainable progress!

## 💡 ADHD Pro Tips

**For Low Energy Days:** Cut the steps in half - even 1 step is progress!

**For Hyperfocus Days:** Set a timer so you don't burn out.

**For Rejection Sensitive Days:** Remember - this is about helping yourself, not being perfect.

",Forgetful,Ashamed,"Starting Something Hard, Staying focused","Disorganized, Poor Time Estimation, Task Initiation","Task Structuring, Time Blindness, Working Memory Failures","Executive Function Support, Frees Up Working Memory, Gamifies Action",,"Overwhelmed, Wired but Tired",,Gamification,Gamified,Work,,,Overthinking,,Include app recommendations and feature comparisons,$,,,,,,brain
No,Z- Crisis Support Network,Emergency Contact System,When ADHD overwhelm creates crisis moments,"# ⚙️ Get Organized: Z- Crisis Support Network

**When ADHD overwhelm creates crisis moments**

- Create a list of emergency contacts that includes ADHD-aware friends and mental health professionals
- Use this when this strategy helps manage emotional dysregulation by providing a structured way to reach out for help, reducing the overwhelm of task initiation during crisis moments
- Try having these contacts readily available can make it easier to take action when feeling burned out or frozen, ensuring you don't face challenges alone
","## 🌊 Pre-Meeting Panic

**The Challenge:** You have a big presentation in 30 minutes and your heart is racing.

**The Z- Crisis Support Network Solution:**
1. Take 5 deep breaths, counting to 4 on each
2. List 3 things you know you do well
3. Splash cool water on your wrists
4. Remind yourself: ""I can handle whatever happens""

**Why This Works:** Small steps prevent overwhelm → builds momentum → creates sustainable progress!

---

## 🌊 Social Event Overwhelm

**The Challenge:** You're at a party and feeling overstimulated - too many voices, lights, and expectations.

**The Z- Crisis Support Network Solution:**
1. Step outside or find a quiet corner
2. Focus on 3 things you can see clearly
3. Take slow breaths through your nose
4. Give yourself permission to leave early if needed

**Why This Works:** Small steps prevent overwhelm → builds momentum → creates sustainable progress!

## 💡 ADHD Pro Tips

**For Low Energy Days:** Cut the steps in half - even 1 step is progress!

**For Hyperfocus Days:** Set a timer so you don't burn out.

**For Rejection Sensitive Days:** Remember - this is about helping yourself, not being perfect.

",Burned out,Defeated,"Asking for Help, Calming Down, Overcoming Resistance","Anxious, Can't Finish",Emotional Dysregulation,"Externalizes Tasks, Frees Up Working Memory, Provides External Structure",,"Burnout, Frozen/Shut Down, Overwhelmed",,"Checklist, Gamified",Gamified,Emotional Regulation,,,"Frozen, Overthinking",,Include contact categories and crisis response planning,Free,,,,,,briefcase
No,Z- Forest App,Gamified Focus Tool,When phone distractions are breaking your focus,"# 🎯 Take a Break: Z- Forest App

**When phone distractions are breaking your focus**

- Plant virtual trees that thrive while you stay concentrated and wilt if you get distracted
- Try this gamified approach leverages the concept of working memory, as it creates a visual representation of your productivity,  by knowing that distractions will harm your virtual forest, you gain motivation to maintain focus, turning a challenging task into a rewarding experience
- Start small and build momentum
- Focus on progress, not perfection
","## 🎯 Zoom Meeting Brain Fog

**The Challenge:** You're in an important video call but your mind keeps wandering to random thoughts.

**The Z- Forest App Solution:**
1. Take notes by hand (engages your brain)
2. Repeat key points in your head
3. Use fidget tools off-camera
4. Sit in a spot with minimal distractions

**Why This Works:** Small steps prevent overwhelm → builds momentum → creates sustainable progress!

---

## 🎯 Study Session Struggles

**The Challenge:** You sit down to study but end up reading the same paragraph 5 times without absorbing it.

**The Z- Forest App Solution:**
1. Read for just 10 minutes at a time
2. Summarize each section out loud
3. Use a fidget or stress ball while reading
4. Take movement breaks between sections

**Why This Works:** Small steps prevent overwhelm → builds momentum → creates sustainable progress!

## 💡 ADHD Pro Tips

**For Low Energy Days:** Cut the steps in half - even 1 step is progress!

**For Hyperfocus Days:** Set a timer so you don't burn out.

**For Rejection Sensitive Days:** Remember - this is about helping yourself, not being perfect.

",Scattered,Overwhelmed,"Starting Something Hard, Staying focused","Can't Focus, Disorganized, Poor Time Estimation","Emotional Dysregulation, Task Initiation, Working Memory Failures","Breaks Down Complexity, Gamifies Action, Provides Instant Rewards",,Wired but Tired,,"Accountability, Checklist, Gamified","Gamified, Interactive","Focus Enhancement, Task Initiation Support, Work",,,"Disorganized, Overthinking",,Include focus session strategies and reward system setup,$,Forest app,,,,,smartphone
No,z-Decision Fortune Game,Choice-Making Origami Tool,When decision paralysis is blocking action,"# 🔧 z-Decision Fortune Game Strategy

**When decision paralysis is blocking action**

- Use a paper fortune teller to help overcome decision paralysis
- Try this gamified approach reduces decision fatigue by
- Start small and build momentum
- Focus on progress, not perfection
","## ✨ Daily Life Challenge

**The Challenge:** You're struggling with situations where When decision paralysis is blocking action.

**The z-Decision Fortune Game Solution:**
1. Start with the smallest possible step
2. Set a timer for 15 minutes maximum
3. Focus on progress, not perfection
4. Celebrate any forward movement

**Why This Works:** Small steps prevent overwhelm → builds momentum → creates sustainable progress!

## 💡 ADHD Pro Tips

**For Low Energy Days:** Cut the steps in half - even 1 step is progress!

**For Hyperfocus Days:** Set a timer so you don't burn out.

**For Rejection Sensitive Days:** Remember - this is about helping yourself, not being perfect.

",Stuck,Overwhelmed,"Focus Enhancement, Overcoming Procrastination, Task Initiation","Can't Decide, Can't Start","Decision Fatigue, Executive Dysfunction, Task Initiation","Gamifies Action, Reduces Decision Fatigue",,"Shutdown, Wired but Tired",,Gamification,Gamified,"Decision Making, Work",,,"Avoidant, Frozen",,Include video tutorial link and printable templates,Free,The Anti-Planner by Dani Donovan,,,,,gamepad
No,z-Digital Declutter System,Technology Simplification Strategy,When digital clutter is creating overwhelm,"# ⚙️ Get Organized: z-Digital Declutter System

**When digital clutter is creating overwhelm**

- Try reduce distractions and create a calmer digital space by unsubscribing from unnecessary emails, deleting unused apps, and organizing your digital files
- Start by dedicating an hour to decluttering, and enjoy a clearer mental space that supports better decision-making and task initiation
- Start small and build momentum
- Focus on progress, not perfection
","## 🧹 Kitchen Disaster Zone

**The Challenge:** Your kitchen looks like a food tornado hit it. Dirty dishes everywhere, counters covered in clutter.

**The z-Digital Declutter System Solution:**
1. Start with just the sink area (5 minutes)
2. Load dishwasher or wash one sink of dishes
3. Clear one counter completely
4. Wipe down that clean counter to see the victory

**Why This Works:** Small steps prevent overwhelm → builds momentum → creates sustainable progress!

---

## 🧹 Bedroom Clothes Mountain

**The Challenge:** Clean and dirty clothes live together in mysterious piles around your room.

**The z-Digital Declutter System Solution:**
1. Make three piles: clean, dirty, donate
2. Put away just the clean clothes first
3. Toss dirty clothes in hamper
4. Set a timer for 15 minutes max

**Why This Works:** Small steps prevent overwhelm → builds momentum → creates sustainable progress!

## 💡 ADHD Pro Tips

**For Low Energy Days:** Cut the steps in half - even 1 step is progress!

**For Hyperfocus Days:** Set a timer so you don't burn out.

**For Rejection Sensitive Days:** Remember - this is about helping yourself, not being perfect.

",Overstimulated,Overwhelmed,"Cleaning Up, Focus Enhancement, Overcoming Procrastination","Disorganized, Sensory Overload","Decision Fatigue, Emotional Dysregulation, Time Blindness","Executive Function Support, Externalizes Tasks, Minimizes Friction",,"Frozen/Shut Down, Overstimulated, Overwhelmed",,"Checklist, Environmental Hack, Routine","Interactive, Task Simplification, Visual","Cleaning, Focus Enhancement",,,"Frozen, Overthinking, Time Blind",,Include decluttering checklists and maintenance strategies,Free,,,,,,package-x
No,Zero-Based Scheduling,Fresh Start Planning,When automatic overcommitment is creating overwhelm,"# 🖼️ Calm Down: Zero-Based Scheduling

**When automatic overcommitment is creating overwhelm**

- Start each week with a blank schedule and only add what truly matters to you
- Set aside time to by reducing distractions and improving task initiation, you protect your time and energy,
- Start small and build momentum
- Focus on progress, not perfection
","## 🌊 Pre-Meeting Panic

**The Challenge:** You have a big presentation in 30 minutes and your heart is racing.

**The Zero-Based Scheduling Solution:**
1. Take 5 deep breaths, counting to 4 on each
2. List 3 things you know you do well
3. Splash cool water on your wrists
4. Remind yourself: ""I can handle whatever happens""

**Why This Works:** Small steps prevent overwhelm → builds momentum → creates sustainable progress!

---

## 🌊 Social Event Overwhelm

**The Challenge:** You're at a party and feeling overstimulated - too many voices, lights, and expectations.

**The Zero-Based Scheduling Solution:**
1. Step outside or find a quiet corner
2. Focus on 3 things you can see clearly
3. Take slow breaths through your nose
4. Give yourself permission to leave early if needed

**Why This Works:** Small steps prevent overwhelm → builds momentum → creates sustainable progress!

## 💡 ADHD Pro Tips

**For Low Energy Days:** Cut the steps in half - even 1 step is progress!

**For Hyperfocus Days:** Set a timer so you don't burn out.

**For Rejection Sensitive Days:** Remember - this is about helping yourself, not being perfect.

",Frustrated,Defeated,"Managing Emotional Dysregulation, Planning my time, Task Initiation Support","Can't Finish, Task Initiation","Emotional Dysregulation, Executive Dysfunction, Task Initiation","Breaks Down Complexity, Minimizes Friction, Starts Small",,"Burnout, Crash Recovery",,Gamification,"Gamified, Visual","Planning, Time Planning",,,Frozen,,Include priority assessment and commitment evaluation strategies,Free,,,,,,map
No,Zig-Zag Productivity,Non-Linear Work Style,When forcing linear productivity creates frustration,"### ⚡️ Embrace Zig-Zag Productivity

Switch tasks as your interest and energy fluctuate throughout the day.","## ✨ Daily Life Challenge

**The Challenge:** You're struggling with situations where When forcing linear productivity creates frustration.

**The Zig-Zag Productivity Solution:**
1. Start with the smallest possible step
2. Set a timer for 15 minutes maximum
3. Focus on progress, not perfection
4. Celebrate any forward movement

**Why This Works:** Small steps prevent overwhelm → builds momentum → creates sustainable progress!

## 💡 ADHD Pro Tips

**For Low Energy Days:** Cut the steps in half - even 1 step is progress!

**For Hyperfocus Days:** Set a timer so you don't burn out.

**For Rejection Sensitive Days:** Remember - this is about helping yourself, not being perfect.

",Scattered,Overwhelmed,"Starting Something Hard, Staying focused","Can't Focus, Task Initiation","Task Initiation, Time Blindness, Working Memory Failures","Dopamine Activation, Emotional Regulation",,"Overwhelmed, Restless",,Gamification,"Gamified, Sensory","Emotional Regulation, Task Initiation Support, Work",,,"Avoidant, Overthinking",,Include task-switching strategies and energy management,Free,,,,,,hard-drive
No,Zone Blitz Challenge,High-Energy Zone Challenge,When whole-house cleaning feels overwhelming,"# ⚡ Energy Hack: Zone Blitz Challenge

**When whole-house cleaning feels overwhelming**

- Try transform cleaning into an exciting high-energy game
- Set a timer for 15 minutes and play your favorite upbeat song to race against the clock while clearing your space
- Try celebrate your progress with before-and-after photos to reinforce success
","## 🧹 Kitchen Disaster Zone

**The Challenge:** Your kitchen looks like a food tornado hit it. Dirty dishes everywhere, counters covered in clutter.

**The Zone Blitz Challenge Solution:**
1. Start with just the sink area (5 minutes)
2. Load dishwasher or wash one sink of dishes
3. Clear one counter completely
4. Wipe down that clean counter to see the victory

**Why This Works:** Small steps prevent overwhelm → builds momentum → creates sustainable progress!

---

## 🧹 Bedroom Clothes Mountain

**The Challenge:** Clean and dirty clothes live together in mysterious piles around your room.

**The Zone Blitz Challenge Solution:**
1. Make three piles: clean, dirty, donate
2. Put away just the clean clothes first
3. Toss dirty clothes in hamper
4. Set a timer for 15 minutes max

**Why This Works:** Small steps prevent overwhelm → builds momentum → creates sustainable progress!

## 💡 ADHD Pro Tips

**For Low Energy Days:** Cut the steps in half - even 1 step is progress!

**For Hyperfocus Days:** Set a timer so you don't burn out.

**For Rejection Sensitive Days:** Remember - this is about helping yourself, not being perfect.

",Drained,Stuck,"Cleaning Up, Resetting My Space, Task Initiation","Can't Start, Task Initiation",Task Initiation,"Dopamine Activation, Gamifies Action",,"Low Energy, Overwhelmed, Wired but Tired",,"Challenge, Gamification, Time-Limited Challenge","Gamified, Time-Limited Challenge","Cleaning, Focus Enhancement, Task Initiation",,,"Avoidant, Frozen",,Adds timer challenges and high-energy music for dopamine,Free,,,,,,trophy
No,Zoning Out Breaks,Intentional Mental Rest,When mental rest is needed but feels guilty,"# ☕ Take a Break: Zoning Out Breaks

**When mental rest is needed but feels guilty**

- Set aside time to schedule intentional ""zoning out"" time to let your mind wander without guilt
- Try this practice is essential for processing and recharging, especially for adhd brains that struggle with working memory
- Try aim for short, 10-minute breaks where you give yourself permission to daydream or simply stare out the window
","## ✨ Daily Life Challenge

**The Challenge:** You're struggling with situations where When mental rest is needed but feels guilty.

**The Zoning Out Breaks Solution:**
1. Start with the smallest possible step
2. Set a timer for 15 minutes maximum
3. Focus on progress, not perfection
4. Celebrate any forward movement

**Why This Works:** Small steps prevent overwhelm → builds momentum → creates sustainable progress!

## 💡 ADHD Pro Tips

**For Low Energy Days:** Cut the steps in half - even 1 step is progress!

**For Hyperfocus Days:** Set a timer so you don't burn out.

**For Rejection Sensitive Days:** Remember - this is about helping yourself, not being perfect.

",Ashamed,Guilty,"Calming Down, Finding motivation","Anxiety Management, Poor Time Estimation","Emotional Dysregulation, Working Memory Engagement","Emotional Regulation, Externalizes Tasks, Frees Up Working Memory",,"Burnout, Low Energy, Overstimulated",,"Checklist, Routine",Reflective Practice,"Emotional Regulation, Time Planning",,,,,Include mental rest activities and guilt-reduction strategies,Free,,,,,,sunrise
